game_id,name,genre_name,follow_count,hype_count,critic_rating_value,critic_rating_count,user_rating_value,user_rating_count
49877,Super Mario Bros. Deluxe,Platform,1,NULL,82.0000,1,65.1038,25
2216,Vagrant Story,Role-playing (RPG),21,NULL,NULL,NULL,82.9745,67
2216,Vagrant Story,Adventure,21,NULL,NULL,NULL,82.9745,67
178123,Grand Theft Auto III: The Definitive Edition,Shooter,4,NULL,NULL,NULL,50.2094,11
178123,Grand Theft Auto III: The Definitive Edition,Adventure,4,NULL,NULL,NULL,50.2094,11
413,Final Fantasy X-2,Role-playing (RPG),33,NULL,75.0000,2,65.2670,164
413,Final Fantasy X-2,Adventure,33,NULL,75.0000,2,65.2670,164
6859,Organ Trail: Director's Cut,Simulator,NULL,NULL,NULL,NULL,73.3350,11
6859,Organ Trail: Director's Cut,Strategy,NULL,NULL,NULL,NULL,73.3350,11
6859,Organ Trail: Director's Cut,Adventure,NULL,NULL,NULL,NULL,73.3350,11
6859,Organ Trail: Director's Cut,Indie,NULL,NULL,NULL,NULL,73.3350,11
7571,Car Mechanic Simulator 2014,Puzzle,3,NULL,NULL,NULL,60.9291,17
7571,Car Mechanic Simulator 2014,Simulator,3,NULL,NULL,NULL,60.9291,17
6059,Blood Bowl 2,Role-playing (RPG),9,2,68.5000,11,75.3886,17
6059,Blood Bowl 2,Simulator,9,2,68.5000,11,75.3886,17
6059,Blood Bowl 2,Sport,9,2,68.5000,11,75.3886,17
6059,Blood Bowl 2,Strategy,9,2,68.5000,11,75.3886,17
74859,Point Blank,Shooter,4,NULL,NULL,NULL,68.8523,13
6522,Nancy Drew: Message in a Haunted Mansion,Adventure,1,NULL,NULL,NULL,60.0094,11
20228,Sleeping Dogs: Definitive Edition,Shooter,47,NULL,74.1667,6,82.2714,170
20228,Sleeping Dogs: Definitive Edition,Adventure,47,NULL,74.1667,6,82.2714,170
15934,Gargoyle's Quest,Platform,1,NULL,70.0000,1,68.6713,22
15934,Gargoyle's Quest,Role-playing (RPG),1,NULL,70.0000,1,68.6713,22
15934,Gargoyle's Quest,Adventure,1,NULL,70.0000,1,68.6713,22
4845,The LEGO Movie Videogame,Puzzle,16,1,63.5000,10,64.3908,49
4845,The LEGO Movie Videogame,Adventure,16,1,63.5000,10,64.3908,49
12204,Shower With Your Dad Simulator 2015: Do You Still Shower With Your Dad?,Puzzle,3,NULL,NULL,NULL,55.9020,14
12204,Shower With Your Dad Simulator 2015: Do You Still Shower With Your Dad?,Simulator,3,NULL,NULL,NULL,55.9020,14
12204,Shower With Your Dad Simulator 2015: Do You Still Shower With Your Dad?,Indie,3,NULL,NULL,NULL,55.9020,14
12204,Shower With Your Dad Simulator 2015: Do You Still Shower With Your Dad?,Arcade,3,NULL,NULL,NULL,55.9020,14
535,WildStar,Shooter,8,4,80.2000,12,73.3850,25
535,WildStar,Role-playing (RPG),8,4,80.2000,12,73.3850,25
6815,Sherlock Holmes: The Awakened,Adventure,4,NULL,61.6667,4,71.3900,17
3679,Dance Dance Revolution,Simulator,4,NULL,63.0000,4,79.8276,16
2133,Super Stardust HD,Shooter,4,NULL,83.3333,3,85.6017,22
2133,Super Stardust HD,Arcade,4,NULL,83.3333,3,85.6017,22
135449,Crash Bandicoot,Platform,1,NULL,NULL,NULL,86.0618,17
139858,Action Taimanin,Role-playing (RPG),14,NULL,NULL,NULL,74.8610,21
139858,Action Taimanin,Adventure,14,NULL,NULL,NULL,74.8610,21
1178,Lufia II: Rise of the Sinistrals,Puzzle,4,NULL,NULL,NULL,80.9747,28
1178,Lufia II: Rise of the Sinistrals,Role-playing (RPG),4,NULL,NULL,NULL,80.9747,28
3812,Ryse: Son of Rome,Adventure,73,NULL,66.0000,13,70.9150,247
8973,Football Manager 2012,Simulator,11,NULL,84.0000,2,92.8863,40
8973,Football Manager 2012,Sport,11,NULL,84.0000,2,92.8863,40
8973,Football Manager 2012,Strategy,11,NULL,84.0000,2,92.8863,40
19675,Buzz Lightyear of Star Command,Platform,1,NULL,30.0000,1,62.9690,16
19675,Buzz Lightyear of Star Command,Adventure,1,NULL,30.0000,1,62.9690,16
12381,Fate/unlimited codes,Arcade,3,NULL,NULL,NULL,79.7498,11
5587,World of Warships,Shooter,26,10,82.4000,5,69.6788,46
5587,World of Warships,Simulator,26,10,82.4000,5,69.6788,46
2676,Guitar Hero Encore: Rocks the 80s,Simulator,3,NULL,67.5000,2,72.1708,19
47716,Inazuma Eleven 2: Blizzard,Role-playing (RPG),1,NULL,NULL,NULL,70.4192,11
47716,Inazuma Eleven 2: Blizzard,Sport,1,NULL,NULL,NULL,70.4192,11
22301,Super Mario 64 DS,Platform,36,1,85.0000,3,80.6137,170
22301,Super Mario 64 DS,Adventure,36,1,85.0000,3,80.6137,170
23860,Alley Cat,Platform,3,NULL,NULL,NULL,69.6766,15
49226,Batman: The Video Game,Platform,3,NULL,NULL,NULL,73.2420,32
2594,Tropico 3,Simulator,20,NULL,75.0000,5,75.9435,46
2594,Tropico 3,Strategy,20,NULL,75.0000,5,75.9435,46
2594,Tropico 3,Adventure,20,NULL,75.0000,5,75.9435,46
1174,Golden Sun: Dark Dawn,Role-playing (RPG),11,NULL,83.7500,7,70.0919,23
7469,Tom Clancy's Splinter Cell: Double Agent,Shooter,58,NULL,79.2500,5,75.9020,155
8122,Castle of Illusion Starring Mickey Mouse,Platform,12,NULL,55.0000,2,70.2595,62
3101,Wasteland 2,Role-playing (RPG),35,5,77.5000,12,72.4452,71
3101,Wasteland 2,Strategy,35,5,77.5000,12,72.4452,71
3101,Wasteland 2,Adventure,35,5,77.5000,12,72.4452,71
3101,Wasteland 2,Indie,35,5,77.5000,12,72.4452,71
4011,50 Cent: Bulletproof,Shooter,1,NULL,45.0000,2,59.9178,16
3293,Power Rangers Time Force,Adventure,NULL,NULL,NULL,NULL,61.4831,12
2549,Half-Life: Blue Shift,Shooter,80,NULL,60.0000,2,72.2590,280
2549,Half-Life: Blue Shift,Platform,80,NULL,60.0000,2,72.2590,280
2549,Half-Life: Blue Shift,Puzzle,80,NULL,60.0000,2,72.2590,280
3645,WWF War Zone,Sport,3,NULL,NULL,NULL,62.4127,18
20857,One Piece: Pirate Warriors 2,Strategy,4,NULL,70.0000,2,63.4140,14
10217,Shadow Dancer: The Secret of Shinobi,Platform,1,NULL,NULL,NULL,71.2069,18
2859,Scooby-Doo and the Cyber Chase,Platform,9,NULL,NULL,NULL,70.1575,16
2859,Scooby-Doo and the Cyber Chase,Adventure,9,NULL,NULL,NULL,70.1575,16
8446,QuackShot: Starring Donald Duck,Platform,5,NULL,NULL,NULL,78.2589,34
119062,Archero,Shooter,1,NULL,NULL,NULL,77.9012,14
119062,Archero,Indie,1,NULL,NULL,NULL,77.9012,14
2801,Ben 10: Alien Force,Adventure,2,NULL,35.0000,2,61.0405,14
4478,Alien Syndrome,Shooter,1,NULL,NULL,NULL,65.8454,20
4478,Alien Syndrome,Arcade,1,NULL,NULL,NULL,65.8454,20
2483,Pro Race Driver,Simulator,8,NULL,76.6667,2,63.7464,14
2483,Pro Race Driver,Sport,8,NULL,76.6667,2,63.7464,14
6744,Half-Life: Source,Shooter,39,NULL,NULL,NULL,71.1728,78
6744,Half-Life: Source,Platform,39,NULL,NULL,NULL,71.1728,78
6744,Half-Life: Source,Puzzle,39,NULL,NULL,NULL,71.1728,78
6744,Half-Life: Source,Adventure,39,NULL,NULL,NULL,71.1728,78
10661,Assassin's Creed: Bloodlines,Adventure,13,1,45.0000,3,59.1613,72
338,Half-Life 2: Episode One,Shooter,250,NULL,86.5000,4,84.1749,731
5923,Strider 2,Platform,8,NULL,NULL,NULL,76.7176,15
5923,Strider 2,Adventure,8,NULL,NULL,NULL,76.7176,15
5972,Ninja Gaiden,Adventure,21,NULL,92.5000,4,82.3487,41
6738,Half-Life: Decay,Shooter,9,NULL,NULL,NULL,66.7854,15
6738,Half-Life: Decay,Platform,9,NULL,NULL,NULL,66.7854,15
6738,Half-Life: Decay,Puzzle,9,NULL,NULL,NULL,66.7854,15
10395,Half-Life 2: Lost Coast,Shooter,26,NULL,NULL,NULL,67.0550,120
6739,Black Mesa,Shooter,99,7,87.6667,3,89.9044,341
6739,Black Mesa,Platform,99,7,87.6667,3,89.9044,341
6739,Black Mesa,Adventure,99,7,87.6667,3,89.9044,341
6739,Black Mesa,Indie,99,7,87.6667,3,89.9044,341
8001,TOCA 2: Touring Car Challenge,Sport,7,NULL,NULL,NULL,81.2933,17
21184,Klonoa,Platform,2,NULL,73.7500,4,87.1934,15
21184,Klonoa,Puzzle,2,NULL,73.7500,4,87.1934,15
6929,Splatterhouse,Arcade,1,NULL,NULL,NULL,66.2843,18
15535,Galaga '88,Shooter,4,NULL,NULL,NULL,87.4769,15
15535,Galaga '88,Arcade,4,NULL,NULL,NULL,87.4769,15
7364,Little Busters!,Adventure,14,NULL,90.0000,1,78.3379,15
7968,Colin McRae Rally 3,Sport,8,NULL,83.5000,7,80.0120,36
3201,Project I.G.I.: I'm Going In,Shooter,31,NULL,NULL,NULL,73.4533,80
6075,1942,Shooter,10,NULL,80.0000,1,66.9670,73
6075,1942,Arcade,10,NULL,80.0000,1,66.9670,73
143292,Metro Exodus: Enhanced Edition,Shooter,7,NULL,91.5000,3,80.2991,17
143292,Metro Exodus: Enhanced Edition,Adventure,7,NULL,91.5000,3,80.2991,17
7877,The Legend of Korra,Adventure,8,NULL,51.5000,8,67.1809,28
3147,Aero Fighters,Shooter,7,NULL,NULL,NULL,83.9003,26
3147,Aero Fighters,Arcade,7,NULL,NULL,NULL,83.9003,26
6773,Aero Fighters 2,Shooter,4,NULL,NULL,NULL,72.7727,17
7660,Tekken Revolution,Simulator,2,NULL,80.0000,2,65.9176,17
4769,The Conduit,Shooter,4,NULL,70.0000,7,69.9160,14
4769,The Conduit,Puzzle,4,NULL,70.0000,7,69.9160,14
6492,Klonoa: Empire of Dreams,Platform,2,NULL,NULL,NULL,74.0235,13
6492,Klonoa: Empire of Dreams,Puzzle,2,NULL,NULL,NULL,74.0235,13
6492,Klonoa: Empire of Dreams,Adventure,2,NULL,NULL,NULL,74.0235,13
5468,After Burner,Shooter,1,NULL,NULL,NULL,60.1329,19
5468,After Burner,Simulator,1,NULL,NULL,NULL,60.1329,19
5468,After Burner,Arcade,1,NULL,NULL,NULL,60.1329,19
103340,Xenoblade Chronicles 2: Torna - The Golden Country,Role-playing (RPG),6,NULL,81.5000,4,92.4828,25
1599,Gran Turismo 5 Prologue,Simulator,3,NULL,81.5000,6,63.5665,20
18599,Tetris DS,Puzzle,5,NULL,80.0000,2,79.2583,30
18130,Alto's Adventure,Sport,9,1,NULL,NULL,79.9834,44
18130,Alto's Adventure,Indie,9,1,NULL,NULL,79.9834,44
6920,BlazBlue: Continuum Shift Extend,Arcade,5,NULL,86.5000,2,69.1245,24
100387,Hyper Scape,Shooter,23,2,63.5000,4,56.8132,29
1309,Medal of Honor: Frontline,Shooter,17,NULL,93.3333,2,77.5070,92
2972,The Lord of the Rings: The Fellowship of the Ring,Adventure,12,NULL,50.7500,4,55.9817,54
1643,James Bond 007: Agent Under Fire,Shooter,7,NULL,68.6667,4,63.6321,28
3864,Conflict: Desert Storm II,Shooter,2,NULL,62.5000,2,70.2574,14
3864,Conflict: Desert Storm II,Strategy,2,NULL,62.5000,2,70.2574,14
9596,Tibia,Role-playing (RPG),28,NULL,NULL,NULL,79.2360,50
9596,Tibia,Adventure,28,NULL,NULL,NULL,79.2360,50
26359,MU Online,Role-playing (RPG),5,NULL,NULL,NULL,62.7698,16
26359,MU Online,Strategy,5,NULL,NULL,NULL,62.7698,16
5353,Air Buster,Shooter,NULL,NULL,NULL,NULL,69.7286,12
5353,Air Buster,Simulator,NULL,NULL,NULL,NULL,69.7286,12
6603,Space Channel 5: Part 2,Adventure,5,NULL,NULL,NULL,79.5872,14
411,Final Fantasy XI Online,Role-playing (RPG),13,NULL,63.3333,4,78.5029,30
411,Final Fantasy XI Online,Adventure,13,NULL,63.3333,4,78.5029,30
2542,Fighting Force,Strategy,18,NULL,NULL,NULL,73.6524,59
4275,Flashback: The Quest for Identity,Platform,23,NULL,35.0000,0,83.0645,80
4275,Flashback: The Quest for Identity,Adventure,23,NULL,35.0000,0,83.0645,80
6506,Mario vs. Donkey Kong 2: March of the Minis,Platform,1,NULL,78.2500,4,69.7271,18
6506,Mario vs. Donkey Kong 2: March of the Minis,Puzzle,1,NULL,78.2500,4,69.7271,18
16718,Viscera Cleanup Detail: Shadow Warrior,Simulator,8,NULL,NULL,NULL,57.8327,21
16718,Viscera Cleanup Detail: Shadow Warrior,Indie,8,NULL,NULL,NULL,57.8327,21
82019,Alien vs. Predator,Arcade,NULL,NULL,NULL,NULL,55.9337,13
827,Outcast,Shooter,17,NULL,90.0000,1,85.9486,28
827,Outcast,Adventure,17,NULL,90.0000,1,85.9486,28
13679,Alien vs. Predator,Shooter,5,NULL,NULL,NULL,88.3231,32
1957,Alone in the Dark 2,Puzzle,6,NULL,NULL,NULL,30.3539,17
1957,Alone in the Dark 2,Adventure,6,NULL,NULL,NULL,30.3539,17
2474,Claw,Platform,17,NULL,60.0000,1,74.2532,40
2474,Claw,Simulator,17,NULL,60.0000,1,74.2532,40
2474,Claw,Adventure,17,NULL,60.0000,1,74.2532,40
2827,The Simpsons: Bart vs. The Space Mutants,Platform,2,NULL,NULL,NULL,59.7382,27
1473,Zone of the Enders: The 2nd Runner,Shooter,8,NULL,69.8000,6,79.0398,25
5600,Metal Gear Solid,Shooter,11,1,NULL,NULL,82.5089,21
5600,Metal Gear Solid,Adventure,11,1,NULL,NULL,82.5089,21
2451,TrackMania United Forever,Platform,13,NULL,80.0000,1,81.8531,26
2451,TrackMania United Forever,Arcade,13,NULL,80.0000,1,81.8531,26
1294,Tom Clancy's Ghost Recon,Shooter,18,NULL,68.0000,4,74.8157,60
1294,Tom Clancy's Ghost Recon,Simulator,18,NULL,68.0000,4,74.8157,60
1294,Tom Clancy's Ghost Recon,Strategy,18,NULL,68.0000,4,74.8157,60
1294,Tom Clancy's Ghost Recon,Adventure,18,NULL,68.0000,4,74.8157,60
47367,Sega Superstars Tennis,Sport,1,NULL,69.4000,7,70.5584,11
1631,James Bond 007: Nightfire,Shooter,24,NULL,58.3333,3,73.3377,92
4689,Lumines,Puzzle,7,NULL,85.0000,5,81.5942,20
5831,Far Cry Instincts,Shooter,5,NULL,80.0000,6,83.9046,17
5831,Far Cry Instincts,Adventure,5,NULL,80.0000,6,83.9046,17
4514,Art of Fighting,Arcade,2,NULL,NULL,NULL,59.9556,27
3370,Hydro Thunder,Sport,4,NULL,NULL,NULL,75.9456,19
1978,Bejeweled 3,Puzzle,16,NULL,78.3333,7,75.0167,47
1978,Bejeweled 3,Strategy,16,NULL,78.3333,7,75.0167,47
1978,Bejeweled 3,Adventure,16,NULL,78.3333,7,75.0167,47
487,Silent Hill: Downpour,Adventure,19,NULL,69.8750,9,69.7114,59
484,Silent Hill: Origins,Adventure,18,NULL,80.2500,7,74.5201,89
27907,Rhythm Doctor,Adventure,2,NULL,NULL,NULL,89.3044,14
27907,Rhythm Doctor,Indie,2,NULL,NULL,NULL,89.3044,14
5641,Might & Magic X: Legacy,Puzzle,5,NULL,70.0000,3,85.7274,17
5641,Might & Magic X: Legacy,Role-playing (RPG),5,NULL,70.0000,3,85.7274,17
641,Colin McRae Rally 04,Simulator,11,NULL,80.0000,2,77.5478,40
641,Colin McRae Rally 04,Sport,11,NULL,80.0000,2,77.5478,40
22066,Silent Hill 2: Restless Dreams,Adventure,2,NULL,90.0000,1,88.5462,17
222485,Silent Hill 2,Adventure,NULL,NULL,NULL,NULL,92.7055,11
8737,Adventure Island 3,Platform,7,NULL,NULL,NULL,61.9568,22
8737,Adventure Island 3,Adventure,7,NULL,NULL,NULL,61.9568,22
1368,Sniper: Ghost Warrior 2,Shooter,22,NULL,51.8000,12,61.0835,71
6472,Adventures of Lolo 2,Puzzle,1,NULL,NULL,NULL,78.9736,11
6472,Adventures of Lolo 2,Strategy,1,NULL,NULL,NULL,78.9736,11
6472,Adventures of Lolo 2,Adventure,1,NULL,NULL,NULL,78.9736,11
128069,Pokémon Mystery Dungeon: Rescue Team DX,Role-playing (RPG),9,1,65.0000,7,78.7780,21
128069,Pokémon Mystery Dungeon: Rescue Team DX,Adventure,9,1,65.0000,7,78.7780,21
2179,Red Steel 2,Shooter,5,NULL,79.0000,5,73.4005,12
3179,Vietcong 2,Shooter,NULL,NULL,67.5000,3,70.3823,17
14207,The Addams Family,Platform,2,NULL,NULL,NULL,73.6869,12
5445,Q.U.B.E.,Platform,13,NULL,67.5000,2,70.0542,39
5445,Q.U.B.E.,Puzzle,13,NULL,67.5000,2,70.0542,39
5445,Q.U.B.E.,Simulator,13,NULL,67.5000,2,70.0542,39
5445,Q.U.B.E.,Indie,13,NULL,67.5000,2,70.0542,39
11654,P.T.,Puzzle,23,NULL,NULL,NULL,84.0377,70
11654,P.T.,Adventure,23,NULL,NULL,NULL,84.0377,70
7711,Betrayer,Shooter,6,NULL,66.0000,2,61.6358,18
7711,Betrayer,Adventure,6,NULL,66.0000,2,61.6358,18
7711,Betrayer,Indie,6,NULL,66.0000,2,61.6358,18
5342,The Addams Family,Platform,2,NULL,NULL,NULL,69.3133,15
2060,Yakuza 2,Role-playing (RPG),16,NULL,80.0000,3,78.1195,31
2060,Yakuza 2,Simulator,16,NULL,80.0000,3,78.1195,31
2060,Yakuza 2,Sport,16,NULL,80.0000,3,78.1195,31
2060,Yakuza 2,Adventure,16,NULL,80.0000,3,78.1195,31
2061,Yakuza 3,Role-playing (RPG),20,NULL,79.6000,8,81.9017,55
2061,Yakuza 3,Simulator,20,NULL,79.6000,8,81.9017,55
2061,Yakuza 3,Adventure,20,NULL,79.6000,8,81.9017,55
68682,The Painscreek Killings,Puzzle,1,NULL,NULL,NULL,71.8513,18
68682,The Painscreek Killings,Adventure,1,NULL,NULL,NULL,71.8513,18
68682,The Painscreek Killings,Indie,1,NULL,NULL,NULL,71.8513,18
955,Tex Murphy: Under a Killing Moon,Adventure,6,NULL,69.0000,1,88.8547,19
1347,The Darkness,Shooter,27,NULL,81.7500,5,80.2730,73
1778,Mega Man Zero 4,Shooter,9,NULL,NULL,NULL,78.0620,39
1778,Mega Man Zero 4,Platform,9,NULL,NULL,NULL,78.0620,39
1778,Mega Man Zero 4,Adventure,9,NULL,NULL,NULL,78.0620,39
3134,FIFA Soccer 09,Sport,23,NULL,79.5000,6,66.8863,82
9508,Boiling Point: Road to Hell,Shooter,1,NULL,70.0000,2,63.7399,14
9508,Boiling Point: Road to Hell,Role-playing (RPG),1,NULL,70.0000,2,63.7399,14
9508,Boiling Point: Road to Hell,Adventure,1,NULL,70.0000,2,63.7399,14
7488,WWE Legends of WrestleMania,Sport,4,NULL,72.0000,6,50.0086,11
18323,WWE SmackDown! vs. Raw 2006,Sport,12,NULL,80.0000,7,65.7257,43
7846,WWE 2K15,Simulator,8,NULL,53.0667,15,54.1183,43
7846,WWE 2K15,Sport,8,NULL,53.0667,15,54.1183,43
6461,WWE SmackDown! Shut Your Mouth,Sport,9,NULL,80.0000,1,78.2972,24
5300,WWE SmackDown vs. Raw 2010,Sport,16,NULL,65.0000,5,66.4152,42
7496,Grand Chase,Platform,2,NULL,NULL,NULL,66.3368,13
7496,Grand Chase,Role-playing (RPG),2,NULL,NULL,NULL,66.3368,13
7496,Grand Chase,Adventure,2,NULL,NULL,NULL,66.3368,13
1013,SoulCalibur V,Simulator,19,NULL,79.5000,11,68.7295,71
1013,SoulCalibur V,Strategy,19,NULL,79.5000,11,68.7295,71
1013,SoulCalibur V,Arcade,19,NULL,79.5000,11,68.7295,71
80852,WWE Smackdown! vs. Raw,Sport,9,NULL,NULL,NULL,79.1685,24
3013,FireFall,Shooter,7,NULL,59.0000,4,70.0160,14
3013,FireFall,Role-playing (RPG),7,NULL,59.0000,4,70.0160,14
3013,FireFall,Adventure,7,NULL,59.0000,4,70.0160,14
6445,WWF SmackDown! Just Bring It,Sport,9,NULL,70.0000,1,69.6124,19
12464,Shogo: Mobile Armor Division,Shooter,6,NULL,NULL,NULL,79.6318,18
12464,Shogo: Mobile Armor Division,Strategy,6,NULL,NULL,NULL,79.6318,18
12464,Shogo: Mobile Armor Division,Adventure,6,NULL,NULL,NULL,79.6318,18
22179,Real Racing 3,Simulator,4,NULL,30.0000,1,80.9712,18
10208,Blockout,Puzzle,1,NULL,NULL,NULL,77.8008,12
10208,Blockout,Arcade,1,NULL,NULL,NULL,77.8008,12
6786,Sherlock Holmes: The Mystery of the Mummy,Puzzle,2,NULL,60.0000,1,69.2944,12
6786,Sherlock Holmes: The Mystery of the Mummy,Adventure,2,NULL,60.0000,1,69.2944,12
1667,Panzer Dragoon,Shooter,1,NULL,NULL,NULL,70.2349,20
18841,Gibbous: A Cthulhu Adventure,Puzzle,2,2,70.0000,1,74.7476,12
18841,Gibbous: A Cthulhu Adventure,Adventure,2,2,70.0000,1,74.7476,12
18841,Gibbous: A Cthulhu Adventure,Indie,2,2,70.0000,1,74.7476,12
4108,Yu-Gi-Oh! Forbidden Memories,Strategy,20,NULL,59.0000,1,62.8756,69
414,Final Fantasy Tactics Advance,Role-playing (RPG),26,NULL,90.0000,1,81.9721,123
414,Final Fantasy Tactics Advance,Strategy,26,NULL,90.0000,1,81.9721,123
8190,Defense Grid: The Awakening,Simulator,12,NULL,86.0000,2,71.2173,34
8190,Defense Grid: The Awakening,Strategy,12,NULL,86.0000,2,71.2173,34
8190,Defense Grid: The Awakening,Indie,12,NULL,86.0000,2,71.2173,34
4409,Budokan: The Martial Spirit,Simulator,2,NULL,NULL,NULL,50.6072,11
4409,Budokan: The Martial Spirit,Sport,2,NULL,NULL,NULL,50.6072,11
28234,Sacred 2 Gold,Role-playing (RPG),6,NULL,NULL,NULL,76.9248,11
28234,Sacred 2 Gold,Adventure,6,NULL,NULL,NULL,76.9248,11
1730,Mega Man Soccer,Sport,2,NULL,NULL,NULL,56.0934,19
1730,Mega Man Soccer,Arcade,2,NULL,NULL,NULL,56.0934,19
138538,NHL 21,Simulator,1,NULL,74.1250,10,79.8589,13
138538,NHL 21,Sport,1,NULL,74.1250,10,79.8589,13
3164,Prince of Persia 2: The Shadow and the Flame,Platform,11,NULL,30.0000,1,70.9391,30
3164,Prince of Persia 2: The Shadow and the Flame,Adventure,11,NULL,30.0000,1,70.9391,30
13197,Redout,Arcade,7,NULL,73.7500,4,67.4000,14
1135,Castlevania: Lament of Innocence,Adventure,9,NULL,78.0000,3,79.2699,41
2109,A Boy and His Blob: Trouble on Blobolonia,Platform,3,NULL,77.0000,3,61.9111,19
2109,A Boy and His Blob: Trouble on Blobolonia,Puzzle,3,NULL,77.0000,3,61.9111,19
2109,A Boy and His Blob: Trouble on Blobolonia,Adventure,3,NULL,77.0000,3,61.9111,19
1944,Zork,Adventure,6,NULL,NULL,NULL,70.3884,18
1945,Zork II: The Wizard of Frobozz,Adventure,2,NULL,NULL,NULL,46.6833,13
33569,True Fear: Forsaken Souls Part 1,Puzzle,NULL,NULL,NULL,NULL,80.1223,12
33569,True Fear: Forsaken Souls Part 1,Adventure,NULL,NULL,NULL,NULL,80.1223,12
10456,In the Hunt,Shooter,3,NULL,30.0000,1,79.9913,12
10456,In the Hunt,Arcade,3,NULL,30.0000,1,79.9913,12
19695,RoboCop 3,Shooter,2,NULL,NULL,NULL,63.3967,18
19695,RoboCop 3,Platform,2,NULL,NULL,NULL,63.3967,18
19695,RoboCop 3,Arcade,2,NULL,NULL,NULL,63.3967,18
11221,The Solus Project,Simulator,12,3,63.6667,6,66.1934,17
11221,The Solus Project,Adventure,12,3,63.6667,6,66.1934,17
11221,The Solus Project,Indie,12,3,63.6667,6,66.1934,17
39205,Cut the Rope 2,Puzzle,6,1,NULL,NULL,76.6469,13
39205,Cut the Rope 2,Arcade,6,1,NULL,NULL,76.6469,13
3643,WWF Attitude,Sport,4,NULL,NULL,NULL,78.9373,20
42604,Joe & Mac 2: Lost in the Tropics,Platform,1,NULL,NULL,NULL,65.2575,11
7547,Adventures of Lolo 3,Puzzle,1,NULL,NULL,NULL,79.3926,11
7547,Adventures of Lolo 3,Strategy,1,NULL,NULL,NULL,79.3926,11
7547,Adventures of Lolo 3,Adventure,1,NULL,NULL,NULL,79.3926,11
4443,James Pond 2: Codename - RoboCod,Platform,1,NULL,50.0000,1,62.5851,24
300,Anno 1503,Simulator,8,NULL,NULL,NULL,79.4127,32
300,Anno 1503,Strategy,8,NULL,NULL,NULL,79.4127,32
31,Space Quest IV: Roger Wilco and the Time Rippers,Adventure,3,NULL,NULL,NULL,94.5193,13
5434,Shadow of the Beast,Platform,4,NULL,62.5000,4,72.3610,19
7598,Alien Swarm,Shooter,12,NULL,60.0000,1,70.3885,56
11707,Hacknet,Puzzle,18,NULL,88.0000,1,77.9072,31
11707,Hacknet,Simulator,18,NULL,88.0000,1,77.9072,31
11707,Hacknet,Indie,18,NULL,88.0000,1,77.9072,31
6825,Alien Trilogy,Shooter,6,NULL,80.0000,1,68.6704,30
1924,Police Quest: In Pursuit of the Death Angel,Adventure,2,NULL,NULL,NULL,60.0124,13
12370,Xybots,Shooter,NULL,NULL,NULL,NULL,70.5357,11
12370,Xybots,Arcade,NULL,NULL,NULL,NULL,70.5357,11
3662,Adventures of Lolo,Puzzle,6,NULL,77.5000,2,78.7914,33
3662,Adventures of Lolo,Strategy,6,NULL,77.5000,2,78.7914,33
3662,Adventures of Lolo,Adventure,6,NULL,77.5000,2,78.7914,33
3448,Bomberman '94,Strategy,6,NULL,NULL,NULL,87.7542,13
7704,ActRaiser 2,Platform,2,NULL,NULL,NULL,79.4257,16
7704,ActRaiser 2,Adventure,2,NULL,NULL,NULL,79.4257,16
6468,ActRaiser,Platform,11,NULL,NULL,NULL,79.3136,51
6468,ActRaiser,Simulator,11,NULL,NULL,NULL,79.3136,51
6468,ActRaiser,Strategy,11,NULL,NULL,NULL,79.3136,51
3720,Kirby's Dream Land 3,Platform,9,NULL,NULL,NULL,81.5534,44
3720,Kirby's Dream Land 3,Adventure,9,NULL,NULL,NULL,81.5534,44
3950,Hunter: The Reckoning,Role-playing (RPG),2,NULL,70.0000,3,65.1035,12
3950,Hunter: The Reckoning,Adventure,2,NULL,70.0000,3,65.1035,12
8432,Shantae,Platform,4,NULL,NULL,NULL,73.0849,21
8432,Shantae,Adventure,4,NULL,NULL,NULL,73.0849,21
4037,NBA Street V3,Sport,2,NULL,87.0000,3,76.8086,14
1600,Gran Turismo 3: A-Spec,Simulator,30,NULL,100.0000,1,84.6487,93
2261,Gothic,Role-playing (RPG),130,NULL,78.0000,1,86.4877,344
2261,Gothic,Adventure,130,NULL,78.0000,1,86.4877,344
5832,FIFA Street,Sport,12,NULL,73.2727,11,78.3391,49
3580,Quest 64,Role-playing (RPG),3,NULL,NULL,NULL,38.8774,18
3580,Quest 64,Adventure,3,NULL,NULL,NULL,38.8774,18
3234,Arcania: Gothic 4,Role-playing (RPG),11,NULL,64.0000,7,56.4232,58
9067,StarCraft 64,Strategy,NULL,NULL,NULL,NULL,80.7928,13
3874,Def Jam Vendetta,Sport,5,NULL,30.0000,2,75.6114,11
6952,Damnation,Shooter,4,NULL,50.0000,4,63.3378,12
6952,Damnation,Adventure,4,NULL,50.0000,4,63.3378,12
2380,Rise of the Triad: Dark War,Shooter,5,NULL,NULL,NULL,74.8524,21
18943,Jackie Chan: Stuntmaster,Platform,8,NULL,NULL,NULL,73.5426,29
8117,Lone Survivor,Puzzle,13,NULL,81.3333,4,62.6981,21
8117,Lone Survivor,Adventure,13,NULL,81.3333,4,62.6981,21
6602,Space Channel 5,Adventure,6,NULL,NULL,NULL,70.7516,18
1828,Fuse,Shooter,2,NULL,57.5000,11,64.9470,11
1828,Fuse,Adventure,2,NULL,57.5000,11,64.9470,11
19542,Oxygen Not Included,Simulator,41,7,NULL,NULL,79.9033,88
19542,Oxygen Not Included,Strategy,41,7,NULL,NULL,79.9033,88
19542,Oxygen Not Included,Indie,41,7,NULL,NULL,79.9033,88
1472,Zone of the Enders,Shooter,4,NULL,NULL,NULL,73.3564,37
6194,Tenchu: Wrath of Heaven,Adventure,11,NULL,80.0000,2,83.4852,31
80659,Dumb Ways to Die,Puzzle,2,NULL,NULL,NULL,73.3522,12
26789,The Devil on G-String,Simulator,6,NULL,NULL,NULL,81.5933,20
26789,The Devil on G-String,Adventure,6,NULL,NULL,NULL,81.5933,20
318,Ragnarok Online,Role-playing (RPG),11,NULL,NULL,NULL,77.3526,42
355,Quake III Arena,Shooter,229,NULL,86.6667,3,83.4690,332
1783,Mega Man Star Force: Dragon,Role-playing (RPG),NULL,NULL,NULL,NULL,74.9006,11
1783,Mega Man Star Force: Dragon,Adventure,NULL,NULL,NULL,NULL,74.9006,11
9474,Sonic the Hedgehog 4: Episode II,Platform,3,NULL,53.0000,4,55.5609,14
9474,Sonic the Hedgehog 4: Episode II,Adventure,3,NULL,53.0000,4,55.5609,14
9474,Sonic the Hedgehog 4: Episode II,Arcade,3,NULL,53.0000,4,55.5609,14
5845,Onimusha: Warlords,Adventure,23,NULL,70.0000,2,80.7792,73
2965,The Lord of the Rings: The Two Towers,Adventure,26,NULL,65.0000,4,73.3129,104
8237,The Getaway,Shooter,7,NULL,80.0000,1,75.2938,25
2586,Skate 2,Simulator,15,NULL,83.0000,6,84.9061,53
2586,Skate 2,Sport,15,NULL,83.0000,6,84.9061,53
24537,The Last Door: Season 2,Adventure,1,1,65.0000,1,63.8608,11
24537,The Last Door: Season 2,Indie,1,1,65.0000,1,63.8608,11
2021,Mount & Blade,Shooter,20,NULL,65.2500,4,73.0203,99
2021,Mount & Blade,Role-playing (RPG),20,NULL,65.2500,4,73.0203,99
2021,Mount & Blade,Simulator,20,NULL,65.2500,4,73.0203,99
2021,Mount & Blade,Adventure,20,NULL,65.2500,4,73.0203,99
2021,Mount & Blade,Indie,20,NULL,65.2500,4,73.0203,99
21084,Ico & Shadow of the Colossus Collection,Simulator,3,NULL,95.2500,5,89.3227,12
21084,Ico & Shadow of the Colossus Collection,Adventure,3,NULL,95.2500,5,89.3227,12
7275,Atelier Rorona: The Alchemist of Arland,Role-playing (RPG),4,NULL,77.5000,11,88.8037,19
21911,LittleBigPlanet,Platform,NULL,NULL,81.0000,2,75.3516,22
21911,LittleBigPlanet,Puzzle,NULL,NULL,81.0000,2,75.3516,22
21911,LittleBigPlanet,Adventure,NULL,NULL,81.0000,2,75.3516,22
305,Cossacks II: Napoleonic Wars,Simulator,5,NULL,65.0000,3,66.8348,12
305,Cossacks II: Napoleonic Wars,Strategy,5,NULL,65.0000,3,66.8348,12
152660,BioShock,Shooter,2,NULL,NULL,NULL,77.8001,22
152660,BioShock,Adventure,2,NULL,NULL,NULL,77.8001,22
18387,Genital Jousting,Indie,49,3,62.5000,3,67.4925,31
5506,Democracy 3,Simulator,10,NULL,66.5000,2,79.1384,45
5506,Democracy 3,Strategy,10,NULL,66.5000,2,79.1384,45
5506,Democracy 3,Indie,10,NULL,66.5000,2,79.1384,45
1842,Tom Clancy's Rainbow Six,Shooter,14,NULL,NULL,NULL,77.7168,57
1842,Tom Clancy's Rainbow Six,Simulator,14,NULL,NULL,NULL,77.7168,57
1842,Tom Clancy's Rainbow Six,Strategy,14,NULL,NULL,NULL,77.7168,57
117008,Assemble With Care,Puzzle,2,NULL,75.0000,1,70.1143,24
117008,Assemble With Care,Indie,2,NULL,75.0000,1,70.1143,24
117008,Assemble With Care,Arcade,2,NULL,75.0000,1,70.1143,24
2132,The Binding of Isaac,Shooter,92,NULL,83.5000,5,81.8616,311
2132,The Binding of Isaac,Role-playing (RPG),92,NULL,83.5000,5,81.8616,311
2132,The Binding of Isaac,Adventure,92,NULL,83.5000,5,81.8616,311
2132,The Binding of Isaac,Indie,92,NULL,83.5000,5,81.8616,311
362,Heroes of Might and Magic: A Strategic Quest,Role-playing (RPG),12,NULL,75.0000,1,79.9401,41
362,Heroes of Might and Magic: A Strategic Quest,Strategy,12,NULL,75.0000,1,79.9401,41
19986,Samurai Shodown II,Arcade,1,NULL,80.0000,1,81.4185,25
14405,Triple Town,Puzzle,3,NULL,NULL,NULL,79.4013,12
14405,Triple Town,Strategy,3,NULL,NULL,NULL,79.4013,12
14405,Triple Town,Indie,3,NULL,NULL,NULL,79.4013,12
2461,Curse of the Azure Bonds,Role-playing (RPG),4,NULL,NULL,NULL,80.0745,12
2461,Curse of the Azure Bonds,Adventure,4,NULL,NULL,NULL,80.0745,12
5169,Sonic Unleashed,Platform,14,NULL,65.8333,4,58.5820,114
5169,Sonic Unleashed,Adventure,14,NULL,65.8333,4,58.5820,114
3145,Plants vs. Zombies 2: It's About Time,Strategy,23,NULL,80.0000,1,71.9332,85
3145,Plants vs. Zombies 2: It's About Time,Adventure,23,NULL,80.0000,1,71.9332,85
7276,Atelier Totori: The Adventurer of Arland,Role-playing (RPG),4,NULL,71.5000,4,73.9133,14
51820,Heroes of Might and Magic III: Complete,Role-playing (RPG),6,NULL,NULL,NULL,94.1061,133
51820,Heroes of Might and Magic III: Complete,Strategy,6,NULL,NULL,NULL,94.1061,133
9648,Katawa Shoujo,Simulator,27,NULL,NULL,NULL,81.0233,79
9648,Katawa Shoujo,Indie,27,NULL,NULL,NULL,81.0233,79
10743,Sid Meier's Railroads!,Simulator,5,NULL,75.0000,2,77.0671,11
10743,Sid Meier's Railroads!,Strategy,5,NULL,75.0000,2,77.0671,11
6517,JoJo's Bizarre Adventure: All Star Battle,Arcade,9,NULL,70.5000,8,87.0280,18
1866,Killzone 2,Shooter,40,NULL,90.2500,10,78.4162,129
22652,Shadowrun: Dragonfall,Role-playing (RPG),15,NULL,82.5000,2,82.6200,35
22652,Shadowrun: Dragonfall,Strategy,15,NULL,82.5000,2,82.6200,35
19508,Alisia Dragoon,Shooter,2,NULL,NULL,NULL,80.9388,17
19508,Alisia Dragoon,Platform,2,NULL,NULL,NULL,80.9388,17
19508,Alisia Dragoon,Arcade,2,NULL,NULL,NULL,80.9388,17
119262,Tom Clancy's Rainbow Six Extraction,Shooter,5,15,77.0000,12,62.8317,19
119262,Tom Clancy's Rainbow Six Extraction,Strategy,5,15,77.0000,12,62.8317,19
7969,Colin McRae Rally 2005,Simulator,13,NULL,80.0000,3,78.7001,43
7969,Colin McRae Rally 2005,Sport,13,NULL,80.0000,3,78.7001,43
826,Saints Row 2,Shooter,80,NULL,81.1667,8,72.9875,235
826,Saints Row 2,Adventure,80,NULL,81.1667,8,72.9875,235
15995,Puzzle Agent,Puzzle,8,NULL,NULL,NULL,61.5806,21
15995,Puzzle Agent,Adventure,8,NULL,NULL,NULL,61.5806,21
6454,We Love Katamari,Puzzle,10,NULL,89.3333,3,87.8829,35
6454,We Love Katamari,Adventure,10,NULL,89.3333,3,87.8829,35
560,Aliens vs. Predator,Shooter,34,NULL,74.0000,6,69.1139,129
6459,Katamari Forever,Puzzle,4,NULL,81.0000,5,89.9002,14
6459,Katamari Forever,Adventure,4,NULL,81.0000,5,89.9002,14
61296,Mogeko Castle,Adventure,NULL,NULL,NULL,NULL,69.7301,15
61296,Mogeko Castle,Indie,NULL,NULL,NULL,NULL,69.7301,15
790,Might and Magic VI: The Mandate of Heaven,Role-playing (RPG),16,NULL,NULL,NULL,87.3607,27
2609,Rising Storm,Shooter,11,NULL,NULL,NULL,76.7429,25
2609,Rising Storm,Simulator,11,NULL,NULL,NULL,76.7429,25
2140,LittleBigPlanet 2,Platform,37,NULL,93.7500,8,81.9356,134
2140,LittleBigPlanet 2,Puzzle,37,NULL,93.7500,8,81.9356,134
2140,LittleBigPlanet 2,Adventure,37,NULL,93.7500,8,81.9356,134
18473,Phoenix,Shooter,4,NULL,90.0000,1,76.8638,11
18473,Phoenix,Arcade,4,NULL,90.0000,1,76.8638,11
19614,Boogerman: A Pick and Flick Adventure,Platform,4,NULL,NULL,NULL,74.3778,27
19614,Boogerman: A Pick and Flick Adventure,Adventure,4,NULL,NULL,NULL,74.3778,27
114,Star Wars: The Old Republic,Role-playing (RPG),74,NULL,85.0000,11,75.9014,181
939,Wizardry 8,Role-playing (RPG),5,NULL,NULL,NULL,79.9967,19
939,Wizardry 8,Adventure,5,NULL,NULL,NULL,79.9967,19
18975,Oceanhorn: Monster of Uncharted Seas,Role-playing (RPG),8,NULL,72.9167,14,73.2091,17
18975,Oceanhorn: Monster of Uncharted Seas,Adventure,8,NULL,72.9167,14,73.2091,17
18975,Oceanhorn: Monster of Uncharted Seas,Indie,8,NULL,72.9167,14,73.2091,17
2867,Ultima III: Exodus,Role-playing (RPG),2,NULL,NULL,NULL,51.0931,19
3452,Bomberman 64: The Second Attack!,Adventure,3,NULL,NULL,NULL,69.2058,11
5433,Sengoku,Arcade,1,NULL,71.0000,0,60.4483,12
161,Star Wars: Rebel Assault,Shooter,1,NULL,NULL,NULL,63.8020,18
17459,Defender II,Shooter,1,NULL,NULL,NULL,55.6005,12
17459,Defender II,Arcade,1,NULL,NULL,NULL,55.6005,12
26157,Super Mario Maker for Nintendo 3DS,Platform,5,NULL,67.8333,12,79.3769,14
26157,Super Mario Maker for Nintendo 3DS,Puzzle,5,NULL,67.8333,12,79.3769,14
1322,Ty the Tasmanian Tiger,Platform,8,NULL,60.0000,2,79.5789,22
1322,Ty the Tasmanian Tiger,Adventure,8,NULL,60.0000,2,79.5789,22
1322,Ty the Tasmanian Tiger,Indie,8,NULL,60.0000,2,79.5789,22
6403,Tomodachi Life,Simulator,4,1,69.7143,8,74.8175,31
6403,Tomodachi Life,Adventure,4,1,69.7143,8,74.8175,31
23867,PewDiePie's Tuber Simulator,Simulator,142,7,NULL,NULL,71.7549,64
23867,PewDiePie's Tuber Simulator,Indie,142,7,NULL,NULL,71.7549,64
58782,My Nintendo Picross: The Legend of Zelda Twilight Princess,Puzzle,1,NULL,60.0000,1,72.7837,14
11663,Drakengard 2,Role-playing (RPG),5,NULL,63.0000,3,71.0690,13
3453,Bomberman Hero,Platform,1,NULL,NULL,NULL,69.7741,16
2868,Ultima II: The Revenge of the Enchantress,Role-playing (RPG),2,NULL,NULL,NULL,56.5977,18
12230,Ultima VI: The False Prophet,Role-playing (RPG),3,NULL,NULL,NULL,84.3204,19
1253,The Lost Vikings 2,Platform,4,NULL,NULL,NULL,80.8791,20
1253,The Lost Vikings 2,Puzzle,4,NULL,NULL,NULL,80.8791,20
77493,Utawarerumono: Prelude to the Fallen,Role-playing (RPG),1,NULL,71.0000,1,70.5226,18
77493,Utawarerumono: Prelude to the Fallen,Strategy,1,NULL,71.0000,1,70.5226,18
77493,Utawarerumono: Prelude to the Fallen,Adventure,1,NULL,71.0000,1,70.5226,18
7964,Ittle Dew,Puzzle,5,NULL,81.0000,2,75.4525,14
7964,Ittle Dew,Adventure,5,NULL,81.0000,2,75.4525,14
7964,Ittle Dew,Indie,5,NULL,81.0000,2,75.4525,14
4182,Star Wars: Rogue Squadron III - Rebel Strike,Shooter,7,NULL,40.0000,1,75.6734,17
4182,Star Wars: Rogue Squadron III - Rebel Strike,Adventure,7,NULL,40.0000,1,75.6734,17
1191,Crash: Mind Over Mutant,Platform,4,NULL,59.6667,4,58.3660,50
9938,Aarklash: Legacy,Role-playing (RPG),5,NULL,NULL,NULL,75.8936,12
9938,Aarklash: Legacy,Strategy,5,NULL,NULL,NULL,75.8936,12
9938,Aarklash: Legacy,Adventure,5,NULL,NULL,NULL,75.8936,12
136868,Train Sim World 2,Simulator,5,NULL,90.0000,1,83.7926,14
720,Freedom Force,Role-playing (RPG),10,NULL,90.0000,2,74.1837,24
720,Freedom Force,Strategy,10,NULL,90.0000,2,74.1837,24
15547,Apocalypse,Shooter,4,NULL,NULL,NULL,60.7842,14
7033,SpellForce 2: Shadow Wars,Role-playing (RPG),9,NULL,88.3333,3,76.7100,24
7033,SpellForce 2: Shadow Wars,Strategy,9,NULL,88.3333,3,76.7100,24
6789,Darius,Shooter,2,NULL,NULL,NULL,60.7742,12
6789,Darius,Arcade,2,NULL,NULL,NULL,60.7742,12
2886,Starflight,Role-playing (RPG),5,NULL,NULL,NULL,78.9303,16
2886,Starflight,Simulator,5,NULL,NULL,NULL,78.9303,16
2886,Starflight,Adventure,5,NULL,NULL,NULL,78.9303,16
12588,The King of Fighters '96,Shooter,10,NULL,NULL,NULL,72.0994,40
9151,Super Punch-Out!!,Sport,10,NULL,90.0000,1,81.2853,48
3664,Kid Icarus: Of Myths and Monsters,Platform,1,NULL,NULL,NULL,77.0471,13
5384,Advanced Dungeons & Dragons: Eye of the Beholder,Role-playing (RPG),11,NULL,NULL,NULL,82.0034,36
121688,Final Fantasy,Role-playing (RPG),2,NULL,NULL,NULL,79.3136,26
3545,Mystical Ninja Starring Goemon,Platform,3,NULL,NULL,NULL,80.4159,15
3545,Mystical Ninja Starring Goemon,Adventure,3,NULL,NULL,NULL,80.4159,15
2953,Frontier: Elite II,Simulator,4,NULL,NULL,NULL,82.7955,14
2953,Frontier: Elite II,Adventure,4,NULL,NULL,NULL,82.7955,14
21127,Broken Sword: Shadow of the Templars - The Director's Cut,Puzzle,11,1,83.0000,4,76.4200,39
21127,Broken Sword: Shadow of the Templars - The Director's Cut,Adventure,11,1,83.0000,4,76.4200,39
57372,SoulWorker,Role-playing (RPG),16,5,80.0000,1,61.7477,20
18279,BattleTech,Strategy,22,9,82.2500,9,80.1444,26
18279,BattleTech,Adventure,22,9,82.2500,9,80.1444,26
9772,And Yet It Moves,Platform,4,NULL,78.0000,3,73.1891,25
9772,And Yet It Moves,Puzzle,4,NULL,78.0000,3,73.1891,25
9772,And Yet It Moves,Indie,4,NULL,78.0000,3,73.1891,25
18683,Metal Gear Solid: VR Missions,Shooter,10,NULL,70.0000,1,70.1580,42
18683,Metal Gear Solid: VR Missions,Puzzle,10,NULL,70.0000,1,70.1580,42
18683,Metal Gear Solid: VR Missions,Adventure,10,NULL,70.0000,1,70.1580,42
8070,Eldritch,Shooter,2,NULL,80.6667,3,61.1595,20
8070,Eldritch,Role-playing (RPG),2,NULL,80.6667,3,61.1595,20
8070,Eldritch,Adventure,2,NULL,80.6667,3,61.1595,20
8070,Eldritch,Indie,2,NULL,80.6667,3,61.1595,20
6291,Virtua Tennis,Sport,8,NULL,50.0000,2,88.0717,38
11599,Hylics,Role-playing (RPG),2,NULL,NULL,NULL,74.3870,16
11599,Hylics,Indie,2,NULL,NULL,NULL,74.3870,16
683,Europa Universalis III,Strategy,12,NULL,70.0000,1,86.5711,44
3773,Disney's Magical Mirror Starring Mickey Mouse,Platform,2,NULL,NULL,NULL,60.9553,11
3773,Disney's Magical Mirror Starring Mickey Mouse,Adventure,2,NULL,NULL,NULL,60.9553,11
7870,Boom Beach,Strategy,4,NULL,NULL,NULL,60.3753,17
1870,Shellshock: Nam '67,Shooter,5,NULL,60.0000,3,62.7756,12
18870,Championship Manager 4,Simulator,5,NULL,100.0000,1,89.9077,18
18870,Championship Manager 4,Sport,5,NULL,100.0000,1,89.9077,18
18870,Championship Manager 4,Strategy,5,NULL,100.0000,1,89.9077,18
1025,Zelda II: The Adventure of Link,Platform,51,NULL,NULL,NULL,65.9358,237
1025,Zelda II: The Adventure of Link,Role-playing (RPG),51,NULL,NULL,NULL,65.9358,237
1025,Zelda II: The Adventure of Link,Adventure,51,NULL,NULL,NULL,65.9358,237
9613,King's Bounty,Role-playing (RPG),4,NULL,NULL,NULL,68.2204,15
9613,King's Bounty,Strategy,4,NULL,NULL,NULL,68.2204,15
158982,Final Fantasy III,Role-playing (RPG),1,NULL,80.0000,1,79.3800,11
31173,Domina,Simulator,4,NULL,NULL,NULL,68.4397,22
31173,Domina,Strategy,4,NULL,NULL,NULL,68.4397,22
31173,Domina,Indie,4,NULL,NULL,NULL,68.4397,22
86504,In Other Waters,Puzzle,3,1,71.0000,5,69.9581,15
86504,In Other Waters,Simulator,3,1,71.0000,5,69.9581,15
86504,In Other Waters,Adventure,3,1,71.0000,5,69.9581,15
86504,In Other Waters,Indie,3,1,71.0000,5,69.9581,15
121346,Risk: Global Domination,Strategy,NULL,NULL,NULL,NULL,66.3251,23
1118,Castlevania: The Adventure,Platform,4,NULL,46.0000,1,44.3281,37
1118,Castlevania: The Adventure,Adventure,4,NULL,46.0000,1,44.3281,37
2364,Xenoblade Chronicles,Role-playing (RPG),58,NULL,90.5000,8,86.1033,120
2364,Xenoblade Chronicles,Adventure,58,NULL,90.5000,8,86.1033,120
1175,Alundra,Platform,9,NULL,NULL,NULL,73.0820,22
1175,Alundra,Role-playing (RPG),9,NULL,NULL,NULL,73.0820,22
1175,Alundra,Adventure,9,NULL,NULL,NULL,73.0820,22
440,Medieval II: Total War,Simulator,60,NULL,90.0000,4,86.6259,192
440,Medieval II: Total War,Strategy,60,NULL,90.0000,4,86.6259,192
75962,JoJo's Bizarre Adventure: Heritage for the Future,Arcade,1,NULL,NULL,NULL,89.7245,22
1875,Toribash,Simulator,6,NULL,NULL,NULL,68.5297,17
1875,Toribash,Strategy,6,NULL,NULL,NULL,68.5297,17
1875,Toribash,Indie,6,NULL,NULL,NULL,68.5297,17
1797,Ratchet & Clank: Full Frontal Assault,Platform,6,NULL,58.0000,5,61.6314,26
1797,Ratchet & Clank: Full Frontal Assault,Strategy,6,NULL,58.0000,5,61.6314,26
1797,Ratchet & Clank: Full Frontal Assault,Adventure,6,NULL,58.0000,5,61.6314,26
9013,Thirty Flights of Loving,Puzzle,11,NULL,90.0000,1,77.2055,32
9013,Thirty Flights of Loving,Adventure,11,NULL,90.0000,1,77.2055,32
9013,Thirty Flights of Loving,Indie,11,NULL,90.0000,1,77.2055,32
1702,Wario Land: Shake It!,Platform,3,NULL,78.8333,7,70.1205,13
1702,Wario Land: Shake It!,Simulator,3,NULL,78.8333,7,70.1205,13
1702,Wario Land: Shake It!,Adventure,3,NULL,78.8333,7,70.1205,13
1702,Wario Land: Shake It!,Indie,3,NULL,78.8333,7,70.1205,13
516,Of Orcs and Men,Role-playing (RPG),5,NULL,80.0000,1,72.9678,22
1402,Professor Layton vs. Phoenix Wright: Ace Attorney,Puzzle,21,NULL,82.4000,10,79.0932,33
1402,Professor Layton vs. Phoenix Wright: Ace Attorney,Strategy,21,NULL,82.4000,10,79.0932,33
1402,Professor Layton vs. Phoenix Wright: Ace Attorney,Adventure,21,NULL,82.4000,10,79.0932,33
2923,Donkey Kong Country: Tropical Freeze,Platform,51,4,85.9412,12,82.8789,139
1720,Mega Man 7,Shooter,12,NULL,NULL,NULL,77.7410,74
1720,Mega Man 7,Platform,12,NULL,NULL,NULL,77.7410,74
1720,Mega Man 7,Adventure,12,NULL,NULL,NULL,77.7410,74
122649,A Total War Saga: Troy,Simulator,7,1,76.2500,4,71.8305,18
122649,A Total War Saga: Troy,Strategy,7,1,76.2500,4,71.8305,18
1133,Castlevania: Harmony of Dissonance,Platform,15,NULL,NULL,NULL,75.3429,83
1133,Castlevania: Harmony of Dissonance,Role-playing (RPG),15,NULL,NULL,NULL,75.3429,83
1133,Castlevania: Harmony of Dissonance,Adventure,15,NULL,NULL,NULL,75.3429,83
11194,The Legend of Zelda: Tri Force Heroes,Platform,16,4,71.8571,10,64.5850,35
11194,The Legend of Zelda: Tri Force Heroes,Puzzle,16,4,71.8571,10,64.5850,35
11194,The Legend of Zelda: Tri Force Heroes,Adventure,16,4,71.8571,10,64.5850,35
12328,Fate/stay night,Adventure,20,NULL,NULL,NULL,88.2995,47
28168,Code Vein,Role-playing (RPG),81,49,72.9091,17,70.7974,124
28168,Code Vein,Adventure,81,49,72.9091,17,70.7974,124
2963,Dota 2,Strategy,207,NULL,90.5000,5,79.5222,547
89,Emperor: Battle for Dune,Strategy,5,NULL,NULL,NULL,76.7102,17
26766,Xenoblade Chronicles 2,Role-playing (RPG),93,8,85.1429,18,90.4586,137
26766,Xenoblade Chronicles 2,Adventure,93,8,85.1429,18,90.4586,137
7733,Might and Magic: Book One - The Secret of the Inner Sanctum,Role-playing (RPG),2,NULL,NULL,NULL,69.7782,12
32021,Dungeon Punks,Role-playing (RPG),7,NULL,41.0000,1,61.4248,11
32021,Dungeon Punks,Adventure,7,NULL,41.0000,1,61.4248,11
32021,Dungeon Punks,Indie,7,NULL,41.0000,1,61.4248,11
46784,Sengoku 3,Arcade,1,NULL,NULL,NULL,82.1017,13
141192,NEO: The World Ends with You,Role-playing (RPG),1,2,84.1667,7,80.5065,16
103339,Super Mario Party,Platform,40,3,72.9091,12,66.6401,117
103339,Super Mario Party,Puzzle,40,3,72.9091,12,66.6401,117
45964,Touhou Gensoukyou: Lotus Land Story,Shooter,2,NULL,NULL,NULL,79.8454,12
2931,Cities in Motion 2,Simulator,6,NULL,NULL,NULL,71.9084,12
2931,Cities in Motion 2,Strategy,6,NULL,NULL,NULL,71.9084,12
115284,The Legend of Zelda: Link's Awakening,Adventure,38,13,86.6429,16,83.2225,197
2751,Galaga,Shooter,16,NULL,70.0000,2,73.1959,98
2751,Galaga,Arcade,16,NULL,70.0000,2,73.1959,98
5871,Jurassic Park: Operation Genesis,Simulator,41,1,74.0000,5,72.1893,38
5871,Jurassic Park: Operation Genesis,Strategy,41,1,74.0000,5,72.1893,38
42654,Ninja Warriors,Adventure,2,NULL,NULL,NULL,84.9512,14
7727,Linger In Shadows,Puzzle,NULL,NULL,40.0000,2,63.0367,18
7727,Linger In Shadows,Indie,NULL,NULL,40.0000,2,63.0367,18
7727,Linger In Shadows,Arcade,NULL,NULL,40.0000,2,63.0367,18
119947,NHL 20,Sport,1,NULL,79.1429,9,79.0094,16
35132,LiEat,Puzzle,3,NULL,NULL,NULL,60.8611,11
35132,LiEat,Role-playing (RPG),3,NULL,NULL,NULL,60.8611,11
35132,LiEat,Adventure,3,NULL,NULL,NULL,60.8611,11
35132,LiEat,Indie,3,NULL,NULL,NULL,60.8611,11
114411,Among the Sleep: Enhanced Edition,Puzzle,NULL,NULL,NULL,NULL,59.2676,12
114411,Among the Sleep: Enhanced Edition,Adventure,NULL,NULL,NULL,NULL,59.2676,12
114411,Among the Sleep: Enhanced Edition,Indie,NULL,NULL,NULL,NULL,59.2676,12
26500,Toukiden 2,Role-playing (RPG),7,1,74.6154,14,79.9896,5
474,Metal Gear Solid 2: Substance,Shooter,46,NULL,80.0000,4,87.1362,124
474,Metal Gear Solid 2: Substance,Adventure,46,NULL,80.0000,4,87.1362,124
6433,Heart of Darkness,Platform,27,NULL,50.0000,0,79.7066,59
192,Maniac Mansion,Adventure,33,NULL,90.0000,1,86.3773,102
105738,Project Warlock,Shooter,6,NULL,80.0000,3,68.2205,22
105738,Project Warlock,Adventure,6,NULL,80.0000,3,68.2205,22
105738,Project Warlock,Indie,6,NULL,80.0000,3,68.2205,22
26768,Disgaea 5 Complete,Role-playing (RPG),9,1,90.0000,2,84.5218,19
26768,Disgaea 5 Complete,Strategy,9,1,90.0000,2,84.5218,19
4555,Tiny Toon Adventures,Platform,12,NULL,NULL,NULL,74.5047,49
19875,Football Manager 2016,Simulator,3,NULL,83.8000,6,85.3808,26
19875,Football Manager 2016,Sport,3,NULL,83.8000,6,85.3808,26
19875,Football Manager 2016,Strategy,3,NULL,83.8000,6,85.3808,26
138733,Lacuna,Puzzle,2,2,75.0000,1,66.7464,15
138733,Lacuna,Adventure,2,2,75.0000,1,66.7464,15
138733,Lacuna,Indie,2,2,75.0000,1,66.7464,15
7328,Infamous: First Light,Shooter,53,2,75.8571,9,74.9054,145
7328,Infamous: First Light,Platform,53,2,75.8571,9,74.9054,145
7328,Infamous: First Light,Adventure,53,2,75.8571,9,74.9054,145
786,MechWarrior 4: Vengeance,Shooter,2,NULL,NULL,NULL,70.3996,11
786,MechWarrior 4: Vengeance,Simulator,2,NULL,NULL,NULL,70.3996,11
39023,Dyna Blaster,Puzzle,2,NULL,NULL,NULL,83.9729,15
39023,Dyna Blaster,Arcade,2,NULL,NULL,NULL,83.9729,15
3004,DLC Quest,Platform,7,NULL,NULL,NULL,69.9738,44
3004,DLC Quest,Adventure,7,NULL,NULL,NULL,69.9738,44
3004,DLC Quest,Indie,7,NULL,NULL,NULL,69.9738,44
257,"Warhammer 40,000: Dawn of War",Strategy,52,NULL,86.2500,5,86.6137,154
767,Kohan: Immortal Sovereigns,Strategy,2,NULL,80.0000,1,89.6125,13
766,Kohan II: Kings of War,Strategy,3,NULL,77.5000,3,80.3264,17
135295,Stream Racer,Simulator,12,5,NULL,NULL,84.7692,15
7018,Infernal,Shooter,4,NULL,0.0000,7,44.6188,16
7018,Infernal,Puzzle,4,NULL,0.0000,7,44.6188,16
7018,Infernal,Adventure,4,NULL,0.0000,7,44.6188,16
2872,Rogue,Role-playing (RPG),4,NULL,NULL,NULL,75.0296,16
2872,Rogue,Strategy,4,NULL,NULL,NULL,75.0296,16
2872,Rogue,Adventure,4,NULL,NULL,NULL,75.0296,16
3872,Dead to Rights,Shooter,5,NULL,60.0000,1,58.7132,21
3872,Dead to Rights,Adventure,5,NULL,60.0000,1,58.7132,21
1454,Suikoden II,Role-playing (RPG),33,NULL,100.0000,1,91.8553,89
1454,Suikoden II,Strategy,33,NULL,100.0000,1,91.8553,89
119402,The Witcher 3: Wild Hunt - Complete Edition,Role-playing (RPG),33,2,88.0000,12,98.5565,95
119402,The Witcher 3: Wild Hunt - Complete Edition,Adventure,33,2,88.0000,12,98.5565,95
15020,Arc the Lad,Role-playing (RPG),1,NULL,NULL,NULL,89.6232,12
15020,Arc the Lad,Strategy,1,NULL,NULL,NULL,89.6232,12
15020,Arc the Lad,Adventure,1,NULL,NULL,NULL,89.6232,12
18808,Bucky O'Hare,Shooter,2,NULL,NULL,NULL,88.6500,19
18808,Bucky O'Hare,Platform,2,NULL,NULL,NULL,88.6500,19
18808,Bucky O'Hare,Adventure,2,NULL,NULL,NULL,88.6500,19
2188,Magic 2014: Duels of the Planeswalkers,Strategy,5,NULL,76.5000,5,74.3339,17
199116,Brotato,Shooter,1,1,NULL,NULL,77.9897,21
199116,Brotato,Role-playing (RPG),1,1,NULL,NULL,77.9897,21
199116,Brotato,Indie,1,1,NULL,NULL,77.9897,21
199116,Brotato,Arcade,1,1,NULL,NULL,77.9897,21
3986,Mario Superstar Baseball,Sport,3,NULL,60.0000,1,62.6990,30
62,The Curse of Monkey Island,Puzzle,108,NULL,NULL,NULL,84.8220,260
62,The Curse of Monkey Island,Adventure,108,NULL,NULL,NULL,84.8220,260
11583,Five Nights at Freddy's 4,Simulator,8,NULL,55.0000,3,69.6987,46
11583,Five Nights at Freddy's 4,Strategy,8,NULL,55.0000,3,69.6987,46
11583,Five Nights at Freddy's 4,Adventure,8,NULL,55.0000,3,69.6987,46
11583,Five Nights at Freddy's 4,Indie,8,NULL,55.0000,3,69.6987,46
288,Operation Flashpoint: Cold War Crisis,Shooter,20,NULL,90.0000,1,88.6674,53
288,Operation Flashpoint: Cold War Crisis,Simulator,20,NULL,90.0000,1,88.6674,53
288,Operation Flashpoint: Cold War Crisis,Strategy,20,NULL,90.0000,1,88.6674,53
11222,Windjammers,Sport,6,NULL,79.0000,9,82.7351,21
11222,Windjammers,Arcade,6,NULL,79.0000,9,82.7351,21
36534,Lost Sphear,Role-playing (RPG),19,1,66.8182,13,60.0867,10
36534,Lost Sphear,Adventure,19,1,66.8182,13,60.0867,10
5623,Severance: Blade of Darkness,Role-playing (RPG),16,NULL,90.0000,1,87.4005,35
5623,Severance: Blade of Darkness,Adventure,16,NULL,90.0000,1,87.4005,35
8330,Gothic 3: Forsaken Gods,Role-playing (RPG),1,NULL,NULL,NULL,54.3034,23
6874,Rune Factory 4,Role-playing (RPG),7,NULL,78.6000,6,77.5317,18
6874,Rune Factory 4,Simulator,7,NULL,78.6000,6,77.5317,18
5769,Championship Manager: Season 01/02,Simulator,7,NULL,90.0000,1,84.0702,24
5769,Championship Manager: Season 01/02,Sport,7,NULL,90.0000,1,84.0702,24
10916,Burnout Legends,Arcade,9,NULL,92.5000,2,75.6068,26
125009,Halo 2: Anniversary,Shooter,3,NULL,80.0000,1,84.2937,36
6488,Disney's DuckTales 2,Platform,6,NULL,NULL,NULL,84.5124,41
6488,Disney's DuckTales 2,Adventure,6,NULL,NULL,NULL,84.5124,41
6294,Worms World Party,Strategy,44,NULL,80.0000,1,83.5240,118
168537,Football Manager 2022,Simulator,4,1,90.0000,3,84.6946,28
168537,Football Manager 2022,Sport,4,1,90.0000,3,84.6946,28
168537,Football Manager 2022,Strategy,4,1,90.0000,3,84.6946,28
1390,Dead or Alive Xtreme Beach Volleyball,Simulator,3,NULL,30.0000,3,56.7161,18
1390,Dead or Alive Xtreme Beach Volleyball,Sport,3,NULL,30.0000,3,56.7161,18
6139,Star Force,Shooter,NULL,NULL,NULL,NULL,60.3685,15
6139,Star Force,Arcade,NULL,NULL,NULL,NULL,60.3685,15
2259,Boom Blox,Puzzle,3,NULL,76.6667,4,86.0203,12
9461,Stronghold 3,Simulator,4,NULL,51.6667,3,46.6656,19
9461,Stronghold 3,Strategy,4,NULL,51.6667,3,46.6656,19
2139,Renegade Ops,Shooter,12,NULL,87.0000,6,66.9747,27
18139,Michael Jackson's Moonwalker,Platform,10,NULL,NULL,NULL,65.9848,38
2904,DuckTales: Remastered,Platform,16,NULL,74.8462,14,76.7912,98
2904,DuckTales: Remastered,Adventure,16,NULL,74.8462,14,76.7912,98
75128,Cube Escape: The Mill,Puzzle,1,NULL,NULL,NULL,69.8062,16
75128,Cube Escape: The Mill,Adventure,1,NULL,NULL,NULL,69.8062,16
75130,Cube Escape: Theatre,Puzzle,2,NULL,NULL,NULL,70.2683,18
75130,Cube Escape: Theatre,Adventure,2,NULL,NULL,NULL,70.2683,18
5454,Space Ace,Shooter,3,NULL,NULL,NULL,69.9874,12
5454,Space Ace,Adventure,3,NULL,NULL,NULL,69.9874,12
5454,Space Ace,Arcade,3,NULL,NULL,NULL,69.9874,12
7966,Dirt Showdown,Sport,20,NULL,75.2000,11,68.1193,58
2317,Toki Tori,Platform,1,NULL,80.0000,4,71.2954,14
2317,Toki Tori,Puzzle,1,NULL,80.0000,4,71.2954,14
2317,Toki Tori,Strategy,1,NULL,80.0000,4,71.2954,14
2317,Toki Tori,Adventure,1,NULL,80.0000,4,71.2954,14
2317,Toki Tori,Indie,1,NULL,80.0000,4,71.2954,14
80185,Sega Genesis Classics,Shooter,6,NULL,NULL,NULL,89.7035,13
80185,Sega Genesis Classics,Platform,6,NULL,NULL,NULL,89.7035,13
80185,Sega Genesis Classics,Puzzle,6,NULL,NULL,NULL,89.7035,13
80185,Sega Genesis Classics,Role-playing (RPG),6,NULL,NULL,NULL,89.7035,13
80185,Sega Genesis Classics,Adventure,6,NULL,NULL,NULL,89.7035,13
80185,Sega Genesis Classics,Arcade,6,NULL,NULL,NULL,89.7035,13
139077,Football Manager 2021,Simulator,5,1,88.3333,4,79.6846,25
139077,Football Manager 2021,Sport,5,1,88.3333,4,79.6846,25
11391,Digimon World Re:Digitize,Role-playing (RPG),3,NULL,NULL,NULL,77.1338,13
11391,Digimon World Re:Digitize,Adventure,3,NULL,NULL,NULL,77.1338,13
1017,Worms Reloaded,Platform,7,NULL,79.7500,5,76.0909,36
1017,Worms Reloaded,Strategy,7,NULL,79.7500,5,76.0909,36
22744,Dynamite Headdy,Platform,NULL,NULL,NULL,NULL,72.3617,23
12183,Tyrants: Fight Through Time,Simulator,2,NULL,NULL,NULL,79.9260,12
12183,Tyrants: Fight Through Time,Strategy,2,NULL,NULL,NULL,79.9260,12
8735,Abobo's Big Adventure,Platform,2,NULL,NULL,NULL,89.1408,13
8735,Abobo's Big Adventure,Adventure,2,NULL,NULL,NULL,89.1408,13
8735,Abobo's Big Adventure,Indie,2,NULL,NULL,NULL,89.1408,13
11258,Mario & Sonic at the Rio 2016 Olympic Games,Sport,4,NULL,68.0000,4,64.0285,11
2359,Total War: Rome II,Role-playing (RPG),48,NULL,71.9091,15,78.2968,153
2359,Total War: Rome II,Strategy,48,NULL,71.9091,15,78.2968,153
44102,Total War Saga: Thrones of Britannia,Strategy,11,2,76.4286,7,69.9495,11
14528,Serena,Adventure,6,NULL,NULL,NULL,75.9845,23
14528,Serena,Indie,6,NULL,NULL,NULL,75.9845,23
1177,Lufia & the Fortress of Doom,Puzzle,5,NULL,NULL,NULL,63.8542,13
1177,Lufia & the Fortress of Doom,Role-playing (RPG),5,NULL,NULL,NULL,63.8542,13
3129,Gain Ground,Shooter,NULL,NULL,NULL,NULL,70.2639,11
3129,Gain Ground,Strategy,NULL,NULL,NULL,NULL,70.2639,11
3129,Gain Ground,Arcade,NULL,NULL,NULL,NULL,70.2639,11
16033,Vectorman,Platform,3,NULL,NULL,NULL,80.0583,29
16033,Vectorman,Adventure,3,NULL,NULL,NULL,80.0583,29
16033,Vectorman,Arcade,3,NULL,NULL,NULL,80.0583,29
606,Battle Realms,Strategy,19,NULL,NULL,NULL,77.9792,28
178264,Bad End Theater,Simulator,NULL,NULL,NULL,NULL,95.0203,17
178264,Bad End Theater,Adventure,NULL,NULL,NULL,NULL,95.0203,17
178264,Bad End Theater,Indie,NULL,NULL,NULL,NULL,95.0203,17
9278,Endless Legend,Role-playing (RPG),19,NULL,81.0000,3,68.2025,60
9278,Endless Legend,Strategy,19,NULL,81.0000,3,68.2025,60
9278,Endless Legend,Indie,19,NULL,81.0000,3,68.2025,60
7804,Bubsy in Claws Encounters of the Furred Kind,Platform,2,NULL,NULL,NULL,45.8548,25
6405,Gunstar Heroes,Shooter,14,NULL,60.0000,1,83.5540,59
6405,Gunstar Heroes,Platform,14,NULL,60.0000,1,83.5540,59
6405,Gunstar Heroes,Arcade,14,NULL,60.0000,1,83.5540,59
131970,Fuser,Simulator,2,1,78.4286,8,75.3693,12
19293,Motorsport Manager,Simulator,12,1,90.0000,4,85.3640,20
19293,Motorsport Manager,Sport,12,1,90.0000,4,85.3640,20
19293,Motorsport Manager,Strategy,12,1,90.0000,4,85.3640,20
936,World Soccer: Winning Eleven 7 International,Simulator,11,NULL,87.2500,5,77.2876,46
936,World Soccer: Winning Eleven 7 International,Sport,11,NULL,87.2500,5,77.2876,46
72944,Silkroad Online,Role-playing (RPG),NULL,NULL,NULL,NULL,57.7535,16
72944,Silkroad Online,Adventure,NULL,NULL,NULL,NULL,57.7535,16
24493,Fate/Grand Order,Role-playing (RPG),17,2,NULL,NULL,97.4959,45
24493,Fate/Grand Order,Adventure,17,2,NULL,NULL,97.4959,45
3290,Power Rangers: Lightspeed Rescue,Platform,NULL,NULL,NULL,NULL,46.7860,12
3290,Power Rangers: Lightspeed Rescue,Puzzle,NULL,NULL,NULL,NULL,46.7860,12
3290,Power Rangers: Lightspeed Rescue,Adventure,NULL,NULL,NULL,NULL,46.7860,12
18681,ISS Pro Evolution 2,Sport,6,NULL,NULL,NULL,70.2879,23
80961,Total War: Three Kingdoms,Strategy,11,4,82.1667,11,80.2345,30
18189,Downfall,Adventure,12,NULL,NULL,NULL,88.2147,28
18189,Downfall,Indie,12,NULL,NULL,NULL,88.2147,28
115789,Boneworks,Shooter,1,2,NULL,NULL,58.0371,11
115789,Boneworks,Puzzle,1,2,NULL,NULL,58.0371,11
115789,Boneworks,Simulator,1,2,NULL,NULL,58.0371,11
115789,Boneworks,Adventure,1,2,NULL,NULL,58.0371,11
115789,Boneworks,Indie,1,2,NULL,NULL,58.0371,11
1279,Hearthstone,Strategy,239,8,88.2222,10,78.8177,566
125165,Diablo IV,Role-playing (RPG),3,65,89.6667,11,77.4603,100
28028,Total War: Warhammer II,Strategy,35,5,87.8750,11,82.2914,71
52006,Noita,Shooter,15,12,80.5000,4,80.8853,52
52006,Noita,Role-playing (RPG),15,12,80.5000,4,80.8853,52
52006,Noita,Simulator,15,12,80.5000,4,80.8853,52
52006,Noita,Adventure,15,12,80.5000,4,80.8853,52
52006,Noita,Indie,15,12,80.5000,4,80.8853,52
52006,Noita,Arcade,15,12,80.5000,4,80.8853,52
37063,South Park: Phone Destroyer,Role-playing (RPG),6,NULL,55.0000,3,70.0670,12
103292,Gears 5,Shooter,59,18,87.8333,17,81.5764,182
103292,Gears 5,Adventure,59,18,87.8333,17,81.5764,182
6899,Shinobi,Adventure,5,NULL,60.0000,3,67.9203,35
6899,Shinobi,Arcade,5,NULL,60.0000,3,67.9203,35
1684,Fruit Ninja,Arcade,13,NULL,83.3333,0,72.2538,80
473,Battlefield: Bad Company,Shooter,33,NULL,88.0000,6,77.2667,121
51226,Gangsters 2: Vendetta,Strategy,5,NULL,NULL,NULL,90.7290,12
3074,The Great Giana Sisters,Platform,7,NULL,90.0000,1,74.9688,24
2335,Mario Party DS,Puzzle,12,NULL,55.0000,2,76.6449,62
2335,Mario Party DS,Strategy,12,NULL,55.0000,2,76.6449,62
2335,Mario Party DS,Adventure,12,NULL,55.0000,2,76.6449,62
8200,Total War: Attila,Strategy,16,NULL,76.8000,11,73.4144,61
922,Tribes 2,Shooter,6,NULL,84.5000,2,79.9871,12
922,Tribes 2,Simulator,6,NULL,84.5000,2,79.9871,12
922,Tribes 2,Sport,6,NULL,84.5000,2,79.9871,12
72472,HuniePop 2: Double Date,Puzzle,3,9,NULL,NULL,70.7803,18
72472,HuniePop 2: Double Date,Simulator,3,9,NULL,NULL,70.7803,18
72472,HuniePop 2: Double Date,Strategy,3,9,NULL,NULL,70.7803,18
72472,HuniePop 2: Double Date,Indie,3,9,NULL,NULL,70.7803,18
199748,20 Minutes Till Dawn,Shooter,1,NULL,NULL,NULL,68.5744,14
199748,20 Minutes Till Dawn,Role-playing (RPG),1,NULL,NULL,NULL,68.5744,14
199748,20 Minutes Till Dawn,Strategy,1,NULL,NULL,NULL,68.5744,14
199748,20 Minutes Till Dawn,Adventure,1,NULL,NULL,NULL,68.5744,14
199748,20 Minutes Till Dawn,Indie,1,NULL,NULL,NULL,68.5744,14
199748,20 Minutes Till Dawn,Arcade,1,NULL,NULL,NULL,68.5744,14
9265,Spiral Knights,Role-playing (RPG),4,NULL,51.0000,2,57.6998,23
9265,Spiral Knights,Adventure,4,NULL,51.0000,2,57.6998,23
9265,Spiral Knights,Indie,4,NULL,51.0000,2,57.6998,23
8186,LittleBigPlanet Karting,Arcade,8,NULL,73.3333,7,59.8925,27
15901,StarTropics,Role-playing (RPG),8,NULL,NULL,NULL,86.4826,23
15901,StarTropics,Adventure,8,NULL,NULL,NULL,86.4826,23
2442,Commander Keen in Keen Dreams,Platform,7,NULL,58.0000,1,79.4416,20
2442,Commander Keen in Keen Dreams,Adventure,7,NULL,58.0000,1,79.4416,20
2442,Commander Keen in Keen Dreams,Indie,7,NULL,58.0000,1,79.4416,20
16369,Golden Axe III,Adventure,7,NULL,NULL,NULL,78.8980,40
2441,Commander Keen in Invasion of the Vorticons: Keen Must Die!,Platform,4,NULL,NULL,NULL,61.9122,16
2445,"Commander Keen in Goodbye, Galaxy!: The Armageddon Machine",Shooter,8,NULL,NULL,NULL,88.7698,27
2445,"Commander Keen in Goodbye, Galaxy!: The Armageddon Machine",Platform,8,NULL,NULL,NULL,88.7698,27
85,Dune,Strategy,15,NULL,NULL,NULL,80.5926,46
85,Dune,Adventure,15,NULL,NULL,NULL,80.5926,46
576,DC Universe Online,Role-playing (RPG),17,NULL,73.7143,12,64.0614,49
576,DC Universe Online,Adventure,17,NULL,73.7143,12,64.0614,49
576,DC Universe Online,Indie,17,NULL,73.7143,12,64.0614,49
3751,Peggle,Puzzle,19,NULL,86.6667,3,73.7011,87
20310,Unmechanical: Extended Edition,Platform,3,NULL,70.0000,4,61.0406,14
20310,Unmechanical: Extended Edition,Puzzle,3,NULL,70.0000,4,61.0406,14
9438,The Typing of the Dead: Overkill,Shooter,4,NULL,70.0000,1,60.0009,14
8774,Grow Home,Platform,24,NULL,78.0000,7,72.1451,86
8774,Grow Home,Adventure,24,NULL,78.0000,7,72.1451,86
10128,Rock Band 4,Simulator,9,4,75.7692,15,72.6798,16
2713,Kirby 64: The Crystal Shards,Platform,23,NULL,NULL,NULL,74.6402,88
2713,Kirby 64: The Crystal Shards,Adventure,23,NULL,NULL,NULL,74.6402,88
24423,Pokémon Trading Card Game Online,Strategy,100,1,NULL,NULL,64.5732,41
24423,Pokémon Trading Card Game Online,Adventure,100,1,NULL,NULL,64.5732,41
7317,Haze,Shooter,4,NULL,60.0000,4,63.1686,16
113109,Marvel Ultimate Alliance 3: The Black Order,Role-playing (RPG),7,5,73.8182,14,70.1008,25
1467,Sin and Punishment,Shooter,4,NULL,NULL,NULL,80.1525,19
1853,Tom Clancy's Rainbow Six: Vegas 2,Shooter,30,NULL,82.0000,7,77.7040,122
1853,Tom Clancy's Rainbow Six: Vegas 2,Strategy,30,NULL,82.0000,7,77.7040,122
3068,Forza Motorsport 4,Simulator,26,NULL,85.7143,11,83.7120,60
3068,Forza Motorsport 4,Sport,26,NULL,85.7143,11,83.7120,60
1401,Professor Layton and the Miracle Mask,Puzzle,15,NULL,85.2000,7,80.0365,35
5658,Atlantis,Shooter,1,NULL,NULL,NULL,79.1911,11
48240,Star Soldier,Shooter,NULL,NULL,NULL,NULL,59.6121,11
48240,Star Soldier,Adventure,NULL,NULL,NULL,NULL,59.6121,11
48240,Star Soldier,Arcade,NULL,NULL,NULL,NULL,59.6121,11
102123,The Vanishing of Ethan Carter Redux,Adventure,1,NULL,NULL,NULL,78.5214,16
102123,The Vanishing of Ethan Carter Redux,Indie,1,NULL,NULL,NULL,78.5214,16
28107,Marvel Contest of Champions,Adventure,5,NULL,NULL,NULL,69.9901,15
5139,Scarface: The World Is Yours,Shooter,19,NULL,78.7500,6,73.3418,43
5139,Scarface: The World Is Yours,Adventure,19,NULL,78.7500,6,73.3418,43
218,MDK2,Shooter,20,NULL,90.0000,1,80.6145,57
218,MDK2,Platform,20,NULL,90.0000,1,80.6145,57
218,MDK2,Puzzle,20,NULL,90.0000,1,80.6145,57
218,MDK2,Adventure,20,NULL,90.0000,1,80.6145,57
7139,Ignition,Sport,16,NULL,NULL,NULL,88.8312,37
9619,Pilotwings,Simulator,4,NULL,NULL,NULL,61.3855,32
9619,Pilotwings,Sport,4,NULL,NULL,NULL,61.3855,32
2186,Wii Fit,Simulator,4,NULL,73.5000,5,61.5860,47
2186,Wii Fit,Sport,4,NULL,73.5000,5,61.5860,47
2928,Super Monkey Ball 2,Platform,11,NULL,70.0000,2,74.2661,36
2928,Super Monkey Ball 2,Arcade,11,NULL,70.0000,2,74.2661,36
2830,The Simpsons: Bart vs. the World,Platform,3,NULL,NULL,NULL,61.4825,17
2830,The Simpsons: Bart vs. the World,Simulator,3,NULL,NULL,NULL,61.4825,17
2830,The Simpsons: Bart vs. the World,Sport,3,NULL,NULL,NULL,61.4825,17
2830,The Simpsons: Bart vs. the World,Strategy,3,NULL,NULL,NULL,61.4825,17
4243,The Incredible Machine,Puzzle,19,NULL,NULL,NULL,81.2666,39
4243,The Incredible Machine,Strategy,19,NULL,NULL,NULL,81.2666,39
1355,Jet Force Gemini,Shooter,11,NULL,NULL,NULL,80.4898,41
1355,Jet Force Gemini,Platform,11,NULL,NULL,NULL,80.4898,41
1355,Jet Force Gemini,Adventure,11,NULL,NULL,NULL,80.4898,41
2777,Kirby Air Ride,Arcade,13,NULL,NULL,NULL,76.5262,61
1306,Medal of Honor: Warfighter,Shooter,32,NULL,48.8889,10,63.1468,121
3726,Kirby: Nightmare in Dream Land,Platform,11,NULL,70.0000,1,82.3744,80
3726,Kirby: Nightmare in Dream Land,Adventure,11,NULL,70.0000,1,82.3744,80
122,Left 4 Dead,Shooter,160,NULL,84.8571,8,80.2853,577
127743,Lake,Role-playing (RPG),2,8,66.6667,3,69.2071,36
127743,Lake,Simulator,2,8,66.6667,3,69.2071,36
127743,Lake,Adventure,2,8,66.6667,3,69.2071,36
127743,Lake,Indie,2,8,66.6667,3,69.2071,36
2647,Kirby Super Star Ultra,Platform,17,NULL,77.0000,6,80.2404,66
2647,Kirby Super Star Ultra,Adventure,17,NULL,77.0000,6,80.2404,66
4983,Madden NFL 07,Simulator,4,NULL,80.2000,4,66.7478,14
4983,Madden NFL 07,Sport,4,NULL,80.2000,4,66.7478,14
20283,Kingdom Hearts Final Mix,Role-playing (RPG),4,NULL,NULL,NULL,75.0032,38
143609,Mario Golf: Super Rush,Role-playing (RPG),2,1,74.1429,9,69.9744,13
143609,Mario Golf: Super Rush,Sport,2,1,74.1429,9,69.9744,13
143609,Mario Golf: Super Rush,Adventure,2,1,74.1429,9,69.9744,13
3401,Mario Golf,Sport,7,NULL,93.0000,1,70.1639,46
79500,Pepsiman,Platform,3,NULL,NULL,NULL,66.1005,29
79500,Pepsiman,Adventure,3,NULL,NULL,NULL,66.1005,29
2256,Super Mario Strikers,Sport,11,NULL,NULL,NULL,76.1052,73
11708,Hero Siege,Role-playing (RPG),10,NULL,80.0000,1,73.6900,35
11708,Hero Siege,Adventure,10,NULL,80.0000,1,73.6900,35
11708,Hero Siege,Indie,10,NULL,80.0000,1,73.6900,35
3987,Mario Super Sluggers,Sport,3,NULL,65.3333,3,70.6464,30
15455,Ys: The Oath in Felghana,Role-playing (RPG),9,NULL,83.0000,4,80.4536,28
15455,Ys: The Oath in Felghana,Adventure,9,NULL,83.0000,4,80.4536,28
3406,Mario Tennis,Sport,26,NULL,NULL,NULL,77.9135,97
6504,Mario Tennis: Power Tour,Sport,4,NULL,80.0000,1,87.3866,20
3412,Mischief Makers,Platform,2,NULL,NULL,NULL,65.8608,26
3412,Mischief Makers,Puzzle,2,NULL,NULL,NULL,65.8608,26
12089,Fantastic Dizzy,Platform,3,NULL,NULL,NULL,89.6340,14
12089,Fantastic Dizzy,Adventure,3,NULL,NULL,NULL,89.6340,14
12089,Fantastic Dizzy,Arcade,3,NULL,NULL,NULL,89.6340,14
75994,Potionomics,Simulator,2,1,87.0000,1,69.5167,12
75994,Potionomics,Strategy,2,1,87.0000,1,69.5167,12
202,Sam & Max Hit the Road,Puzzle,32,NULL,82.6667,4,85.6091,119
202,Sam & Max Hit the Road,Adventure,32,NULL,82.6667,4,85.6091,119
2270,Canabalt,Platform,1,NULL,NULL,NULL,73.5903,17
2270,Canabalt,Indie,1,NULL,NULL,NULL,73.5903,17
2270,Canabalt,Arcade,1,NULL,NULL,NULL,73.5903,17
12070,Party Hard,Puzzle,12,NULL,68.9000,11,68.4550,53
12070,Party Hard,Simulator,12,NULL,68.9000,11,68.4550,53
12070,Party Hard,Strategy,12,NULL,68.9000,11,68.4550,53
12070,Party Hard,Indie,12,NULL,68.9000,11,68.4550,53
12070,Party Hard,Arcade,12,NULL,68.9000,11,68.4550,53
148372,Victoria 3,Simulator,1,1,87.0000,2,67.6806,13
148372,Victoria 3,Strategy,1,1,87.0000,2,67.6806,13
5922,The Ship: Murder Party,Shooter,3,NULL,79.5000,2,60.0703,21
5922,The Ship: Murder Party,Role-playing (RPG),3,NULL,79.5000,2,60.0703,21
5922,The Ship: Murder Party,Indie,3,NULL,79.5000,2,60.0703,21
2896,Crackdown,Shooter,18,NULL,85.0000,4,73.1505,76
2896,Crackdown,Role-playing (RPG),18,NULL,85.0000,4,73.1505,76
2896,Crackdown,Adventure,18,NULL,85.0000,4,73.1505,76
438,Rome: Total War,Simulator,85,NULL,91.0000,3,82.2671,257
438,Rome: Total War,Strategy,85,NULL,91.0000,3,82.2671,257
9037,The Blackwell Deception,Adventure,14,NULL,NULL,NULL,85.2587,41
9037,The Blackwell Deception,Indie,14,NULL,NULL,NULL,85.2587,41
4463,World Heroes,Arcade,NULL,NULL,NULL,NULL,60.1985,15
35463,Software Inc.,Simulator,6,NULL,NULL,NULL,79.7947,12
35463,Software Inc.,Strategy,6,NULL,NULL,NULL,79.7947,12
35463,Software Inc.,Indie,6,NULL,NULL,NULL,79.7947,12
5929,Midtown Madness 3,Simulator,4,NULL,85.0000,3,76.4839,11
55536,Mirror,Puzzle,4,NULL,NULL,NULL,70.1501,15
55536,Mirror,Role-playing (RPG),4,NULL,NULL,NULL,70.1501,15
55536,Mirror,Adventure,4,NULL,NULL,NULL,70.1501,15
55536,Mirror,Indie,4,NULL,NULL,NULL,70.1501,15
2929,Super Monkey Ball Deluxe,Platform,2,NULL,80.0000,1,65.2662,12
2929,Super Monkey Ball Deluxe,Puzzle,2,NULL,80.0000,1,65.2662,12
75247,The Red Strings Club,Puzzle,16,1,78.0000,8,76.4604,66
75247,The Red Strings Club,Simulator,16,1,78.0000,8,76.4604,66
75247,The Red Strings Club,Adventure,16,1,78.0000,8,76.4604,66
75247,The Red Strings Club,Indie,16,1,78.0000,8,76.4604,66
120176,Teamfight Tactics,Strategy,10,NULL,NULL,NULL,81.8198,69
4602,Karateka,Indie,5,NULL,70.0000,2,68.7778,19
143502,The Ratchelor: A Rat Dating Sim,Indie,79,1,NULL,NULL,80.2453,35
6885,Shin Megami Tensei: Devil Survivor 2,Role-playing (RPG),5,NULL,82.4000,5,79.6750,15
6885,Shin Megami Tensei: Devil Survivor 2,Strategy,5,NULL,82.4000,5,79.6750,15
9046,Chroma Squad,Role-playing (RPG),16,2,71.8571,7,84.2778,37
9046,Chroma Squad,Simulator,16,2,71.8571,7,84.2778,37
9046,Chroma Squad,Strategy,16,2,71.8571,7,84.2778,37
9046,Chroma Squad,Adventure,16,2,71.8571,7,84.2778,37
9046,Chroma Squad,Indie,16,2,71.8571,7,84.2778,37
45986,Sonic Colors,Platform,2,NULL,NULL,NULL,77.9691,15
45986,Sonic Colors,Adventure,2,NULL,NULL,NULL,77.9691,15
4842,Kinect Sports Rivals,Sport,1,NULL,64.7143,14,80.0000,2
958,Zeus: Master of Olympus,Strategy,13,NULL,90.0000,1,68.9259,36
12515,Pokémon Go,Role-playing (RPG),113,19,62.7273,11,65.9920,387
12515,Pokémon Go,Simulator,113,19,62.7273,11,65.9920,387
11739,Time Crisis,Shooter,3,NULL,NULL,NULL,72.6672,36
11739,Time Crisis,Arcade,3,NULL,NULL,NULL,72.6672,36
8622,Advanced Dungeons & Dragons: Hillsfar,Role-playing (RPG),3,NULL,NULL,NULL,61.6853,11
8622,Advanced Dungeons & Dragons: Hillsfar,Adventure,3,NULL,NULL,NULL,61.6853,11
135381,Pokémon Unite,Strategy,23,1,75.0000,2,73.0090,41
8371,Outland,Platform,17,NULL,85.0000,6,73.6855,40
8371,Outland,Strategy,17,NULL,85.0000,6,73.6855,40
8371,Outland,Adventure,17,NULL,85.0000,6,73.6855,40
8371,Outland,Indie,17,NULL,85.0000,6,73.6855,40
3383,Harvest Moon: Friends of Mineral Town,Role-playing (RPG),8,NULL,NULL,NULL,88.3690,22
3383,Harvest Moon: Friends of Mineral Town,Simulator,8,NULL,NULL,NULL,88.3690,22
570,Prototype,Platform,95,NULL,78.3750,10,74.1367,304
570,Prototype,Adventure,95,NULL,78.3750,10,74.1367,304
46993,The Mirror Lied,Adventure,NULL,NULL,NULL,NULL,45.6894,12
46993,The Mirror Lied,Indie,NULL,NULL,NULL,NULL,45.6894,12
1172,Golden Sun,Role-playing (RPG),32,NULL,90.0000,1,80.7988,108
1172,Golden Sun,Adventure,32,NULL,90.0000,1,80.7988,108
1173,Golden Sun: The Lost Age,Role-playing (RPG),22,NULL,80.0000,1,87.9521,65
1173,Golden Sun: The Lost Age,Adventure,22,NULL,80.0000,1,87.9521,65
217,Sonic Chronicles: The Dark Brotherhood,Platform,3,NULL,72.5000,4,63.1286,28
217,Sonic Chronicles: The Dark Brotherhood,Role-playing (RPG),3,NULL,72.5000,4,63.1286,28
11407,Etherlords,Role-playing (RPG),1,NULL,50.0000,1,63.4538,21
11407,Etherlords,Strategy,1,NULL,50.0000,1,63.4538,21
2366,Xenoblade Chronicles X,Role-playing (RPG),50,11,85.4667,17,82.3607,63
2366,Xenoblade Chronicles X,Adventure,50,11,85.4667,17,82.3607,63
3574,Pokémon Puzzle League,Puzzle,9,NULL,NULL,NULL,76.1649,33
3574,Pokémon Puzzle League,Strategy,9,NULL,NULL,NULL,76.1649,33
3941,Harry Potter and the Chamber of Secrets,Platform,60,NULL,NULL,NULL,73.6927,229
3941,Harry Potter and the Chamber of Secrets,Adventure,60,NULL,NULL,NULL,73.6927,229
76110,Cookies vs. Claus,Indie,44,NULL,NULL,NULL,85.7143,14
6705,A Hat in Time,Platform,70,10,79.6000,13,84.1507,176
6705,A Hat in Time,Adventure,70,10,79.6000,13,84.1507,176
6705,A Hat in Time,Indie,70,10,79.6000,13,84.1507,176
4904,Harry Potter and the Deathly Hallows: Part 1,Shooter,19,NULL,41.0000,6,50.4432,42
36793,Pokémon Ultra Moon,Role-playing (RPG),43,18,82.5000,4,67.4766,71
36793,Pokémon Ultra Moon,Adventure,43,18,82.5000,4,67.4766,71
19286,Swordigo,Platform,2,NULL,NULL,NULL,78.3809,11
19286,Swordigo,Adventure,2,NULL,NULL,NULL,78.3809,11
143614,The Legend of Zelda: Skyward Sword HD,Role-playing (RPG),6,2,83.4286,9,75.7185,24
143614,The Legend of Zelda: Skyward Sword HD,Adventure,6,2,83.4286,9,75.7185,24
2324,Pokémon Snap,Simulator,40,NULL,NULL,NULL,76.1713,190
3155,The Lord of the Rings: The Battle for Middle-earth II,Strategy,74,NULL,80.8333,6,82.3280,197
3699,The Settlers II: 10th Anniversary,Simulator,15,NULL,NULL,NULL,80.9098,25
3699,The Settlers II: 10th Anniversary,Strategy,15,NULL,NULL,NULL,80.9098,25
4824,Driver: Parallel Lines,Shooter,20,NULL,66.3333,4,75.2157,39
11836,Scratches,Adventure,5,NULL,80.0000,1,70.0560,18
11795,Shelter 2,Simulator,4,NULL,NULL,NULL,70.8398,18
11795,Shelter 2,Adventure,4,NULL,NULL,NULL,70.8398,18
11795,Shelter 2,Indie,4,NULL,NULL,NULL,70.8398,18
31819,The Hex,Indie,4,NULL,70.0000,1,79.6494,22
6289,Virtua Cop,Shooter,4,NULL,NULL,NULL,70.7117,37
28336,There Is No Game,Puzzle,6,NULL,NULL,NULL,64.6045,24
6997,Frontlines: Fuel of War,Shooter,6,NULL,76.0000,4,66.4994,20
1796,Ratchet & Clank: All 4 One,Platform,15,NULL,73.4000,7,58.9165,46
1796,Ratchet & Clank: All 4 One,Adventure,15,NULL,73.4000,7,58.9165,46
1263,Sparkster,Shooter,2,NULL,NULL,NULL,72.7211,11
1263,Sparkster,Platform,2,NULL,NULL,NULL,72.7211,11
6606,Star Wars: Episode I - Jedi Power Battles,Platform,7,NULL,NULL,NULL,74.0467,23
6606,Star Wars: Episode I - Jedi Power Battles,Adventure,7,NULL,NULL,NULL,74.0467,23
3189,Project Zomboid,Role-playing (RPG),24,3,NULL,NULL,81.6958,81
3189,Project Zomboid,Simulator,24,3,NULL,NULL,81.6958,81
3189,Project Zomboid,Indie,24,3,NULL,NULL,81.6958,81
11694,Disgaea 2: Cursed Memories,Role-playing (RPG),1,NULL,85.4000,6,84.0789,13
11694,Disgaea 2: Cursed Memories,Strategy,1,NULL,85.4000,6,84.0789,13
42790,Yu-Gi-Oh! 5D's Tag Force 4,Strategy,4,NULL,NULL,NULL,76.5970,14
1289,Ratchet & Clank,Shooter,83,NULL,80.0000,2,81.9040,234
1289,Ratchet & Clank,Platform,83,NULL,80.0000,2,81.9040,234
1289,Ratchet & Clank,Adventure,83,NULL,80.0000,2,81.9040,234
81173,Marie's Room,Adventure,6,NULL,NULL,NULL,69.8648,27
81173,Marie's Room,Indie,6,NULL,NULL,NULL,69.8648,27
2258,Red Steel,Shooter,5,NULL,63.3333,3,63.0951,26
19131,Shin Megami Tensei: Devil Survivor Overclocked,Role-playing (RPG),4,NULL,84.0000,2,91.1549,19
19131,Shin Megami Tensei: Devil Survivor Overclocked,Strategy,4,NULL,84.0000,2,91.1549,19
8558,Forza Motorsport 6,Simulator,27,3,83.6429,16,76.4214,44
8558,Forza Motorsport 6,Sport,27,3,83.6429,16,76.4214,44
36721,Realm Grinder,Role-playing (RPG),1,NULL,NULL,NULL,80.6186,12
36721,Realm Grinder,Strategy,1,NULL,NULL,NULL,80.6186,12
505,Hunted: The Demon's Forge,Puzzle,8,NULL,65.8000,6,63.4273,21
505,Hunted: The Demon's Forge,Role-playing (RPG),8,NULL,65.8000,6,63.4273,21
505,Hunted: The Demon's Forge,Adventure,8,NULL,65.8000,6,63.4273,21
5611,RuneScape,Role-playing (RPG),27,NULL,NULL,NULL,79.5061,105
5611,RuneScape,Adventure,27,NULL,NULL,NULL,79.5061,105
84799,Punch-Out!!,Sport,3,NULL,NULL,NULL,80.2751,25
84799,Punch-Out!!,Arcade,3,NULL,NULL,NULL,80.2751,25
27891,SimCity 4: Deluxe Edition,Simulator,7,NULL,NULL,NULL,78.3335,22
27891,SimCity 4: Deluxe Edition,Strategy,7,NULL,NULL,NULL,78.3335,22
989,Halo 3: ODST,Shooter,75,NULL,77.6667,8,75.2400,305
991,Halo 4,Shooter,131,NULL,87.5000,14,78.6704,441
7777,Beavis and Butt-head,Platform,NULL,NULL,NULL,NULL,69.0265,12
7777,Beavis and Butt-head,Adventure,NULL,NULL,NULL,NULL,69.0265,12
3727,Kirby's Avalanche,Puzzle,3,NULL,NULL,NULL,66.6996,14
3727,Kirby's Avalanche,Strategy,3,NULL,NULL,NULL,66.6996,14
192192,Sonic Adventure 2,Platform,2,NULL,NULL,NULL,59.8168,17
192192,Sonic Adventure 2,Adventure,2,NULL,NULL,NULL,59.8168,17
1334,Brothers: A Tale of Two Sons,Puzzle,216,NULL,83.4375,19,81.5303,654
1334,Brothers: A Tale of Two Sons,Adventure,216,NULL,83.4375,19,81.5303,654
1334,Brothers: A Tale of Two Sons,Indie,216,NULL,83.4375,19,81.5303,654
25791,Digimon Masters Online,Role-playing (RPG),7,NULL,NULL,NULL,51.9211,12
25791,Digimon Masters Online,Adventure,7,NULL,NULL,NULL,51.9211,12
329,Dungeon Siege,Role-playing (RPG),31,NULL,72.0000,3,78.9566,103
3728,Kirby's Block Ball,Puzzle,NULL,NULL,NULL,NULL,70.0568,11
3728,Kirby's Block Ball,Sport,NULL,NULL,NULL,NULL,70.0568,11
86,Dune II: The Building of a Dynasty,Strategy,29,NULL,NULL,NULL,89.8804,84
17379,Miscreated,Shooter,6,NULL,NULL,NULL,58.7610,16
17379,Miscreated,Role-playing (RPG),6,NULL,NULL,NULL,58.7610,16
17379,Miscreated,Simulator,6,NULL,NULL,NULL,58.7610,16
17379,Miscreated,Strategy,6,NULL,NULL,NULL,58.7610,16
17379,Miscreated,Adventure,6,NULL,NULL,NULL,58.7610,16
17379,Miscreated,Indie,6,NULL,NULL,NULL,58.7610,16
71976,Mario's Picross,Puzzle,2,NULL,NULL,NULL,80.9860,16
2277,Rayman Raving Rabbids,Platform,16,1,70.5000,2,70.6311,83
2277,Rayman Raving Rabbids,Puzzle,16,1,70.5000,2,70.6311,83
2277,Rayman Raving Rabbids,Adventure,16,1,70.5000,2,70.6311,83
16478,Shardlight,Role-playing (RPG),14,1,75.6000,5,80.4578,25
16478,Shardlight,Adventure,14,1,75.6000,5,80.4578,25
16478,Shardlight,Indie,14,1,75.6000,5,80.4578,25
1345,Enclave,Role-playing (RPG),17,NULL,81.0000,2,77.3841,44
3399,Golf,Sport,8,NULL,NULL,NULL,66.0291,18
3135,FIFA Soccer 08,Simulator,26,NULL,76.6667,5,73.3129,93
3135,FIFA Soccer 08,Sport,26,NULL,76.6667,5,73.3129,93
142213,Spyro the Dragon,Platform,3,NULL,NULL,NULL,84.8796,14
142213,Spyro the Dragon,Adventure,3,NULL,NULL,NULL,84.8796,14
95167,Kids,Indie,4,2,67.0000,2,67.4036,21
2035,Angry Birds,Puzzle,36,NULL,75.0000,2,74.4083,178
2035,Angry Birds,Strategy,36,NULL,75.0000,2,74.4083,178
2035,Angry Birds,Indie,36,NULL,75.0000,2,74.4083,178
2035,Angry Birds,Arcade,36,NULL,75.0000,2,74.4083,178
7504,The Forest,Puzzle,51,2,86.0000,7,67.3109,209
7504,The Forest,Simulator,51,2,86.0000,7,67.3109,209
7504,The Forest,Adventure,51,2,86.0000,7,67.3109,209
7504,The Forest,Indie,51,2,86.0000,7,67.3109,209
3792,Avatar: The Last Airbender,Role-playing (RPG),3,NULL,65.0000,6,57.2395,18
3792,Avatar: The Last Airbender,Adventure,3,NULL,65.0000,6,57.2395,18
647,Command & Conquer,Strategy,120,NULL,NULL,NULL,84.5663,279
649,Command & Conquer: Generals,Strategy,65,NULL,NULL,NULL,80.3748,193
1880,Baldur's Gate: Enhanced Edition,Role-playing (RPG),27,NULL,78.4000,6,81.4079,62
1880,Baldur's Gate: Enhanced Edition,Strategy,27,NULL,78.4000,6,81.4079,62
1880,Baldur's Gate: Enhanced Edition,Adventure,27,NULL,78.4000,6,81.4079,62
24839,Butcher,Shooter,4,NULL,71.6000,6,65.6984,11
24839,Butcher,Platform,4,NULL,71.6000,6,65.6984,11
24839,Butcher,Indie,4,NULL,71.6000,6,65.6984,11
24839,Butcher,Arcade,4,NULL,71.6000,6,65.6984,11
4034,NBA Live 06,Simulator,2,NULL,85.0000,3,89.3162,21
4034,NBA Live 06,Sport,2,NULL,85.0000,3,89.3162,21
16328,Hidden in Plain Sight,Strategy,3,NULL,80.0000,1,85.9348,13
16328,Hidden in Plain Sight,Indie,3,NULL,80.0000,1,85.9348,13
12793,Terminator 2: Judgment Day,Shooter,3,NULL,NULL,NULL,63.5412,17
12793,Terminator 2: Judgment Day,Adventure,3,NULL,NULL,NULL,63.5412,17
12793,Terminator 2: Judgment Day,Arcade,3,NULL,NULL,NULL,63.5412,17
5668,Commando,Shooter,9,NULL,80.0000,1,71.9631,45
20668,Zombie Driver,Shooter,3,NULL,67.5000,2,64.9670,11
20668,Zombie Driver,Adventure,3,NULL,67.5000,2,64.9670,11
20668,Zombie Driver,Arcade,3,NULL,67.5000,2,64.9670,11
3953,Ikaruga,Shooter,14,NULL,89.0000,9,87.9960,42
3953,Ikaruga,Puzzle,14,NULL,89.0000,9,87.9960,42
3953,Ikaruga,Indie,14,NULL,89.0000,9,87.9960,42
3953,Ikaruga,Arcade,14,NULL,89.0000,9,87.9960,42
103500,NHL 19,Sport,1,2,78.8000,6,79.7688,19
3140,The Legend of Dragoon,Role-playing (RPG),18,NULL,NULL,NULL,83.5442,69
1190,Crash of the Titans,Platform,15,NULL,63.3333,4,71.1771,85
1190,Crash of the Titans,Adventure,15,NULL,63.3333,4,71.1771,85
5619,Demon's Souls,Role-playing (RPG),107,NULL,88.2500,10,85.1736,309
5619,Demon's Souls,Adventure,107,NULL,88.2500,10,85.1736,309
923,Tribes: Vengeance,Shooter,3,NULL,76.0000,2,72.8798,11
923,Tribes: Vengeance,Sport,3,NULL,76.0000,2,72.8798,11
6168,Insanely Twisted Shadow Planet,Shooter,4,NULL,75.6667,5,73.7942,19
6168,Insanely Twisted Shadow Planet,Puzzle,4,NULL,75.6667,5,73.7942,19
6168,Insanely Twisted Shadow Planet,Adventure,4,NULL,75.6667,5,73.7942,19
6168,Insanely Twisted Shadow Planet,Indie,4,NULL,75.6667,5,73.7942,19
384,Final Fantasy XIII-2,Role-playing (RPG),48,NULL,74.7273,14,71.7268,141
384,Final Fantasy XIII-2,Adventure,48,NULL,74.7273,14,71.7268,141
397,Final Fantasy: 20th Anniversary Edition,Role-playing (RPG),2,NULL,60.0000,1,79.8259,12
397,Final Fantasy: 20th Anniversary Edition,Adventure,2,NULL,60.0000,1,79.8259,12
9506,Tribes: Ascend,Shooter,6,NULL,89.3333,3,77.4183,26
9506,Tribes: Ascend,Role-playing (RPG),6,NULL,89.3333,3,77.4183,26
9506,Tribes: Ascend,Sport,6,NULL,89.3333,3,77.4183,26
9506,Tribes: Ascend,Adventure,6,NULL,89.3333,3,77.4183,26
7293,Gauntlet,Role-playing (RPG),13,2,68.0000,2,66.1165,49
7293,Gauntlet,Adventure,13,2,68.0000,2,66.1165,49
1214,Dark Cloud,Role-playing (RPG),25,NULL,NULL,NULL,81.4005,57
1214,Dark Cloud,Simulator,25,NULL,NULL,NULL,81.4005,57
1214,Dark Cloud,Adventure,25,NULL,NULL,NULL,81.4005,57
23003,Hard Truck: Apocalypse,Shooter,3,NULL,40.0000,1,77.7512,12
612,Beneath a Steel Sky,Puzzle,30,NULL,NULL,NULL,76.7441,81
612,Beneath a Steel Sky,Adventure,30,NULL,NULL,NULL,76.7441,81
612,Beneath a Steel Sky,Indie,30,NULL,NULL,NULL,76.7441,81
19496,Shadowmatic,Puzzle,2,NULL,NULL,NULL,69.9930,11
4194,Taz: Wanted,Platform,1,NULL,NULL,NULL,83.4628,17
4194,Taz: Wanted,Adventure,1,NULL,NULL,NULL,83.4628,17
11713,Chicken Invaders,Shooter,3,NULL,NULL,NULL,72.2702,19
1669,Panzer Dragoon II Zwei,Shooter,1,NULL,NULL,NULL,83.3749,13
37419,Dude Simulator,Simulator,110,NULL,NULL,NULL,76.1070,33
37419,Dude Simulator,Indie,110,NULL,NULL,NULL,76.1070,33
2539,Alpha Protocol,Shooter,31,NULL,59.1429,9,74.5872,123
2539,Alpha Protocol,Role-playing (RPG),31,NULL,59.1429,9,74.5872,123
6358,Divinity II: Ego Draconis,Role-playing (RPG),13,NULL,64.0000,4,81.3826,31
6358,Divinity II: Ego Draconis,Adventure,13,NULL,64.0000,4,81.3826,31
3205,Resistance 2,Shooter,27,NULL,86.5000,9,74.5773,80
1278,Resistance: Fall of Man,Shooter,28,NULL,87.0000,6,69.9085,97
1278,Resistance: Fall of Man,Adventure,28,NULL,87.0000,6,69.9085,97
50467,Ib,Puzzle,4,NULL,NULL,NULL,80.0542,43
50467,Ib,Adventure,4,NULL,NULL,NULL,80.0542,43
50467,Ib,Indie,4,NULL,NULL,NULL,80.0542,43
5056,NBA 2K11,Sport,11,NULL,91.5000,5,88.5338,49
3878,Digimon World 4,Role-playing (RPG),5,NULL,NULL,NULL,55.6998,19
3878,Digimon World 4,Adventure,5,NULL,NULL,NULL,55.6998,19
8475,Myst V: End of Ages,Puzzle,6,NULL,67.5000,3,71.6505,21
8475,Myst V: End of Ages,Strategy,6,NULL,67.5000,3,71.6505,21
8475,Myst V: End of Ages,Adventure,6,NULL,67.5000,3,71.6505,21
152063,Death Stranding: Director's Cut,Adventure,7,3,90.8571,9,88.5569,35
795,Motocross Madness 2,Sport,5,NULL,80.0000,1,74.3114,18
6841,Raiden,Shooter,8,NULL,NULL,NULL,79.3289,17
6841,Raiden,Arcade,8,NULL,NULL,NULL,79.3289,17
7871,Robocraft,Shooter,6,2,NULL,NULL,69.3654,24
7871,Robocraft,Role-playing (RPG),6,2,NULL,NULL,69.3654,24
7871,Robocraft,Simulator,6,2,NULL,NULL,69.3654,24
7871,Robocraft,Indie,6,2,NULL,NULL,69.3654,24
8323,Insaniquarium Deluxe,Shooter,7,NULL,NULL,NULL,75.5726,24
8323,Insaniquarium Deluxe,Puzzle,7,NULL,NULL,NULL,75.5726,24
8323,Insaniquarium Deluxe,Simulator,7,NULL,NULL,NULL,75.5726,24
8323,Insaniquarium Deluxe,Strategy,7,NULL,NULL,NULL,75.5726,24
47097,Misao,Puzzle,2,NULL,NULL,NULL,75.3478,12
27734,4Story Online,Role-playing (RPG),8,NULL,NULL,NULL,58.7101,22
5476,Ace Combat 6: Fires of Liberation,Simulator,9,NULL,82.5000,3,83.3635,22
5476,Ace Combat 6: Fires of Liberation,Arcade,9,NULL,82.5000,3,83.3635,22
3795,Baten Kaitos: Eternal Wings and the Lost Ocean,Role-playing (RPG),4,NULL,80.0000,2,88.1032,17
597,America's Army,Shooter,2,NULL,60.0000,1,70.0016,11
4631,Midnight Club II,Arcade,13,NULL,85.2500,7,75.2602,33
21560,The Silver Case,Puzzle,10,2,67.8000,11,65.2149,18
21560,The Silver Case,Adventure,10,2,67.8000,11,65.2149,18
2190,Rabbids Go Home,Platform,1,NULL,79.2500,5,73.6380,11
2190,Rabbids Go Home,Puzzle,1,NULL,79.2500,5,73.6380,11
2190,Rabbids Go Home,Adventure,1,NULL,79.2500,5,73.6380,11
80594,GunZ: The Duel,Shooter,2,NULL,NULL,NULL,78.9200,13
18940,Combat Arms,Shooter,4,NULL,70.0000,2,79.9070,12
3273,The Void,Adventure,7,NULL,80.0000,2,79.4701,21
3273,The Void,Indie,7,NULL,80.0000,2,79.4701,21
17477,Top Gunner,Shooter,5,NULL,NULL,NULL,79.5149,26
17477,Top Gunner,Arcade,5,NULL,NULL,NULL,79.5149,26
24428,Sundered,Platform,25,2,79.0909,14,84.5455,22
24428,Sundered,Adventure,25,2,79.0909,14,84.5455,22
24428,Sundered,Indie,25,2,79.0909,14,84.5455,22
87514,Granny,Adventure,15,NULL,NULL,NULL,71.8415,15
87514,Granny,Indie,15,NULL,NULL,NULL,71.8415,15
87514,Granny,Arcade,15,NULL,NULL,NULL,71.8415,15
2187,Wii Fit Plus,Sport,3,NULL,78.6667,4,71.0881,22
2334,Mario Party 7,Puzzle,9,NULL,30.0000,1,72.3744,55
2333,Mario Party 6,Puzzle,10,NULL,40.0000,1,59.7150,49
86386,Teenage Mutant Ninja Turtles,Platform,3,NULL,NULL,NULL,65.9998,27
86386,Teenage Mutant Ninja Turtles,Adventure,3,NULL,NULL,NULL,65.9998,27
39185,8 Ball Pool,Simulator,3,NULL,NULL,NULL,70.0064,17
39185,8 Ball Pool,Sport,3,NULL,NULL,NULL,70.0064,17
39185,8 Ball Pool,Strategy,3,NULL,NULL,NULL,70.0064,17
19454,Deadlight: Director's Cut,Platform,12,1,68.8571,7,71.1551,30
19454,Deadlight: Director's Cut,Adventure,12,1,68.8571,7,71.1551,30
9707,Audiosurf 2,Indie,8,NULL,NULL,NULL,76.5645,33
4600,Excitebike,Sport,20,NULL,NULL,NULL,72.2675,134
4600,Excitebike,Arcade,20,NULL,NULL,NULL,72.2675,134
45143,The Legend of Zelda: Four Swords - Anniversary Edition,Adventure,5,NULL,NULL,NULL,69.5489,18
11065,Ratchet & Clank,Shooter,107,16,84.2222,20,80.4603,375
11065,Ratchet & Clank,Platform,107,16,84.2222,20,80.4603,375
11065,Ratchet & Clank,Adventure,107,16,84.2222,20,80.4603,375
2547,Zool,Platform,9,NULL,NULL,NULL,82.9824,24
2547,Zool,Puzzle,9,NULL,NULL,NULL,82.9824,24
2547,Zool,Sport,9,NULL,NULL,NULL,82.9824,24
10152,Speedball 2: Brutal Deluxe,Sport,2,NULL,75.0000,2,73.6262,13
10152,Speedball 2: Brutal Deluxe,Strategy,2,NULL,75.0000,2,73.6262,13
6268,Pandemonium!,Platform,10,NULL,68.0000,2,75.7690,40
10192,The Ultimate Doom,Shooter,29,NULL,90.0000,1,86.9236,66
1149,Castlevania: Lords of Shadow - Mirror of Fate,Platform,7,NULL,71.6000,13,66.1358,24
1149,Castlevania: Lords of Shadow - Mirror of Fate,Adventure,7,NULL,71.6000,13,66.1358,24
7609,Until Dawn,Adventure,195,14,79.5000,18,80.2914,556
26193,Uncharted: The Lost Legacy,Shooter,166,13,86.7727,25,82.7249,407
26193,Uncharted: The Lost Legacy,Puzzle,166,13,86.7727,25,82.7249,407
26193,Uncharted: The Lost Legacy,Adventure,166,13,86.7727,25,82.7249,407
3099,Door Kickers,Shooter,11,1,84.5000,2,71.9044,31
3099,Door Kickers,Puzzle,11,1,84.5000,2,71.9044,31
3099,Door Kickers,Simulator,11,1,84.5000,2,71.9044,31
3099,Door Kickers,Strategy,11,1,84.5000,2,71.9044,31
3099,Door Kickers,Indie,11,1,84.5000,2,71.9044,31
6914,Bionic Commando,Shooter,10,NULL,69.1667,7,67.0464,38
6914,Bionic Commando,Platform,10,NULL,69.1667,7,67.0464,38
6914,Bionic Commando,Adventure,10,NULL,69.1667,7,67.0464,38
19731,Sonic Labyrinth,Platform,NULL,NULL,NULL,NULL,57.0498,11
19731,Sonic Labyrinth,Puzzle,NULL,NULL,NULL,NULL,57.0498,11
19731,Sonic Labyrinth,Adventure,NULL,NULL,NULL,NULL,57.0498,11
19731,Sonic Labyrinth,Arcade,NULL,NULL,NULL,NULL,57.0498,11
7391,Puppeteer,Platform,10,NULL,79.5714,9,84.0482,29
7391,Puppeteer,Adventure,10,NULL,79.5714,9,84.0482,29
2950,Age of Empires II: HD Edition,Strategy,52,NULL,50.0000,1,84.5991,175
350,Battlefield Heroes,Shooter,15,NULL,70.0000,2,74.9001,51
10479,Kairo,Puzzle,3,NULL,80.0000,1,79.0919,12
10479,Kairo,Adventure,3,NULL,80.0000,1,79.0919,12
10479,Kairo,Indie,3,NULL,80.0000,1,79.0919,12
3199,Dead Rising 3,Role-playing (RPG),36,NULL,75.5625,17,67.9321,111
3199,Dead Rising 3,Adventure,36,NULL,75.5625,17,67.9321,111
3343,Snowboard Kids 2,Sport,6,NULL,70.0000,1,80.9720,15
10500,Blazing Star,Shooter,4,NULL,NULL,NULL,70.6071,11
10500,Blazing Star,Arcade,4,NULL,NULL,NULL,70.6071,11
1315,Medal of Honor: Heroes 2,Shooter,2,NULL,65.6667,4,69.2977,11
20556,Star Fox Command,Shooter,2,NULL,70.0000,3,69.8739,12
20556,Star Fox Command,Simulator,2,NULL,70.0000,3,69.8739,12
20556,Star Fox Command,Strategy,2,NULL,70.0000,3,69.8739,12
164,Star Wars: Shadows of the Empire,Shooter,4,NULL,65.0000,1,67.5184,55
164,Star Wars: Shadows of the Empire,Adventure,4,NULL,65.0000,1,67.5184,55
7304,FIFA Street 3,Sport,7,NULL,66.6667,4,69.3541,25
11966,Black Tiger,Shooter,1,NULL,NULL,NULL,72.0271,12
11966,Black Tiger,Platform,1,NULL,NULL,NULL,72.0271,12
11966,Black Tiger,Arcade,1,NULL,NULL,NULL,72.0271,12
77378,Super Mario All-Stars + Super Mario World,Platform,4,NULL,NULL,NULL,95.5681,21
81197,Super Mario Advance,Platform,5,NULL,85.0000,1,79.5633,30
28951,F1 2017,Simulator,16,2,83.2727,13,82.2659,27
28951,F1 2017,Sport,16,2,83.2727,13,82.2659,27
222099,Super Mario Bros. 3,Platform,1,NULL,NULL,NULL,80.6646,13
1067,Super Mario Bros. 2,Platform,94,NULL,NULL,NULL,76.5793,469
1067,Super Mario Bros. 2,Adventure,94,NULL,NULL,NULL,76.5793,469
9602,Super Smash Bros. for Wii U,Platform,88,NULL,95.2727,12,84.1600,285
2739,Tetris Attack,Puzzle,6,NULL,NULL,NULL,82.8385,27
7335,Splatoon,Shooter,60,24,81.0000,18,81.2954,107
7335,Splatoon,Platform,60,24,81.0000,18,81.2954,107
30002,Lobotomy Corporation,Simulator,4,NULL,NULL,NULL,74.0251,11
30002,Lobotomy Corporation,Indie,4,NULL,NULL,NULL,74.0251,11
109457,New Super Mario Bros. U Deluxe,Platform,6,2,82.7778,11,71.6554,43
45967,Touhou Rei'iden: The Highly Responsive to Prayers,Shooter,3,NULL,NULL,NULL,50.5765,14
45967,Touhou Rei'iden: The Highly Responsive to Prayers,Puzzle,3,NULL,NULL,NULL,50.5765,14
759,Command & Conquer: Red Alert 3 - Uprising,Strategy,10,NULL,60.0000,2,72.8309,30
2000,Postal,Shooter,12,NULL,NULL,NULL,68.3409,54
2000,Postal,Indie,12,NULL,NULL,NULL,68.3409,54
1606,Empire Earth III,Simulator,5,NULL,40.0000,4,57.0830,12
1606,Empire Earth III,Strategy,5,NULL,40.0000,4,57.0830,12
2115,Titanfall,Shooter,83,10,83.7143,25,80.1841,205
3629,Wave Race 64,Sport,15,NULL,NULL,NULL,73.3370,61
5294,WWE '12,Sport,9,NULL,75.0000,5,79.7315,23
11325,The Oregon Trail,Simulator,7,NULL,NULL,NULL,81.7901,26
11325,The Oregon Trail,Strategy,7,NULL,NULL,NULL,81.7901,26
11325,The Oregon Trail,Adventure,7,NULL,NULL,NULL,81.7901,26
206336,Holocure: Save the Fans!,Role-playing (RPG),16,NULL,NULL,NULL,76.9326,12
206336,Holocure: Save the Fans!,Adventure,16,NULL,NULL,NULL,76.9326,12
206336,Holocure: Save the Fans!,Indie,16,NULL,NULL,NULL,76.9326,12
206336,Holocure: Save the Fans!,Arcade,16,NULL,NULL,NULL,76.9326,12
101006,Gran Turismo 7,Simulator,5,14,86.7500,11,80.3739,30
101006,Gran Turismo 7,Sport,5,14,86.7500,11,80.3739,30
8697,Shadowgate,Puzzle,5,NULL,NULL,NULL,83.7436,20
8697,Shadowgate,Adventure,5,NULL,NULL,NULL,83.7436,20
8697,Shadowgate,Indie,5,NULL,NULL,NULL,83.7436,20
6697,Yu-Gi-Oh! The Sacred Cards,Role-playing (RPG),2,NULL,NULL,NULL,60.3066,17
6697,Yu-Gi-Oh! The Sacred Cards,Strategy,2,NULL,NULL,NULL,60.3066,17
306,Far Cry,Shooter,104,NULL,87.5000,3,77.9082,423
54844,Ion Fury,Shooter,11,2,84.0000,8,78.1478,27
54844,Ion Fury,Indie,11,2,84.0000,8,78.1478,27
6179,Sudeki,Role-playing (RPG),5,NULL,66.2500,4,76.9338,15
6179,Sudeki,Adventure,5,NULL,66.2500,4,76.9338,15
17131,BeamNG.drive,Simulator,22,NULL,NULL,NULL,77.0919,38
242,Cossacks: European Wars,Strategy,21,NULL,80.0000,1,79.3887,52
3798,Dungeon Master,Role-playing (RPG),5,NULL,NULL,NULL,90.0205,23
8548,Call of Duty: Black Ops - Declassified,Shooter,2,NULL,42.7500,4,54.7488,11
2037,Hearts of Iron II,Strategy,5,NULL,84.0000,2,81.3477,19
11037,Victoria II,Simulator,12,NULL,76.0000,1,81.9475,46
11037,Victoria II,Strategy,12,NULL,76.0000,1,81.9475,46
8738,The Basement Collection,Platform,7,NULL,80.0000,1,70.3394,14
8738,The Basement Collection,Strategy,7,NULL,80.0000,1,70.3394,14
8738,The Basement Collection,Adventure,7,NULL,80.0000,1,70.3394,14
8738,The Basement Collection,Indie,7,NULL,80.0000,1,70.3394,14
20052,Heroes of Might & Magic III: HD Edition,Role-playing (RPG),4,NULL,65.3333,3,53.2757,13
20052,Heroes of Might & Magic III: HD Edition,Strategy,4,NULL,65.3333,3,53.2757,13
79824,Old School RuneScape,Role-playing (RPG),4,NULL,77.0000,1,73.7918,44
79824,Old School RuneScape,Adventure,4,NULL,77.0000,1,73.7918,44
159,Star Wars: Force Commander,Strategy,1,NULL,NULL,NULL,53.6411,13
1028,The Legend of Zelda: Link's Awakening,Adventure,70,NULL,80.0000,0,86.8898,181
1310,Medal of Honor: Pacific Assault,Shooter,55,NULL,82.3333,3,78.0906,137
7468,Tom Clancy's EndWar,Simulator,3,NULL,77.8000,6,60.1947,11
7468,Tom Clancy's EndWar,Strategy,3,NULL,77.8000,6,60.1947,11
11712,DreadOut,Puzzle,7,NULL,40.0000,2,28.0195,23
11712,DreadOut,Adventure,7,NULL,40.0000,2,28.0195,23
11712,DreadOut,Indie,7,NULL,40.0000,2,28.0195,23
3949,Hulk,Adventure,6,NULL,NULL,NULL,64.0751,33
2248,Frozen Synapse,Puzzle,11,NULL,89.0000,3,77.0807,23
2248,Frozen Synapse,Strategy,11,NULL,89.0000,3,77.0807,23
2248,Frozen Synapse,Indie,11,NULL,89.0000,3,77.0807,23
18352,Call of Duty: Black Ops II - Care Package,Shooter,10,1,NULL,NULL,80.0872,16
14147,Jotun,Adventure,18,NULL,85.0000,4,74.9445,34
14147,Jotun,Indie,18,NULL,85.0000,4,74.9445,34
2601,Aegis Wing,Shooter,1,NULL,NULL,NULL,59.7372,13
2601,Aegis Wing,Adventure,1,NULL,NULL,NULL,59.7372,13
1522,Pokémon White Version,Role-playing (RPG),41,NULL,80.0000,1,81.4011,201
1522,Pokémon White Version,Adventure,41,NULL,80.0000,1,81.4011,201
8353,Pokémon White Version 2,Role-playing (RPG),35,NULL,80.0000,3,81.4459,127
8353,Pokémon White Version 2,Adventure,35,NULL,80.0000,3,81.4459,127
19601,Deus Ex GO,Puzzle,8,NULL,83.0000,6,65.9249,21
102873,"Pokémon: Let's Go, Eevee!",Role-playing (RPG),40,8,80.0000,2,69.7157,122
102873,"Pokémon: Let's Go, Eevee!",Adventure,40,8,80.0000,2,69.7157,122
37382,Pokémon Sword,Role-playing (RPG),78,25,82.3636,11,72.3074,185
37382,Pokémon Sword,Adventure,78,25,82.3636,11,72.3074,185
3698,The Settlers: Heritage of Kings,Strategy,11,NULL,55.0000,4,75.1697,22
20602,Naruto: Uzumaki Chronicles,Puzzle,2,NULL,63.3333,3,68.9522,18
20602,Naruto: Uzumaki Chronicles,Adventure,2,NULL,63.3333,3,68.9522,18
10029,Infinity Blade,Role-playing (RPG),5,NULL,NULL,NULL,64.9565,16
10029,Infinity Blade,Adventure,5,NULL,NULL,NULL,64.9565,16
9674,Star Fox 2,Shooter,4,NULL,62.5000,6,69.9810,12
9674,Star Fox 2,Platform,4,NULL,62.5000,6,69.9810,12
9674,Star Fox 2,Strategy,4,NULL,62.5000,6,69.9810,12
14674,Valkyria Chronicles 2,Role-playing (RPG),6,NULL,88.0000,4,73.8910,12
14674,Valkyria Chronicles 2,Strategy,6,NULL,88.0000,4,73.8910,12
7622,Nancy Drew: Stay Tuned for Danger,Adventure,1,NULL,NULL,NULL,62.4220,14
43322,Sonic the Hedgehog Chaos,Platform,3,NULL,NULL,NULL,69.9682,20
43322,Sonic the Hedgehog Chaos,Adventure,3,NULL,NULL,NULL,69.9682,20
7624,Nancy Drew: The Final Scene,Adventure,NULL,NULL,NULL,NULL,67.0682,12
754,IL-2 Sturmovik,Simulator,6,NULL,NULL,NULL,76.7944,15
8621,Samorost 2,Puzzle,19,NULL,NULL,NULL,76.9601,60
8621,Samorost 2,Adventure,19,NULL,NULL,NULL,76.9601,60
8621,Samorost 2,Indie,19,NULL,NULL,NULL,76.9601,60
39244,Shadow Fight 2,Role-playing (RPG),5,NULL,61.5000,2,80.4894,24
88818,Dragon Ball Z: Dokkan Battle,Puzzle,2,NULL,NULL,NULL,70.0465,12
88818,Dragon Ball Z: Dokkan Battle,Role-playing (RPG),2,NULL,NULL,NULL,70.0465,12
564,Rogue Warrior,Shooter,8,NULL,54.0000,4,47.5370,33
9627,Gnomoria,Simulator,11,1,NULL,NULL,86.5189,16
9627,Gnomoria,Strategy,11,1,NULL,NULL,86.5189,16
9627,Gnomoria,Indie,11,1,NULL,NULL,86.5189,16
2969,Rain,Puzzle,9,NULL,78.5000,12,75.7154,29
2969,Rain,Adventure,9,NULL,78.5000,12,75.7154,29
3994,Mat Hoffman's Pro BMX,Sport,4,NULL,NULL,NULL,69.8919,21
28389,Plok,Platform,3,NULL,NULL,NULL,85.6528,15
145,Star Wars Galaxies: An Empire Divided,Role-playing (RPG),4,NULL,75.0000,4,79.6698,17
145,Star Wars Galaxies: An Empire Divided,Simulator,4,NULL,75.0000,4,79.6698,17
145,Star Wars Galaxies: An Empire Divided,Adventure,4,NULL,75.0000,4,79.6698,17
9597,Solatorobo: Red the Hunter,Role-playing (RPG),7,NULL,79.3333,5,89.7118,11
9597,Solatorobo: Red the Hunter,Adventure,7,NULL,79.3333,5,89.7118,11
1132,Castlevania: Circle of the Moon,Platform,14,NULL,90.0000,1,66.2130,93
1132,Castlevania: Circle of the Moon,Role-playing (RPG),14,NULL,90.0000,1,66.2130,93
1132,Castlevania: Circle of the Moon,Adventure,14,NULL,90.0000,1,66.2130,93
7289,Always Sometimes Monsters,Role-playing (RPG),6,NULL,81.0000,5,70.1030,21
7289,Always Sometimes Monsters,Simulator,6,NULL,81.0000,5,70.1030,21
7289,Always Sometimes Monsters,Adventure,6,NULL,81.0000,5,70.1030,21
7289,Always Sometimes Monsters,Indie,6,NULL,81.0000,5,70.1030,21
105416,The Walking Dead: Saints & Sinners,Role-playing (RPG),9,1,84.2500,5,70.4090,11
105416,The Walking Dead: Saints & Sinners,Simulator,9,1,84.2500,5,70.4090,11
105416,The Walking Dead: Saints & Sinners,Strategy,9,1,84.2500,5,70.4090,11
105416,The Walking Dead: Saints & Sinners,Adventure,9,1,84.2500,5,70.4090,11
105416,The Walking Dead: Saints & Sinners,Indie,9,1,84.2500,5,70.4090,11
7311,Lost Horizon,Puzzle,5,NULL,NULL,NULL,71.0667,15
7311,Lost Horizon,Adventure,5,NULL,NULL,NULL,71.0667,15
19438,Turmoil,Simulator,12,NULL,NULL,NULL,69.4621,40
19438,Turmoil,Strategy,12,NULL,NULL,NULL,69.4621,40
19438,Turmoil,Indie,12,NULL,NULL,NULL,69.4621,40
1677,Wild Arms,Role-playing (RPG),10,1,80.0000,1,80.1038,29
135142,New Pokémon Snap,Simulator,2,4,81.2500,14,73.9083,31
135142,New Pokémon Snap,Adventure,2,4,81.2500,14,73.9083,31
7605,S.T.A.L.K.E.R.: Call of Pripyat,Shooter,61,NULL,78.6667,4,78.0416,183
7605,S.T.A.L.K.E.R.: Call of Pripyat,Role-playing (RPG),61,NULL,78.6667,4,78.0416,183
6737,Sherlock Holmes Versus Jack the Ripper,Puzzle,14,NULL,66.0000,3,73.5492,37
6737,Sherlock Holmes Versus Jack the Ripper,Role-playing (RPG),14,NULL,66.0000,3,73.5492,37
6737,Sherlock Holmes Versus Jack the Ripper,Adventure,14,NULL,66.0000,3,73.5492,37
4788,Octodad: Dadliest Catch,Platform,17,NULL,73.6364,11,71.1721,67
4788,Octodad: Dadliest Catch,Simulator,17,NULL,73.6364,11,71.1721,67
4788,Octodad: Dadliest Catch,Strategy,17,NULL,73.6364,11,71.1721,67
4788,Octodad: Dadliest Catch,Adventure,17,NULL,73.6364,11,71.1721,67
4788,Octodad: Dadliest Catch,Indie,17,NULL,73.6364,11,71.1721,67
1908,Neverwinter,Role-playing (RPG),23,NULL,73.1818,13,64.7869,58
1908,Neverwinter,Adventure,23,NULL,73.1818,13,64.7869,58
39048,Ghosts 'n Goblins,Platform,NULL,NULL,62.0000,0,50.6262,11
39048,Ghosts 'n Goblins,Adventure,NULL,NULL,62.0000,0,50.6262,11
1934,Red Baron,Shooter,5,NULL,NULL,NULL,86.5234,14
1934,Red Baron,Simulator,5,NULL,NULL,NULL,86.5234,14
682,Europa Universalis II,Simulator,11,NULL,NULL,NULL,81.8180,14
682,Europa Universalis II,Strategy,11,NULL,NULL,NULL,81.8180,14
5146,Secret Files 2: Puritas Cordis,Puzzle,9,NULL,55.0000,2,71.1759,15
5146,Secret Files 2: Puritas Cordis,Adventure,9,NULL,55.0000,2,71.1759,15
4612,Devil World,Puzzle,NULL,NULL,NULL,NULL,70.0303,11
4612,Devil World,Arcade,NULL,NULL,NULL,NULL,70.0303,11
5575,FIFA Street,Sport,4,NULL,NULL,NULL,60.4926,39
7866,F1 2014,Simulator,7,1,62.7143,8,73.4315,18
7866,F1 2014,Sport,7,1,62.7143,8,73.4315,18
2472,Prince of Persia,Platform,77,NULL,NULL,NULL,82.2132,238
2472,Prince of Persia,Puzzle,77,NULL,NULL,NULL,82.2132,238
2472,Prince of Persia,Adventure,77,NULL,NULL,NULL,82.2132,238
1201,Tales of Destiny,Role-playing (RPG),5,NULL,NULL,NULL,82.9659,21
1201,Tales of Destiny,Adventure,5,NULL,NULL,NULL,82.9659,21
18718,Clock Tower,Puzzle,11,NULL,NULL,NULL,70.1527,25
18718,Clock Tower,Adventure,11,NULL,NULL,NULL,70.1527,25
8342,Mortyr 2093-1944,Shooter,3,NULL,NULL,NULL,59.5267,11
2182,Wii Sports Resort,Sport,22,NULL,90.0000,5,78.3316,140
2181,Wii Sports,Simulator,43,NULL,75.0000,3,74.9422,313
2181,Wii Sports,Sport,43,NULL,75.0000,3,74.9422,313
119225,Vampire: The Masquerade - Coteries of New York,Role-playing (RPG),2,5,72.0000,3,70.1028,13
119225,Vampire: The Masquerade - Coteries of New York,Adventure,2,5,72.0000,3,70.1028,13
119225,Vampire: The Masquerade - Coteries of New York,Indie,2,5,72.0000,3,70.1028,13
6702,Street Fighter Alpha: Warriors' Dreams,Arcade,3,NULL,70.0000,1,73.6705,35
5416,Twisted Metal,Shooter,8,NULL,81.2500,4,61.0038,29
1202,Tales of Eternia,Role-playing (RPG),8,NULL,80.0000,1,80.5315,25
2686,Star Fox Adventures,Shooter,25,NULL,60.0000,2,71.1638,90
2686,Star Fox Adventures,Puzzle,25,NULL,60.0000,2,71.1638,90
2686,Star Fox Adventures,Role-playing (RPG),25,NULL,60.0000,2,71.1638,90
2686,Star Fox Adventures,Simulator,25,NULL,60.0000,2,71.1638,90
9919,The Technomancer,Role-playing (RPG),24,11,61.7222,19,69.4980,20
9919,The Technomancer,Adventure,24,11,61.7222,19,69.4980,20
28282,A Case of Distrust,Puzzle,4,4,79.3333,4,68.7916,13
28282,A Case of Distrust,Adventure,4,4,79.3333,4,68.7916,13
28282,A Case of Distrust,Indie,4,4,79.3333,4,68.7916,13
8804,SimFarm,Simulator,5,NULL,NULL,NULL,80.9165,11
8804,SimFarm,Strategy,5,NULL,NULL,NULL,80.9165,11
18021,Top Gun,Simulator,3,NULL,NULL,NULL,72.2186,25
18021,Top Gun,Arcade,3,NULL,NULL,NULL,72.2186,25
7687,Battleborn,Shooter,13,6,73.0625,19,61.8275,30
7687,Battleborn,Role-playing (RPG),13,6,73.0625,19,61.8275,30
7687,Battleborn,Strategy,13,6,73.0625,19,61.8275,30
14733,World Soccer Winning Eleven 6: Final Evolution,Sport,5,NULL,NULL,NULL,70.1594,15
19114,Spider-Man,Platform,27,NULL,74.5000,4,67.2819,122
19114,Spider-Man,Adventure,27,NULL,74.5000,4,67.2819,122
4575,X-Men Legends,Role-playing (RPG),10,NULL,75.0000,4,76.6269,25
9051,Zombie Driver HD,Indie,7,NULL,60.0000,1,71.6497,15
10958,The Next Big Thing,Puzzle,6,NULL,NULL,NULL,70.7767,14
10958,The Next Big Thing,Role-playing (RPG),6,NULL,NULL,NULL,70.7767,14
10958,The Next Big Thing,Adventure,6,NULL,NULL,NULL,70.7767,14
5930,Midtown Madness 2,Simulator,6,NULL,90.0000,1,65.9623,32
6990,Eternal Sonata,Role-playing (RPG),15,NULL,75.0000,5,73.8335,26
2949,Killing Floor,Shooter,42,NULL,68.0000,5,72.9921,127
9637,Orcs Must Die! Unchained,Strategy,9,4,82.5000,2,74.9166,15
9637,Orcs Must Die! Unchained,Indie,9,4,82.5000,2,74.9166,15
41878,Uncharted: Drake's Fortune Remastered,Platform,9,NULL,NULL,NULL,73.2022,97
41878,Uncharted: Drake's Fortune Remastered,Puzzle,9,NULL,NULL,NULL,73.2022,97
41878,Uncharted: Drake's Fortune Remastered,Adventure,9,NULL,NULL,NULL,73.2022,97
12908,Ultima Underworld: The Stygian Abyss,Role-playing (RPG),8,NULL,NULL,NULL,74.4226,23
109826,Super Animal Royale,Shooter,9,NULL,NULL,NULL,63.3765,16
109826,Super Animal Royale,Adventure,9,NULL,NULL,NULL,63.3765,16
109826,Super Animal Royale,Indie,9,NULL,NULL,NULL,63.3765,16
109826,Super Animal Royale,Arcade,9,NULL,NULL,NULL,63.3765,16
301,Microsoft Flight Simulator X,Simulator,13,NULL,79.6667,4,77.1189,18
103303,The Elder Scrolls: Blades,Role-playing (RPG),19,10,30.0000,1,61.3136,34
103303,The Elder Scrolls: Blades,Adventure,19,10,30.0000,1,61.3136,34
9604,TagPro,Indie,152,NULL,NULL,NULL,83.4829,176
9604,TagPro,Arcade,152,NULL,NULL,NULL,83.4829,176
12203,Rick Dangerous 2,Platform,6,NULL,NULL,NULL,76.2150,18
7176,Saw,Puzzle,2,NULL,40.0000,3,70.7307,29
6709,Street Fighter III 2nd Impact: Giant Attack,Arcade,2,NULL,NULL,NULL,79.1814,14
7316,Gran Turismo 6,Simulator,29,NULL,82.9091,13,82.5448,67
7316,Gran Turismo 6,Sport,29,NULL,82.9091,13,82.5448,67
8501,Asterix and the Great Rescue,Platform,NULL,NULL,NULL,NULL,59.3013,17
102,Need for Speed: Shift,Simulator,42,NULL,79.5000,8,73.5207,177
4840,S.T.A.L.K.E.R.: Clear Sky,Shooter,48,2,82.3333,4,72.7940,145
4840,S.T.A.L.K.E.R.: Clear Sky,Role-playing (RPG),48,2,82.3333,4,72.7940,145
4204,Terminator Salvation,Shooter,4,NULL,42.0000,6,37.1508,23
4204,Terminator Salvation,Adventure,4,NULL,42.0000,6,37.1508,23
196230,Stacklands,Simulator,NULL,NULL,NULL,NULL,79.3157,14
196230,Stacklands,Indie,NULL,NULL,NULL,NULL,79.3157,14
308,Black & White,Puzzle,34,NULL,NULL,NULL,75.8032,110
308,Black & White,Simulator,34,NULL,NULL,NULL,75.8032,110
308,Black & White,Strategy,34,NULL,NULL,NULL,75.8032,110
26968,Cayne,Adventure,11,NULL,NULL,NULL,54.7341,20
26968,Cayne,Indie,11,NULL,NULL,NULL,54.7341,20
1737,Mega Man V,Platform,4,NULL,NULL,NULL,77.3267,14
1737,Mega Man V,Adventure,4,NULL,NULL,NULL,77.3267,14
1737,Mega Man V,Arcade,4,NULL,NULL,NULL,77.3267,14
14452,Astérix & Obelix,Platform,3,NULL,NULL,NULL,64.4669,19
18371,Escape Plan,Puzzle,4,NULL,65.0000,3,66.8149,11
18371,Escape Plan,Adventure,4,NULL,65.0000,3,66.8149,11
8758,Anomaly: Warzone Earth,Strategy,7,NULL,84.6000,7,73.4522,21
8758,Anomaly: Warzone Earth,Indie,7,NULL,84.6000,7,73.4522,21
95014,Dragon Ball Legends,Role-playing (RPG),4,2,NULL,NULL,60.0132,13
95014,Dragon Ball Legends,Arcade,4,2,NULL,NULL,60.0132,13
15536,Escape from Tarkov,Shooter,36,24,0.0000,2,75.2010,67
15536,Escape from Tarkov,Role-playing (RPG),36,24,0.0000,2,75.2010,67
15536,Escape from Tarkov,Simulator,36,24,0.0000,2,75.2010,67
7032,Kane & Lynch: Dead Men,Shooter,30,NULL,60.0000,3,65.1454,114
6621,Super Ghouls'n Ghosts,Platform,20,NULL,70.0000,1,74.4792,70
6621,Super Ghouls'n Ghosts,Adventure,20,NULL,70.0000,1,74.4792,70
6142,Risen 3: Titan Lords,Role-playing (RPG),24,1,50.7143,8,70.7835,41
744,King's Quest IV: The Perils of Rosella,Puzzle,4,NULL,NULL,NULL,61.5835,16
744,King's Quest IV: The Perils of Rosella,Adventure,4,NULL,NULL,NULL,61.5835,16
42,Deus Ex: Invisible War,Shooter,24,NULL,80.0000,4,63.0218,92
42,Deus Ex: Invisible War,Role-playing (RPG),24,NULL,80.0000,4,63.0218,92
26836,Project: Gorgon,Role-playing (RPG),21,NULL,75.0000,1,78.8828,25
26836,Project: Gorgon,Indie,21,NULL,75.0000,1,78.8828,25
7664,Shipwreckers!,Strategy,2,NULL,NULL,NULL,69.9115,11
7664,Shipwreckers!,Adventure,2,NULL,NULL,NULL,69.9115,11
42574,Super R-Type,Shooter,1,NULL,NULL,NULL,67.2454,14
7556,You Have to Win the Game,Shooter,3,NULL,NULL,NULL,70.1082,12
7556,You Have to Win the Game,Platform,3,NULL,NULL,NULL,70.1082,12
7556,You Have to Win the Game,Adventure,3,NULL,NULL,NULL,70.1082,12
7556,You Have to Win the Game,Indie,3,NULL,NULL,NULL,70.1082,12
243385,The Murder of Sonic the Hedgehog,Simulator,NULL,NULL,NULL,NULL,76.0045,29
243385,The Murder of Sonic the Hedgehog,Indie,NULL,NULL,NULL,NULL,76.0045,29
29211,Stronghold Crusader HD,Simulator,1,NULL,NULL,NULL,82.4427,17
29211,Stronghold Crusader HD,Strategy,1,NULL,NULL,NULL,82.4427,17
666,Delta Force,Shooter,12,NULL,NULL,NULL,67.6652,45
6004,Richard Burns Rally,Simulator,8,NULL,70.0000,1,74.4385,13
6004,Richard Burns Rally,Sport,8,NULL,70.0000,1,74.4385,13
10592,Neighbours from Hell 2: On Vacation,Strategy,23,NULL,NULL,NULL,69.3896,68
10592,Neighbours from Hell 2: On Vacation,Adventure,23,NULL,NULL,NULL,69.3896,68
10592,Neighbours from Hell 2: On Vacation,Arcade,23,NULL,NULL,NULL,69.3896,68
4595,Arkanoid,Arcade,14,NULL,NULL,NULL,80.5408,98
458,StarCraft II: Legacy of the Void,Strategy,90,21,89.5000,9,87.9909,160
10948,Ys Seven,Role-playing (RPG),6,NULL,79.2222,11,79.9521,23
10948,Ys Seven,Adventure,6,NULL,79.2222,11,79.9521,23
1224,Kingdom Hearts Birth by Sleep,Role-playing (RPG),40,NULL,82.6667,4,86.2160,130
8816,Screencheat,Shooter,2,NULL,71.0000,4,63.0107,17
8816,Screencheat,Indie,2,NULL,71.0000,4,63.0107,17
3085,Rune,Adventure,13,NULL,70.0000,1,79.7220,37
94049,Minecraft: Windows 10 Edition,Simulator,10,2,NULL,NULL,93.8414,17
94049,Minecraft: Windows 10 Edition,Adventure,10,2,NULL,NULL,93.8414,17
94049,Minecraft: Windows 10 Edition,Indie,10,2,NULL,NULL,93.8414,17
4348,Another World,Platform,32,NULL,NULL,NULL,84.5851,162
4348,Another World,Puzzle,32,NULL,NULL,NULL,84.5851,162
4348,Another World,Adventure,32,NULL,NULL,NULL,84.5851,162
5321,Tokyo Mirage Sessions #FE,Role-playing (RPG),21,12,82.0556,20,74.0521,27
5321,Tokyo Mirage Sessions #FE,Adventure,21,12,82.0556,20,74.0521,27
1034,The Legend of Zelda: Four Swords Adventures,Adventure,20,NULL,85.0000,3,67.6955,54
1110,Metroid Prime Hunters,Shooter,9,NULL,86.6667,3,70.9602,49
1110,Metroid Prime Hunters,Platform,9,NULL,86.6667,3,70.9602,49
1110,Metroid Prime Hunters,Adventure,9,NULL,86.6667,3,70.9602,49
2911,Leisure Suit Larry 6: Shape Up or Slip Out!,Adventure,8,NULL,NULL,NULL,73.0769,23
30480,"Hello Charlotte Ep.1: Junk Food, Gods and Teddy Bears",Role-playing (RPG),NULL,NULL,NULL,NULL,71.8577,15
30480,"Hello Charlotte Ep.1: Junk Food, Gods and Teddy Bears",Adventure,NULL,NULL,NULL,NULL,71.8577,15
30480,"Hello Charlotte Ep.1: Junk Food, Gods and Teddy Bears",Indie,NULL,NULL,NULL,NULL,71.8577,15
1873,Defender of the Crown,Strategy,4,NULL,NULL,NULL,70.5951,22
1873,Defender of the Crown,Adventure,4,NULL,NULL,NULL,70.5951,22
100761,Distraint: Deluxe Edition,Puzzle,2,1,0.0000,1,60.0460,15
100761,Distraint: Deluxe Edition,Adventure,2,1,0.0000,1,60.0460,15
11196,Star Fox Zero,Shooter,19,13,66.7692,14,60.1051,34
11196,Star Fox Zero,Adventure,19,13,66.7692,14,60.1051,34
19795,Knight Online,Role-playing (RPG),2,NULL,20.0000,1,50.0093,13
19795,Knight Online,Adventure,2,NULL,20.0000,1,50.0093,13
3988,Mario Hoops 3-on-3,Sport,5,NULL,60.0000,2,60.2521,24
4561,Pokémon Rumble Blast,Role-playing (RPG),5,NULL,58.2000,5,76.2576,15
4561,Pokémon Rumble Blast,Adventure,5,NULL,58.2000,5,76.2576,15
354,Battlefield Play4Free,Shooter,8,NULL,NULL,NULL,49.7365,25
1089,Donkey Kong,Platform,20,NULL,90.0000,1,82.3815,52
1089,Donkey Kong,Puzzle,20,NULL,90.0000,1,82.3815,52
1089,Donkey Kong,Arcade,20,NULL,90.0000,1,82.3815,52
13199,Amnesia: Memories,Simulator,4,NULL,70.0000,2,50.9242,13
13199,Amnesia: Memories,Adventure,4,NULL,70.0000,2,50.9242,13
14551,Impossible Creatures,Simulator,3,NULL,73.3333,4,76.7216,19
14551,Impossible Creatures,Strategy,3,NULL,73.3333,4,76.7216,19
6542,Disciples II: Dark Prophecy,Strategy,15,NULL,NULL,NULL,79.7525,49
9271,Dungeon Siege: Legends of Aranna,Role-playing (RPG),7,NULL,90.0000,1,82.6252,26
9271,Dungeon Siege: Legends of Aranna,Adventure,7,NULL,90.0000,1,82.6252,26
132907,There Is No Game: Wrong Dimension,Puzzle,2,NULL,80.0000,1,83.3367,32
132907,There Is No Game: Wrong Dimension,Adventure,2,NULL,80.0000,1,83.3367,32
132907,There Is No Game: Wrong Dimension,Indie,2,NULL,80.0000,1,83.3367,32
9333,Worms: Ultimate Mayhem,Strategy,8,NULL,55.0000,1,74.9525,29
3944,Harry Potter: Quidditch World Cup,Sport,20,NULL,78.0000,3,69.9029,49
1387,Dead or Alive,Arcade,5,NULL,NULL,NULL,61.2310,26
4565,Pokémon Ranger: Guardian Signs,Role-playing (RPG),8,NULL,68.6667,5,75.3091,35
4565,Pokémon Ranger: Guardian Signs,Strategy,8,NULL,68.6667,5,75.3091,35
4565,Pokémon Ranger: Guardian Signs,Adventure,8,NULL,68.6667,5,75.3091,35
6252,WWE Raw,Sport,3,NULL,NULL,NULL,70.9443,16
681,Europa 1400: The Guild,Simulator,2,NULL,NULL,NULL,70.6819,11
681,Europa 1400: The Guild,Strategy,2,NULL,NULL,NULL,70.6819,11
168,Star Wars: X-Wing,Shooter,7,NULL,NULL,NULL,80.0583,40
168,Star Wars: X-Wing,Simulator,7,NULL,NULL,NULL,80.0583,40
251,Where in the World Is Carmen Sandiego?,Puzzle,5,NULL,70.0000,1,79.6830,23
251,Where in the World Is Carmen Sandiego?,Adventure,5,NULL,70.0000,1,79.6830,23
6767,Etrian Odyssey IV: Legends of the Titan,Role-playing (RPG),5,NULL,82.1429,7,79.8694,11
6767,Etrian Odyssey IV: Legends of the Titan,Adventure,5,NULL,82.1429,7,79.8694,11
190361,Iron Lung,Puzzle,NULL,NULL,NULL,NULL,78.1396,25
190361,Iron Lung,Simulator,NULL,NULL,NULL,NULL,78.1396,25
190361,Iron Lung,Adventure,NULL,NULL,NULL,NULL,78.1396,25
190361,Iron Lung,Indie,NULL,NULL,NULL,NULL,78.1396,25
3450,Super Bomberman,Puzzle,7,NULL,NULL,NULL,71.3223,41
3450,Super Bomberman,Strategy,7,NULL,NULL,NULL,71.3223,41
2941,Pro Evolution Soccer 2013,Simulator,8,NULL,78.6667,9,71.6543,85
2941,Pro Evolution Soccer 2013,Sport,8,NULL,78.6667,9,71.6543,85
1973,Defiance,Shooter,2,NULL,70.7000,14,50.9280,19
1973,Defiance,Role-playing (RPG),2,NULL,70.7000,14,50.9280,19
1973,Defiance,Strategy,2,NULL,70.7000,14,50.9280,19
2338,Mario Party: Island Tour,Puzzle,3,NULL,55.1250,7,59.8503,12
2338,Mario Party: Island Tour,Strategy,3,NULL,55.1250,7,59.8503,12
2338,Mario Party: Island Tour,Adventure,3,NULL,55.1250,7,59.8503,12
16035,Kid Chameleon,Platform,3,NULL,NULL,NULL,83.8680,32
132205,F1 2020,Simulator,26,NULL,89.5000,5,89.1755,33
132205,F1 2020,Sport,26,NULL,89.5000,5,89.1755,33
104890,Anodyne 2: Return to Dust,Platform,4,NULL,70.0000,2,68.8304,16
104890,Anodyne 2: Return to Dust,Role-playing (RPG),4,NULL,70.0000,2,68.8304,16
104890,Anodyne 2: Return to Dust,Adventure,4,NULL,70.0000,2,68.8304,16
104890,Anodyne 2: Return to Dust,Indie,4,NULL,70.0000,2,68.8304,16
5314,Hyrule Warriors,Strategy,38,5,74.6667,16,73.6567,93
5314,Hyrule Warriors,Adventure,38,5,74.6667,16,73.6567,93
6171,Year Walk,Puzzle,13,NULL,86.6667,3,76.1614,41
6171,Year Walk,Role-playing (RPG),13,NULL,86.6667,3,76.1614,41
6171,Year Walk,Adventure,13,NULL,86.6667,3,76.1614,41
6171,Year Walk,Indie,13,NULL,86.6667,3,76.1614,41
23412,Angry Birds Go!,Arcade,2,NULL,NULL,NULL,60.2325,11
5679,Theatrhythm Final Fantasy: Curtain Call,Role-playing (RPG),8,1,80.5714,8,80.2270,17
9564,Pokémon Rumble World,Role-playing (RPG),2,NULL,70.0000,1,70.8650,13
7343,Yoshi's Woolly World,Platform,29,12,78.8000,13,71.5148,55
5636,Candy Crush Saga,Puzzle,20,NULL,NULL,NULL,60.9408,51
5636,Candy Crush Saga,Strategy,20,NULL,NULL,NULL,60.9408,51
5636,Candy Crush Saga,Arcade,20,NULL,NULL,NULL,60.9408,51
20601,Yoshi's Island DS,Platform,4,NULL,80.0000,2,77.5144,28
20601,Yoshi's Island DS,Adventure,4,NULL,80.0000,2,77.5144,28
6023,Pinball Fantasies,Simulator,3,NULL,NULL,NULL,80.3717,15
6023,Pinball Fantasies,Arcade,3,NULL,NULL,NULL,80.3717,15
11217,Metroid Prime: Federation Force,Shooter,3,2,65.8667,17,31.2101,6
11217,Metroid Prime: Federation Force,Adventure,3,2,65.8667,17,31.2101,6
18138,Pokkén Tournament,Arcade,5,NULL,76.2857,16,60.2237,25
8580,720 Degrees,Sport,1,NULL,NULL,NULL,39.6308,14
8580,720 Degrees,Arcade,1,NULL,NULL,NULL,39.6308,14
8749,N+,Platform,4,NULL,80.0000,3,87.7029,18
8749,N+,Puzzle,4,NULL,80.0000,3,87.7029,18
8749,N+,Indie,4,NULL,80.0000,3,87.7029,18
1582,The Legend of Spyro: A New Beginning,Platform,4,NULL,65.0000,4,63.5202,19
1582,The Legend of Spyro: A New Beginning,Adventure,4,NULL,65.0000,4,63.5202,19
2697,Rocksmith,Simulator,9,NULL,80.6667,7,81.6287,15
7213,Tenchu Z,Strategy,5,NULL,55.0000,4,76.9247,17
7213,Tenchu Z,Adventure,5,NULL,55.0000,4,76.9247,17
66812,Mario Party: The Top 100,Puzzle,3,NULL,54.6000,6,66.1555,11
4389,Spider-Man and the X-Men in Arcade's Revenge,Platform,NULL,NULL,NULL,NULL,48.7804,12
45963,Touhou Kaikidan: Mystic Square,Shooter,3,NULL,NULL,NULL,79.9128,11
45963,Touhou Kaikidan: Mystic Square,Indie,3,NULL,NULL,NULL,79.9128,11
22397,Bear With Me,Adventure,8,NULL,71.7778,3,80.3875,11
22397,Bear With Me,Indie,8,NULL,71.7778,3,80.3875,11
7027,SpellForce: The Order of Dawn,Role-playing (RPG),12,NULL,83.0000,1,77.0923,50
7027,SpellForce: The Order of Dawn,Strategy,12,NULL,83.0000,1,77.0923,50
24481,Football Manager 2017,Simulator,15,NULL,82.0000,7,85.1797,35
24481,Football Manager 2017,Sport,15,NULL,82.0000,7,85.1797,35
1288,Gun.Smoke,Shooter,2,NULL,NULL,NULL,75.7830,27
1288,Gun.Smoke,Arcade,2,NULL,NULL,NULL,75.7830,27
19329,Shin Megami Tensei IV: Apocalypse,Role-playing (RPG),14,3,84.9286,15,73.4182,19
19329,Shin Megami Tensei IV: Apocalypse,Adventure,14,3,84.9286,15,73.4182,19
5648,Too Human,Shooter,4,NULL,60.0000,7,53.9311,14
5648,Too Human,Role-playing (RPG),4,NULL,60.0000,7,53.9311,14
3384,Harvest Moon: A Wonderful Life,Role-playing (RPG),6,NULL,84.5000,2,89.3575,21
3384,Harvest Moon: A Wonderful Life,Simulator,6,NULL,84.5000,2,89.3575,21
3485,Extreme-G,Shooter,5,NULL,NULL,NULL,60.4427,19
3485,Extreme-G,Sport,5,NULL,NULL,NULL,60.4427,19
18980,"Warhammer 40,000: Dawn of War III",Simulator,30,12,76.7273,13,64.5606,22
18980,"Warhammer 40,000: Dawn of War III",Strategy,30,12,76.7273,13,64.5606,22
4559,PokéPark 2: Wonders Beyond,Adventure,NULL,NULL,64.5000,2,70.3213,11
11256,Bravely Second: End Layer,Role-playing (RPG),10,NULL,76.7500,13,70.3077,16
11256,Bravely Second: End Layer,Adventure,10,NULL,76.7500,13,70.3077,16
1003,Enter the Matrix,Shooter,21,NULL,55.8333,8,62.3015,124
1003,Enter the Matrix,Adventure,21,NULL,55.8333,8,62.3015,124
6781,Starwhal,Sport,8,NULL,70.0000,2,54.7877,20
6781,Starwhal,Indie,8,NULL,70.0000,2,54.7877,20
6770,Fantasy Life,Role-playing (RPG),5,NULL,74.5556,9,69.9252,22
6770,Fantasy Life,Simulator,5,NULL,74.5556,9,69.9252,22
6770,Fantasy Life,Adventure,5,NULL,74.5556,9,69.9252,22
75582,Carcassonne,Puzzle,NULL,NULL,75.0000,1,73.3339,14
75582,Carcassonne,Strategy,NULL,NULL,75.0000,1,73.3339,14
26809,Hidden Folks,Puzzle,14,1,80.0000,6,74.2826,42
26809,Hidden Folks,Adventure,14,1,80.0000,6,74.2826,42
26809,Hidden Folks,Indie,14,1,80.0000,6,74.2826,42
10039,Superfighters Deluxe,Shooter,420,38,NULL,NULL,92.9372,83
10039,Superfighters Deluxe,Platform,420,38,NULL,NULL,92.9372,83
10039,Superfighters Deluxe,Indie,420,38,NULL,NULL,92.9372,83
8258,Street Fighter V,Arcade,89,18,71.7895,24,73.2669,128
145327,Town Star,Simulator,21,NULL,NULL,NULL,93.3164,34
8560,Kinect Star Wars,Strategy,3,NULL,55.0000,8,53.0536,17
8560,Kinect Star Wars,Adventure,3,NULL,55.0000,8,53.0536,17
8560,Kinect Star Wars,Indie,3,NULL,55.0000,8,53.0536,17
19943,Melty Blood Actress Again Current Code,Arcade,2,NULL,80.0000,1,74.9029,22
116795,Mario & Sonic at the Olympic Games Tokyo 2020,Sport,25,1,63.0000,2,72.9202,11
1975,8 Eyes,Platform,1,NULL,NULL,NULL,54.1787,14
1975,8 Eyes,Adventure,1,NULL,NULL,NULL,54.1787,14
5720,Aliens Versus Predator: Extinction,Strategy,3,NULL,56.0000,4,68.8851,11
22486,Honey Select,Platform,33,NULL,NULL,NULL,72.1881,16
22486,Honey Select,Puzzle,33,NULL,NULL,NULL,72.1881,16
22486,Honey Select,Simulator,33,NULL,NULL,NULL,72.1881,16
9768,Morphopolis,Puzzle,3,NULL,55.0000,2,64.9627,16
9768,Morphopolis,Adventure,3,NULL,55.0000,2,64.9627,16
9768,Morphopolis,Indie,3,NULL,55.0000,2,64.9627,16
106805,Call of Duty: Mobile,Shooter,22,NULL,82.5000,3,65.8106,87
106805,Call of Duty: Mobile,Adventure,22,NULL,82.5000,3,65.8106,87
4487,Mercs,Shooter,2,NULL,NULL,NULL,79.0379,15
4487,Mercs,Platform,2,NULL,NULL,NULL,79.0379,15
4487,Mercs,Arcade,2,NULL,NULL,NULL,79.0379,15
21968,Phantasy Star Online,Role-playing (RPG),3,NULL,90.0000,1,78.4086,20
21968,Phantasy Star Online,Adventure,3,NULL,90.0000,1,78.4086,20
1231,Phantasy Star III: Generations of Doom,Role-playing (RPG),3,NULL,NULL,NULL,77.0491,17
8908,Alien 3,Shooter,11,NULL,NULL,NULL,68.7353,36
8908,Alien 3,Platform,11,NULL,NULL,NULL,68.7353,36
8908,Alien 3,Adventure,11,NULL,NULL,NULL,68.7353,36
1233,Phantasy Star,Role-playing (RPG),7,NULL,NULL,NULL,79.4414,30
391,Dissidia Final Fantasy,Role-playing (RPG),12,NULL,86.0000,6,70.8660,47
391,Dissidia Final Fantasy,Adventure,12,NULL,86.0000,6,70.8660,47
14391,Tree of Savior,Role-playing (RPG),4,2,58.0000,2,53.1735,12
14391,Tree of Savior,Adventure,4,2,58.0000,2,53.1735,12
68391,Shadow Fight 3,Role-playing (RPG),6,NULL,NULL,NULL,60.3482,13
9256,The Lord of the Rings: War of the Ring,Strategy,9,NULL,91.0000,1,67.1176,39
9256,The Lord of the Rings: War of the Ring,Adventure,9,NULL,91.0000,1,67.1176,39
392,Final Fantasy XII: Revenant Wings,Role-playing (RPG),6,NULL,83.3333,4,61.7493,16
392,Final Fantasy XII: Revenant Wings,Strategy,6,NULL,83.3333,4,61.7493,16
392,Final Fantasy XII: Revenant Wings,Adventure,6,NULL,83.3333,4,61.7493,16
8006,Marlow Briggs and the Mask of Death,Puzzle,6,NULL,70.0000,1,71.7790,11
8006,Marlow Briggs and the Mask of Death,Adventure,6,NULL,70.0000,1,71.7790,11
28558,The Sims Mobile,Simulator,4,NULL,NULL,NULL,66.4904,12
12236,Xenon 2: Megablast,Shooter,5,NULL,NULL,NULL,78.0811,19
12236,Xenon 2: Megablast,Arcade,5,NULL,NULL,NULL,78.0811,19
27162,Touhou Eiyashou: Imperishable Night,Shooter,4,NULL,NULL,NULL,74.2335,20
27162,Touhou Eiyashou: Imperishable Night,Indie,4,NULL,NULL,NULL,74.2335,20
54612,Fallout 4: Game of the Year Edition,Shooter,11,NULL,NULL,NULL,89.1724,46
54612,Fallout 4: Game of the Year Edition,Role-playing (RPG),11,NULL,NULL,NULL,89.1724,46
8040,Poker Night at the Inventory,Sport,11,NULL,NULL,NULL,69.0940,38
8040,Poker Night at the Inventory,Indie,11,NULL,NULL,NULL,69.0940,38
21040,Dark Souls: Prepare to Die Edition,Role-playing (RPG),78,1,84.3333,4,89.6964,173
21040,Dark Souls: Prepare to Die Edition,Adventure,78,1,84.3333,4,89.6964,173
25009,Fahrenheit: Indigo Prophecy Remastered,Role-playing (RPG),24,NULL,NULL,NULL,78.2880,45
25009,Fahrenheit: Indigo Prophecy Remastered,Adventure,24,NULL,NULL,NULL,78.2880,45
5626,Forced,Role-playing (RPG),3,1,78.7500,4,86.3508,11
5626,Forced,Adventure,3,1,78.7500,4,86.3508,11
5626,Forced,Indie,3,1,78.7500,4,86.3508,11
38844,Disney's Pinocchio,Platform,1,NULL,NULL,NULL,60.1533,14
5539,Archon,Strategy,4,NULL,NULL,NULL,78.1876,22
5561,Vandal Hearts,Role-playing (RPG),4,NULL,80.0000,1,80.1097,13
5561,Vandal Hearts,Strategy,4,NULL,80.0000,1,80.1097,13
9099,Silver Surfer,Shooter,2,NULL,NULL,NULL,38.6898,14
87029,Pou,Simulator,NULL,NULL,NULL,NULL,52.9157,12
35099,Viridi,Simulator,1,NULL,NULL,NULL,50.7595,11
35099,Viridi,Indie,1,NULL,NULL,NULL,50.7595,11
8257,Centurion: Defender of Rome,Strategy,4,NULL,NULL,NULL,90.2863,14
8257,Centurion: Defender of Rome,Adventure,4,NULL,NULL,NULL,90.2863,14
22251,Dog's Life,Adventure,2,NULL,60.0000,1,40.3429,13
13150,The Sims 4: Spooky Stuff,Role-playing (RPG),2,NULL,NULL,NULL,65.1651,11
13150,The Sims 4: Spooky Stuff,Simulator,2,NULL,NULL,NULL,65.1651,11
13150,The Sims 4: Spooky Stuff,Strategy,2,NULL,NULL,NULL,65.1651,11
13150,The Sims 4: Spooky Stuff,Adventure,2,NULL,NULL,NULL,65.1651,11
191897,Aperture Desk Job,Puzzle,5,NULL,NULL,NULL,70.9577,32
191897,Aperture Desk Job,Adventure,5,NULL,NULL,NULL,70.9577,32
6342,Solar 2,Simulator,5,NULL,82.0000,1,79.8280,14
6342,Solar 2,Adventure,5,NULL,82.0000,1,79.8280,14
6342,Solar 2,Indie,5,NULL,82.0000,1,79.8280,14
6342,Solar 2,Arcade,5,NULL,82.0000,1,79.8280,14
84197,Faith: The Unholy Trinity,Adventure,NULL,NULL,NULL,NULL,79.5806,11
84197,Faith: The Unholy Trinity,Indie,NULL,NULL,NULL,NULL,79.5806,11
140042,Ghost of Tsushima: Legends,Role-playing (RPG),1,NULL,NULL,NULL,79.4177,11
16306,Pocket Mortys,Role-playing (RPG),6,NULL,61.6667,3,69.8019,12
16306,Pocket Mortys,Simulator,6,NULL,61.6667,3,69.8019,12
16306,Pocket Mortys,Adventure,6,NULL,61.6667,3,69.8019,12
3447,Bomberman II,Puzzle,4,NULL,80.0000,3,81.4140,18
3447,Bomberman II,Arcade,4,NULL,80.0000,3,81.4140,18
14407,Genji: Dawn of the Samurai,Role-playing (RPG),4,NULL,66.0000,3,70.0309,12
14407,Genji: Dawn of the Samurai,Adventure,4,NULL,66.0000,3,70.0309,12
2847,A Bug's Life,Platform,4,NULL,NULL,NULL,70.8919,38
2847,A Bug's Life,Adventure,4,NULL,NULL,NULL,70.8919,38
7508,Caesar IV,Simulator,9,NULL,69.0000,3,74.6269,18
7508,Caesar IV,Strategy,9,NULL,69.0000,3,74.6269,18
840,Railroad Tycoon 3,Simulator,7,1,85.0000,2,81.4011,13
840,Railroad Tycoon 3,Strategy,7,1,85.0000,2,81.4011,13
9146,Guilty Gear XX Accent Core Plus R,Arcade,3,NULL,0.0000,2,90.1384,25
7420,How to Survive,Role-playing (RPG),12,NULL,86.5000,2,65.6029,38
7420,How to Survive,Adventure,12,NULL,86.5000,2,65.6029,38
7420,How to Survive,Arcade,12,NULL,86.5000,2,65.6029,38
27166,Touhou Youyoumu: Perfect Cherry Blossom,Shooter,3,NULL,NULL,NULL,80.1862,18
27166,Touhou Youyoumu: Perfect Cherry Blossom,Indie,3,NULL,NULL,NULL,80.1862,18
12579,Danganronpa V3: Killing Harmony,Adventure,52,10,87.6154,14,89.1226,151
157,Star Wars: Dark Forces,Shooter,32,NULL,66.0000,3,78.3908,121
6439,Track & Field,Sport,6,NULL,80.0000,0,74.9902,34
7842,Danganronpa: Trigger Happy Havoc,Adventure,57,NULL,82.3333,11,81.5370,272
3040,A Virus Named Tom,Puzzle,5,NULL,NULL,NULL,46.0146,11
3040,A Virus Named Tom,Strategy,5,NULL,NULL,NULL,46.0146,11
3040,A Virus Named Tom,Indie,5,NULL,NULL,NULL,46.0146,11
3040,A Virus Named Tom,Arcade,5,NULL,NULL,NULL,46.0146,11
12314,Moon Patrol,Shooter,3,NULL,80.0000,1,79.6642,14
12314,Moon Patrol,Arcade,3,NULL,80.0000,1,79.6642,14
3592,Robotron: 2084,Shooter,4,NULL,70.0000,1,70.3643,11
81909,Exo One,Simulator,3,3,NULL,NULL,69.6839,24
81909,Exo One,Adventure,3,3,NULL,NULL,69.6839,24
81909,Exo One,Indie,3,3,NULL,NULL,69.6839,24
7101,Naruto: Rise of a Ninja,Role-playing (RPG),11,NULL,75.0000,3,79.3651,12
7101,Naruto: Rise of a Ninja,Adventure,11,NULL,75.0000,3,79.3651,12
2249,DeathSpank,Role-playing (RPG),14,NULL,79.3333,7,77.8896,25
2249,DeathSpank,Adventure,14,NULL,79.3333,7,77.8896,25
2249,DeathSpank,Indie,14,NULL,79.3333,7,77.8896,25
4614,Galaxian,Shooter,10,NULL,90.0000,1,81.2305,62
4614,Galaxian,Arcade,10,NULL,90.0000,1,81.2305,62
178283,NFUT Cards,Simulator,18,NULL,NULL,NULL,94.7826,23
178283,NFUT Cards,Sport,18,NULL,NULL,NULL,94.7826,23
178283,NFUT Cards,Strategy,18,NULL,NULL,NULL,94.7826,23
13777,The House of the Dead 2,Shooter,11,NULL,67.0000,3,72.2121,44
7102,Naruto: The Broken Bond,Adventure,6,NULL,80.0000,2,79.7466,12
5863,The House of the Dead III,Shooter,4,NULL,NULL,NULL,69.9272,21
2987,Wolfenstein: Enemy Territory,Shooter,19,NULL,NULL,NULL,82.5847,57
120710,The Henry Stickmin Collection,Adventure,5,NULL,NULL,NULL,93.9682,41
120710,The Henry Stickmin Collection,Indie,5,NULL,NULL,NULL,93.9682,41
11589,Yomawari: Night Alone,Strategy,5,2,80.0000,7,51.9658,29
11589,Yomawari: Night Alone,Adventure,5,2,80.0000,7,51.9658,29
3587,Ready 2 Rumble Boxing: Round 2,Sport,1,NULL,30.0000,1,63.3003,16
3430,Cruis'n World,Arcade,4,NULL,NULL,NULL,73.2300,15
3043,Dungeon Defenders,Role-playing (RPG),12,NULL,77.5000,5,70.9125,52
3043,Dungeon Defenders,Strategy,12,NULL,77.5000,5,70.9125,52
3043,Dungeon Defenders,Adventure,12,NULL,77.5000,5,70.9125,52
3043,Dungeon Defenders,Indie,12,NULL,77.5000,5,70.9125,52
9703,Faerie Solitaire,Puzzle,3,NULL,NULL,NULL,69.5151,12
9703,Faerie Solitaire,Role-playing (RPG),3,NULL,NULL,NULL,69.5151,12
9703,Faerie Solitaire,Indie,3,NULL,NULL,NULL,69.5151,12
20043,Yu-Gi-Oh! Legacy of the Duelist,Puzzle,11,NULL,80.0000,3,81.5282,28
20043,Yu-Gi-Oh! Legacy of the Duelist,Simulator,11,NULL,80.0000,3,81.5282,28
20043,Yu-Gi-Oh! Legacy of the Duelist,Strategy,11,NULL,80.0000,3,81.5282,28
11603,Pac-Man 2: The New Adventures,Puzzle,3,NULL,NULL,NULL,69.0142,17
11603,Pac-Man 2: The New Adventures,Adventure,3,NULL,NULL,NULL,69.0142,17
1440,Fire Emblem: The Sacred Stones,Role-playing (RPG),25,NULL,76.0000,3,91.8088,103
1440,Fire Emblem: The Sacred Stones,Strategy,25,NULL,76.0000,3,91.8088,103
1298,Tom Clancy's Ghost Recon 2,Shooter,4,NULL,74.6000,6,69.2341,12
111651,Diablo Immortal,Role-playing (RPG),8,16,60.0000,1,34.6168,57
2250,DeathSpank: Thongs of Virtue,Role-playing (RPG),6,NULL,72.6667,4,79.6185,11
2250,DeathSpank: Thongs of Virtue,Adventure,6,NULL,72.6667,4,79.6185,11
2250,DeathSpank: Thongs of Virtue,Indie,6,NULL,72.6667,4,79.6185,11
7879,Savant: Ascent,Shooter,3,NULL,NULL,NULL,59.9288,11
7879,Savant: Ascent,Indie,3,NULL,NULL,NULL,59.9288,11
7879,Savant: Ascent,Arcade,3,NULL,NULL,NULL,59.9288,11
87622,Garena Free Fire,Adventure,74,NULL,NULL,NULL,60.3767,36
4104,Monster Rancher,Simulator,2,NULL,30.0000,1,75.4547,13
4104,Monster Rancher,Strategy,2,NULL,30.0000,1,75.4547,13
2469,The House of the Dead,Shooter,6,NULL,NULL,NULL,67.3860,44
2469,The House of the Dead,Arcade,6,NULL,NULL,NULL,67.3860,44
1128,Castlevania: Symphony of the Night,Platform,111,NULL,92.3333,3,91.9856,562
1128,Castlevania: Symphony of the Night,Role-playing (RPG),111,NULL,92.3333,3,91.9856,562
1128,Castlevania: Symphony of the Night,Adventure,111,NULL,92.3333,3,91.9856,562
10090,Tony Hawk's Pro Skater 5,Sport,12,9,35.0000,7,59.6495,14
10090,Tony Hawk's Pro Skater 5,Arcade,12,9,35.0000,7,59.6495,14
1030,The Legend of Zelda: Majora's Mask,Adventure,193,NULL,90.0000,0,87.5183,677
74567,Misao: Definitive Edition,Puzzle,1,NULL,65.0000,2,79.7762,11
74567,Misao: Definitive Edition,Adventure,1,NULL,65.0000,2,79.7762,11
74567,Misao: Definitive Edition,Indie,1,NULL,65.0000,2,79.7762,11
12340,Summer Games,Simulator,3,NULL,NULL,NULL,72.2078,17
12340,Summer Games,Sport,3,NULL,NULL,NULL,72.2078,17
27523,Alien Swarm: Reactive Drop,Shooter,8,NULL,NULL,NULL,72.4360,17
1311,Medal of Honor: European Assault,Shooter,8,NULL,77.6000,5,71.8462,35
1330,Turok,Shooter,20,NULL,75.0000,7,65.8018,56
1036,The Legend of Zelda: Twilight Princess,Puzzle,261,NULL,96.2500,3,85.1440,591
1036,The Legend of Zelda: Twilight Princess,Role-playing (RPG),261,NULL,96.2500,3,85.1440,591
1036,The Legend of Zelda: Twilight Princess,Adventure,261,NULL,96.2500,3,85.1440,591
136000,The Gunk,Platform,1,6,66.2500,7,64.8823,39
136000,The Gunk,Adventure,1,6,66.2500,7,64.8823,39
93807,Counter-Strike: Condition Zero - Deleted Scenes,Shooter,3,NULL,NULL,NULL,64.7060,20
888,Supreme Commander: Forged Alliance,Strategy,13,NULL,75.0000,3,77.7848,34
1286,Conker's Bad Fur Day,Shooter,40,NULL,NULL,NULL,81.7404,107
1286,Conker's Bad Fur Day,Platform,40,NULL,NULL,NULL,81.7404,107
1286,Conker's Bad Fur Day,Puzzle,40,NULL,NULL,NULL,81.7404,107
1286,Conker's Bad Fur Day,Adventure,40,NULL,NULL,NULL,81.7404,107
3340,Paper Mario,Role-playing (RPG),70,NULL,90.0000,1,87.1128,207
3340,Paper Mario,Adventure,70,NULL,90.0000,1,87.1128,207
2591,Star Fox 64,Shooter,53,NULL,87.0000,1,85.3085,200
1638,GoldenEye 007,Shooter,105,NULL,88.0000,0,85.8556,313
1626,Super Smash Bros.,Platform,83,NULL,85.0000,1,81.4005,359
1531,Jak and Daxter: The Lost Frontier,Platform,8,NULL,77.5000,4,65.5921,22
1531,Jak and Daxter: The Lost Frontier,Adventure,8,NULL,77.5000,4,65.5921,22
566,Ghostbusters: The Video Game,Shooter,9,NULL,69.8571,12,76.1217,45
566,Ghostbusters: The Video Game,Adventure,9,NULL,69.8571,12,76.1217,45
3418,Banjo-Tooie,Platform,48,NULL,NULL,NULL,86.7207,133
3418,Banjo-Tooie,Adventure,48,NULL,NULL,NULL,86.7207,133
3213,Yoshi's Story,Platform,14,NULL,NULL,NULL,72.6050,86
10619,Cricket 07,Sport,1,NULL,30.0000,1,65.9446,14
36508,Digimon World 2,Role-playing (RPG),6,NULL,NULL,NULL,76.1286,28
36508,Digimon World 2,Adventure,6,NULL,NULL,NULL,76.1286,28
1096,Donkey Kong 64,Platform,39,NULL,NULL,NULL,72.9346,138
1096,Donkey Kong 64,Adventure,39,NULL,NULL,NULL,72.9346,138
739,Guild Wars: Factions,Role-playing (RPG),15,NULL,80.0000,3,79.8774,37
739,Guild Wars: Factions,Strategy,15,NULL,80.0000,3,79.8774,37
739,Guild Wars: Factions,Adventure,15,NULL,80.0000,3,79.8774,37
6505,Mario vs. Donkey Kong,Platform,8,NULL,80.0000,1,77.2507,42
6505,Mario vs. Donkey Kong,Puzzle,8,NULL,80.0000,1,77.2507,42
1041,The Legend of Zelda: Oracle of Ages,Puzzle,37,NULL,95.3333,3,84.8413,129
1041,The Legend of Zelda: Oracle of Ages,Role-playing (RPG),37,NULL,95.3333,3,84.8413,129
1041,The Legend of Zelda: Oracle of Ages,Adventure,37,NULL,95.3333,3,84.8413,129
19678,Digimon World 3,Role-playing (RPG),7,NULL,NULL,NULL,72.7279,34
19678,Digimon World 3,Adventure,7,NULL,NULL,NULL,72.7279,34
44819,Digimon Digital Card Battle,Role-playing (RPG),3,NULL,NULL,NULL,71.9886,14
44819,Digimon Digital Card Battle,Strategy,3,NULL,NULL,NULL,71.9886,14
1032,The Legend of Zelda: Oracle of Seasons,Puzzle,40,NULL,93.0000,2,82.7606,147
1032,The Legend of Zelda: Oracle of Seasons,Role-playing (RPG),40,NULL,93.0000,2,82.7606,147
1032,The Legend of Zelda: Oracle of Seasons,Adventure,40,NULL,93.0000,2,82.7606,147
1134,Castlevania: Aria of Sorrow,Platform,30,NULL,86.0000,2,88.3858,172
1134,Castlevania: Aria of Sorrow,Role-playing (RPG),30,NULL,86.0000,2,88.3858,172
1134,Castlevania: Aria of Sorrow,Adventure,30,NULL,86.0000,2,88.3858,172
1035,The Legend of Zelda: The Minish Cap,Puzzle,93,NULL,90.0000,1,84.4101,343
1035,The Legend of Zelda: The Minish Cap,Role-playing (RPG),93,NULL,90.0000,1,84.4101,343
1035,The Legend of Zelda: The Minish Cap,Adventure,93,NULL,90.0000,1,84.4101,343
3721,Kirby & the Amazing Mirror,Platform,16,NULL,NULL,NULL,84.4268,76
3721,Kirby & the Amazing Mirror,Adventure,16,NULL,NULL,NULL,84.4268,76
1107,Metroid: Zero Mission,Shooter,56,NULL,95.0000,3,86.4611,220
1107,Metroid: Zero Mission,Platform,56,NULL,95.0000,3,86.4611,220
1107,Metroid: Zero Mission,Adventure,56,NULL,95.0000,3,86.4611,220
80877,Final Fantasy XV: Royal Edition,Role-playing (RPG),NULL,NULL,73.0000,1,78.4647,25
80877,Final Fantasy XV: Royal Edition,Adventure,NULL,NULL,73.0000,1,78.4647,25
1104,Metroid Fusion,Shooter,64,NULL,85.0000,3,83.7950,234
1104,Metroid Fusion,Platform,64,NULL,85.0000,3,83.7950,234
1104,Metroid Fusion,Puzzle,64,NULL,85.0000,3,83.7950,234
1104,Metroid Fusion,Adventure,64,NULL,85.0000,3,83.7950,234
3351,Mario & Luigi: Superstar Saga,Role-playing (RPG),39,NULL,86.0000,1,86.7088,149
1312,Medal of Honor: Heroes,Shooter,2,NULL,50.0000,1,70.1695,11
1312,Medal of Honor: Heroes,Strategy,2,NULL,50.0000,1,70.1695,11
144,Star Wars: Empire at War,Strategy,18,NULL,72.5000,3,73.9652,88
11605,The Typing of the Dead,Shooter,4,NULL,80.0000,1,65.5027,15
192150,Sonic Adventure DX: Director's Cut,Platform,NULL,NULL,NULL,NULL,73.9564,12
192150,Sonic Adventure DX: Director's Cut,Adventure,NULL,NULL,NULL,NULL,73.9564,12
7412,Fallout: Brotherhood of Steel,Role-playing (RPG),5,NULL,52.5000,3,61.8066,13
4106,Monster Rancher 2,Platform,2,NULL,NULL,NULL,70.5101,12
4106,Monster Rancher 2,Role-playing (RPG),2,NULL,NULL,NULL,70.5101,12
4106,Monster Rancher 2,Simulator,2,NULL,NULL,NULL,70.5101,12
4106,Monster Rancher 2,Strategy,2,NULL,NULL,NULL,70.5101,12
10700,PixelJunk Eden,Platform,2,NULL,87.3333,4,51.8371,13
10700,PixelJunk Eden,Puzzle,2,NULL,87.3333,4,51.8371,13
10700,PixelJunk Eden,Adventure,2,NULL,87.3333,4,51.8371,13
10700,PixelJunk Eden,Indie,2,NULL,87.3333,4,51.8371,13
9628,Transformice,Platform,7,1,NULL,NULL,68.9847,24
9628,Transformice,Puzzle,7,1,NULL,NULL,68.9847,24
9628,Transformice,Strategy,7,1,NULL,NULL,68.9847,24
9628,Transformice,Adventure,7,1,NULL,NULL,68.9847,24
9628,Transformice,Indie,7,1,NULL,NULL,68.9847,24
55092,Secret of Mana,Role-playing (RPG),41,4,68.0000,10,51.7043,17
55092,Secret of Mana,Adventure,41,4,68.0000,10,51.7043,17
103,Need for Speed: Nitro,Arcade,3,NULL,69.0000,3,78.4045,13
10151,Speedball,Sport,NULL,NULL,NULL,NULL,75.0341,12
4144,Armored Core,Shooter,6,NULL,NULL,NULL,77.1590,18
4144,Armored Core,Simulator,6,NULL,NULL,NULL,77.1590,18
55077,Beast Battle Simulator,Role-playing (RPG),39,NULL,NULL,NULL,96.4117,13
55077,Beast Battle Simulator,Simulator,39,NULL,NULL,NULL,96.4117,13
55077,Beast Battle Simulator,Sport,39,NULL,NULL,NULL,96.4117,13
55077,Beast Battle Simulator,Strategy,39,NULL,NULL,NULL,96.4117,13
55077,Beast Battle Simulator,Indie,39,NULL,NULL,NULL,96.4117,13
20053,SimCity BuildIt,Simulator,6,NULL,80.0000,3,69.8731,19
20053,SimCity BuildIt,Strategy,6,NULL,80.0000,3,69.8731,19
3769,DCS World,Simulator,4,NULL,NULL,NULL,92.5913,13
120,Diablo III,Role-playing (RPG),244,NULL,83.4000,22,78.4176,756
120,Diablo III,Adventure,244,NULL,83.4000,22,78.4176,756
6453,Katamari Damacy,Puzzle,30,NULL,85.3333,4,88.6634,95
6453,Katamari Damacy,Adventure,30,NULL,85.3333,4,88.6634,95
2732,Hexic HD,Puzzle,4,NULL,85.0000,2,59.8976,22
77336,The Legend of Zelda: A Link to the Past & Four Swords,Role-playing (RPG),7,NULL,100.0000,1,82.2558,21
77336,The Legend of Zelda: A Link to the Past & Four Swords,Adventure,7,NULL,100.0000,1,82.2558,21
3404,Mario Golf: Advance Tour,Role-playing (RPG),1,NULL,81.0000,2,67.6649,14
3404,Mario Golf: Advance Tour,Sport,1,NULL,81.0000,2,67.6649,14
1775,Mega Man Zero,Shooter,10,NULL,NULL,NULL,84.5735,78
1775,Mega Man Zero,Platform,10,NULL,NULL,NULL,84.5735,78
1775,Mega Man Zero,Adventure,10,NULL,NULL,NULL,84.5735,78
16747,Yoshi's Island: Super Mario Advance 3,Platform,12,NULL,90.0000,1,80.7591,42
16747,Yoshi's Island: Super Mario Advance 3,Adventure,12,NULL,90.0000,1,80.7591,42
6600,Sonic Battle,Adventure,5,NULL,75.0000,1,61.2805,31
2178,New Super Mario Bros. Wii,Platform,71,NULL,81.2500,6,82.2961,258
2178,New Super Mario Bros. Wii,Adventure,71,NULL,81.2500,6,82.2961,258
2733,10-Yard Fight,Sport,1,NULL,NULL,NULL,59.2258,12
119295,Microsoft Flight Simulator,Simulator,43,19,85.4444,13,93.4344,60
2471,Dangerous Dave,Platform,4,NULL,NULL,NULL,54.1316,14
953,NHL 10,Simulator,1,NULL,84.0000,4,82.2627,15
953,NHL 10,Sport,1,NULL,84.0000,4,82.2627,15
1864,Ni no Kuni: Wrath of the White Witch,Role-playing (RPG),72,NULL,83.7000,13,86.1786,180
1864,Ni no Kuni: Wrath of the White Witch,Adventure,72,NULL,83.7000,13,86.1786,180
1427,Phoenix Wright: Ace Attorney - Justice for All,Adventure,34,NULL,80.0000,4,78.3683,163
3332,Vigilante 8,Shooter,11,NULL,40.0000,1,71.7017,46
1429,Apollo Justice: Ace Attorney,Puzzle,21,NULL,74.4000,7,72.2702,107
1429,Apollo Justice: Ace Attorney,Role-playing (RPG),21,NULL,74.4000,7,72.2702,107
1429,Apollo Justice: Ace Attorney,Adventure,21,NULL,74.4000,7,72.2702,107
1428,Phoenix Wright: Ace Attorney - Trials and Tribulations,Adventure,36,NULL,83.5000,3,87.9745,159
3668,Shrek 2,Platform,18,NULL,63.7500,5,57.9837,54
3668,Shrek 2,Adventure,18,NULL,63.7500,5,57.9837,54
12077,Phoenix Wright: Ace Attorney - Spirit of Justice,Puzzle,23,7,81.4444,19,83.5373,33
12077,Phoenix Wright: Ace Attorney - Spirit of Justice,Role-playing (RPG),23,7,81.4444,19,83.5373,33
12077,Phoenix Wright: Ace Attorney - Spirit of Justice,Adventure,23,7,81.4444,19,83.5373,33
1430,Ace Attorney Investigations: Miles Edgeworth,Puzzle,17,NULL,81.0000,3,75.6265,62
1430,Ace Attorney Investigations: Miles Edgeworth,Simulator,17,NULL,81.0000,3,75.6265,62
1430,Ace Attorney Investigations: Miles Edgeworth,Adventure,17,NULL,81.0000,3,75.6265,62
160,Star Wars: Jedi Knight - Mysteries of the Sith,Shooter,5,NULL,NULL,NULL,79.6830,28
76244,The Great Ace Attorney: Adventures,Puzzle,10,NULL,NULL,NULL,92.1356,23
76244,The Great Ace Attorney: Adventures,Adventure,10,NULL,NULL,NULL,92.1356,23
6743,Dungeons of Dredmor,Role-playing (RPG),4,NULL,70.0000,2,69.9212,32
6743,Dungeons of Dredmor,Indie,4,NULL,70.0000,2,69.9212,32
1907,Grim Dawn,Role-playing (RPG),52,16,82.0000,4,74.2807,151
1907,Grim Dawn,Adventure,52,16,82.0000,4,74.2807,151
1907,Grim Dawn,Indie,52,16,82.0000,4,74.2807,151
21610,Phoenix Wright: Ace Attorney Trilogy,Puzzle,11,NULL,82.2500,13,82.4203,55
21610,Phoenix Wright: Ace Attorney Trilogy,Simulator,11,NULL,82.2500,13,82.4203,55
21610,Phoenix Wright: Ace Attorney Trilogy,Adventure,11,NULL,82.2500,13,82.4203,55
3019,Starbound,Platform,63,4,87.4000,6,71.7020,179
3019,Starbound,Role-playing (RPG),63,4,87.4000,6,71.7020,179
3019,Starbound,Adventure,63,4,87.4000,6,71.7020,179
3019,Starbound,Indie,63,4,87.4000,6,71.7020,179
2592,DEFCON,Strategy,3,NULL,85.0000,3,77.3748,22
2592,DEFCON,Indie,3,NULL,85.0000,3,77.3748,22
2238,King's Quest V: Absence Makes the Heart Go Yonder!,Puzzle,9,NULL,NULL,NULL,73.1707,25
2238,King's Quest V: Absence Makes the Heart Go Yonder!,Adventure,9,NULL,NULL,NULL,73.1707,25
5968,Double Dragon Neon,Indie,3,NULL,75.5000,4,77.0310,19
945,Football Manager 2007,Simulator,5,NULL,76.2500,3,77.2924,18
945,Football Manager 2007,Sport,5,NULL,76.2500,3,77.2924,18
945,Football Manager 2007,Strategy,5,NULL,76.2500,3,77.2924,18
14530,Super Bomberman 2,Strategy,7,NULL,NULL,NULL,81.4493,27
14530,Super Bomberman 2,Arcade,7,NULL,NULL,NULL,81.4493,27
84919,Super C,Shooter,NULL,NULL,NULL,NULL,79.5534,19
84919,Super C,Adventure,NULL,NULL,NULL,NULL,79.5534,19
84919,Super C,Arcade,NULL,NULL,NULL,NULL,79.5534,19
6790,Double Dragon II: The Revenge,Adventure,18,NULL,NULL,NULL,77.9079,74
6790,Double Dragon II: The Revenge,Arcade,18,NULL,NULL,NULL,77.9079,74
9554,Mr. DO!,Adventure,2,NULL,80.0000,1,62.9853,12
9554,Mr. DO!,Arcade,2,NULL,80.0000,1,62.9853,12
18595,Trace Memory,Puzzle,5,NULL,70.0000,1,64.1495,15
18595,Trace Memory,Adventure,5,NULL,70.0000,1,64.1495,15
7881,ESPN NFL 2K5,Simulator,5,NULL,91.5000,3,91.0789,19
7881,ESPN NFL 2K5,Sport,5,NULL,91.5000,3,91.0789,19
7452,Ms. Pac-Man,Arcade,10,NULL,84.0000,2,80.6153,70
20284,Kingdom Hearts II Final Mix,Shooter,14,NULL,NULL,NULL,84.8018,42
20284,Kingdom Hearts II Final Mix,Platform,14,NULL,NULL,NULL,84.8018,42
20284,Kingdom Hearts II Final Mix,Role-playing (RPG),14,NULL,NULL,NULL,84.8018,42
20284,Kingdom Hearts II Final Mix,Adventure,14,NULL,NULL,NULL,84.8018,42
8819,A Golden Wake,Adventure,4,NULL,86.0000,1,62.9177,15
8819,A Golden Wake,Indie,4,NULL,86.0000,1,62.9177,15
1956,Alone in the Dark,Puzzle,19,NULL,60.0000,1,72.5356,59
1956,Alone in the Dark,Adventure,19,NULL,60.0000,1,72.5356,59
3333,Vigilante 8: 2nd Offense,Shooter,8,NULL,NULL,NULL,81.0239,28
113108,Journey to the Savage Planet,Shooter,13,9,80.3636,16,73.5918,39
113108,Journey to the Savage Planet,Adventure,13,9,80.3636,16,73.5918,39
8960,Nosferatu: The Wrath of Malachi,Shooter,4,NULL,80.0000,1,71.2902,18
8960,Nosferatu: The Wrath of Malachi,Adventure,4,NULL,80.0000,1,71.2902,18
8307,Lemmings 2: The Tribes,Puzzle,14,NULL,NULL,NULL,89.4469,35
8307,Lemmings 2: The Tribes,Sport,14,NULL,NULL,NULL,89.4469,35
8307,Lemmings 2: The Tribes,Strategy,14,NULL,NULL,NULL,89.4469,35
138235,Super Mario Bros. 35,Platform,21,20,70.0000,5,59.9975,34
1371,Company of Heroes: Tales of Valor,Strategy,13,1,67.5000,5,83.3706,31
3743,Freddi Fish and The Case of the Missing Kelp Seeds,Platform,2,NULL,NULL,NULL,79.9585,14
3743,Freddi Fish and The Case of the Missing Kelp Seeds,Puzzle,2,NULL,NULL,NULL,79.9585,14
3743,Freddi Fish and The Case of the Missing Kelp Seeds,Adventure,2,NULL,NULL,NULL,79.9585,14
1370,Company of Heroes: Opposing Fronts,Strategy,14,1,82.0000,3,83.6440,27
11292,Rogue Galaxy,Role-playing (RPG),9,NULL,81.5000,4,67.1209,30
11292,Rogue Galaxy,Adventure,9,NULL,81.5000,4,67.1209,30
41829,The Legend of Zelda: Breath of the Wild - Expansion Pass,Role-playing (RPG),6,NULL,NULL,NULL,95.9378,15
41829,The Legend of Zelda: Breath of the Wild - Expansion Pass,Adventure,6,NULL,NULL,NULL,95.9378,15
2947,Shadow Warrior,Shooter,29,NULL,77.5000,0,77.7632,65
8477,Alien vs Predator,Shooter,5,NULL,NULL,NULL,67.7371,12
43036,Monkey Island Special Edition Collection,Adventure,3,NULL,NULL,NULL,95.0163,13
4368,Jungle Strike,Shooter,4,NULL,NULL,NULL,77.6325,20
3231,Below,Role-playing (RPG),44,28,65.8000,12,72.5927,19
3231,Below,Adventure,44,28,65.8000,12,72.5927,19
3231,Below,Indie,44,28,65.8000,12,72.5927,19
3075,FTL: Faster Than Light,Role-playing (RPG),110,NULL,88.8000,6,84.1474,351
3075,FTL: Faster Than Light,Simulator,110,NULL,88.8000,6,84.1474,351
3075,FTL: Faster Than Light,Strategy,110,NULL,88.8000,6,84.1474,351
3075,FTL: Faster Than Light,Indie,110,NULL,88.8000,6,84.1474,351
6984,EA Sports MMA,Sport,1,NULL,80.6000,8,77.3726,11
5991,Project: Snowblind,Shooter,3,NULL,72.5000,4,63.0288,23
7042,Silver,Role-playing (RPG),13,NULL,NULL,NULL,77.0547,21
7042,Silver,Adventure,13,NULL,NULL,NULL,77.0547,21
254,RollerCoaster Tycoon,Simulator,63,NULL,83.0000,2,82.4585,179
254,RollerCoaster Tycoon,Strategy,63,NULL,83.0000,2,82.4585,179
11588,Quiplash,Strategy,12,NULL,70.3333,3,76.2850,16
11588,Quiplash,Indie,12,NULL,70.3333,3,76.2850,16
11265,Blood II: The Chosen,Shooter,11,NULL,NULL,NULL,70.8621,23
13057,Top Gear 2,Simulator,NULL,NULL,NULL,NULL,57.7471,15
78459,Divinity II: Developer's Cut,Role-playing (RPG),2,NULL,NULL,NULL,78.8516,14
78459,Divinity II: Developer's Cut,Adventure,2,NULL,NULL,NULL,78.8516,14
22472,Artificial Academy 2,Simulator,88,NULL,NULL,NULL,78.0867,32
1930,Gobliiins,Puzzle,9,NULL,NULL,NULL,79.9109,23
1930,Gobliiins,Adventure,9,NULL,NULL,NULL,79.9109,23
2209,Atlantis: The Lost Tales,Puzzle,4,NULL,NULL,NULL,53.8779,12
2209,Atlantis: The Lost Tales,Adventure,4,NULL,NULL,NULL,53.8779,12
9103,Elasto Mania,Platform,10,NULL,NULL,NULL,91.3553,33
9103,Elasto Mania,Puzzle,10,NULL,NULL,NULL,91.3553,33
9103,Elasto Mania,Simulator,10,NULL,NULL,NULL,91.3553,33
9103,Elasto Mania,Sport,10,NULL,NULL,NULL,91.3553,33
9103,Elasto Mania,Indie,10,NULL,NULL,NULL,91.3553,33
9103,Elasto Mania,Arcade,10,NULL,NULL,NULL,91.3553,33
984,Tom Clancy's H.A.W.X 2,Simulator,3,NULL,52.1667,9,60.2436,16
984,Tom Clancy's H.A.W.X 2,Adventure,3,NULL,52.1667,9,60.2436,16
10717,Prehistorik,Platform,2,NULL,NULL,NULL,70.1453,21
2912,Leisure Suit Larry: Love for Sail!,Adventure,13,NULL,NULL,NULL,82.2588,44
5577,Lyne,Puzzle,8,NULL,NULL,NULL,58.1534,24
5577,Lyne,Indie,8,NULL,NULL,NULL,58.1534,24
103330,Nioh 2,Role-playing (RPG),16,9,84.4444,10,79.6681,38
103330,Nioh 2,Adventure,16,9,84.4444,10,79.6681,38
109462,Animal Crossing: New Horizons,Simulator,108,29,90.1818,15,83.6412,327
1369,Company of Heroes 2,Simulator,35,NULL,77.7273,12,79.9400,88
1369,Company of Heroes 2,Strategy,35,NULL,77.7273,12,79.9400,88
145515,Pac-Man 99,Arcade,NULL,NULL,77.6667,4,78.6214,13
6379,The Magical Quest Starring Mickey Mouse,Platform,6,NULL,NULL,NULL,72.4165,29
19136,CastleStorm,Shooter,2,NULL,73.0000,9,69.3576,11
19136,CastleStorm,Strategy,2,NULL,73.0000,9,69.3576,11
19136,CastleStorm,Adventure,2,NULL,73.0000,9,69.3576,11
19136,CastleStorm,Indie,2,NULL,73.0000,9,69.3576,11
11244,Rez,Shooter,15,NULL,88.0000,5,86.0801,35
4539,FIFA Soccer 95,Sport,5,NULL,NULL,NULL,70.0353,15
3977,Lemony Snicket's A Series of Unfortunate Events,Platform,5,NULL,58.8000,5,69.2791,13
3977,Lemony Snicket's A Series of Unfortunate Events,Adventure,5,NULL,58.8000,5,69.2791,13
54780,Subsurface Circular,Puzzle,8,NULL,67.0000,3,71.4392,21
54780,Subsurface Circular,Adventure,8,NULL,67.0000,3,71.4392,21
54780,Subsurface Circular,Indie,8,NULL,67.0000,3,71.4392,21
17478,Kinect Sports,Sport,5,NULL,75.0000,6,64.5245,13
1308,Medal of Honor: Underground,Shooter,17,NULL,NULL,NULL,74.9787,62
19712,NBA Jam Tournament Edition,Sport,1,NULL,65.0000,1,61.4225,15
19712,NBA Jam Tournament Edition,Arcade,1,NULL,65.0000,1,61.4225,15
3073,Forza Motorsport,Simulator,6,NULL,87.7500,4,84.1809,26
3073,Forza Motorsport,Sport,6,NULL,87.7500,4,84.1809,26
5357,The Amazing Spider-Man vs. The Kingpin,Platform,5,NULL,NULL,NULL,72.0796,15
654,Company of Heroes,Strategy,71,NULL,95.0000,5,85.4496,194
9543,"Zero Escape: Nine Hours, Nine Persons, Nine Doors",Puzzle,41,NULL,90.0000,3,83.5178,175
9543,"Zero Escape: Nine Hours, Nine Persons, Nine Doors",Adventure,41,NULL,90.0000,3,83.5178,175
6708,Street Fighter III: New Generation,Arcade,3,NULL,NULL,NULL,72.7833,28
3429,Cruis'n USA,Arcade,4,NULL,NULL,NULL,66.0326,27
3364,Mario & Luigi: Partners in Time,Puzzle,24,NULL,90.6667,3,78.5376,98
3364,Mario & Luigi: Partners in Time,Role-playing (RPG),24,NULL,90.6667,3,78.5376,98
3364,Mario & Luigi: Partners in Time,Adventure,24,NULL,90.6667,3,78.5376,98
2320,Pokémon Mystery Dungeon: Blue Rescue Team,Role-playing (RPG),14,NULL,65.0000,2,77.8440,63
2320,Pokémon Mystery Dungeon: Blue Rescue Team,Adventure,14,NULL,65.0000,2,77.8440,63
3323,Tropico 2: Pirate Cove,Simulator,4,NULL,86.0000,2,70.0219,13
3323,Tropico 2: Pirate Cove,Strategy,4,NULL,86.0000,2,70.0219,13
7307,Folklore,Role-playing (RPG),7,NULL,77.0000,6,63.7191,13
7307,Folklore,Adventure,7,NULL,77.0000,6,63.7191,13
8433,Lifeless Planet,Puzzle,9,NULL,61.4286,7,59.7125,25
8433,Lifeless Planet,Adventure,9,NULL,61.4286,7,59.7125,25
8433,Lifeless Planet,Indie,9,NULL,61.4286,7,59.7125,25
19847,HunieCam Studio,Simulator,12,NULL,75.0000,1,77.2389,28
19847,HunieCam Studio,Strategy,12,NULL,75.0000,1,77.2389,28
19847,HunieCam Studio,Indie,12,NULL,75.0000,1,77.2389,28
3723,Kirby: Squeak Squad,Platform,6,NULL,70.0000,1,78.8904,48
3723,Kirby: Squeak Squad,Adventure,6,NULL,70.0000,1,78.8904,48
5759,Brute Force,Shooter,3,NULL,78.0000,4,68.9754,12
7625,Nancy Drew: Secret of the Scarlet Hand,Adventure,NULL,NULL,NULL,NULL,67.0575,14
19530,Quake Champions,Shooter,33,14,NULL,NULL,72.5703,58
1038,The Legend of Zelda: Spirit Tracks,Puzzle,39,NULL,91.6667,5,76.8409,147
1038,The Legend of Zelda: Spirit Tracks,Role-playing (RPG),39,NULL,91.6667,5,76.8409,147
1038,The Legend of Zelda: Spirit Tracks,Adventure,39,NULL,91.6667,5,76.8409,147
1037,The Legend of Zelda: Phantom Hourglass,Puzzle,55,NULL,89.2500,4,76.9603,221
1037,The Legend of Zelda: Phantom Hourglass,Role-playing (RPG),55,NULL,89.2500,4,76.9603,221
1037,The Legend of Zelda: Phantom Hourglass,Adventure,55,NULL,89.2500,4,76.9603,221
1569,Jet Grind Radio,Platform,13,NULL,80.0000,4,76.0245,74
1569,Jet Grind Radio,Adventure,13,NULL,80.0000,4,76.0245,74
8808,Super Scribblenauts,Platform,NULL,NULL,85.2500,7,75.8872,24
8808,Super Scribblenauts,Puzzle,NULL,NULL,85.2500,7,75.8872,24
1348,Ghost Trick: Phantom Detective,Puzzle,24,NULL,50.0000,10,89.8760,81
1348,Ghost Trick: Phantom Detective,Adventure,24,NULL,50.0000,10,89.8760,81
1779,Mega Man ZX,Shooter,7,NULL,63.3333,3,93.0958,38
1779,Mega Man ZX,Platform,7,NULL,63.3333,3,93.0958,38
27034,Linelight,Platform,6,NULL,90.4000,8,96.8896,16
27034,Linelight,Puzzle,6,NULL,90.4000,8,96.8896,16
27034,Linelight,Strategy,6,NULL,90.4000,8,96.8896,16
27034,Linelight,Adventure,6,NULL,90.4000,8,96.8896,16
27034,Linelight,Indie,6,NULL,90.4000,8,96.8896,16
3363,Mario & Luigi: Bowser's Inside Story,Platform,29,NULL,96.0000,7,89.6711,108
3363,Mario & Luigi: Bowser's Inside Story,Role-playing (RPG),29,NULL,96.0000,7,89.6711,108
7233,Venetica,Role-playing (RPG),5,NULL,46.6667,5,37.5254,19
7233,Venetica,Adventure,5,NULL,46.6667,5,37.5254,19
7233,Venetica,Indie,5,NULL,46.6667,5,37.5254,19
12209,Tokyo Twilight Ghost Hunters: Daybreak Special Gigs,Role-playing (RPG),1,NULL,65.9091,11,60.0000,2
12209,Tokyo Twilight Ghost Hunters: Daybreak Special Gigs,Strategy,1,NULL,65.9091,11,60.0000,2
12209,Tokyo Twilight Ghost Hunters: Daybreak Special Gigs,Adventure,1,NULL,65.9091,11,60.0000,2
18017,The Legend of Zelda: Twilight Princess HD,Platform,33,3,85.7500,14,83.8401,86
18017,The Legend of Zelda: Twilight Princess HD,Puzzle,33,3,85.7500,14,83.8401,86
18017,The Legend of Zelda: Twilight Princess HD,Adventure,33,3,85.7500,14,83.8401,86
6704,Street Fighter Alpha 3,Arcade,8,NULL,80.0000,2,81.3296,68
5234,Top Spin,Simulator,6,NULL,80.0000,3,72.5267,15
5234,Top Spin,Sport,6,NULL,80.0000,3,72.5267,15
107776,"One Night, Hot Springs",Simulator,1,1,NULL,NULL,70.1888,18
107776,"One Night, Hot Springs",Adventure,1,1,NULL,NULL,70.1888,18
107776,"One Night, Hot Springs",Indie,1,1,NULL,NULL,70.1888,18
5507,Moonstone: A Hard Days Knight,Role-playing (RPG),6,NULL,NULL,NULL,71.4567,13
5507,Moonstone: A Hard Days Knight,Adventure,6,NULL,NULL,NULL,71.4567,13
1491,SimCity Societies,Simulator,6,NULL,66.6667,4,66.1548,19
1491,SimCity Societies,Strategy,6,NULL,66.6667,4,66.1548,19
109532,Assassin's Creed III Remastered,Role-playing (RPG),21,1,80.0000,1,78.0997,56
109532,Assassin's Creed III Remastered,Adventure,21,1,80.0000,1,78.0997,56
62032,Hungry Shark Evolution,Arcade,4,NULL,NULL,NULL,70.3636,17
433,The Chronicles of Riddick: Assault on Dark Athena,Shooter,29,NULL,80.8333,8,80.9948,58
42611,Hagane: The Final Conflict,Platform,NULL,NULL,NULL,NULL,70.1864,14
42611,Hagane: The Final Conflict,Arcade,NULL,NULL,NULL,NULL,70.1864,14
6637,Hexen II,Shooter,9,NULL,NULL,NULL,68.8094,18
6637,Hexen II,Role-playing (RPG),9,NULL,NULL,NULL,68.8094,18
6637,Hexen II,Adventure,9,NULL,NULL,NULL,68.8094,18
39328,Dungeons & Dragons: Tower of Doom,Role-playing (RPG),1,NULL,NULL,NULL,78.3812,16
7751,Alleyway,Puzzle,4,NULL,50.0000,1,70.5475,13
7751,Alleyway,Arcade,4,NULL,50.0000,1,70.5475,13
4699,Double Dribble,Sport,2,NULL,NULL,NULL,70.9270,14
3789,Asterix & Obelix: Kick Buttix,Platform,8,NULL,NULL,NULL,68.4770,20
3789,Asterix & Obelix: Kick Buttix,Adventure,8,NULL,NULL,NULL,68.4770,20
7629,Nancy Drew: Legend of the Crystal Skull,Adventure,1,NULL,NULL,NULL,79.4154,11
77457,Super Soccer,Sport,1,NULL,NULL,NULL,59.3045,14
1209,Tales of Vesperia,Role-playing (RPG),15,NULL,80.2000,7,81.0569,47
68369,The Norwood Suite,Adventure,2,NULL,NULL,NULL,79.5277,11
68369,The Norwood Suite,Indie,2,NULL,NULL,NULL,79.5277,11
927,Unreal Tournament 2004,Shooter,64,NULL,88.0000,3,83.4456,174
7864,DeadCore,Shooter,2,NULL,62.6667,3,62.7068,13
7864,DeadCore,Platform,2,NULL,62.6667,3,62.7068,13
7864,DeadCore,Indie,2,NULL,62.6667,3,62.7068,13
178237,Donkey Kong Country 2,Platform,NULL,NULL,70.0000,1,80.0959,11
9834,Warlords Battlecry III,Role-playing (RPG),9,NULL,NULL,NULL,82.7364,18
9834,Warlords Battlecry III,Strategy,9,NULL,NULL,NULL,82.7364,18
453,The Death and Return of Superman,Adventure,1,NULL,NULL,NULL,58.9068,15
9861,International Superstar Soccer,Sport,4,NULL,NULL,NULL,80.0370,21
4630,Yu-Gi-Oh! The Duelists of the Roses,Strategy,3,NULL,NULL,NULL,82.3929,18
6816,Knights of the Round,Role-playing (RPG),2,NULL,NULL,NULL,79.8618,26
6816,Knights of the Round,Adventure,2,NULL,NULL,NULL,79.8618,26
6816,Knights of the Round,Arcade,2,NULL,NULL,NULL,79.8618,26
8360,One Finger Death Punch,Indie,18,NULL,90.0000,2,70.7232,50
8360,One Finger Death Punch,Arcade,18,NULL,90.0000,2,70.7232,50
19835,Dragon Ball Z: Buu's Fury,Role-playing (RPG),4,NULL,NULL,NULL,71.3541,33
19835,Dragon Ball Z: Buu's Fury,Adventure,4,NULL,NULL,NULL,71.3541,33
55189,Warhammer: Vermintide 2,Shooter,47,2,81.1111,12,75.2970,91
55189,Warhammer: Vermintide 2,Role-playing (RPG),47,2,81.1111,12,75.2970,91
55189,Warhammer: Vermintide 2,Adventure,47,2,81.1111,12,75.2970,91
55189,Warhammer: Vermintide 2,Indie,47,2,81.1111,12,75.2970,91
6110,Hang-On,Sport,2,NULL,NULL,NULL,69.1242,18
749,Homeworld,Strategy,28,NULL,90.0000,1,85.2368,49
749,Homeworld,Adventure,28,NULL,90.0000,1,85.2368,49
11610,Disgaea: Hour of Darkness,Role-playing (RPG),19,NULL,90.0000,2,83.9272,29
11610,Disgaea: Hour of Darkness,Strategy,19,NULL,90.0000,2,83.9272,29
11756,Arkanoid: Revenge of Doh,Puzzle,4,NULL,NULL,NULL,80.0796,15
11756,Arkanoid: Revenge of Doh,Arcade,4,NULL,NULL,NULL,80.0796,15
3896,Dragon Ball Z: Sagas,Adventure,6,NULL,NULL,NULL,48.4618,47
2844,The Simpsons: Hit & Run,Platform,54,NULL,72.8000,6,76.0563,214
2844,The Simpsons: Hit & Run,Adventure,54,NULL,72.8000,6,76.0563,214
9064,Super Adventure Island,Platform,2,NULL,NULL,NULL,66.9374,12
9064,Super Adventure Island,Adventure,2,NULL,NULL,NULL,66.9374,12
26546,Dynasty Warriors 9,Role-playing (RPG),14,3,65.1250,10,50.6039,11
26546,Dynasty Warriors 9,Adventure,14,3,65.1250,10,50.6039,11
5597,Assetto Corsa,Simulator,25,NULL,63.7000,11,80.3468,66
5597,Assetto Corsa,Sport,25,NULL,63.7000,11,80.3468,66
5597,Assetto Corsa,Indie,25,NULL,63.7000,11,80.3468,66
18013,Dungeon Souls,Role-playing (RPG),9,NULL,69.7500,5,63.1965,17
18013,Dungeon Souls,Adventure,9,NULL,69.7500,5,63.1965,17
18013,Dungeon Souls,Indie,9,NULL,69.7500,5,63.1965,17
11491,Zombi,Shooter,16,NULL,63.0000,6,67.2504,36
11491,Zombi,Adventure,16,NULL,63.0000,6,67.2504,36
26869,World of Horror,Role-playing (RPG),4,2,90.0000,1,61.4688,14
26869,World of Horror,Adventure,4,2,90.0000,1,61.4688,14
26869,World of Horror,Indie,4,2,90.0000,1,61.4688,14
47068,FNaF World,Role-playing (RPG),2,NULL,NULL,NULL,73.8179,12
47068,FNaF World,Strategy,2,NULL,NULL,NULL,73.8179,12
47068,FNaF World,Adventure,2,NULL,NULL,NULL,73.8179,12
10232,Thimbleweed Park,Puzzle,60,12,82.6154,15,80.2583,103
10232,Thimbleweed Park,Adventure,60,12,82.6154,15,80.2583,103
10232,Thimbleweed Park,Indie,60,12,82.6154,15,80.2583,103
337,American McGee's Alice,Platform,23,NULL,NULL,NULL,73.9481,99
337,American McGee's Alice,Puzzle,23,NULL,NULL,NULL,73.9481,99
337,American McGee's Alice,Adventure,23,NULL,NULL,NULL,73.9481,99
44463,Super Star Wars: The Empire Strikes Back,Platform,2,NULL,NULL,NULL,75.0451,21
44463,Super Star Wars: The Empire Strikes Back,Adventure,2,NULL,NULL,NULL,75.0451,21
42576,X-Men: Mutant Apocalypse,Platform,NULL,NULL,NULL,NULL,67.1053,16
3811,Bionicle: The Game,Adventure,4,NULL,43.0000,1,61.1322,13
2195,Mike Tyson's Punch-Out!!,Sport,15,NULL,NULL,NULL,82.8128,82
103337,Divinity: Original Sin II - Definitive Edition,Role-playing (RPG),14,1,92.5556,9,90.4421,93
103337,Divinity: Original Sin II - Definitive Edition,Strategy,14,1,92.5556,9,90.4421,93
103337,Divinity: Original Sin II - Definitive Edition,Adventure,14,1,92.5556,9,90.4421,93
4838,Guacamelee!,Platform,44,NULL,84.3636,12,79.3391,156
4838,Guacamelee!,Puzzle,44,NULL,84.3636,12,79.3391,156
4838,Guacamelee!,Adventure,44,NULL,84.3636,12,79.3391,156
4838,Guacamelee!,Indie,44,NULL,84.3636,12,79.3391,156
18657,Yoshi's Cookie,Puzzle,4,NULL,NULL,NULL,72.3555,20
19577,Star Wars: Galaxy of Heroes,Role-playing (RPG),4,1,70.0000,1,70.0474,23
19577,Star Wars: Galaxy of Heroes,Strategy,4,1,70.0000,1,70.0474,23
143335,DinoScape,Platform,8,NULL,NULL,NULL,88.6885,14
143335,DinoScape,Adventure,8,NULL,NULL,NULL,88.6885,14
143335,DinoScape,Indie,8,NULL,NULL,NULL,88.6885,14
5471,2014 FIFA World Cup Brazil,Sport,6,NULL,76.2500,7,64.7413,21
2555,MotorStorm: Apocalypse,Sport,7,NULL,78.3333,8,62.6770,30
1678,Wild Arms 2,Puzzle,2,NULL,NULL,NULL,73.8220,14
1678,Wild Arms 2,Role-playing (RPG),2,NULL,NULL,NULL,73.8220,14
282,EverQuest,Role-playing (RPG),8,NULL,84.0000,1,71.8294,18
282,EverQuest,Adventure,8,NULL,84.0000,1,71.8294,18
1481,Gradius III,Shooter,2,NULL,NULL,NULL,70.3501,18
3203,Mad Father,Puzzle,6,NULL,NULL,NULL,80.0654,51
3203,Mad Father,Adventure,6,NULL,NULL,NULL,80.0654,51
3203,Mad Father,Indie,6,NULL,NULL,NULL,80.0654,51
573,X-Men Origins: Wolverine,Adventure,35,NULL,71.6667,1,71.2563,105
27384,Graveyard Keeper,Strategy,23,10,75.0000,1,76.1216,55
27384,Graveyard Keeper,Adventure,23,10,75.0000,1,76.1216,55
27384,Graveyard Keeper,Indie,23,10,75.0000,1,76.1216,55
2265,WWE SmackDown vs. Raw 2011,Sport,16,NULL,70.0000,5,70.7388,48
6442,WWE Smackdown! Here Comes the Pain,Sport,14,NULL,90.0000,2,72.2254,46
5297,WWE 2K14,Sport,9,NULL,73.1111,9,76.7551,22
2151,Catherine,Platform,65,NULL,79.7143,11,78.6187,157
2151,Catherine,Puzzle,65,NULL,79.7143,11,78.6187,157
2151,Catherine,Adventure,65,NULL,79.7143,11,78.6187,157
11336,Warhammer: Dark Omen,Role-playing (RPG),4,NULL,NULL,NULL,79.6717,12
11336,Warhammer: Dark Omen,Strategy,4,NULL,NULL,NULL,79.6717,12
139896,Shadow of the Colossus,Platform,NULL,NULL,NULL,NULL,84.8175,26
139896,Shadow of the Colossus,Puzzle,NULL,NULL,NULL,NULL,84.8175,26
139896,Shadow of the Colossus,Adventure,NULL,NULL,NULL,NULL,84.8175,26
5296,WWE All Stars,Shooter,4,NULL,63.3333,6,57.2109,23
5296,WWE All Stars,Sport,4,NULL,63.3333,6,57.2109,23
2568,Dragon Ball Z: Shin Budokai - Another Road,Strategy,7,NULL,60.0000,1,68.7847,24
1632,GoldenEye: Rogue Agent,Shooter,5,NULL,63.3333,4,54.2455,14
7632,CSI: Dark Motives,Adventure,2,NULL,70.0000,2,78.4368,11
10632,The Sims Medieval,Simulator,5,NULL,75.0000,5,70.3929,37
10632,The Sims Medieval,Adventure,5,NULL,75.0000,5,70.3929,37
78550,Bad North,Puzzle,17,2,66.5000,2,75.4984,59
78550,Bad North,Simulator,17,2,66.5000,2,75.4984,59
78550,Bad North,Strategy,17,2,66.5000,2,75.4984,59
78550,Bad North,Adventure,17,2,66.5000,2,75.4984,59
78550,Bad North,Indie,17,2,66.5000,2,75.4984,59
24978,Contra Force,Shooter,2,NULL,NULL,NULL,70.4843,28
24978,Contra Force,Arcade,2,NULL,NULL,NULL,70.4843,28
46989,The Crooked Man,Role-playing (RPG),2,NULL,NULL,NULL,70.5334,12
46989,The Crooked Man,Adventure,2,NULL,NULL,NULL,70.5334,12
46989,The Crooked Man,Indie,2,NULL,NULL,NULL,70.5334,12
214,Neverwinter Nights 2,Role-playing (RPG),45,NULL,85.0000,5,82.7385,121
214,Neverwinter Nights 2,Adventure,45,NULL,85.0000,5,82.7385,121
22516,Crashday,Arcade,2,NULL,60.0000,1,57.1636,11
674,Dungeons & Dragons: Dragonshard,Role-playing (RPG),4,NULL,70.0000,1,80.0953,11
674,Dungeons & Dragons: Dragonshard,Strategy,4,NULL,70.0000,1,80.0953,11
16880,Tower of Guns,Shooter,5,NULL,68.0000,7,56.4580,18
16880,Tower of Guns,Indie,5,NULL,68.0000,7,56.4580,18
119656,Koikatsu Party,Simulator,4,NULL,NULL,NULL,87.6463,11
5909,Marc Ecko's Getting Up: Contents Under Pressure,Strategy,6,NULL,61.5000,4,70.3464,23
5909,Marc Ecko's Getting Up: Contents Under Pressure,Adventure,6,NULL,61.5000,4,70.3464,23
27441,Wargroove,Strategy,15,6,84.6667,9,74.4965,40
27441,Wargroove,Indie,15,6,84.6667,9,74.4965,40
5025,To the Moon,Puzzle,116,NULL,82.7143,8,81.4691,364
5025,To the Moon,Role-playing (RPG),116,NULL,82.7143,8,81.4691,364
5025,To the Moon,Adventure,116,NULL,82.7143,8,81.4691,364
5025,To the Moon,Indie,116,NULL,82.7143,8,81.4691,364
9886,Metal Gear Acid 2,Strategy,5,NULL,84.5000,2,79.6118,14
29526,Kindergarten,Adventure,2,NULL,NULL,NULL,86.0875,11
29526,Kindergarten,Indie,2,NULL,NULL,NULL,86.0875,11
7806,Bubsy 3D,Platform,1,NULL,NULL,NULL,23.0100,15
8063,Retro City Rampage,Shooter,10,NULL,72.5000,6,68.9418,17
8063,Retro City Rampage,Puzzle,10,NULL,72.5000,6,68.9418,17
8063,Retro City Rampage,Adventure,10,NULL,72.5000,6,68.9418,17
8063,Retro City Rampage,Indie,10,NULL,72.5000,6,68.9418,17
8063,Retro City Rampage,Arcade,10,NULL,72.5000,6,68.9418,17
8748,N,Platform,8,NULL,NULL,NULL,62.0804,15
8748,N,Puzzle,8,NULL,NULL,NULL,62.0804,15
8748,N,Indie,8,NULL,NULL,NULL,62.0804,15
5729,Area 51,Shooter,11,NULL,76.6667,3,72.9577,35
9732,The Flame in the Flood,Adventure,24,2,76.8824,18,75.4735,53
9732,The Flame in the Flood,Indie,24,2,76.8824,18,75.4735,53
12834,Caveman Ninja,Platform,3,NULL,NULL,NULL,65.6173,24
7020,Inversion,Shooter,8,NULL,54.0000,7,64.7671,32
9201,Yet Another Zombie Defense,Shooter,2,NULL,NULL,NULL,21.4330,15
9201,Yet Another Zombie Defense,Strategy,2,NULL,NULL,NULL,21.4330,15
9201,Yet Another Zombie Defense,Indie,2,NULL,NULL,NULL,21.4330,15
9201,Yet Another Zombie Defense,Arcade,2,NULL,NULL,NULL,21.4330,15
4703,Bakugan Battle Brawlers,Strategy,4,NULL,60.0000,2,60.8879,18
15903,Tharsis,Puzzle,9,NULL,63.4286,9,73.1152,15
15903,Tharsis,Role-playing (RPG),9,NULL,63.4286,9,73.1152,15
15903,Tharsis,Simulator,9,NULL,63.4286,9,73.1152,15
15903,Tharsis,Strategy,9,NULL,63.4286,9,73.1152,15
15903,Tharsis,Adventure,9,NULL,63.4286,9,73.1152,15
15903,Tharsis,Indie,9,NULL,63.4286,9,73.1152,15
6979,E.V.O. : Search for Eden,Platform,6,NULL,NULL,NULL,70.1010,21
6979,E.V.O. : Search for Eden,Role-playing (RPG),6,NULL,NULL,NULL,70.1010,21
2749,Bloody Roar,Arcade,5,NULL,NULL,NULL,76.7575,31
114684,Splitgate,Shooter,12,NULL,65.0000,1,72.8002,44
283,Theme Park,Simulator,14,NULL,79.0000,2,68.9582,80
283,Theme Park,Strategy,14,NULL,79.0000,2,68.9582,80
5612,LEGO Island,Adventure,5,1,NULL,NULL,67.5901,21
19612,Yo! Noid,Platform,1,NULL,NULL,NULL,51.5252,13
8605,Gunman Clive 2,Shooter,NULL,NULL,70.0000,2,74.3535,11
8605,Gunman Clive 2,Platform,NULL,NULL,70.0000,2,74.3535,11
8605,Gunman Clive 2,Adventure,NULL,NULL,70.0000,2,74.3535,11
8605,Gunman Clive 2,Indie,NULL,NULL,70.0000,2,74.3535,11
37138,Sengoku Rance,Role-playing (RPG),3,NULL,NULL,NULL,94.7147,24
37138,Sengoku Rance,Strategy,3,NULL,NULL,NULL,94.7147,24
37138,Sengoku Rance,Adventure,3,NULL,NULL,NULL,94.7147,24
18815,Ghostbusters,Shooter,NULL,NULL,32.1667,13,30.0000,1
18815,Ghostbusters,Adventure,NULL,NULL,32.1667,13,30.0000,1
12633,Atelier Sophie: The Alchemist of the Mysterious Book,Role-playing (RPG),9,NULL,76.0833,12,77.9588,8
12633,Atelier Sophie: The Alchemist of the Mysterious Book,Adventure,9,NULL,76.0833,12,77.9588,8
9705,10000000,Puzzle,4,NULL,80.0000,1,50.3168,15
9705,10000000,Role-playing (RPG),4,NULL,80.0000,1,50.3168,15
9705,10000000,Simulator,4,NULL,80.0000,1,50.3168,15
9705,10000000,Strategy,4,NULL,80.0000,1,50.3168,15
9705,10000000,Indie,4,NULL,80.0000,1,50.3168,15
9244,Tembo the Badass Elephant,Platform,5,2,71.0000,12,72.0451,7
9244,Tembo the Badass Elephant,Adventure,5,2,71.0000,12,72.0451,7
9244,Tembo the Badass Elephant,Indie,5,2,71.0000,12,72.0451,7
7168,The Dark Eye: Memoria,Puzzle,9,NULL,76.6667,3,80.5096,28
7168,The Dark Eye: Memoria,Adventure,9,NULL,76.6667,3,80.5096,28
7168,The Dark Eye: Memoria,Indie,9,NULL,76.6667,3,80.5096,28
18225,The Sinking City,Shooter,62,61,70.0000,17,70.4237,80
18225,The Sinking City,Puzzle,62,61,70.0000,17,70.4237,80
18225,The Sinking City,Role-playing (RPG),62,61,70.0000,17,70.4237,80
18225,The Sinking City,Adventure,62,61,70.0000,17,70.4237,80
126153,S.T.A.L.K.E.R.: Anomaly,Shooter,242,NULL,NULL,NULL,80.2365,21
4887,Geometry Wars: Retro Evolved 2,Shooter,8,NULL,88.5000,5,87.6190,14
47398,L.A. Noire: The Complete Edition,Shooter,14,NULL,NULL,NULL,80.7149,30
47398,L.A. Noire: The Complete Edition,Strategy,14,NULL,NULL,NULL,80.7149,30
47398,L.A. Noire: The Complete Edition,Adventure,14,NULL,NULL,NULL,80.7149,30
26467,The Deed,Role-playing (RPG),4,NULL,NULL,NULL,64.7873,17
26467,The Deed,Adventure,4,NULL,NULL,NULL,64.7873,17
19634,Atelier Iris: Eternal Mana,Role-playing (RPG),5,NULL,82.5000,3,72.4110,11
19634,Atelier Iris: Eternal Mana,Adventure,5,NULL,82.5000,3,72.4110,11
47461,Borderlands 2: Game of the Year Edition,Shooter,13,NULL,NULL,NULL,82.5035,62
47461,Borderlands 2: Game of the Year Edition,Role-playing (RPG),13,NULL,NULL,NULL,82.5035,62
47461,Borderlands 2: Game of the Year Edition,Adventure,13,NULL,NULL,NULL,82.5035,62
13074,MicroProse Formula One Grand Prix,Sport,4,NULL,NULL,NULL,89.5644,16
7339,Super Mario Maker,Platform,70,16,89.7273,14,81.4096,170
43895,Disney's Goofy's Fun House,Adventure,NULL,NULL,NULL,NULL,69.8767,11
8108,Pink Panther: Pinkadelic Pursuit,Platform,9,NULL,NULL,NULL,66.6883,24
3946,The Hobbit,Platform,10,NULL,59.0000,1,72.2469,25
3946,The Hobbit,Adventure,10,NULL,59.0000,1,72.2469,25
1388,Dead or Alive 2,Arcade,16,NULL,80.0000,1,75.5450,62
4135,Darkstalkers 3,Sport,7,NULL,NULL,NULL,78.3933,23
4135,Darkstalkers 3,Arcade,7,NULL,NULL,NULL,78.3933,23
3400,NES Open Tournament Golf,Sport,2,NULL,NULL,NULL,72.0897,12
3400,NES Open Tournament Golf,Arcade,2,NULL,NULL,NULL,72.0897,12
5979,Pariah,Shooter,2,NULL,65.7500,5,59.8407,13
118993,Borderlands: Game of the Year Enhanced,Role-playing (RPG),68,NULL,NULL,NULL,69.1156,32
13661,Hero of the Kingdom II,Role-playing (RPG),5,NULL,NULL,NULL,72.8038,17
13661,Hero of the Kingdom II,Adventure,5,NULL,NULL,NULL,72.8038,17
13661,Hero of the Kingdom II,Indie,5,NULL,NULL,NULL,72.8038,17
9159,Journey to Silius,Shooter,2,NULL,NULL,NULL,79.1437,17
9159,Journey to Silius,Platform,2,NULL,NULL,NULL,79.1437,17
9159,Journey to Silius,Adventure,2,NULL,NULL,NULL,79.1437,17
27259,Mystic Messenger,Simulator,3,NULL,NULL,NULL,80.0005,15
6980,Three Wonders,Shooter,2,NULL,NULL,NULL,81.5675,12
6980,Three Wonders,Platform,2,NULL,NULL,NULL,81.5675,12
6980,Three Wonders,Puzzle,2,NULL,NULL,NULL,81.5675,12
6980,Three Wonders,Arcade,2,NULL,NULL,NULL,81.5675,12
972,Resident Evil Outbreak,Shooter,12,NULL,70.0000,2,60.1648,41
972,Resident Evil Outbreak,Puzzle,12,NULL,70.0000,2,60.1648,41
972,Resident Evil Outbreak,Adventure,12,NULL,70.0000,2,60.1648,41
6856,Rygar,Platform,2,NULL,NULL,NULL,75.0013,19
6856,Rygar,Arcade,2,NULL,NULL,NULL,75.0013,19
86375,Soccer,Sport,3,NULL,NULL,NULL,58.8675,20
2754,Breakout,Arcade,6,NULL,NULL,NULL,79.0364,35
5881,Kill.Switch,Shooter,5,NULL,75.0000,5,75.9867,12
17625,Soul Gambler,Role-playing (RPG),5,NULL,NULL,NULL,59.1226,12
17625,Soul Gambler,Adventure,5,NULL,NULL,NULL,59.1226,12
17625,Soul Gambler,Indie,5,NULL,NULL,NULL,59.1226,12
74548,Tennis,Sport,4,NULL,NULL,NULL,79.7678,26
2365,Battle for Wesnoth,Role-playing (RPG),7,NULL,NULL,NULL,81.0010,30
2365,Battle for Wesnoth,Strategy,7,NULL,NULL,NULL,81.0010,30
2365,Battle for Wesnoth,Indie,7,NULL,NULL,NULL,81.0010,30
4592,Antarctic Adventure,Platform,4,NULL,NULL,NULL,64.3011,32
4592,Antarctic Adventure,Arcade,4,NULL,NULL,NULL,64.3011,32
14411,Forbidden Siren 2,Adventure,6,NULL,80.0000,2,82.4450,11
1780,Mega Man ZX Advent,Shooter,5,NULL,75.0000,2,94.0116,24
1780,Mega Man ZX Advent,Platform,5,NULL,75.0000,2,94.0116,24
1780,Mega Man ZX Advent,Adventure,5,NULL,75.0000,2,94.0116,24
23732,Osiris: New Dawn,Role-playing (RPG),14,4,NULL,NULL,59.5625,12
23732,Osiris: New Dawn,Adventure,14,4,NULL,NULL,59.5625,12
23732,Osiris: New Dawn,Indie,14,4,NULL,NULL,59.5625,12
396,The Final Fantasy Legend,Role-playing (RPG),3,NULL,NULL,NULL,60.5045,13
396,The Final Fantasy Legend,Adventure,3,NULL,NULL,NULL,60.5045,13
55195,Travis Strikes Again: No More Heroes,Adventure,6,5,74.1429,9,53.4942,16
1439,Fire Emblem: The Blazing Blade,Role-playing (RPG),31,NULL,90.0000,1,87.9745,101
1439,Fire Emblem: The Blazing Blade,Strategy,31,NULL,90.0000,1,87.9745,101
5590,Pixel Piracy,Platform,2,NULL,50.0000,1,78.7943,12
5590,Pixel Piracy,Role-playing (RPG),2,NULL,50.0000,1,78.7943,12
5590,Pixel Piracy,Simulator,2,NULL,50.0000,1,78.7943,12
5590,Pixel Piracy,Strategy,2,NULL,50.0000,1,78.7943,12
5590,Pixel Piracy,Adventure,2,NULL,50.0000,1,78.7943,12
5590,Pixel Piracy,Indie,2,NULL,50.0000,1,78.7943,12
8684,Doki-Doki Universe,Simulator,4,NULL,74.0000,7,64.0447,12
8684,Doki-Doki Universe,Adventure,4,NULL,74.0000,7,64.0447,12
40470,Car Mechanic Simulator 2018,Simulator,27,2,67.0000,3,73.7416,23
7038,The King of Fighters XIII,Arcade,10,NULL,79.0000,5,79.1846,40
45142,The Legend of Zelda: Ocarina of Time - Master Quest,Platform,9,NULL,NULL,NULL,89.9830,23
45142,The Legend of Zelda: Ocarina of Time - Master Quest,Puzzle,9,NULL,NULL,NULL,89.9830,23
45142,The Legend of Zelda: Ocarina of Time - Master Quest,Role-playing (RPG),9,NULL,NULL,NULL,89.9830,23
45142,The Legend of Zelda: Ocarina of Time - Master Quest,Adventure,9,NULL,NULL,NULL,89.9830,23
760,Interstate '76,Shooter,8,NULL,NULL,NULL,78.1063,19
23400,Ace of Spades: Battle Builder,Shooter,5,NULL,NULL,NULL,63.6263,13
23400,Ace of Spades: Battle Builder,Indie,5,NULL,NULL,NULL,63.6263,13
8400,The Last Ninja,Adventure,2,NULL,NULL,NULL,63.4046,20
8400,The Last Ninja,Arcade,2,NULL,NULL,NULL,63.4046,20
26297,Need for Speed: No Limits,Simulator,7,2,NULL,NULL,70.1327,22
2976,Survarium,Shooter,11,6,NULL,NULL,53.4738,12
2976,Survarium,Role-playing (RPG),11,6,NULL,NULL,53.4738,12
2976,Survarium,Adventure,11,6,NULL,NULL,53.4738,12
5551,Nidhogg,Sport,29,NULL,83.5000,6,78.0718,87
5551,Nidhogg,Indie,29,NULL,83.5000,6,78.0718,87
5551,Nidhogg,Arcade,29,NULL,83.5000,6,78.0718,87
83891,Friday the 13th: Killer Puzzle,Puzzle,2,NULL,80.0000,3,74.4108,15
83891,Friday the 13th: Killer Puzzle,Strategy,2,NULL,80.0000,3,74.4108,15
83891,Friday the 13th: Killer Puzzle,Indie,2,NULL,80.0000,3,74.4108,15
10143,Animal Crossing: Happy Home Designer,Simulator,6,1,65.5556,11,60.8968,19
22688,Inazuma Eleven,Role-playing (RPG),5,NULL,93.0000,2,73.1359,29
22688,Inazuma Eleven,Sport,5,NULL,93.0000,2,73.1359,29
15450,Ys III: Wanderers from Ys,Platform,2,NULL,NULL,NULL,79.6224,11
15450,Ys III: Wanderers from Ys,Role-playing (RPG),2,NULL,NULL,NULL,79.6224,11
15450,Ys III: Wanderers from Ys,Adventure,2,NULL,NULL,NULL,79.6224,11
16775,Finding Teddy,Puzzle,1,NULL,NULL,NULL,69.9391,12
16775,Finding Teddy,Adventure,1,NULL,NULL,NULL,69.9391,12
16775,Finding Teddy,Indie,1,NULL,NULL,NULL,69.9391,12
2910,Leisure Suit Larry 5: Passionate Patti Does a Little Undercover Work,Puzzle,6,NULL,NULL,NULL,64.4260,19
2910,Leisure Suit Larry 5: Passionate Patti Does a Little Undercover Work,Adventure,6,NULL,NULL,NULL,64.4260,19
16765,Type: Rider,Platform,10,NULL,81.0000,2,66.6511,23
16765,Type: Rider,Puzzle,10,NULL,81.0000,2,66.6511,23
16765,Type: Rider,Adventure,10,NULL,81.0000,2,66.6511,23
16765,Type: Rider,Indie,10,NULL,81.0000,2,66.6511,23
109096,Krunker,Shooter,12,NULL,NULL,NULL,72.1243,19
591,Age of Wonders: Shadow Magic,Role-playing (RPG),2,NULL,89.0000,1,81.7780,29
591,Age of Wonders: Shadow Magic,Strategy,2,NULL,89.0000,1,81.7780,29
81143,The World Ends with You: Final Remix,Role-playing (RPG),1,NULL,72.2857,8,57.3647,11
81143,The World Ends with You: Final Remix,Adventure,1,NULL,72.2857,8,57.3647,11
2367,Blaster Master,Shooter,3,NULL,85.0000,2,79.9345,27
2367,Blaster Master,Platform,3,NULL,85.0000,2,79.9345,27
2367,Blaster Master,Adventure,3,NULL,85.0000,2,79.9345,27
2367,Blaster Master,Arcade,3,NULL,85.0000,2,79.9345,27
6310,Astro Boy: Omega Factor,Shooter,2,NULL,NULL,NULL,70.1348,14
6310,Astro Boy: Omega Factor,Platform,2,NULL,NULL,NULL,70.1348,14
6471,Adventure Island II,Platform,4,NULL,NULL,NULL,67.8093,30
6471,Adventure Island II,Adventure,4,NULL,NULL,NULL,67.8093,30
2700,Tony Hawk's Proving Ground,Sport,5,NULL,71.2500,6,57.5393,13
706,Command & Conquer: Renegade,Shooter,12,NULL,59.0000,2,70.5401,68
9906,Super House of Dead Ninjas,Platform,8,NULL,80.0000,2,81.1578,12
9906,Super House of Dead Ninjas,Indie,8,NULL,80.0000,2,81.1578,12
14722,Waking Mars,Platform,3,NULL,NULL,NULL,78.9048,11
14722,Waking Mars,Adventure,3,NULL,NULL,NULL,78.9048,11
14722,Waking Mars,Indie,3,NULL,NULL,NULL,78.9048,11
20910,World War Z,Shooter,32,8,73.6667,15,70.1244,82
12987,System Shock: Enhanced Edition,Shooter,9,NULL,89.0000,3,89.9325,25
12987,System Shock: Enhanced Edition,Puzzle,9,NULL,89.0000,3,89.9325,25
12987,System Shock: Enhanced Edition,Role-playing (RPG),9,NULL,89.0000,3,89.9325,25
12987,System Shock: Enhanced Edition,Adventure,9,NULL,89.0000,3,89.9325,25
2438,Prince of Persia,Platform,94,NULL,84.2857,9,77.5147,267
2438,Prince of Persia,Puzzle,94,NULL,84.2857,9,77.5147,267
2438,Prince of Persia,Adventure,94,NULL,84.2857,9,77.5147,267
6817,Ghouls 'n Ghosts,Platform,17,NULL,NULL,NULL,80.8612,63
6817,Ghouls 'n Ghosts,Arcade,17,NULL,NULL,NULL,80.8612,63
11635,Drakengard,Role-playing (RPG),12,NULL,70.0000,1,68.5520,45
26709,Project CARS 2,Simulator,37,8,83.8750,11,76.7725,42
111130,Apsulov: End of Gods,Adventure,11,1,NULL,NULL,78.8216,13
111130,Apsulov: End of Gods,Indie,11,1,NULL,NULL,78.8216,13
23879,Shin Megami Tensei II,Role-playing (RPG),5,NULL,NULL,NULL,80.4984,15
23879,Shin Megami Tensei II,Simulator,5,NULL,NULL,NULL,80.4984,15
23879,Shin Megami Tensei II,Adventure,5,NULL,NULL,NULL,80.4984,15
3102,Kerbal Space Program,Simulator,127,13,86.5714,9,88.9530,154
3102,Kerbal Space Program,Indie,127,13,86.5714,9,88.9530,154
178126,Grand Theft Auto: San Andreas - The Definitive Edition,Shooter,5,2,NULL,NULL,50.0889,17
178126,Grand Theft Auto: San Andreas - The Definitive Edition,Adventure,5,2,NULL,NULL,50.0889,17
66,Monkey Island 2 Special Edition: LeChuck's Revenge,Puzzle,28,NULL,86.0000,2,85.1623,68
66,Monkey Island 2 Special Edition: LeChuck's Revenge,Adventure,28,NULL,86.0000,2,85.1623,68
9894,1nsane,Arcade,6,NULL,NULL,NULL,84.3401,13
2683,Mercenaries: Playground of Destruction,Shooter,11,NULL,70.8000,5,71.7910,31
6993,Fight Night Round 4,Sport,4,NULL,87.5000,8,79.1591,16
381,Metal Gear Solid: Portable Ops,Adventure,11,NULL,90.0000,2,68.6210,44
138270,Adios,Simulator,2,NULL,NULL,NULL,71.8745,15
138270,Adios,Adventure,2,NULL,NULL,NULL,71.8745,15
138270,Adios,Indie,2,NULL,NULL,NULL,71.8745,15
18094,Z1: Battle Royale,Shooter,15,1,66.2500,6,73.1185,37
18094,Z1: Battle Royale,Adventure,15,1,66.2500,6,73.1185,37
11088,Alien Shooter 2: Reloaded,Role-playing (RPG),5,NULL,NULL,NULL,77.9720,17
11088,Alien Shooter 2: Reloaded,Indie,5,NULL,NULL,NULL,77.9720,17
11088,Alien Shooter 2: Reloaded,Arcade,5,NULL,NULL,NULL,77.9720,17
1127,Castlevania: Bloodlines,Platform,14,NULL,NULL,NULL,75.9266,83
1127,Castlevania: Bloodlines,Adventure,14,NULL,NULL,NULL,75.9266,83
794,Wing Commander: Privateer,Simulator,3,NULL,NULL,NULL,89.9335,11
594,Aliens versus Predator 2,Shooter,27,NULL,NULL,NULL,81.8311,72
51,Syndicate Wars,Strategy,4,NULL,50.0000,1,66.8275,15
20031,Super Star Wars,Adventure,8,NULL,75.0000,3,68.8968,42
2557,Dragon Ball Z: Hyper Dimension,Adventure,4,NULL,NULL,NULL,77.6483,20
9531,Gems of War,Puzzle,5,NULL,NULL,NULL,75.8698,19
9531,Gems of War,Role-playing (RPG),5,NULL,NULL,NULL,75.8698,19
9531,Gems of War,Strategy,5,NULL,NULL,NULL,75.8698,19
9531,Gems of War,Adventure,5,NULL,NULL,NULL,75.8698,19
2203,The 11th Hour,Puzzle,5,NULL,51.0000,1,77.2961,17
2203,The 11th Hour,Adventure,5,NULL,51.0000,1,77.2961,17
8682,Grim Fandango Remastered,Puzzle,70,3,82.2500,14,76.9457,184
8682,Grim Fandango Remastered,Adventure,70,3,82.2500,14,76.9457,184
460,"Simon the Sorcerer II: The Lion, the Wizard and the Wardrobe",Puzzle,8,NULL,NULL,NULL,85.9135,24
460,"Simon the Sorcerer II: The Lion, the Wizard and the Wardrobe",Adventure,8,NULL,NULL,NULL,85.9135,24
95013,Far Cry Classic,Shooter,NULL,1,NULL,NULL,76.7764,14
10844,Silent Storm,Role-playing (RPG),3,NULL,80.0000,1,79.5740,17
10844,Silent Storm,Strategy,3,NULL,80.0000,1,79.5740,17
8559,I.G.I.-2: Covert Strike,Shooter,19,NULL,68.3333,3,75.8140,44
3078,Sniper Elite V2,Shooter,58,NULL,66.9091,13,71.4914,185
178166,Donkey Kong Jr.,Platform,NULL,NULL,NULL,NULL,66.5232,19
178166,Donkey Kong Jr.,Arcade,NULL,NULL,NULL,NULL,66.5232,19
11812,Universe Sandbox Legacy,Simulator,NULL,NULL,84.0000,1,63.3034,11
11812,Universe Sandbox Legacy,Sport,NULL,NULL,84.0000,1,63.3034,11
11812,Universe Sandbox Legacy,Indie,NULL,NULL,84.0000,1,63.3034,11
109339,Change: A Homeless Survival Experience,Role-playing (RPG),19,1,NULL,NULL,41.5406,12
109339,Change: A Homeless Survival Experience,Simulator,19,1,NULL,NULL,41.5406,12
109339,Change: A Homeless Survival Experience,Strategy,19,1,NULL,NULL,41.5406,12
109339,Change: A Homeless Survival Experience,Adventure,19,1,NULL,NULL,41.5406,12
109339,Change: A Homeless Survival Experience,Indie,19,1,NULL,NULL,41.5406,12
2263,Gothic 3,Role-playing (RPG),46,NULL,61.6667,3,77.4336,168
2263,Gothic 3,Adventure,46,NULL,61.6667,3,77.4336,168
1715,Mega Man 2,Platform,109,NULL,NULL,NULL,86.3439,334
1715,Mega Man 2,Adventure,109,NULL,NULL,NULL,86.3439,334
3049,State of Decay,Shooter,52,NULL,75.0000,10,75.8163,117
3049,State of Decay,Role-playing (RPG),52,NULL,75.0000,10,75.8163,117
3049,State of Decay,Simulator,52,NULL,75.0000,10,75.8163,117
3049,State of Decay,Strategy,52,NULL,75.0000,10,75.8163,117
3049,State of Decay,Adventure,52,NULL,75.0000,10,75.8163,117
3683,Mother 3,Role-playing (RPG),55,NULL,NULL,NULL,90.8439,140
11083,Disney Infinity 3.0,Adventure,2,NULL,81.3636,14,78.1684,17
7554,Tiny Thief,Adventure,3,NULL,80.0000,1,79.3015,13
7554,Tiny Thief,Indie,3,NULL,80.0000,1,79.3015,13
11261,The Black Mirror,Adventure,24,NULL,80.0000,1,81.6530,58
8901,Badland,Platform,13,NULL,70.0000,2,75.7701,45
8901,Badland,Puzzle,13,NULL,70.0000,2,75.7701,45
8901,Badland,Adventure,13,NULL,70.0000,2,75.7701,45
8901,Badland,Arcade,13,NULL,70.0000,2,75.7701,45
18698,Rage Racer,Sport,3,NULL,70.0000,1,89.7552,11
9781,Beyond Divinity,Role-playing (RPG),5,NULL,75.0000,1,69.7258,14
26776,Detention,Puzzle,17,NULL,76.0000,4,75.3667,50
26776,Detention,Role-playing (RPG),17,NULL,76.0000,4,75.3667,50
26776,Detention,Adventure,17,NULL,76.0000,4,75.3667,50
26776,Detention,Indie,17,NULL,76.0000,4,75.3667,50
3952,Ice Age 2: The Meltdown,Platform,7,NULL,62.7500,4,69.1530,18
3952,Ice Age 2: The Meltdown,Sport,7,NULL,62.7500,4,69.1530,18
3952,Ice Age 2: The Meltdown,Adventure,7,NULL,62.7500,4,69.1530,18
6390,Drill Dozer,Platform,1,NULL,75.0000,2,72.7274,11
3966,Killer7,Shooter,18,NULL,73.5000,5,81.9290,49
3966,Killer7,Puzzle,18,NULL,73.5000,5,81.9290,49
3966,Killer7,Adventure,18,NULL,73.5000,5,81.9290,49
1441,Fire Emblem: Path of Radiance,Role-playing (RPG),27,NULL,80.0000,1,83.8162,88
1441,Fire Emblem: Path of Radiance,Strategy,27,NULL,80.0000,1,83.8162,88
1962,Dreamfall Chapters,Adventure,40,2,76.3636,12,82.8475,69
1962,Dreamfall Chapters,Indie,40,2,76.3636,12,82.8475,69
6351,Contra III: The Alien Wars,Shooter,19,NULL,NULL,NULL,81.2769,95
6351,Contra III: The Alien Wars,Adventure,19,NULL,NULL,NULL,81.2769,95
11615,Fighting Force 2,Adventure,6,NULL,NULL,NULL,41.3484,14
8740,The Adventures of Bayou Billy,Shooter,NULL,NULL,NULL,NULL,58.4982,12
8740,The Adventures of Bayou Billy,Platform,NULL,NULL,NULL,NULL,58.4982,12
3857,"The Chronicles of Narnia: The Lion, the Witch and the Wardrobe",Adventure,5,NULL,67.5000,4,55.8131,25
2725,Pokémon Colosseum,Role-playing (RPG),22,NULL,NULL,NULL,71.4398,101
2725,Pokémon Colosseum,Strategy,22,NULL,NULL,NULL,71.4398,101
2725,Pokémon Colosseum,Adventure,22,NULL,NULL,NULL,71.4398,101
1033,The Legend of Zelda: The Wind Waker,Puzzle,283,NULL,90.0000,1,87.0325,789
1033,The Legend of Zelda: The Wind Waker,Role-playing (RPG),283,NULL,90.0000,1,87.0325,789
1033,The Legend of Zelda: The Wind Waker,Adventure,283,NULL,90.0000,1,87.0325,789
8390,SpaceChem,Puzzle,8,NULL,NULL,NULL,83.1520,25
8390,SpaceChem,Simulator,8,NULL,NULL,NULL,83.1520,25
8390,SpaceChem,Strategy,8,NULL,NULL,NULL,83.1520,25
8390,SpaceChem,Indie,8,NULL,NULL,NULL,83.1520,25
6823,Buster Bros.,Shooter,7,NULL,NULL,NULL,74.9998,40
6823,Buster Bros.,Platform,7,NULL,NULL,NULL,74.9998,40
6823,Buster Bros.,Puzzle,7,NULL,NULL,NULL,74.9998,40
6823,Buster Bros.,Arcade,7,NULL,NULL,NULL,74.9998,40
10759,F-22 Lightning II,Shooter,2,NULL,NULL,NULL,71.7974,11
10759,F-22 Lightning II,Simulator,2,NULL,NULL,NULL,71.7974,11
1706,WarioWare: Smooth Moves,Puzzle,14,NULL,80.0000,2,84.7099,65
27499,Distraint 2,Puzzle,1,1,NULL,NULL,87.3100,13
27499,Distraint 2,Adventure,1,1,NULL,NULL,87.3100,13
27499,Distraint 2,Indie,1,1,NULL,NULL,87.3100,13
45556,Sonic.EXE,Platform,1,NULL,NULL,NULL,12.2609,14
45556,Sonic.EXE,Arcade,1,NULL,NULL,NULL,12.2609,14
16474,Final Fantasy II,Role-playing (RPG),15,NULL,40.0000,1,71.2295,48
3489,F-Zero X,Arcade,20,NULL,NULL,NULL,82.7371,74
4114,Tenchu 2: Birth of the Stealth Assassins,Adventure,14,NULL,NULL,NULL,82.0304,49
1139,Castlevania: Rondo of Blood,Platform,16,NULL,NULL,NULL,80.2753,90
1139,Castlevania: Rondo of Blood,Adventure,16,NULL,NULL,NULL,80.2753,90
24949,Pokémon Uranium,Role-playing (RPG),6,NULL,NULL,NULL,80.0942,14
24949,Pokémon Uranium,Adventure,6,NULL,NULL,NULL,80.0942,14
3717,Kirby's Adventure,Platform,30,NULL,60.0000,1,80.7778,150
44494,Yu-Gi-Oh! GX Tag Force 3,Strategy,4,NULL,NULL,NULL,81.6403,20
17141,Clockwork Tales: Of Glass and Ink,Puzzle,6,NULL,70.0000,1,70.1876,14
17141,Clockwork Tales: Of Glass and Ink,Adventure,6,NULL,70.0000,1,70.1876,14
5474,2006 FIFA World Cup,Sport,9,NULL,85.0000,2,69.0282,27
28386,The Legend of the Mystical Ninja,Platform,2,NULL,NULL,NULL,79.4187,17
28386,The Legend of the Mystical Ninja,Adventure,2,NULL,NULL,NULL,79.4187,17
19249,Empyrion: Galactic Survival,Shooter,8,1,NULL,NULL,64.0289,15
19249,Empyrion: Galactic Survival,Simulator,8,1,NULL,NULL,64.0289,15
19249,Empyrion: Galactic Survival,Strategy,8,1,NULL,NULL,64.0289,15
19249,Empyrion: Galactic Survival,Adventure,8,1,NULL,NULL,64.0289,15
19249,Empyrion: Galactic Survival,Indie,8,1,NULL,NULL,64.0289,15
7794,Bonk's Adventure,Platform,2,NULL,NULL,NULL,60.5113,16
54699,Black Mirror,Adventure,13,NULL,25.0000,1,52.3728,11
5629,Dungeons & Dragons Online,Role-playing (RPG),4,NULL,83.3333,3,71.1270,17
5629,Dungeons & Dragons Online,Adventure,4,NULL,83.3333,3,71.1270,17
1433,Fire Emblem: Shadow Dragon and the Blade of Light,Role-playing (RPG),3,NULL,55.0000,1,90.0849,18
1433,Fire Emblem: Shadow Dragon and the Blade of Light,Strategy,3,NULL,55.0000,1,90.0849,18
2223,Torin's Passage,Puzzle,7,NULL,70.0000,1,78.0066,11
2223,Torin's Passage,Adventure,7,NULL,70.0000,1,78.0066,11
18967,Valkyria Chronicles Remastered,Role-playing (RPG),17,NULL,85.4444,11,86.6554,23
18967,Valkyria Chronicles Remastered,Strategy,17,NULL,85.4444,11,86.6554,23
5592,Bit.Trip Presents... Runner2: Future Legend of Rhythm Alien,Platform,13,NULL,87.2222,10,70.3097,35
5592,Bit.Trip Presents... Runner2: Future Legend of Rhythm Alien,Indie,13,NULL,87.2222,10,70.3097,35
5592,Bit.Trip Presents... Runner2: Future Legend of Rhythm Alien,Arcade,13,NULL,87.2222,10,70.3097,35
1711,Wario's Woods,Puzzle,2,NULL,NULL,NULL,69.9943,12
1711,Wario's Woods,Strategy,2,NULL,NULL,NULL,69.9943,12
2325,Pokémon Battle Revolution,Role-playing (RPG),9,NULL,53.2500,4,68.1542,64
2325,Pokémon Battle Revolution,Strategy,9,NULL,53.2500,4,68.1542,64
11191,EarthBound Beginnings,Role-playing (RPG),12,NULL,NULL,NULL,80.6493,45
11191,EarthBound Beginnings,Adventure,12,NULL,NULL,NULL,80.6493,45
8599,Gunman Clive,Shooter,2,NULL,80.0000,1,73.4905,20
8599,Gunman Clive,Platform,2,NULL,80.0000,1,73.4905,20
8599,Gunman Clive,Adventure,2,NULL,80.0000,1,73.4905,20
8599,Gunman Clive,Indie,2,NULL,80.0000,1,73.4905,20
1733,Mega Man: Dr. Wily's Revenge,Platform,2,NULL,NULL,NULL,69.8960,11
1733,Mega Man: Dr. Wily's Revenge,Arcade,2,NULL,NULL,NULL,69.8960,11
3725,Kirby's Return to Dream Land,Platform,13,NULL,86.5000,4,89.7575,49
3725,Kirby's Return to Dream Land,Adventure,13,NULL,86.5000,4,89.7575,49
4379,Batman Returns,Platform,8,NULL,NULL,NULL,73.1155,41
4379,Batman Returns,Adventure,8,NULL,NULL,NULL,73.1155,41
9912,PixelJunk Shooter,Shooter,4,NULL,82.6667,4,78.9686,23
9912,PixelJunk Shooter,Puzzle,4,NULL,82.6667,4,78.9686,23
1434,Fire Emblem Gaiden,Role-playing (RPG),5,1,NULL,NULL,79.6414,15
1434,Fire Emblem Gaiden,Strategy,5,1,NULL,NULL,79.6414,15
9249,Hotel Dusk: Room 215,Puzzle,21,NULL,80.0000,2,81.2071,56
9249,Hotel Dusk: Room 215,Adventure,21,NULL,80.0000,2,81.2071,56
87672,Florence,Puzzle,6,NULL,80.0000,2,76.3035,87
87672,Florence,Adventure,6,NULL,80.0000,2,76.3035,87
87672,Florence,Indie,6,NULL,80.0000,2,76.3035,87
476,Star Wars: Battlefront - Elite Squadron,Shooter,4,NULL,60.0000,2,73.9721,12
476,Star Wars: Battlefront - Elite Squadron,Adventure,4,NULL,60.0000,2,73.9721,12
14697,Teenage Mutant Ninja Turtles IV: Turtles in Time,Arcade,29,NULL,40.0000,0,86.3926,133
17174,S.K.I.L.L.: Special Force 2,Shooter,4,NULL,NULL,NULL,62.7484,11
17174,S.K.I.L.L.: Special Force 2,Sport,4,NULL,NULL,NULL,62.7484,11
17174,S.K.I.L.L.: Special Force 2,Strategy,4,NULL,NULL,NULL,62.7484,11
17174,S.K.I.L.L.: Special Force 2,Adventure,4,NULL,NULL,NULL,62.7484,11
377,Metal Gear 2: Solid Snake,Adventure,20,NULL,NULL,NULL,81.2923,72
1658,Mighty Final Fight,Arcade,2,1,NULL,NULL,75.5762,19
8581,Star Fox,Shooter,23,NULL,70.0000,1,82.8237,121
27522,Habbo,Role-playing (RPG),10,NULL,NULL,NULL,59.4081,23
32,Space Quest V: The Next Mutation,Puzzle,4,NULL,NULL,NULL,85.7056,14
32,Space Quest V: The Next Mutation,Adventure,4,NULL,NULL,NULL,85.7056,14
11007,Knights of the Temple II,Role-playing (RPG),2,NULL,57.0000,2,58.3548,12
11007,Knights of the Temple II,Adventure,2,NULL,57.0000,2,58.3548,12
1463,Perfect Dark,Shooter,49,NULL,70.0000,1,89.9214,124
2266,Muramasa: The Demon Blade,Role-playing (RPG),14,NULL,85.0000,5,85.5219,40
2266,Muramasa: The Demon Blade,Adventure,14,NULL,85.0000,5,85.5219,40
8448,Maui Mallard in Cold Shadow,Platform,6,NULL,NULL,NULL,80.9363,24
8448,Maui Mallard in Cold Shadow,Arcade,6,NULL,NULL,NULL,80.9363,24
1585,Skylanders: Spyro's Adventure,Adventure,3,NULL,81.5000,5,67.7418,29
4596,Battle City,Shooter,14,NULL,NULL,NULL,81.8679,64
4596,Battle City,Puzzle,14,NULL,NULL,NULL,81.8679,64
1832,Army of Two: The Devil's Cartel,Shooter,8,NULL,56.0000,14,60.7569,32
6490,Disney's Chip 'n Dale Rescue Rangers,Platform,23,NULL,NULL,NULL,78.5546,98
6490,Disney's Chip 'n Dale Rescue Rangers,Adventure,23,NULL,NULL,NULL,78.5546,98
9709,Klonoa 2: Lunatea's Veil,Platform,4,NULL,NULL,NULL,78.6350,18
9709,Klonoa 2: Lunatea's Veil,Sport,4,NULL,NULL,NULL,78.6350,18
9709,Klonoa 2: Lunatea's Veil,Adventure,4,NULL,NULL,NULL,78.6350,18
3816,Teenage Mutant Ninja Turtles II: The Arcade Game,Platform,15,NULL,NULL,NULL,80.3147,81
985,Dead Space: Extraction,Shooter,3,NULL,81.3333,6,67.4003,28
7859,Gabriel Knight: Sins of the Fathers - 20th Anniversary Edition,Adventure,4,NULL,88.0000,1,79.9864,20
1321,Turok: Dinosaur Hunter,Shooter,14,1,78.5000,1,69.2252,61
1321,Turok: Dinosaur Hunter,Adventure,14,1,78.5000,1,69.2252,61
3451,Bomberman 64,Platform,10,NULL,NULL,NULL,65.9092,51
3451,Bomberman 64,Puzzle,10,NULL,NULL,NULL,65.9092,51
3451,Bomberman 64,Adventure,10,NULL,NULL,NULL,65.9092,51
8392,Edge,Platform,6,NULL,86.0000,1,73.8468,24
8392,Edge,Puzzle,6,NULL,86.0000,1,73.8468,24
8392,Edge,Adventure,6,NULL,86.0000,1,73.8468,24
8392,Edge,Indie,6,NULL,86.0000,1,73.8468,24
77234,Final Fantasy III,Role-playing (RPG),3,NULL,NULL,NULL,65.2901,27
2905,Divinity: Dragon Commander,Role-playing (RPG),5,NULL,75.0000,4,68.6559,13
2905,Divinity: Dragon Commander,Strategy,5,NULL,75.0000,4,68.6559,13
14729,Final Fantasy XIV Online,Role-playing (RPG),14,NULL,35.0000,6,50.1977,24
114110,Fear & Hunger,Role-playing (RPG),NULL,NULL,NULL,NULL,72.9778,12
114110,Fear & Hunger,Indie,NULL,NULL,NULL,NULL,72.9778,12
459,Simon the Sorcerer,Puzzle,14,NULL,NULL,NULL,81.2399,45
459,Simon the Sorcerer,Adventure,14,NULL,NULL,NULL,81.2399,45
4497,Star Control,Strategy,3,NULL,NULL,NULL,81.9134,11
572,Arma 2,Shooter,26,NULL,0.0000,4,75.3031,59
572,Arma 2,Simulator,26,NULL,0.0000,4,75.3031,59
572,Arma 2,Strategy,26,NULL,0.0000,4,75.3031,59
601,ArmA 2: Operation Arrowhead,Shooter,13,NULL,70.0000,2,66.3880,24
601,ArmA 2: Operation Arrowhead,Role-playing (RPG),13,NULL,70.0000,2,66.3880,24
601,ArmA 2: Operation Arrowhead,Simulator,13,NULL,70.0000,2,66.3880,24
601,ArmA 2: Operation Arrowhead,Strategy,13,NULL,70.0000,2,66.3880,24
103203,The X-Files Game,Adventure,2,NULL,NULL,NULL,68.5576,13
8594,Mario vs. Donkey Kong: Tipping Stars,Platform,NULL,NULL,71.6667,11,69.1936,6
8594,Mario vs. Donkey Kong: Tipping Stars,Puzzle,NULL,NULL,71.6667,11,69.1936,6
4700,Bravely Default,Role-playing (RPG),40,NULL,85.0000,12,74.2687,70
4700,Bravely Default,Adventure,40,NULL,85.0000,12,74.2687,70
1657,Final Fight 3,Adventure,5,NULL,NULL,NULL,81.9138,42
1657,Final Fight 3,Arcade,5,NULL,NULL,NULL,81.9138,42
80174,Mario's Super Picross,Puzzle,NULL,NULL,NULL,NULL,89.6315,17
1656,Final Fight 2,Adventure,5,NULL,NULL,NULL,80.0041,51
1656,Final Fight 2,Arcade,5,NULL,NULL,NULL,80.0041,51
1437,Fire Emblem: Thracia 776,Role-playing (RPG),8,NULL,NULL,NULL,88.8035,24
1437,Fire Emblem: Thracia 776,Strategy,8,NULL,NULL,NULL,88.8035,24
18050,Echochrome,Puzzle,6,NULL,85.0000,4,79.6040,18
52,The Elder Scrolls: Arena,Role-playing (RPG),11,NULL,88.0000,1,72.0872,37
17052,Return to Mysterious Island,Puzzle,7,NULL,87.0000,1,70.3286,14
17052,Return to Mysterious Island,Adventure,7,NULL,87.0000,1,70.3286,14
8489,Blake Stone: Aliens of Gold,Shooter,2,NULL,NULL,NULL,79.9305,15
4068,Pokémon Pinball,Arcade,14,NULL,NULL,NULL,69.5103,80
2655,Animal Crossing,Simulator,34,NULL,80.0000,1,77.6154,108
2111,Dark,Role-playing (RPG),6,NULL,41.5714,7,39.7500,14
2111,Dark,Strategy,6,NULL,41.5714,7,39.7500,14
2111,Dark,Adventure,6,NULL,41.5714,7,39.7500,14
1073,Super Mario World 2: Yoshi's Island,Platform,175,NULL,100.0000,1,88.2784,549
86807,Sonic CD,Platform,NULL,NULL,85.0000,2,79.8582,12
86807,Sonic CD,Adventure,NULL,NULL,85.0000,2,79.8582,12
6942,Condemned: Criminal Origins,Shooter,42,NULL,73.8333,6,80.5845,141
6942,Condemned: Criminal Origins,Puzzle,42,NULL,73.8333,6,80.5845,141
6942,Condemned: Criminal Origins,Adventure,42,NULL,73.8333,6,80.5845,141
7252,WWE SmackDown vs. Raw 2007,Sport,16,NULL,78.0000,9,75.7188,48
1200,Tales of Phantasia,Role-playing (RPG),10,NULL,65.0000,2,86.6623,33
10733,The Novelist,Simulator,3,NULL,58.7500,4,74.1268,12
10733,The Novelist,Strategy,3,NULL,58.7500,4,74.1268,12
10733,The Novelist,Adventure,3,NULL,58.7500,4,74.1268,12
10733,The Novelist,Indie,3,NULL,58.7500,4,74.1268,12
6615,Summon Night: Swordcraft Story,Role-playing (RPG),2,NULL,NULL,NULL,84.1532,13
8505,Duke Nukem: Manhattan Project,Shooter,11,NULL,45.0000,3,75.6776,48
8505,Duke Nukem: Manhattan Project,Platform,11,NULL,45.0000,3,75.6776,48
8505,Duke Nukem: Manhattan Project,Adventure,11,NULL,45.0000,3,75.6776,48
359,Final Fantasy XV,Role-playing (RPG),266,78,81.4400,29,76.6831,463
359,Final Fantasy XV,Adventure,266,78,81.4400,29,76.6831,463
8967,Worms Battlegrounds,Platform,15,NULL,67.0000,5,75.2437,24
8967,Worms Battlegrounds,Simulator,15,NULL,67.0000,5,75.2437,24
8967,Worms Battlegrounds,Strategy,15,NULL,67.0000,5,75.2437,24
51945,Ratty Catty,Simulator,52,NULL,NULL,NULL,75.9091,21
51945,Ratty Catty,Strategy,52,NULL,NULL,NULL,75.9091,21
51945,Ratty Catty,Adventure,52,NULL,NULL,NULL,75.9091,21
51945,Ratty Catty,Indie,52,NULL,NULL,NULL,75.9091,21
68362,RoboCop,Shooter,NULL,NULL,NULL,NULL,55.1968,12
1529,Jak II,Shooter,42,NULL,90.0000,2,80.5755,170
1529,Jak II,Platform,42,NULL,90.0000,2,80.5755,170
1529,Jak II,Adventure,42,NULL,90.0000,2,80.5755,170
8656,Leisure Suit Larry 2: Goes Looking for Love (in Several Wrong Places),Adventure,7,NULL,NULL,NULL,63.5775,25
7883,Magicite,Platform,1,NULL,NULL,NULL,65.6302,12
7883,Magicite,Role-playing (RPG),1,NULL,NULL,NULL,65.6302,12
7883,Magicite,Adventure,1,NULL,NULL,NULL,65.6302,12
7883,Magicite,Indie,1,NULL,NULL,NULL,65.6302,12
1528,Jak and Daxter: The Precursor Legacy,Platform,60,NULL,90.0000,1,80.4590,251
1528,Jak and Daxter: The Precursor Legacy,Adventure,60,NULL,90.0000,1,80.4590,251
7337,Captain Toad: Treasure Tracker,Platform,26,3,82.1304,15,80.7454,112
7337,Captain Toad: Treasure Tracker,Puzzle,26,3,82.1304,15,80.7454,112
7337,Captain Toad: Treasure Tracker,Strategy,26,3,82.1304,15,80.7454,112
18985,Dangerous Golf,Sport,NULL,NULL,54.4667,15,69.8992,6
18985,Dangerous Golf,Indie,NULL,NULL,54.4667,15,69.8992,6
18985,Dangerous Golf,Arcade,NULL,NULL,54.4667,15,69.8992,6
8789,Flight of the Amazon Queen,Puzzle,14,NULL,NULL,NULL,71.8011,29
8789,Flight of the Amazon Queen,Adventure,14,NULL,NULL,NULL,71.8011,29
19333,Absolver,Role-playing (RPG),41,16,74.7333,19,60.9553,37
19333,Absolver,Adventure,41,16,74.7333,19,60.9553,37
19333,Absolver,Indie,41,16,74.7333,19,60.9553,37
4619,Popeye,Platform,10,NULL,NULL,NULL,62.9171,39
4619,Popeye,Arcade,10,NULL,NULL,NULL,62.9171,39
76840,while True: learn(),Puzzle,5,NULL,70.0000,2,75.1806,16
76840,while True: learn(),Simulator,5,NULL,70.0000,2,75.1806,16
76840,while True: learn(),Indie,5,NULL,70.0000,2,75.1806,16
11122,ToeJam & Earl: Back in the Groove,Adventure,7,6,69.5000,13,80.0000,3
11122,ToeJam & Earl: Back in the Groove,Indie,7,6,69.5000,13,80.0000,3
1892,Pid,Shooter,10,NULL,62.5000,5,59.9757,17
1892,Pid,Platform,10,NULL,62.5000,5,59.9757,17
1892,Pid,Puzzle,10,NULL,62.5000,5,59.9757,17
1892,Pid,Adventure,10,NULL,62.5000,5,59.9757,17
1892,Pid,Indie,10,NULL,62.5000,5,59.9757,17
6655,Mother Russia Bleeds,Indie,25,6,72.6250,11,66.7303,44
6655,Mother Russia Bleeds,Arcade,25,6,72.6250,11,66.7303,44
143260,MLB The Show 21,Sport,NULL,3,81.6250,11,80.1670,7
32902,GentleMoon 2,Shooter,38,NULL,NULL,NULL,88.4615,13
32902,GentleMoon 2,Indie,38,NULL,NULL,NULL,88.4615,13
2,Thief: The Dark Project,Simulator,61,NULL,70.0000,1,86.5787,146
2,Thief: The Dark Project,Adventure,61,NULL,70.0000,1,86.5787,146
23719,Neverwinter Nights: Enhanced Edition,Role-playing (RPG),11,1,45.0000,2,64.1152,14
23719,Neverwinter Nights: Enhanced Edition,Adventure,11,1,45.0000,2,64.1152,14
3267,Day of Defeat: Source,Shooter,18,NULL,85.0000,2,71.1846,49
1004,The Matrix: Path of Neo,Shooter,18,NULL,65.6000,6,66.6071,59
4181,Star Wars: Rogue Squadron II - Rogue Leader,Shooter,11,NULL,90.0000,2,84.0746,48
7479,Warhawk,Shooter,2,NULL,85.4000,7,60.1078,11
4479,Snake Rattle 'n' Roll,Platform,2,NULL,NULL,NULL,77.2710,16
617,Brothers in Arms: Earned in Blood,Shooter,8,NULL,73.0000,5,71.9594,51
617,Brothers in Arms: Earned in Blood,Strategy,8,NULL,73.0000,5,71.9594,51
5311,F1 Race Stars,Sport,3,NULL,70.0000,8,52.2439,16
5311,F1 Race Stars,Arcade,3,NULL,70.0000,8,52.2439,16
1340,Dustforce DX,Platform,5,NULL,79.7500,8,79.8547,11
1340,Dustforce DX,Indie,5,NULL,79.7500,8,79.8547,11
11563,Sherlock Holmes: The Devil's Daughter,Puzzle,42,6,67.3750,10,73.0965,81
11563,Sherlock Holmes: The Devil's Daughter,Adventure,42,6,67.3750,10,73.0965,81
22958,Last Window: The Secret of Cape West,Puzzle,7,NULL,NULL,NULL,88.0202,12
22958,Last Window: The Secret of Cape West,Adventure,7,NULL,NULL,NULL,88.0202,12
6884,Shin Megami Tensei: Devil Survivor,Role-playing (RPG),7,NULL,90.0000,3,77.5281,32
6884,Shin Megami Tensei: Devil Survivor,Strategy,7,NULL,90.0000,3,77.5281,32
2958,Planetary Annihilation,Strategy,10,1,70.0000,2,74.5394,15
20950,Lifeless Planet: Premier Edition,Platform,6,NULL,64.7500,4,57.0997,16
20950,Lifeless Planet: Premier Edition,Puzzle,6,NULL,64.7500,4,57.0997,16
20950,Lifeless Planet: Premier Edition,Adventure,6,NULL,64.7500,4,57.0997,16
20950,Lifeless Planet: Premier Edition,Indie,6,NULL,64.7500,4,57.0997,16
3573,Pilotwings 64,Simulator,6,NULL,NULL,NULL,67.4733,27
3573,Pilotwings 64,Sport,6,NULL,NULL,NULL,67.4733,27
8109,The Pink Panther: Hokus Pokus Pink,Adventure,4,NULL,NULL,NULL,71.3290,13
11205,Anno 2205,Simulator,31,4,62.8000,5,73.2762,51
11205,Anno 2205,Strategy,31,4,62.8000,5,73.2762,51
18861,I Am Setsuna,Role-playing (RPG),26,1,75.5556,29,70.0983,27
18861,I Am Setsuna,Adventure,26,1,75.5556,29,70.0983,27
540,Disney Universe,Platform,2,NULL,64.6667,6,62.1960,16
540,Disney Universe,Adventure,2,NULL,64.6667,6,62.1960,16
4655,2010 FIFA World Cup South Africa,Simulator,8,NULL,88.0000,7,66.1592,37
4655,2010 FIFA World Cup South Africa,Sport,8,NULL,88.0000,7,66.1592,37
9019,Shadowgrounds,Shooter,2,NULL,75.0000,3,65.3728,19
55628,Bomber Crew,Simulator,8,NULL,85.0000,3,76.8754,15
55628,Bomber Crew,Strategy,8,NULL,85.0000,3,76.8754,15
55628,Bomber Crew,Indie,8,NULL,85.0000,3,76.8754,15
103221,Tetris Effect,Puzzle,16,2,88.0000,15,88.1701,66
159720,Milk outside a bag of milk outside a bag of milk,Adventure,2,NULL,NULL,NULL,80.1820,17
159720,Milk outside a bag of milk outside a bag of milk,Indie,2,NULL,NULL,NULL,80.1820,17
1398,Professor Layton and the Diabolical Box,Puzzle,28,NULL,85.0000,4,79.7445,83
22952,The King of Fighters 2002: Unlimited Match,Arcade,5,NULL,NULL,NULL,70.2443,20
15467,Shin Megami Tensei: Strange Journey,Role-playing (RPG),10,NULL,86.5000,4,90.8501,26
15467,Shin Megami Tensei: Strange Journey,Adventure,10,NULL,86.5000,4,90.8501,26
11209,Star Ocean,Role-playing (RPG),15,NULL,NULL,NULL,80.7681,14
11209,Star Ocean,Adventure,15,NULL,NULL,NULL,80.7681,14
2967,Cryostasis,Shooter,11,NULL,65.0000,6,74.8554,27
2967,Cryostasis,Puzzle,11,NULL,65.0000,6,74.8554,27
2967,Cryostasis,Adventure,11,NULL,65.0000,6,74.8554,27
21899,Final Fantasy X HD Remaster,Role-playing (RPG),NULL,NULL,95.0000,1,89.8591,11
21899,Final Fantasy X HD Remaster,Adventure,NULL,NULL,95.0000,1,89.8591,11
11650,NHL 96,Sport,NULL,NULL,NULL,NULL,96.1483,12
1045,SiN,Shooter,5,NULL,NULL,NULL,81.7718,20
1045,SiN,Adventure,5,NULL,NULL,NULL,81.7718,20
27514,Gravel,Simulator,2,1,71.0000,5,74.1937,13
27514,Gravel,Sport,2,1,71.0000,5,74.1937,13
27514,Gravel,Arcade,2,1,71.0000,5,74.1937,13
26701,Turok,Shooter,10,NULL,77.0000,5,71.7296,21
26701,Turok,Platform,10,NULL,77.0000,5,71.7296,21
26701,Turok,Adventure,10,NULL,77.0000,5,71.7296,21
1785,Mega Man Star Force 2: Zerker x Ninja,Role-playing (RPG),NULL,NULL,52.0000,2,73.8738,13
1785,Mega Man Star Force 2: Zerker x Ninja,Strategy,NULL,NULL,52.0000,2,73.8738,13
1785,Mega Man Star Force 2: Zerker x Ninja,Adventure,NULL,NULL,52.0000,2,73.8738,13
442,Napoleon: Total War,Strategy,16,NULL,83.3333,4,77.4943,72
13561,Digimon World: Next Order,Role-playing (RPG),11,2,68.5455,12,67.6414,17
13561,Digimon World: Next Order,Simulator,11,2,68.5455,12,67.6414,17
13561,Digimon World: Next Order,Adventure,11,2,68.5455,12,67.6414,17
9807,Magicka 2,Role-playing (RPG),15,NULL,60.8333,8,74.3423,60
9807,Magicka 2,Adventure,15,NULL,60.8333,8,74.3423,60
7147,A New Beginning,Adventure,14,NULL,NULL,NULL,63.0443,19
122565,Humanity,Platform,NULL,3,82.5000,2,81.5919,14
122565,Humanity,Puzzle,NULL,3,82.5000,2,81.5919,14
122565,Humanity,Indie,NULL,3,82.5000,2,81.5919,14
670,Command & Conquer 4: Tiberian Twilight,Strategy,10,NULL,65.0000,5,37.5563,30
5411,Pitfall!,Platform,11,NULL,NULL,NULL,72.2916,77
118272,Predator: Hunting Grounds,Shooter,6,3,66.2222,11,55.4860,6
20330,Flinthook,Shooter,12,1,80.8000,7,79.7581,12
20330,Flinthook,Platform,12,1,80.8000,7,79.7581,12
20330,Flinthook,Adventure,12,1,80.8000,7,79.7581,12
20330,Flinthook,Indie,12,1,80.8000,7,79.7581,12
20330,Flinthook,Arcade,12,1,80.8000,7,79.7581,12
15155,Total War: Shogun 2 - Fall of the Samurai,Strategy,4,NULL,80.0000,1,80.5432,13
11059,Naruto Shippuden: Ultimate Ninja Storm 4,Adventure,55,4,75.3333,11,76.8656,137
1406,Metal Slug Advance,Shooter,5,NULL,89.0000,1,69.7763,21
1406,Metal Slug Advance,Platform,5,NULL,89.0000,1,69.7763,21
36926,Monster Hunter: World,Role-playing (RPG),364,90,93.2500,24,83.7226,396
36926,Monster Hunter: World,Adventure,364,90,93.2500,24,83.7226,396
21063,Sonic Forces,Platform,70,45,56.7273,13,58.0992,77
21063,Sonic Forces,Strategy,70,45,56.7273,13,58.0992,77
21063,Sonic Forces,Adventure,70,45,56.7273,13,58.0992,77
118219,John Wick Hex,Simulator,2,2,76.0833,13,60.4571,10
118219,John Wick Hex,Strategy,2,2,76.0833,13,60.4571,10
9082,Raptor: Call of the Shadows,Shooter,2,NULL,NULL,NULL,79.0516,13
11133,Dark Souls III,Role-playing (RPG),333,27,86.0769,29,87.1502,1204
11133,Dark Souls III,Adventure,333,27,86.0769,29,87.1502,1204
1941,Infamous: Second Son,Shooter,133,4,79.2667,17,78.0735,426
1941,Infamous: Second Son,Platform,133,4,79.2667,17,78.0735,426
1941,Infamous: Second Son,Adventure,133,4,79.2667,17,78.0735,426
2369,Dark Messiah of Might and Magic,Role-playing (RPG),49,NULL,76.5000,4,78.8207,173
3225,No Man's Sky,Role-playing (RPG),320,226,73.8421,43,70.2463,399
3225,No Man's Sky,Simulator,320,226,73.8421,43,70.2463,399
3225,No Man's Sky,Adventure,320,226,73.8421,43,70.2463,399
3225,No Man's Sky,Indie,320,226,73.8421,43,70.2463,399
5620,Nox,Role-playing (RPG),21,NULL,NULL,NULL,76.2836,37
5620,Nox,Adventure,21,NULL,NULL,NULL,76.2836,37
8110,Octodad,Platform,3,NULL,NULL,NULL,72.4935,17
8110,Octodad,Puzzle,3,NULL,NULL,NULL,72.4935,17
8110,Octodad,Simulator,3,NULL,NULL,NULL,72.4935,17
8110,Octodad,Adventure,3,NULL,NULL,NULL,72.4935,17
8110,Octodad,Indie,3,NULL,NULL,NULL,72.4935,17
2110,Ride to Hell: Retribution,Shooter,1,NULL,10.0000,2,11.8674,16
2110,Ride to Hell: Retribution,Adventure,1,NULL,10.0000,2,11.8674,16
14431,Scorched Earth,Strategy,2,NULL,NULL,NULL,79.2881,15
115115,Resident Evil 3,Shooter,82,12,80.8000,14,79.2356,267
115115,Resident Evil 3,Adventure,82,12,80.8000,14,79.2356,267
3659,Joust,Platform,4,NULL,80.0000,2,73.5855,25
3659,Joust,Arcade,4,NULL,80.0000,2,73.5855,25
1698,Wario Land 3,Platform,6,NULL,NULL,NULL,80.1279,37
441,Empire: Total War,Strategy,30,NULL,89.8333,7,78.0788,126
6341,Dwarf Fortress,Role-playing (RPG),19,NULL,84.0000,0,87.4051,50
6341,Dwarf Fortress,Simulator,19,NULL,84.0000,0,87.4051,50
6341,Dwarf Fortress,Strategy,19,NULL,84.0000,0,87.4051,50
6341,Dwarf Fortress,Indie,19,NULL,84.0000,0,87.4051,50
8968,Everlasting Summer,Adventure,17,NULL,NULL,NULL,85.2275,84
8968,Everlasting Summer,Indie,17,NULL,NULL,NULL,85.2275,84
518,F.E.A.R. Extraction Point,Shooter,29,NULL,73.3333,3,79.4306,79
2552,Mad Max,Shooter,184,42,72.0000,17,76.2370,424
2552,Mad Max,Adventure,184,42,72.0000,17,76.2370,424
517,F.E.A.R.,Shooter,139,NULL,80.8571,9,80.8274,434
4484,Klax,Puzzle,1,NULL,NULL,NULL,59.9428,13
4484,Klax,Strategy,1,NULL,NULL,NULL,59.9428,13
4484,Klax,Arcade,1,NULL,NULL,NULL,59.9428,13
3561,NHL 99,Sport,1,NULL,NULL,NULL,69.9327,17
818,NHL 98,Sport,2,NULL,NULL,NULL,79.0493,17
818,NHL 98,Strategy,2,NULL,NULL,NULL,79.0493,17
94752,Minecraft: Xbox One Edition,Adventure,2,NULL,NULL,NULL,79.9497,11
94752,Minecraft: Xbox One Edition,Indie,2,NULL,NULL,NULL,79.9497,11
4043,NHL 2005,Simulator,1,NULL,75.0000,2,87.9849,14
4043,NHL 2005,Sport,1,NULL,75.0000,2,87.9849,14
41884,Uncharted 3: Drake's Deception - Game of the Year Edition,Shooter,2,NULL,NULL,NULL,89.8431,13
41884,Uncharted 3: Drake's Deception - Game of the Year Edition,Platform,2,NULL,NULL,NULL,89.8431,13
41884,Uncharted 3: Drake's Deception - Game of the Year Edition,Adventure,2,NULL,NULL,NULL,89.8431,13
875,NHL 08,Sport,2,NULL,83.0000,4,72.7961,16
6546,Mr. Gimmick,Platform,NULL,NULL,NULL,NULL,80.5442,11
6546,Mr. Gimmick,Adventure,NULL,NULL,NULL,NULL,80.5442,11
5964,NHL 07,Simulator,2,NULL,73.8000,6,66.6421,24
5964,NHL 07,Sport,2,NULL,73.8000,6,66.6421,24
815,NHL 2002,Simulator,7,NULL,70.0000,1,85.8555,17
815,NHL 2002,Sport,7,NULL,70.0000,1,85.8555,17
4044,NHL 06,Simulator,3,NULL,88.0000,1,75.5731,15
4044,NHL 06,Sport,3,NULL,88.0000,1,75.5731,15
107292,Onimusha: Warlords,Role-playing (RPG),2,1,75.1250,10,81.2397,22
107292,Onimusha: Warlords,Adventure,2,1,75.1250,10,81.2397,22
816,NHL 2004,Simulator,3,NULL,NULL,NULL,77.4329,16
816,NHL 2004,Sport,3,NULL,NULL,NULL,77.4329,16
18688,Manual Samuel,Simulator,11,NULL,61.0000,6,73.5222,26
18688,Manual Samuel,Adventure,11,NULL,61.0000,6,73.5222,26
18688,Manual Samuel,Indie,11,NULL,61.0000,6,73.5222,26
28815,LEGO Marvel Super Heroes 2,Puzzle,27,11,73.7692,16,70.1289,30
28815,LEGO Marvel Super Heroes 2,Adventure,27,11,73.7692,16,70.1289,30
3782,The Incredibles,Platform,9,NULL,40.0000,2,65.8376,32
3782,The Incredibles,Adventure,9,NULL,40.0000,2,65.8376,32
119374,Final Fantasy VIII Remastered,Role-playing (RPG),6,5,79.1667,6,70.7975,17
119374,Final Fantasy VIII Remastered,Adventure,6,5,79.1667,6,70.7975,17
123902,Murder by Numbers,Puzzle,3,NULL,71.0000,3,68.1208,13
123902,Murder by Numbers,Indie,3,NULL,71.0000,3,68.1208,13
3475,Dr. Mario 64,Puzzle,2,NULL,NULL,NULL,61.6235,13
15756,Geometry Wars: Retro Evolved,Arcade,8,NULL,90.0000,3,61.1863,17
3736,Putt-Putt Saves the Zoo,Adventure,3,NULL,NULL,NULL,79.5518,13
4552,Crusader of Centy,Role-playing (RPG),2,NULL,NULL,NULL,77.5332,14
9655,HuniePop,Puzzle,36,NULL,82.5000,3,79.6994,111
9655,HuniePop,Role-playing (RPG),36,NULL,82.5000,3,79.6994,111
9655,HuniePop,Simulator,36,NULL,82.5000,3,79.6994,111
9655,HuniePop,Strategy,36,NULL,82.5000,3,79.6994,111
9655,HuniePop,Indie,36,NULL,82.5000,3,79.6994,111
114285,NBA 2K20,Simulator,25,3,77.2500,9,71.3904,48
114285,NBA 2K20,Sport,25,3,77.2500,9,71.3904,48
26013,NBA Live 98,Simulator,NULL,NULL,NULL,NULL,55.3313,11
26013,NBA Live 98,Sport,NULL,NULL,NULL,NULL,55.3313,11
2043,Majesty 2: The Fantasy Kingdom Sim,Simulator,3,NULL,50.0000,2,61.5718,19
2043,Majesty 2: The Fantasy Kingdom Sim,Strategy,3,NULL,50.0000,2,61.5718,19
1813,Dragon Quest II: Luminaries of the Legendary Line,Role-playing (RPG),10,NULL,0.0000,1,79.3994,33
28224,Scanner Sombre,Puzzle,4,NULL,72.5000,4,58.7877,13
28224,Scanner Sombre,Adventure,4,NULL,72.5000,4,58.7877,13
28224,Scanner Sombre,Indie,4,NULL,72.5000,4,58.7877,13
1939,Destiny,Shooter,169,24,78.2941,23,72.2017,399
1939,Destiny,Role-playing (RPG),169,24,78.2941,23,72.2017,399
72016,Game & Watch Gallery,Arcade,2,NULL,NULL,NULL,69.9522,11
1328,Turok 3: Shadow of Oblivion,Shooter,4,1,NULL,NULL,61.3724,13
17583,SpellForce 3,Role-playing (RPG),25,7,74.0000,11,59.4794,23
17583,SpellForce 3,Strategy,25,7,74.0000,11,59.4794,23
7226,UEFA Euro 2008,Simulator,4,NULL,75.0000,4,62.4454,17
7226,UEFA Euro 2008,Sport,4,NULL,75.0000,4,62.4454,17
14402,Eversion,Platform,3,NULL,NULL,NULL,70.1604,11
14402,Eversion,Indie,3,NULL,NULL,NULL,70.1604,11
12153,Ikari Warriors,Shooter,4,NULL,52.0000,1,71.7050,27
12153,Ikari Warriors,Arcade,4,NULL,52.0000,1,71.7050,27
3081,Evil Genius,Puzzle,17,NULL,82.5000,4,74.4229,29
3081,Evil Genius,Simulator,17,NULL,82.5000,4,74.4229,29
3081,Evil Genius,Strategy,17,NULL,82.5000,4,74.4229,29
8471,Startopia,Simulator,6,NULL,90.0000,1,89.7624,15
8471,Startopia,Strategy,6,NULL,90.0000,1,89.7624,15
7444,Shovel Knight,Platform,173,NULL,88.9474,20,85.9780,452
7444,Shovel Knight,Adventure,173,NULL,88.9474,20,85.9780,452
7444,Shovel Knight,Indie,173,NULL,88.9474,20,85.9780,452
5631,The Temple of Elemental Evil,Role-playing (RPG),7,NULL,NULL,NULL,72.5684,28
5631,The Temple of Elemental Evil,Strategy,7,NULL,NULL,NULL,72.5684,28
77631,Harry Potter: Hogwarts Mystery,Role-playing (RPG),11,2,32.5000,4,36.4753,23
77631,Harry Potter: Hogwarts Mystery,Simulator,11,2,32.5000,4,36.4753,23
77631,Harry Potter: Hogwarts Mystery,Adventure,11,2,32.5000,4,36.4753,23
144133,Gloam,Indie,7,1,NULL,NULL,92.5926,11
144133,Gloam,Arcade,7,1,NULL,NULL,92.5926,11
28010,God Eater 3,Role-playing (RPG),13,4,72.7500,12,59.9157,9
28010,God Eater 3,Adventure,13,4,72.7500,12,59.9157,9
36794,Pokkén Tournament DX,Arcade,13,1,77.4167,13,79.5686,14
14481,Oh No! More Lemmings,Puzzle,5,1,NULL,NULL,89.8145,13
14481,Oh No! More Lemmings,Strategy,5,1,NULL,NULL,89.8145,13
170,Star Wars: X-Wing vs. TIE Fighter,Simulator,2,NULL,NULL,NULL,76.0477,18
8999,Braveland,Role-playing (RPG),8,NULL,NULL,NULL,77.6129,14
8999,Braveland,Strategy,8,NULL,NULL,NULL,77.6129,14
8999,Braveland,Adventure,8,NULL,NULL,NULL,77.6129,14
8999,Braveland,Indie,8,NULL,NULL,NULL,77.6129,14
87983,What the Golf?,Puzzle,1,3,87.6667,4,73.6478,27
87983,What the Golf?,Simulator,1,3,87.6667,4,73.6478,27
87983,What the Golf?,Sport,1,3,87.6667,4,73.6478,27
87983,What the Golf?,Adventure,1,3,87.6667,4,73.6478,27
87983,What the Golf?,Indie,1,3,87.6667,4,73.6478,27
87983,What the Golf?,Arcade,1,3,87.6667,4,73.6478,27
14813,Peggle Nights,Puzzle,6,NULL,84.0000,4,83.7666,23
58310,Peggle Blast,Puzzle,NULL,1,NULL,NULL,79.9038,11
118922,Reventure,Platform,1,NULL,70.0000,2,71.3019,11
118922,Reventure,Strategy,1,NULL,70.0000,2,71.3019,11
118922,Reventure,Adventure,1,NULL,70.0000,2,71.3019,11
118922,Reventure,Indie,1,NULL,70.0000,2,71.3019,11
11592,Lara Croft GO,Puzzle,40,NULL,85.8000,6,81.1230,69
11592,Lara Croft GO,Strategy,40,NULL,85.8000,6,81.1230,69
11592,Lara Croft GO,Adventure,40,NULL,85.8000,6,81.1230,69
924,Wing Commander,Shooter,6,NULL,NULL,NULL,81.3903,34
924,Wing Commander,Simulator,6,NULL,NULL,NULL,81.3903,34
3781,Finding Nemo,Adventure,4,NULL,61.0000,3,60.7074,20
8807,Scribblenauts,Puzzle,7,NULL,78.8000,7,72.7884,38
1646,James Bond 007: Quantum of Solace,Shooter,20,NULL,61.7143,9,65.3699,56
7457,Siren: Blood Curse,Shooter,7,NULL,74.6667,6,70.5477,19
7457,Siren: Blood Curse,Puzzle,7,NULL,74.6667,6,70.5477,19
7457,Siren: Blood Curse,Adventure,7,NULL,74.6667,6,70.5477,19
1781,Mega Man Star Force: Pegasus,Role-playing (RPG),NULL,NULL,60.0000,2,69.0501,12
1781,Mega Man Star Force: Pegasus,Adventure,NULL,NULL,60.0000,2,69.0501,12
7211,A Story About My Uncle,Platform,22,NULL,69.0000,2,68.5221,117
7211,A Story About My Uncle,Puzzle,22,NULL,69.0000,2,68.5221,117
7211,A Story About My Uncle,Adventure,22,NULL,69.0000,2,68.5221,117
7211,A Story About My Uncle,Indie,22,NULL,69.0000,2,68.5221,117
5691,Pole Position,Sport,8,NULL,60.0000,1,72.7470,33
5691,Pole Position,Arcade,8,NULL,60.0000,1,72.7470,33
7558,Ninja Gaiden,Platform,25,NULL,NULL,NULL,79.6798,116
7558,Ninja Gaiden,Adventure,25,NULL,NULL,NULL,79.6798,116
7558,Ninja Gaiden,Arcade,25,NULL,NULL,NULL,79.6798,116
2391,Berzerk,Shooter,1,NULL,70.0000,1,72.2628,16
2391,Berzerk,Simulator,1,NULL,70.0000,1,72.2628,16
6387,Dragon Ball Z: The Legacy of Goku,Role-playing (RPG),5,NULL,NULL,NULL,68.5552,45
18227,Shin Megami Tensei: Digital Devil Saga,Role-playing (RPG),13,NULL,76.6667,3,80.6424,25
1087,Donkey Kong Junior,Platform,12,NULL,NULL,NULL,72.9341,55
1087,Donkey Kong Junior,Arcade,12,NULL,NULL,NULL,72.9341,55
5836,Fight Night Round 3,Sport,6,NULL,84.0000,7,68.9578,22
6125,Pitfall II: The Lost Caverns,Platform,NULL,NULL,NULL,NULL,71.5811,13
6706,E.T. the Extra-Terrestrial,Strategy,2,NULL,NULL,NULL,48.5330,31
6706,E.T. the Extra-Terrestrial,Adventure,2,NULL,NULL,NULL,48.5330,31
19850,Lumo,Platform,6,NULL,77.0000,11,59.9229,15
19850,Lumo,Puzzle,6,NULL,77.0000,11,59.9229,15
19850,Lumo,Adventure,6,NULL,77.0000,11,59.9229,15
19850,Lumo,Indie,6,NULL,77.0000,11,59.9229,15
4652,Pro Evolution Soccer 2014,Simulator,8,NULL,79.5000,11,66.5457,58
4652,Pro Evolution Soccer 2014,Sport,8,NULL,79.5000,11,66.5457,58
8644,Assault Android Cactus,Shooter,5,NULL,82.1818,12,72.5927,16
8644,Assault Android Cactus,Indie,5,NULL,82.1818,12,72.5927,16
8644,Assault Android Cactus,Arcade,5,NULL,82.1818,12,72.5927,16
1723,Mega Man 10,Shooter,10,NULL,80.0000,2,83.1936,36
1723,Mega Man 10,Platform,10,NULL,80.0000,2,83.1936,36
18929,Mosaic,Puzzle,5,9,78.7500,5,72.4091,12
18929,Mosaic,Adventure,5,9,78.7500,5,72.4091,12
18929,Mosaic,Indie,5,9,78.7500,5,72.4091,12
134599,NBA 2K21,Simulator,17,5,77.3636,14,71.6145,30
134599,NBA 2K21,Sport,17,5,77.3636,14,71.6145,30
19133,Elsword,Role-playing (RPG),3,NULL,60.0000,1,65.7646,34
19133,Elsword,Adventure,3,NULL,60.0000,1,65.7646,34
27093,Yu-Gi-Oh! Duel Links,Role-playing (RPG),22,NULL,NULL,NULL,76.0642,64
27093,Yu-Gi-Oh! Duel Links,Simulator,22,NULL,NULL,NULL,76.0642,64
27093,Yu-Gi-Oh! Duel Links,Strategy,22,NULL,NULL,NULL,76.0642,64
27093,Yu-Gi-Oh! Duel Links,Adventure,22,NULL,NULL,NULL,76.0642,64
7392,Code Name S.T.E.A.M.,Shooter,5,2,68.4167,14,61.1351,10
7392,Code Name S.T.E.A.M.,Strategy,5,2,68.4167,14,61.1351,10
7392,Code Name S.T.E.A.M.,Adventure,5,2,68.4167,14,61.1351,10
5319,Project CARS,Simulator,61,21,82.1429,16,75.4105,83
5319,Project CARS,Sport,61,21,82.1429,16,75.4105,83
14522,Siren,Strategy,9,NULL,70.0000,2,70.1151,14
14522,Siren,Adventure,9,NULL,70.0000,2,70.1151,14
119391,Trials of Mana,Role-playing (RPG),54,17,77.9000,13,76.1455,26
119391,Trials of Mana,Adventure,54,17,77.9000,13,76.1455,26
7612,CounterSpy,Indie,7,NULL,63.3750,9,75.0379,34
7612,CounterSpy,Arcade,7,NULL,63.3750,9,75.0379,34
17136,Abyss: The Wraiths of Eden,Puzzle,2,NULL,NULL,NULL,72.5948,14
17136,Abyss: The Wraiths of Eden,Adventure,2,NULL,NULL,NULL,72.5948,14
14544,The Stanley Parable Demonstration,Adventure,6,NULL,NULL,NULL,87.5310,15
14544,The Stanley Parable Demonstration,Indie,6,NULL,NULL,NULL,87.5310,15
28225,Police Stories,Shooter,5,6,70.0000,2,55.8265,13
28225,Police Stories,Simulator,5,6,70.0000,2,55.8265,13
28225,Police Stories,Strategy,5,6,70.0000,2,55.8265,13
28225,Police Stories,Indie,5,6,70.0000,2,55.8265,13
28225,Police Stories,Arcade,5,6,70.0000,2,55.8265,13
133040,Cryptoman,Arcade,4,NULL,NULL,NULL,86.6767,23
3221,Rogue Legacy,Platform,79,NULL,86.0000,14,76.0298,293
3221,Rogue Legacy,Puzzle,79,NULL,86.0000,14,76.0298,293
3221,Rogue Legacy,Role-playing (RPG),79,NULL,86.0000,14,76.0298,293
3221,Rogue Legacy,Adventure,79,NULL,86.0000,14,76.0298,293
3221,Rogue Legacy,Indie,79,NULL,86.0000,14,76.0298,293
110069,Dragon Quest XI S: Echoes of an Elusive Age - Definitive Edition,Role-playing (RPG),8,4,91.7500,4,85.4572,61
110069,Dragon Quest XI S: Echoes of an Elusive Age - Definitive Edition,Adventure,8,4,91.7500,4,85.4572,61
17818,Disney Infinity 2.0: Marvel Super Heroes,Adventure,1,NULL,74.0000,12,69.0905,5
152259,FAR: Changing Tides,Platform,1,2,88.0000,3,73.0635,25
152259,FAR: Changing Tides,Puzzle,1,2,88.0000,3,73.0635,25
152259,FAR: Changing Tides,Adventure,1,2,88.0000,3,73.0635,25
152259,FAR: Changing Tides,Indie,1,2,88.0000,3,73.0635,25
13204,Pathologic Classic HD,Role-playing (RPG),3,NULL,74.0000,1,83.8589,21
13204,Pathologic Classic HD,Adventure,3,NULL,74.0000,1,83.8589,21
13204,Pathologic Classic HD,Indie,3,NULL,74.0000,1,83.8589,21
7056,The Lord of the Rings: Conquest,Adventure,16,NULL,60.0000,4,70.0893,75
8974,Football Manager 2013,Sport,8,NULL,89.5000,4,86.3863,38
8974,Football Manager 2013,Strategy,8,NULL,89.5000,4,86.3863,38
848,Rise of Nations,Strategy,54,NULL,92.0000,3,81.6373,148
8500,Futuridium EP Deluxe,Shooter,2,NULL,61.0000,1,42.3748,11
8500,Futuridium EP Deluxe,Indie,2,NULL,61.0000,1,42.3748,11
12267,Skate or Die,Sport,3,NULL,NULL,NULL,67.0447,24
12267,Skate or Die,Arcade,3,NULL,NULL,NULL,67.0447,24
83731,Beat Saber,Sport,8,NULL,85.0000,4,85.9011,99
83731,Beat Saber,Indie,8,NULL,85.0000,4,85.9011,99
7091,MX vs. ATV Reflex,Simulator,2,NULL,75.6667,4,80.0463,11
7091,MX vs. ATV Reflex,Sport,2,NULL,75.6667,4,80.0463,11
4126,Intelligent Qube,Puzzle,4,NULL,60.0000,0,88.3401,13
4126,Intelligent Qube,Strategy,4,NULL,60.0000,0,88.3401,13
1361,Ehrgeiz,Role-playing (RPG),3,NULL,NULL,NULL,63.7968,13
1361,Ehrgeiz,Arcade,3,NULL,NULL,NULL,63.7968,13
50833,Yu-Gi-Oh! Power of Chaos: Joey the Passion,Puzzle,7,NULL,NULL,NULL,79.6870,22
50833,Yu-Gi-Oh! Power of Chaos: Joey the Passion,Strategy,7,NULL,NULL,NULL,79.6870,22
27958,Radiant Historia: Perfect Chronology,Role-playing (RPG),3,2,83.6250,9,60.5638,12
27958,Radiant Historia: Perfect Chronology,Adventure,3,2,83.6250,9,60.5638,12
75126,Cube Escape: Harvey's Box,Puzzle,1,NULL,NULL,NULL,70.2936,19
75126,Cube Escape: Harvey's Box,Adventure,1,NULL,NULL,NULL,70.2936,19
6516,Radiant Historia,Puzzle,7,NULL,82.5000,3,89.8951,15
6516,Radiant Historia,Role-playing (RPG),7,NULL,82.5000,3,89.8951,15
6516,Radiant Historia,Adventure,7,NULL,82.5000,3,89.8951,15
5572,Men of War: Assault Squad 2,Simulator,13,2,75.0000,1,79.9440,17
5572,Men of War: Assault Squad 2,Strategy,13,2,75.0000,1,79.9440,17
326,Medal of Honor: Allied Assault,Shooter,98,1,80.0000,1,82.8290,279
8614,Digimon World,Role-playing (RPG),17,NULL,NULL,NULL,67.4233,74
8614,Digimon World,Simulator,17,NULL,NULL,NULL,67.4233,74
8614,Digimon World,Adventure,17,NULL,NULL,NULL,67.4233,74
2413,Oni,Shooter,19,NULL,70.0000,2,88.8161,61
820,No One Lives Forever 2: A Spy in H.A.R.M.'s Way,Shooter,31,NULL,80.0000,2,86.5180,76
5602,Overgrowth,Adventure,19,8,50.8000,7,51.3820,15
5602,Overgrowth,Indie,19,8,50.8000,7,51.3820,15
3700,The Settlers: Rise of an Empire,Simulator,7,NULL,70.0000,3,74.3344,15
3700,The Settlers: Rise of an Empire,Strategy,7,NULL,70.0000,3,74.3344,15
12505,Infinity Blade III,Adventure,5,NULL,74.3333,4,82.8205,13
6181,The Suffering: Ties That Bind,Shooter,9,NULL,72.0000,4,68.4532,24
1741,Mega Man X,Shooter,68,NULL,85.0000,1,86.0390,235
1741,Mega Man X,Platform,68,NULL,85.0000,1,86.0390,235
1741,Mega Man X,Adventure,68,NULL,85.0000,1,86.0390,235
5821,Eragon,Adventure,2,NULL,54.1250,10,47.0509,17
7393,World of Tanks: Blitz,Shooter,2,NULL,NULL,NULL,68.3931,22
7393,World of Tanks: Blitz,Role-playing (RPG),2,NULL,NULL,NULL,68.3931,22
7393,World of Tanks: Blitz,Simulator,2,NULL,NULL,NULL,68.3931,22
7393,World of Tanks: Blitz,Strategy,2,NULL,NULL,NULL,68.3931,22
64821,Urban Rivals World,Strategy,1,NULL,NULL,NULL,80.2552,12
64821,Urban Rivals World,Adventure,1,NULL,NULL,NULL,80.2552,12
64821,Urban Rivals World,Indie,1,NULL,NULL,NULL,80.2552,12
142494,Dragon Ball Z: Kakarot - Dragon Ball Card Warriors,Strategy,9,NULL,NULL,NULL,100.0000,13
2621,Cool Spot,Platform,5,NULL,NULL,NULL,63.7265,55
3216,Secret of Mana,Role-playing (RPG),57,NULL,NULL,NULL,83.6402,163
454,The Lost Vikings,Platform,18,NULL,NULL,NULL,76.2745,69
454,The Lost Vikings,Puzzle,18,NULL,NULL,NULL,76.2745,69
454,The Lost Vikings,Strategy,18,NULL,NULL,NULL,76.2745,69
7637,Sniper Elite: Nazi Zombie Army,Shooter,2,NULL,56.0000,2,63.1855,15
2651,Destroy All Humans!,Adventure,20,NULL,70.0000,6,72.2182,57
14545,Human Resource Machine,Puzzle,18,NULL,74.3333,6,77.6483,37
14545,Human Resource Machine,Simulator,18,NULL,74.3333,6,77.6483,37
14545,Human Resource Machine,Strategy,18,NULL,74.3333,6,77.6483,37
14545,Human Resource Machine,Indie,18,NULL,74.3333,6,77.6483,37
8506,Xeodrifter,Platform,3,NULL,79.0000,6,67.3271,23
8506,Xeodrifter,Adventure,3,NULL,79.0000,6,67.3271,23
8506,Xeodrifter,Indie,3,NULL,79.0000,6,67.3271,23
26772,NBA 2K18,Simulator,66,42,73.8000,11,68.9196,41
26772,NBA 2K18,Sport,66,42,73.8000,11,68.9196,41
26760,Super Bomberman R,Puzzle,16,1,63.6667,17,61.8745,24
26760,Super Bomberman R,Strategy,16,1,63.6667,17,61.8745,24
26760,Super Bomberman R,Arcade,16,1,63.6667,17,61.8745,24
1075,Super Mario Sunshine,Platform,132,NULL,90.0000,2,82.1898,426
1075,Super Mario Sunshine,Adventure,132,NULL,90.0000,2,82.1898,426
3109,Postal 2,Shooter,76,NULL,59.2500,4,70.6951,210
3109,Postal 2,Adventure,76,NULL,59.2500,4,70.6951,210
3109,Postal 2,Indie,76,NULL,59.2500,4,70.6951,210
115282,Tetris 99,Puzzle,5,NULL,84.0000,4,83.6114,78
115282,Tetris 99,Arcade,5,NULL,84.0000,4,83.6114,78
2485,Luigi's Mansion,Adventure,52,NULL,70.0000,1,79.9374,206
1194,Crash Tag Team Racing,Platform,11,NULL,60.0000,2,68.5736,62
17137,Enigmatis: The Ghosts of Maple Creek,Puzzle,4,NULL,NULL,NULL,69.1842,18
17137,Enigmatis: The Ghosts of Maple Creek,Adventure,4,NULL,NULL,NULL,69.1842,18
31558,WWE 2K18,Simulator,38,21,67.5385,14,63.2116,38
31558,WWE 2K18,Sport,38,21,67.5385,14,63.2116,38
1912,Warface,Shooter,24,NULL,54.0000,2,63.1958,58
1912,Warface,Role-playing (RPG),24,NULL,54.0000,2,63.1958,58
1912,Warface,Simulator,24,NULL,54.0000,2,63.1958,58
1912,Warface,Strategy,24,NULL,54.0000,2,63.1958,58
1912,Warface,Adventure,24,NULL,54.0000,2,63.1958,58
143615,Knockout City,Sport,10,NULL,86.0000,11,76.3951,33
13155,Rage of Mages II: Necromancer,Role-playing (RPG),1,NULL,NULL,NULL,89.5987,11
13155,Rage of Mages II: Necromancer,Strategy,1,NULL,NULL,NULL,89.5987,11
75129,Cube Escape: Birthday,Puzzle,NULL,NULL,NULL,NULL,70.4719,17
75129,Cube Escape: Birthday,Adventure,NULL,NULL,NULL,NULL,70.4719,17
9540,Wonder Boy in Monster World,Platform,NULL,NULL,NULL,NULL,74.7399,20
9540,Wonder Boy in Monster World,Role-playing (RPG),NULL,NULL,NULL,NULL,74.7399,20
6213,Total Overdose,Shooter,17,NULL,66.3333,5,68.5413,58
6213,Total Overdose,Adventure,17,NULL,66.3333,5,68.5413,58
6273,Red Faction,Shooter,31,NULL,70.0000,2,73.9864,115
6273,Red Faction,Adventure,31,NULL,70.0000,2,73.9864,115
9269,Dungeon Siege II,Role-playing (RPG),20,NULL,83.0000,5,79.1261,64
7862,Sonic Adventure 2: Battle,Platform,22,NULL,NULL,NULL,80.2885,80
7862,Sonic Adventure 2: Battle,Adventure,22,NULL,NULL,NULL,80.2885,80
38932,Trine 2: Complete Story,Platform,10,NULL,93.0000,1,79.7973,40
38932,Trine 2: Complete Story,Puzzle,10,NULL,93.0000,1,79.7973,40
38932,Trine 2: Complete Story,Adventure,10,NULL,93.0000,1,79.7973,40
38932,Trine 2: Complete Story,Indie,10,NULL,93.0000,1,79.7973,40
9559,Titan Souls,Role-playing (RPG),36,7,72.3750,9,72.1675,79
9559,Titan Souls,Adventure,36,7,72.3750,9,72.1675,79
9559,Titan Souls,Indie,36,7,72.3750,9,72.1675,79
14366,Until Dawn: Rush of Blood,Shooter,14,3,70.4545,12,69.5570,20
152267,Tinykin,Platform,1,1,82.6667,4,81.3612,31
152267,Tinykin,Puzzle,1,1,82.6667,4,81.3612,31
152267,Tinykin,Role-playing (RPG),1,1,82.6667,4,81.3612,31
152267,Tinykin,Adventure,1,1,82.6667,4,81.3612,31
152267,Tinykin,Indie,1,1,82.6667,4,81.3612,31
152267,Tinykin,Arcade,1,1,82.6667,4,81.3612,31
10960,Thumper,Adventure,31,7,83.7273,14,75.3401,73
10960,Thumper,Indie,31,7,83.7273,14,75.3401,73
10960,Thumper,Arcade,31,7,83.7273,14,75.3401,73
235,RollerCoaster Tycoon 3,Simulator,33,NULL,83.7500,3,74.1278,101
235,RollerCoaster Tycoon 3,Strategy,33,NULL,83.7500,3,74.1278,101
1323,Ty the Tasmanian Tiger 2: Bush Rescue,Platform,5,NULL,66.6667,3,69.1406,12
1323,Ty the Tasmanian Tiger 2: Bush Rescue,Adventure,5,NULL,66.6667,3,69.1406,12
1323,Ty the Tasmanian Tiger 2: Bush Rescue,Indie,5,NULL,66.6667,3,69.1406,12
43321,Sonic the Hedgehog Genesis,Platform,1,NULL,NULL,NULL,66.3726,12
7643,Shadowrun,Shooter,10,NULL,68.0000,5,56.0886,22
7643,Shadowrun,Arcade,10,NULL,68.0000,5,56.0886,22
26145,Impact Winter,Role-playing (RPG),30,3,65.0000,2,67.9861,11
26145,Impact Winter,Simulator,30,3,65.0000,2,67.9861,11
26145,Impact Winter,Strategy,30,3,65.0000,2,67.9861,11
26145,Impact Winter,Adventure,30,3,65.0000,2,67.9861,11
26145,Impact Winter,Indie,30,3,65.0000,2,67.9861,11
868,Sid Meier's Pirates!,Role-playing (RPG),34,NULL,82.6667,3,81.6479,103
868,Sid Meier's Pirates!,Simulator,34,NULL,82.6667,3,81.6479,103
868,Sid Meier's Pirates!,Strategy,34,NULL,82.6667,3,81.6479,103
868,Sid Meier's Pirates!,Adventure,34,NULL,82.6667,3,81.6479,103
139295,Milk inside a bag of milk inside a bag of milk,Adventure,3,NULL,NULL,NULL,89.1987,36
139295,Milk inside a bag of milk inside a bag of milk,Indie,3,NULL,NULL,NULL,89.1987,36
117,The Last Guardian,Platform,222,63,80.2857,23,83.0699,261
117,The Last Guardian,Puzzle,222,63,80.2857,23,83.0699,261
117,The Last Guardian,Adventure,222,63,80.2857,23,83.0699,261
2138,Grid 2,Simulator,37,NULL,80.5833,15,73.6586,139
2138,Grid 2,Sport,37,NULL,80.5833,15,73.6586,139
2138,Grid 2,Arcade,37,NULL,80.5833,15,73.6586,139
7326,Forza Horizon 2,Simulator,43,4,86.4118,17,82.8984,100
7220,Tron: Evolution,Platform,5,NULL,59.0000,7,60.5252,19
7220,Tron: Evolution,Puzzle,5,NULL,59.0000,7,60.5252,19
7220,Tron: Evolution,Adventure,5,NULL,59.0000,7,60.5252,19
9462,Stronghold: Crusader Extreme,Simulator,2,NULL,40.0000,1,69.5922,13
9462,Stronghold: Crusader Extreme,Strategy,2,NULL,40.0000,1,69.5922,13
964,Stronghold Crusader,Simulator,50,NULL,80.0000,1,84.2561,137
964,Stronghold Crusader,Strategy,50,NULL,80.0000,1,84.2561,137
8678,Defy Gravity,Shooter,2,NULL,NULL,NULL,43.2415,12
8678,Defy Gravity,Platform,2,NULL,NULL,NULL,43.2415,12
8678,Defy Gravity,Puzzle,2,NULL,NULL,NULL,43.2415,12
8678,Defy Gravity,Indie,2,NULL,NULL,NULL,43.2415,12
7593,Space Rangers 2: Dominators,Role-playing (RPG),7,NULL,82.5000,2,91.4837,32
7593,Space Rangers 2: Dominators,Simulator,7,NULL,82.5000,2,91.4837,32
7593,Space Rangers 2: Dominators,Strategy,7,NULL,82.5000,2,91.4837,32
7593,Space Rangers 2: Dominators,Arcade,7,NULL,82.5000,2,91.4837,32
3328,1080° Snowboarding,Sport,6,NULL,70.0000,1,65.6455,55
3403,Mario Golf: Toadstool Tour,Sport,8,NULL,76.5000,2,70.9710,33
7170,Ico,Platform,98,NULL,96.6667,3,84.4696,251
7170,Ico,Puzzle,98,NULL,96.6667,3,84.4696,251
7170,Ico,Adventure,98,NULL,96.6667,3,84.4696,251
4041,NFL Street,Sport,1,NULL,79.5000,4,89.6561,12
7,Jagged Alliance,Role-playing (RPG),5,NULL,NULL,NULL,79.1221,19
7,Jagged Alliance,Strategy,5,NULL,NULL,NULL,79.1221,19
18282,Monster World IV,Platform,1,NULL,NULL,NULL,80.0386,13
18282,Monster World IV,Role-playing (RPG),1,NULL,NULL,NULL,80.0386,13
18978,Table Top Racing: World Tour,Indie,10,NULL,40.0000,1,60.6848,22
86395,Synthetik: Legion Rising,Shooter,6,3,70.0000,1,71.8524,19
86395,Synthetik: Legion Rising,Indie,6,3,70.0000,1,71.8524,19
1283,The Legend of Kyrandia 2: The Hand of Fate,Puzzle,4,NULL,NULL,NULL,82.5166,21
1283,The Legend of Kyrandia 2: The Hand of Fate,Adventure,4,NULL,NULL,NULL,82.5166,21
1213,Tales of Xillia 2,Role-playing (RPG),9,NULL,68.8182,13,77.9298,37
37088,The Elder Scrolls V: Skyrim VR,Role-playing (RPG),23,2,75.2500,5,76.4815,17
37088,The Elder Scrolls V: Skyrim VR,Adventure,23,2,75.2500,5,76.4815,17
2922,Crusader Kings,Simulator,2,NULL,86.0000,1,84.7599,11
2922,Crusader Kings,Strategy,2,NULL,86.0000,1,84.7599,11
103018,Team Sonic Racing,Arcade,15,4,71.3333,12,72.9493,27
15698,Metroid Dread,Platform,11,5,83.5455,13,84.8080,106
15698,Metroid Dread,Adventure,11,5,83.5455,13,84.8080,106
1712,"WarioWare, Inc.: Mega Party Games!",Puzzle,2,NULL,70.0000,1,80.3397,20
1712,"WarioWare, Inc.: Mega Party Games!",Arcade,2,NULL,70.0000,1,80.3397,20
432,Total War: Shogun 2,Simulator,61,NULL,88.0000,8,84.9356,165
432,Total War: Shogun 2,Strategy,61,NULL,88.0000,8,84.9356,165
16136,The Final Station,Shooter,15,1,72.0909,12,74.1047,48
16136,The Final Station,Platform,15,1,72.0909,12,74.1047,48
16136,The Final Station,Role-playing (RPG),15,1,72.0909,12,74.1047,48
16136,The Final Station,Simulator,15,1,72.0909,12,74.1047,48
16136,The Final Station,Adventure,15,1,72.0909,12,74.1047,48
16136,The Final Station,Indie,15,1,72.0909,12,74.1047,48
9057,Trespasser,Shooter,3,NULL,NULL,NULL,65.1793,18
9057,Trespasser,Puzzle,3,NULL,NULL,NULL,65.1793,18
9057,Trespasser,Adventure,3,NULL,NULL,NULL,65.1793,18
8168,Tecmo Bowl,Sport,9,NULL,70.0000,1,75.3083,21
6222,Unreal II: The Awakening,Shooter,14,NULL,60.5000,3,64.7853,55
4216,True Crime: Streets of LA,Shooter,20,NULL,74.3333,4,70.5593,82
4216,True Crime: Streets of LA,Adventure,20,NULL,74.3333,4,70.5593,82
9823,Disciples III: Reincarnation,Role-playing (RPG),1,NULL,NULL,NULL,74.6449,14
9823,Disciples III: Reincarnation,Strategy,1,NULL,NULL,NULL,74.6449,14
4625,Wild Gunman,Shooter,6,NULL,29.0000,1,60.6961,25
4625,Wild Gunman,Arcade,6,NULL,29.0000,1,60.6961,25
550,God of War: Ghost of Sparta,Adventure,59,NULL,91.0000,6,81.6559,217
7729,Sound Shapes,Platform,14,NULL,86.8889,9,73.9460,39
7729,Sound Shapes,Puzzle,14,NULL,86.8889,9,73.9460,39
7729,Sound Shapes,Strategy,14,NULL,86.8889,9,73.9460,39
569,Wolfenstein,Shooter,59,NULL,81.0000,7,71.8758,207
21888,Castlevania: The Dracula X Chronicles,Platform,7,NULL,82.3333,4,80.4530,31
21888,Castlevania: The Dracula X Chronicles,Role-playing (RPG),7,NULL,82.3333,4,80.4530,31
21888,Castlevania: The Dracula X Chronicles,Adventure,7,NULL,82.3333,4,80.4530,31
152,Star Wars: Jedi Knight II - Jedi Outcast,Shooter,97,NULL,73.3333,4,84.7693,264
152,Star Wars: Jedi Knight II - Jedi Outcast,Adventure,97,NULL,73.3333,4,84.7693,264
3365,Mario & Luigi: Dream Team,Puzzle,10,NULL,80.4000,12,77.4073,51
3365,Mario & Luigi: Dream Team,Role-playing (RPG),10,NULL,80.4000,12,77.4073,51
3365,Mario & Luigi: Dream Team,Adventure,10,NULL,80.4000,12,77.4073,51
14790,Bound,Platform,23,5,71.7273,14,76.3555,48
14790,Bound,Puzzle,23,5,71.7273,14,76.3555,48
14790,Bound,Adventure,23,5,71.7273,14,76.3555,48
26673,Omori,Role-playing (RPG),24,4,82.5000,2,89.1060,79
26673,Omori,Adventure,24,4,82.5000,2,89.1060,79
26673,Omori,Indie,24,4,82.5000,2,89.1060,79
26671,Montaro,Indie,2,NULL,60.0000,1,69.4511,13
1101,Metroid,Platform,40,NULL,60.0000,2,71.3605,197
1101,Metroid,Adventure,40,NULL,60.0000,2,71.3605,197
22048,Virtua Tennis 2,Sport,2,NULL,75.0000,1,88.4283,19
1116,Castlevania II: Simon's Quest,Platform,15,NULL,NULL,NULL,58.3856,115
1116,Castlevania II: Simon's Quest,Role-playing (RPG),15,NULL,NULL,NULL,58.3856,115
1116,Castlevania II: Simon's Quest,Adventure,15,NULL,NULL,NULL,58.3856,115
5772,SteamWorld Dig,Platform,45,NULL,81.1250,11,73.8316,175
5772,SteamWorld Dig,Puzzle,45,NULL,81.1250,11,73.8316,175
5772,SteamWorld Dig,Adventure,45,NULL,81.1250,11,73.8316,175
5772,SteamWorld Dig,Indie,45,NULL,81.1250,11,73.8316,175
2201,The Duel: Test Drive II,Simulator,2,NULL,NULL,NULL,88.3980,16
2201,The Duel: Test Drive II,Arcade,2,NULL,NULL,NULL,88.3980,16
105049,Remnant: From the Ashes,Shooter,52,13,76.3571,18,78.3496,183
105049,Remnant: From the Ashes,Role-playing (RPG),52,13,76.3571,18,78.3496,183
105049,Remnant: From the Ashes,Adventure,52,13,76.3571,18,78.3496,183
109742,Relicta,Puzzle,2,NULL,88.0000,2,60.7661,12
109742,Relicta,Adventure,2,NULL,88.0000,2,60.7661,12
109742,Relicta,Indie,2,NULL,88.0000,2,60.7661,12
1412,Metal Slug 7,Shooter,6,1,68.0000,5,75.9081,17
1412,Metal Slug 7,Platform,6,1,68.0000,5,75.9081,17
1412,Metal Slug 7,Arcade,6,1,68.0000,5,75.9081,17
1080,New Super Mario Bros. 2,Platform,31,NULL,77.0833,13,72.7915,114
1080,New Super Mario Bros. 2,Adventure,31,NULL,77.0833,13,72.7915,114
8877,Hogs of War,Strategy,6,NULL,NULL,NULL,71.0716,41
2991,Superbrothers: Sword & Sworcery EP,Role-playing (RPG),29,NULL,NULL,NULL,76.7347,73
2991,Superbrothers: Sword & Sworcery EP,Adventure,29,NULL,NULL,NULL,76.7347,73
2991,Superbrothers: Sword & Sworcery EP,Indie,29,NULL,NULL,NULL,76.7347,73
53276,Little Nightmares: Complete Edition,Platform,4,NULL,70.0000,1,79.9534,16
53276,Little Nightmares: Complete Edition,Puzzle,4,NULL,70.0000,1,79.9534,16
53276,Little Nightmares: Complete Edition,Adventure,4,NULL,70.0000,1,79.9534,16
141,Star Wars: Battlefront,Shooter,68,NULL,72.9231,5,80.4543,268
109455,Luigi's Mansion 3,Adventure,34,15,88.7857,17,83.6197,149
19729,Mr. Shifty,Shooter,11,2,63.8750,10,89.2464,14
19729,Mr. Shifty,Puzzle,11,2,63.8750,10,89.2464,14
19729,Mr. Shifty,Adventure,11,2,63.8750,10,89.2464,14
19729,Mr. Shifty,Indie,11,2,63.8750,10,89.2464,14
14748,Ni no Kuni II: Revenant Kingdom,Role-playing (RPG),129,36,86.2857,18,77.1072,111
14748,Ni no Kuni II: Revenant Kingdom,Adventure,129,36,86.2857,18,77.1072,111
74500,Monster Energy Supercross: The Official Videogame,Simulator,3,NULL,58.3333,4,69.8777,11
74500,Monster Energy Supercross: The Official Videogame,Sport,3,NULL,58.3333,4,69.8777,11
74500,Monster Energy Supercross: The Official Videogame,Arcade,3,NULL,58.3333,4,69.8777,11
55984,Blacksad: Under the Skin,Puzzle,49,21,66.2500,5,79.1197,41
55984,Blacksad: Under the Skin,Adventure,49,21,66.2500,5,79.1197,41
7098,Naruto Shippuden: Ultimate Ninja Storm 2,Strategy,18,NULL,67.3333,4,74.6899,75
7098,Naruto Shippuden: Ultimate Ninja Storm 2,Adventure,18,NULL,67.3333,4,74.6899,75
9661,Stasis,Puzzle,13,1,66.6667,3,70.9100,27
9661,Stasis,Adventure,13,1,66.6667,3,70.9100,27
9661,Stasis,Indie,13,1,66.6667,3,70.9100,27
76960,MediEvil,Adventure,34,18,64.0000,13,82.8100,42
18184,The Guest,Puzzle,3,NULL,NULL,NULL,60.0722,12
18184,The Guest,Adventure,3,NULL,NULL,NULL,60.0722,12
18184,The Guest,Indie,3,NULL,NULL,NULL,60.0722,12
5570,Strife,Role-playing (RPG),5,3,NULL,NULL,59.7575,11
5570,Strife,Strategy,5,3,NULL,NULL,59.7575,11
1960,Alone in the Dark: The New Nightmare,Puzzle,21,NULL,80.0000,1,69.3282,45
1960,Alone in the Dark: The New Nightmare,Adventure,21,NULL,80.0000,1,69.3282,45
127985,LEGO Builder's Journey,Puzzle,4,NULL,77.2000,5,79.6863,18
127985,LEGO Builder's Journey,Adventure,4,NULL,77.2000,5,79.6863,18
127985,LEGO Builder's Journey,Indie,4,NULL,77.2000,5,79.6863,18
6188,H1Z1,Shooter,17,12,65.0000,2,53.8302,25
6188,H1Z1,Adventure,17,12,65.0000,2,53.8302,25
28544,Rakuen,Role-playing (RPG),9,NULL,78.5000,2,79.8781,17
28544,Rakuen,Adventure,9,NULL,78.5000,2,79.8781,17
28544,Rakuen,Indie,9,NULL,78.5000,2,79.8781,17
9918,LEGO Jurassic World,Puzzle,23,2,72.8125,19,76.1264,67
9918,LEGO Jurassic World,Adventure,23,2,72.8125,19,76.1264,67
15890,Princess Remedy in a World of Hurt,Shooter,2,NULL,NULL,NULL,75.5689,13
15890,Princess Remedy in a World of Hurt,Adventure,2,NULL,NULL,NULL,75.5689,13
15890,Princess Remedy in a World of Hurt,Indie,2,NULL,NULL,NULL,75.5689,13
285,Railroad Tycoon II,Simulator,9,NULL,NULL,NULL,85.4760,19
285,Railroad Tycoon II,Strategy,9,NULL,NULL,NULL,85.4760,19
16003,Nancy Drew: The Phantom of Venice,Puzzle,1,NULL,NULL,NULL,61.2617,11
16003,Nancy Drew: The Phantom of Venice,Adventure,1,NULL,NULL,NULL,61.2617,11
1129,Castlevania Legends,Platform,3,NULL,NULL,NULL,61.2699,20
1129,Castlevania Legends,Adventure,3,NULL,NULL,NULL,61.2699,20
856,NHL 2003,Simulator,3,NULL,40.0000,1,80.1811,13
856,NHL 2003,Sport,3,NULL,40.0000,1,80.1811,13
1534,Pocky & Rocky,Shooter,2,NULL,NULL,NULL,79.9124,11
11858,God Eater Resurrection,Role-playing (RPG),11,1,71.8750,8,70.0152,11
1344,Wild Guns,Shooter,6,NULL,NULL,NULL,82.4312,27
1344,Wild Guns,Adventure,6,NULL,NULL,NULL,82.4312,27
1344,Wild Guns,Arcade,6,NULL,NULL,NULL,82.4312,27
4603,Lode Runner,Platform,10,NULL,80.0000,2,76.8910,41
4603,Lode Runner,Puzzle,10,NULL,80.0000,2,76.8910,41
824,NHL 09,Sport,3,NULL,90.0000,3,89.6989,28
19525,Fe,Platform,32,9,71.0909,15,70.0487,25
19525,Fe,Adventure,32,9,71.0909,15,70.0487,25
17012,Move or Die,Platform,10,NULL,NULL,NULL,79.1482,36
17012,Move or Die,Indie,10,NULL,NULL,NULL,79.1482,36
17012,Move or Die,Arcade,10,NULL,NULL,NULL,79.1482,36
7408,Dragon Ball: Xenoverse,Role-playing (RPG),21,NULL,74.0000,11,68.3223,113
1215,Dark Cloud 2,Role-playing (RPG),18,NULL,90.0000,2,85.0574,39
703,FIFA Soccer 2005,Sport,12,NULL,82.0000,3,78.5136,65
110411,Dirt Rally 2.0,Simulator,8,1,80.6000,12,76.2628,59
110411,Dirt Rally 2.0,Sport,8,1,80.6000,12,76.2628,59
110411,Dirt Rally 2.0,Strategy,8,1,80.6000,12,76.2628,59
667,Descent 3,Shooter,6,NULL,NULL,NULL,79.9415,11
667,Descent 3,Simulator,6,NULL,NULL,NULL,79.9415,11
8410,Happy Wars,Role-playing (RPG),2,NULL,NULL,NULL,65.4978,15
11782,Shantae: Risky's Revenge,Platform,8,NULL,91.5000,3,82.1357,29
11782,Shantae: Risky's Revenge,Puzzle,8,NULL,91.5000,3,82.1357,29
11782,Shantae: Risky's Revenge,Adventure,8,NULL,91.5000,3,82.1357,29
158980,Final Fantasy,Role-playing (RPG),3,NULL,87.6667,4,83.6077,22
17520,Bloons TD 5,Simulator,1,NULL,NULL,NULL,72.0942,32
17520,Bloons TD 5,Strategy,1,NULL,NULL,NULL,72.0942,32
185241,Have a Nice Death,Platform,3,4,78.3333,3,71.5197,11
185241,Have a Nice Death,Indie,3,4,78.3333,3,71.5197,11
13234,Karnov,Shooter,1,NULL,NULL,NULL,62.8705,18
13234,Karnov,Platform,1,NULL,NULL,NULL,62.8705,18
13234,Karnov,Adventure,1,NULL,NULL,NULL,62.8705,18
107155,Sniper Ghost Warrior Contracts,Shooter,3,4,66.6667,3,72.9329,18
3133,FIFA Soccer 10,Sport,27,NULL,85.8750,8,69.6497,98
95308,Ring of Elysium,Shooter,9,NULL,NULL,NULL,67.8691,29
23314,Asphalt 9: Legends,Sport,12,2,NULL,NULL,70.3271,22
23314,Asphalt 9: Legends,Arcade,12,2,NULL,NULL,70.3271,22
19459,FIFA 17,Sport,93,6,86.5263,22,75.5013,210
56345,FIFA Mobile,Simulator,1,NULL,NULL,NULL,67.2073,12
56345,FIFA Mobile,Sport,1,NULL,NULL,NULL,67.2073,12
983,Tom Clancy's H.A.W.X,Shooter,12,NULL,73.8333,9,73.2986,44
983,Tom Clancy's H.A.W.X,Simulator,12,NULL,73.8333,9,73.2986,44
116417,Creature in the Well,Puzzle,7,2,73.7500,4,82.6837,21
116417,Creature in the Well,Adventure,7,2,73.7500,4,82.6837,21
116417,Creature in the Well,Indie,7,2,73.7500,4,82.6837,21
116417,Creature in the Well,Arcade,7,2,73.7500,4,82.6837,21
96209,FIFA 19,Sport,24,9,76.3333,13,73.8784,180
4649,Pro Evolution Soccer 2010,Simulator,18,NULL,85.0000,4,73.6764,81
4649,Pro Evolution Soccer 2010,Sport,18,NULL,85.0000,4,73.6764,81
5583,Earth Defense Force 2017,Shooter,2,NULL,73.3333,7,69.9873,11
19348,Half-Life Deathmatch: Source,Shooter,10,NULL,NULL,NULL,69.8168,13
5080,ObsCure: The Aftermath,Adventure,10,NULL,55.0000,5,75.8477,33
26196,Crash Bandicoot N. Sane Trilogy,Platform,117,11,78.0000,19,82.5129,284
26196,Crash Bandicoot N. Sane Trilogy,Adventure,117,11,78.0000,19,82.5129,284
4651,Pro Evolution Soccer 2012,Simulator,9,NULL,73.5000,5,70.5278,58
4651,Pro Evolution Soccer 2012,Sport,9,NULL,73.5000,5,70.5278,58
944,Football Manager 2005,Simulator,3,NULL,90.0000,1,75.5601,18
944,Football Manager 2005,Sport,3,NULL,90.0000,1,75.5601,18
944,Football Manager 2005,Strategy,3,NULL,90.0000,1,75.5601,18
165351,Cult of the Lamb,Role-playing (RPG),14,8,88.8333,8,77.4006,75
165351,Cult of the Lamb,Simulator,14,8,88.8333,8,77.4006,75
165351,Cult of the Lamb,Strategy,14,8,88.8333,8,77.4006,75
165351,Cult of the Lamb,Adventure,14,8,88.8333,8,77.4006,75
165351,Cult of the Lamb,Indie,14,8,88.8333,8,77.4006,75
100359,Pro Evolution Soccer 2019,Simulator,6,6,73.0000,8,56.8966,55
100359,Pro Evolution Soccer 2019,Sport,6,6,73.0000,8,56.8966,55
28862,Pro Evolution Soccer 2018,Simulator,12,1,84.0000,12,70.3356,67
28862,Pro Evolution Soccer 2018,Sport,12,1,84.0000,12,70.3356,67
4784,EA Sports UFC,Simulator,2,NULL,68.6364,11,67.7789,15
4784,EA Sports UFC,Sport,2,NULL,68.6364,11,67.7789,15
14953,Nancy Drew: Danger by Design,Puzzle,1,NULL,NULL,NULL,67.1142,11
14953,Nancy Drew: Danger by Design,Adventure,1,NULL,NULL,NULL,67.1142,11
103261,Just Cause 4,Shooter,100,28,69.4000,18,65.0698,100
103261,Just Cause 4,Adventure,100,28,69.4000,18,65.0698,100
7356,Kingdom Hearts HD 1.5 Remix,Platform,36,NULL,80.8333,8,85.8447,49
7356,Kingdom Hearts HD 1.5 Remix,Role-playing (RPG),36,NULL,80.8333,8,85.8447,49
7356,Kingdom Hearts HD 1.5 Remix,Adventure,36,NULL,80.8333,8,85.8447,49
1789,Painkiller: Hell & Damnation,Shooter,5,NULL,56.6667,8,52.4135,23
3266,Grand Theft Auto Advance,Shooter,4,NULL,60.0000,2,55.5555,15
3266,Grand Theft Auto Advance,Adventure,4,NULL,60.0000,2,55.5555,15
102129,Astro Bot: Rescue Mission,Platform,4,NULL,89.4000,5,93.0633,30
102129,Astro Bot: Rescue Mission,Adventure,4,NULL,89.4000,5,93.0633,30
43617,Yu-Gi-Oh! Capsule Monster Coliseum,Strategy,7,NULL,NULL,NULL,68.9496,11
26893,Yu-Gi-Oh! Power of Chaos: Kaiba the Revenge,Puzzle,10,NULL,NULL,NULL,72.6226,17
26893,Yu-Gi-Oh! Power of Chaos: Kaiba the Revenge,Strategy,10,NULL,NULL,NULL,72.6226,17
18724,EyeToy: Play,Simulator,2,NULL,80.0000,1,73.5198,15
18724,EyeToy: Play,Sport,2,NULL,80.0000,1,73.5198,15
18724,EyeToy: Play,Arcade,2,NULL,80.0000,1,73.5198,15
2033,Call of Duty: Ghosts,Shooter,124,5,73.6087,27,64.4727,558
436,Shogun: Total War,Strategy,16,NULL,90.0000,1,84.5365,47
6199,The Thing,Shooter,12,NULL,68.5000,3,73.1588,45
6199,The Thing,Puzzle,12,NULL,68.5000,3,73.1588,45
6199,The Thing,Adventure,12,NULL,68.5000,3,73.1588,45
30,Space Quest III: The Pirates Of Pestulon,Puzzle,8,NULL,NULL,NULL,80.6830,17
30,Space Quest III: The Pirates Of Pestulon,Adventure,8,NULL,NULL,NULL,80.6830,17
28204,Call of Duty: WWII,Shooter,451,192,75.2778,23,74.9571,448
76742,One Piece: World Seeker,Adventure,16,5,66.6000,13,57.9578,18
9706,Bleed,Shooter,5,NULL,75.0000,3,70.3848,19
9706,Bleed,Platform,5,NULL,75.0000,3,70.3848,19
9706,Bleed,Adventure,5,NULL,75.0000,3,70.3848,19
9706,Bleed,Indie,5,NULL,75.0000,3,70.3848,19
9706,Bleed,Arcade,5,NULL,75.0000,3,70.3848,19
10233,Brawlhalla,Platform,33,3,75.0000,1,66.2564,156
10233,Brawlhalla,Indie,33,3,75.0000,1,66.2564,156
10233,Brawlhalla,Arcade,33,3,75.0000,1,66.2564,156
3669,Shrek the Third,Platform,3,NULL,57.4444,10,50.0546,13
3669,Shrek the Third,Adventure,3,NULL,57.4444,10,50.0546,13
12311,Keystone Kapers,Platform,3,NULL,NULL,NULL,78.2505,12
2063,Yakuza 5,Adventure,18,NULL,84.3333,8,81.4698,27
1349,The Bouncer,Role-playing (RPG),5,NULL,NULL,NULL,47.4935,14
3644,WWF No Mercy,Sport,6,NULL,NULL,NULL,74.7386,23
81205,Assassin's Creed: Rogue Remastered,Adventure,10,1,67.5000,4,70.3684,14
141959,Donkey Kong,Platform,1,NULL,NULL,NULL,66.4319,40
141959,Donkey Kong,Arcade,1,NULL,NULL,NULL,66.4319,40
87485,WildCraft: Wild Sim Online,Role-playing (RPG),46,NULL,NULL,NULL,93.8835,18
87485,WildCraft: Wild Sim Online,Simulator,46,NULL,NULL,NULL,93.8835,18
796,MVP Baseball 2005,Sport,6,NULL,88.2500,4,89.6086,16
7046,Factorio,Simulator,84,13,85.5000,2,84.5946,192
7046,Factorio,Strategy,84,13,85.5000,2,84.5946,192
7046,Factorio,Indie,84,13,85.5000,2,84.5946,192
9878,Out There Somewhere,Platform,6,NULL,90.0000,1,74.5469,16
9878,Out There Somewhere,Puzzle,6,NULL,90.0000,1,74.5469,16
9878,Out There Somewhere,Adventure,6,NULL,90.0000,1,74.5469,16
9878,Out There Somewhere,Indie,6,NULL,90.0000,1,74.5469,16
165346,Saints Row,Shooter,5,12,61.2500,7,44.9606,17
165346,Saints Row,Adventure,5,12,61.2500,7,44.9606,17
11581,Zoo Tycoon 2,Simulator,5,NULL,70.0000,1,65.4858,28
11581,Zoo Tycoon 2,Strategy,5,NULL,70.0000,1,65.4858,28
8291,Discworld,Puzzle,12,NULL,70.0000,1,83.7988,33
8291,Discworld,Adventure,12,NULL,70.0000,1,83.7988,33
165390,Blasphemous II,Platform,1,1,88.7500,7,89.8661,13
165390,Blasphemous II,Role-playing (RPG),1,1,88.7500,7,89.8661,13
165390,Blasphemous II,Adventure,1,1,88.7500,7,89.8661,13
165390,Blasphemous II,Indie,1,1,88.7500,7,89.8661,13
12858,Star Wars,Shooter,4,NULL,90.0000,1,77.4681,14
12858,Star Wars,Arcade,4,NULL,90.0000,1,77.4681,14
89444,Assetto Corsa Competizione,Simulator,128,NULL,70.0000,3,74.4379,18
89444,Assetto Corsa Competizione,Sport,128,NULL,70.0000,3,74.4379,18
15709,Odin Sphere: Leifthrasir,Role-playing (RPG),14,1,88.3333,13,85.8895,28
811,NBA Live 99,Simulator,1,NULL,NULL,NULL,78.3210,13
811,NBA Live 99,Sport,1,NULL,NULL,NULL,78.3210,13
5951,NBA Live 07,Simulator,3,NULL,51.2500,4,93.2036,22
5951,NBA Live 07,Sport,3,NULL,51.2500,4,93.2036,22
7551,Day of Defeat,Shooter,13,NULL,70.5000,3,74.3115,45
928,Unreal Tournament III,Shooter,31,NULL,82.8571,11,75.9321,100
808,NBA Live 2003,Sport,4,NULL,NULL,NULL,73.2656,18
4033,NBA Live 2005,Simulator,NULL,NULL,NULL,NULL,65.2088,12
4033,NBA Live 2005,Sport,NULL,NULL,NULL,NULL,65.2088,12
5329,NBA 2K14,Sport,18,NULL,79.7500,13,75.9659,51
214986,Kingdom Hearts Re:Chain of Memories,Role-playing (RPG),NULL,NULL,NULL,NULL,59.7323,12
214986,Kingdom Hearts Re:Chain of Memories,Adventure,NULL,NULL,NULL,NULL,59.7323,12
2417,Akalabeth: World of Doom,Role-playing (RPG),7,NULL,NULL,NULL,47.5885,18
7614,NBA 2K15,Simulator,19,1,81.1429,8,77.2333,56
7614,NBA 2K15,Sport,19,1,81.1429,8,77.2333,56
1360,Einhänder,Shooter,2,NULL,NULL,NULL,79.7960,17
3188,Murdered: Soul Suspect,Puzzle,68,5,60.8571,14,64.8598,213
3188,Murdered: Soul Suspect,Role-playing (RPG),68,5,60.8571,14,64.8598,213
3188,Murdered: Soul Suspect,Adventure,68,5,60.8571,14,64.8598,213
8359,Rad Racer,Arcade,2,NULL,NULL,NULL,69.8923,17
11757,Onimusha 2: Samurai's Destiny,Adventure,10,NULL,70.0000,1,82.0973,34
27278,Whispers of a Machine,Puzzle,6,3,65.0000,2,81.7552,24
27278,Whispers of a Machine,Adventure,6,3,65.0000,2,81.7552,24
27278,Whispers of a Machine,Indie,6,3,65.0000,2,81.7552,24
8384,Gish,Platform,3,NULL,NULL,NULL,76.1462,14
8384,Gish,Puzzle,3,NULL,NULL,NULL,76.1462,14
8384,Gish,Sport,3,NULL,NULL,NULL,76.1462,14
8384,Gish,Adventure,3,NULL,NULL,NULL,76.1462,14
8384,Gish,Indie,3,NULL,NULL,NULL,76.1462,14
8384,Gish,Arcade,3,NULL,NULL,NULL,76.1462,14
1918,Injustice: Gods Among Us,Adventure,85,NULL,80.0000,12,72.3523,269
122559,Mini Motorways,Puzzle,3,1,85.7500,4,82.7071,27
122559,Mini Motorways,Simulator,3,1,85.7500,4,82.7071,27
122559,Mini Motorways,Strategy,3,1,85.7500,4,82.7071,27
122559,Mini Motorways,Indie,3,1,85.7500,4,82.7071,27
126362,Endzone: A World Apart,Simulator,3,2,NULL,NULL,69.6509,12
126362,Endzone: A World Apart,Strategy,3,2,NULL,NULL,69.6509,12
126362,Endzone: A World Apart,Indie,3,2,NULL,NULL,69.6509,12
18061,Candy Crush Soda Saga,Puzzle,26,NULL,NULL,NULL,36.6505,13
18061,Candy Crush Soda Saga,Arcade,26,NULL,NULL,NULL,36.6505,13
5033,Scribblenauts Unmasked: A DC Comics Adventure,Puzzle,6,NULL,73.5556,10,69.9090,20
5033,Scribblenauts Unmasked: A DC Comics Adventure,Strategy,6,NULL,73.5556,10,69.9090,20
5033,Scribblenauts Unmasked: A DC Comics Adventure,Adventure,6,NULL,73.5556,10,69.9090,20
11061,Hexcells Infinite,Puzzle,9,NULL,NULL,NULL,76.6916,22
11061,Hexcells Infinite,Strategy,9,NULL,NULL,NULL,76.6916,22
11061,Hexcells Infinite,Indie,9,NULL,NULL,NULL,76.6916,22
14951,Osmos,Puzzle,12,NULL,80.0000,3,76.1314,32
14951,Osmos,Simulator,12,NULL,80.0000,3,76.1314,32
14951,Osmos,Strategy,12,NULL,80.0000,3,76.1314,32
14951,Osmos,Indie,12,NULL,80.0000,3,76.1314,32
14951,Osmos,Arcade,12,NULL,80.0000,3,76.1314,32
37137,Kirby Star Allies,Platform,23,5,74.0833,13,71.2676,61
37137,Kirby Star Allies,Adventure,23,5,74.0833,13,71.2676,61
6530,Pac-Man World,Platform,11,NULL,NULL,NULL,77.9762,32
9471,Half-Life 2: Deathmatch,Shooter,20,NULL,NULL,NULL,75.4603,52
28414,Mario + Rabbids Kingdom Battle,Puzzle,49,6,83.3684,21,76.7646,149
28414,Mario + Rabbids Kingdom Battle,Role-playing (RPG),49,6,83.3684,21,76.7646,149
28414,Mario + Rabbids Kingdom Battle,Strategy,49,6,83.3684,21,76.7646,149
28414,Mario + Rabbids Kingdom Battle,Adventure,49,6,83.3684,21,76.7646,149
13905,Lunar: Silver Star Story Complete,Role-playing (RPG),3,NULL,NULL,NULL,79.5769,13
6420,Ghost Rider,Adventure,4,NULL,50.0000,4,64.0585,17
1725,Mega Man 2: The Power Fighters,Shooter,1,NULL,NULL,NULL,60.5922,13
1725,Mega Man 2: The Power Fighters,Arcade,1,NULL,NULL,NULL,60.5922,13
6318,Banjo-Kazooie: Grunty's Revenge,Platform,5,NULL,65.5000,2,43.1378,20
6318,Banjo-Kazooie: Grunty's Revenge,Adventure,5,NULL,65.5000,2,43.1378,20
5105,Fatal Frame II: Crimson Butterfly,Adventure,17,NULL,86.6667,2,85.3091,41
5413,Twisted Metal: Black,Shooter,9,NULL,90.0000,1,82.7437,34
4063,Pac-Man World 2,Platform,6,NULL,72.5000,4,79.9004,20
4063,Pac-Man World 2,Adventure,6,NULL,72.5000,4,79.9004,20
2927,Super Monkey Ball,Platform,10,NULL,45.0000,1,68.5963,40
2927,Super Monkey Ball,Arcade,10,NULL,45.0000,1,68.5963,40
136773,Card Shark,Adventure,1,1,88.0000,3,69.9487,13
136773,Card Shark,Indie,1,1,88.0000,3,69.9487,13
957,Duke Nukem,Shooter,15,NULL,NULL,NULL,70.3363,46
957,Duke Nukem,Platform,15,NULL,NULL,NULL,70.3363,46
957,Duke Nukem,Arcade,15,NULL,NULL,NULL,70.3363,46
2192,Mini Ninjas,Platform,13,NULL,77.0000,7,77.7926,40
2192,Mini Ninjas,Adventure,13,NULL,77.0000,7,77.7926,40
7743,Wizard of Wor,Shooter,3,NULL,NULL,NULL,73.1758,14
7743,Wizard of Wor,Strategy,3,NULL,NULL,NULL,73.1758,14
7743,Wizard of Wor,Arcade,3,NULL,NULL,NULL,73.1758,14
139708,Devour,Indie,2,NULL,NULL,NULL,76.7851,19
956,Duke Nukem II,Shooter,10,NULL,NULL,NULL,70.2872,29
956,Duke Nukem II,Platform,10,NULL,NULL,NULL,70.2872,29
956,Duke Nukem II,Arcade,10,NULL,NULL,NULL,70.2872,29
138343,Hyrule Warriors: Age of Calamity,Adventure,14,23,80.4444,13,80.2259,39
555,Transformers: War for Cybertron,Shooter,13,NULL,70.7778,11,73.6607,48
555,Transformers: War for Cybertron,Adventure,13,NULL,70.7778,11,73.6607,48
490,Duke Nukem Forever,Shooter,37,NULL,54.7500,11,57.3642,183
490,Duke Nukem Forever,Adventure,37,NULL,54.7500,11,57.3642,183
131961,Clubhouse Games: 51 Worldwide Classics,Arcade,4,2,79.4000,6,72.5307,16
3502,Gauntlet,Arcade,5,NULL,77.3333,3,70.0203,32
45760,Pulseman,Platform,8,NULL,NULL,NULL,51.0003,12
1222,Knights of the Temple: Infernal Crusade,Adventure,3,NULL,40.0000,1,68.9431,16
4171,Shadow Hearts: Covenant,Role-playing (RPG),10,NULL,81.0000,3,80.8811,23
20286,Kingdom Hearts Re:Chain of Memories,Role-playing (RPG),17,NULL,70.0000,3,69.6783,67
342,Duke Nukem 3D,Shooter,124,NULL,75.3333,1,82.2596,368
342,Duke Nukem 3D,Puzzle,124,NULL,75.3333,1,82.2596,368
6317,Cabal,Shooter,1,NULL,NULL,NULL,69.0952,27
6317,Cabal,Arcade,1,NULL,NULL,NULL,69.0952,27
9804,MapleStory,Platform,7,NULL,50.0000,1,75.3392,35
9804,MapleStory,Role-playing (RPG),7,NULL,50.0000,1,75.3392,35
9804,MapleStory,Adventure,7,NULL,50.0000,1,75.3392,35
1220,Kingdom Hearts: Chain of Memories,Role-playing (RPG),21,NULL,80.0000,1,80.3611,100
5368,Cadillacs and Dinosaurs,Platform,12,NULL,NULL,NULL,80.3939,54
1403,Professor Layton and the Azran Legacy,Puzzle,10,NULL,82.2857,10,71.5990,20
13102,Kami,Platform,4,NULL,NULL,NULL,79.5556,11
13102,Kami,Puzzle,4,NULL,NULL,NULL,79.5556,11
13102,Kami,Indie,4,NULL,NULL,NULL,79.5556,11
5106,Fatal Frame,Adventure,17,NULL,80.5000,1,74.3491,49
5615,Sacred 3,Role-playing (RPG),9,3,41.4286,8,58.7952,17
5615,Sacred 3,Arcade,9,3,41.4286,8,58.7952,17
8744,Global Operations,Shooter,3,NULL,81.0000,1,62.4083,16
6404,Contagion,Shooter,7,NULL,NULL,NULL,57.9850,18
6404,Contagion,Adventure,7,NULL,NULL,NULL,57.9850,18
6404,Contagion,Indie,7,NULL,NULL,NULL,57.9850,18
9272,F1 2015,Simulator,11,1,61.5000,13,70.8551,23
9272,F1 2015,Sport,11,1,61.5000,13,70.8551,23
19486,Asterix,Platform,4,NULL,NULL,NULL,79.5655,12
3851,Catwoman,Adventure,2,NULL,71.4000,9,58.0173,13
3602,Space Station Silicon Valley,Platform,1,NULL,NULL,NULL,72.7626,11
3602,Space Station Silicon Valley,Puzzle,1,NULL,NULL,NULL,72.7626,11
6330,Omerta: City of Gangsters,Role-playing (RPG),7,NULL,54.6667,7,62.1909,16
6330,Omerta: City of Gangsters,Simulator,7,NULL,54.6667,7,62.1909,16
6330,Omerta: City of Gangsters,Strategy,7,NULL,54.6667,7,62.1909,16
7501,"King's Quest VI: Heir Today, Gone Tomorrow",Puzzle,10,NULL,NULL,NULL,81.0316,29
7501,"King's Quest VI: Heir Today, Gone Tomorrow",Adventure,10,NULL,NULL,NULL,81.0316,29
11276,The Room Two,Puzzle,27,NULL,80.7500,5,77.0219,96
11276,The Room Two,Indie,27,NULL,80.7500,5,77.0219,96
18222,The Room Three,Puzzle,16,NULL,NULL,NULL,74.9043,64
18222,The Room Three,Adventure,16,NULL,NULL,NULL,74.9043,64
18222,The Room Three,Indie,16,NULL,NULL,NULL,74.9043,64
152245,Eiyuden Chronicle: Rising,Role-playing (RPG),1,3,73.7500,5,71.3821,15
152245,Eiyuden Chronicle: Rising,Adventure,1,3,73.7500,5,71.3821,15
152245,Eiyuden Chronicle: Rising,Indie,1,3,73.7500,5,71.3821,15
6278,Jamestown: Legend of the Lost Colony,Shooter,5,NULL,78.0000,1,78.6442,15
6278,Jamestown: Legend of the Lost Colony,Indie,5,NULL,78.0000,1,78.6442,15
7579,Insurgency,Shooter,43,NULL,70.0000,1,75.1794,113
7579,Insurgency,Strategy,43,NULL,70.0000,1,75.1794,113
7579,Insurgency,Indie,43,NULL,70.0000,1,75.1794,113
2745,Rayman Raving Rabbids 2,Platform,4,NULL,60.0000,2,65.9734,18
2745,Rayman Raving Rabbids 2,Puzzle,4,NULL,60.0000,2,65.9734,18
5174,Spectrobes,Role-playing (RPG),4,NULL,63.3333,3,59.6142,15
5174,Spectrobes,Strategy,4,NULL,63.3333,3,59.6142,15
15183,The Mean Greens: Plastic Warfare,Shooter,4,NULL,40.0000,1,72.2133,13
15183,The Mean Greens: Plastic Warfare,Indie,4,NULL,40.0000,1,72.2133,13
75563,Harry Potter: Wizards Unite,Role-playing (RPG),5,NULL,66.6667,4,62.5902,11
75563,Harry Potter: Wizards Unite,Simulator,5,NULL,66.6667,4,62.5902,11
299,Age of Empires III,Simulator,110,NULL,78.2500,5,78.6770,350
299,Age of Empires III,Strategy,110,NULL,78.2500,5,78.6770,350
1697,Wario Land II,Platform,6,NULL,NULL,NULL,78.0926,32
1697,Wario Land II,Adventure,6,NULL,NULL,NULL,78.0926,32
35389,Transmissions: Element 120,Shooter,2,NULL,NULL,NULL,62.1162,14
35389,Transmissions: Element 120,Indie,2,NULL,NULL,NULL,62.1162,14
14872,"Dr. Langeskov, The Tiger, and The Terribly Cursed Emerald: A Whirlwind Heist",Adventure,21,NULL,NULL,NULL,71.4057,65
14872,"Dr. Langeskov, The Tiger, and The Terribly Cursed Emerald: A Whirlwind Heist",Indie,21,NULL,NULL,NULL,71.4057,65
11764,The Plan,Indie,5,NULL,41.6667,3,58.6058,25
113115,The Last Campfire,Puzzle,4,13,88.0000,2,78.7611,29
113115,The Last Campfire,Adventure,4,13,88.0000,2,78.7611,29
113115,The Last Campfire,Indie,4,13,88.0000,2,78.7611,29
19541,State of Decay 2,Role-playing (RPG),128,35,66.5000,15,74.3069,85
19541,State of Decay 2,Simulator,128,35,66.5000,15,74.3069,85
8746,Aura Kingdom,Role-playing (RPG),4,NULL,NULL,NULL,60.3000,24
8746,Aura Kingdom,Adventure,4,NULL,NULL,NULL,60.3000,24
544,The Darkness II,Shooter,77,NULL,76.6364,11,77.2853,183
27150,Minion Masters,Role-playing (RPG),6,1,0.0000,1,66.5080,19
27150,Minion Masters,Strategy,6,1,0.0000,1,66.5080,19
27150,Minion Masters,Adventure,6,1,0.0000,1,66.5080,19
27150,Minion Masters,Indie,6,1,0.0000,1,66.5080,19
3875,Def Jam: Fight for NY,Sport,14,NULL,72.5000,2,82.0669,58
6269,Pandemonium 2,Platform,3,NULL,NULL,NULL,69.8027,14
6269,Pandemonium 2,Puzzle,3,NULL,NULL,NULL,69.8027,14
2727,Castle Wolfenstein,Shooter,5,NULL,NULL,NULL,77.5802,15
86295,Tick Tock: A Tale for Two,Puzzle,4,3,0.0000,1,91.5143,18
86295,Tick Tock: A Tale for Two,Role-playing (RPG),4,3,0.0000,1,91.5143,18
86295,Tick Tock: A Tale for Two,Adventure,4,3,0.0000,1,91.5143,18
86295,Tick Tock: A Tale for Two,Indie,4,3,0.0000,1,91.5143,18
9424,SkyDrift,Indie,3,NULL,75.0000,3,74.2435,11
33027,Pico Park,Puzzle,1,NULL,NULL,NULL,68.3214,15
33027,Pico Park,Indie,1,NULL,NULL,NULL,68.3214,15
2148,Banjo-Kazooie,Platform,96,NULL,78.0000,0,85.3427,276
2148,Banjo-Kazooie,Adventure,96,NULL,78.0000,0,85.3427,276
3045,Bugs Bunny & Taz: Time Busters,Platform,10,NULL,NULL,NULL,79.4191,41
26775,Shin Megami Tensei V,Role-playing (RPG),14,3,82.3750,10,87.6937,23
26775,Shin Megami Tensei V,Adventure,14,3,82.3750,10,87.6937,23
9824,Disciples III: Renaissance,Role-playing (RPG),4,NULL,45.0000,4,50.1048,21
9824,Disciples III: Renaissance,Strategy,4,NULL,45.0000,4,50.1048,21
3824,Bloody Roar 3,Arcade,1,NULL,NULL,NULL,79.2354,14
19545,Observer,Adventure,62,6,74.0000,15,75.9067,121
19545,Observer,Indie,62,6,74.0000,15,75.9067,121
2541,Rockstar Games presents Table Tennis,Simulator,9,NULL,82.5000,3,86.2797,11
2541,Rockstar Games presents Table Tennis,Sport,9,NULL,82.5000,3,86.2797,11
33308,The Lab,Puzzle,1,NULL,NULL,NULL,80.2554,12
33308,The Lab,Adventure,1,NULL,NULL,NULL,80.2554,12
575,The Godfather II,Shooter,20,NULL,65.0000,9,69.9323,71
575,The Godfather II,Adventure,20,NULL,65.0000,9,69.9323,71
10037,Analogue: A Hate Story,Adventure,6,NULL,73.0000,2,78.9244,13
10037,Analogue: A Hate Story,Indie,6,NULL,73.0000,2,78.9244,13
20409,Dead Rising 2: Case Zero,Shooter,7,1,87.0000,4,60.3405,17
20409,Dead Rising 2: Case Zero,Adventure,7,1,87.0000,4,60.3405,17
27844,The Elder Scrolls IV: Oblivion - Game of the Year Edition Deluxe,Role-playing (RPG),3,NULL,NULL,NULL,95.7953,20
27844,The Elder Scrolls IV: Oblivion - Game of the Year Edition Deluxe,Adventure,3,NULL,NULL,NULL,95.7953,20
1266,Assassin's Creed III,Adventure,325,NULL,81.1765,20,73.7858,1163
18099,Pokémon Moon,Role-playing (RPG),78,21,85.0000,3,77.9166,196
18099,Pokémon Moon,Strategy,78,21,85.0000,3,77.9166,196
18099,Pokémon Moon,Adventure,78,21,85.0000,3,77.9166,196
28841,Rygar,Platform,1,NULL,NULL,NULL,69.8571,26
28841,Rygar,Role-playing (RPG),1,NULL,NULL,NULL,69.8571,26
28841,Rygar,Adventure,1,NULL,NULL,NULL,69.8571,26
28841,Rygar,Arcade,1,NULL,NULL,NULL,69.8571,26
191931,Pokémon Scarlet,Role-playing (RPG),5,NULL,74.0000,3,64.3347,36
191931,Pokémon Scarlet,Adventure,5,NULL,74.0000,3,64.3347,36
115653,Pokémon Shield,Role-playing (RPG),60,18,67.5000,2,65.8177,137
115653,Pokémon Shield,Adventure,60,18,67.5000,2,65.8177,137
16476,Castlevania: Dracula X,Platform,9,NULL,90.0000,1,70.2857,48
16476,Castlevania: Dracula X,Adventure,9,NULL,90.0000,1,70.2857,48
116125,Stela,Platform,2,1,68.7500,4,74.8395,18
116125,Stela,Puzzle,2,1,68.7500,4,74.8395,18
116125,Stela,Adventure,2,1,68.7500,4,74.8395,18
116125,Stela,Indie,2,1,68.7500,4,74.8395,18
1559,Pokémon FireRed Version,Role-playing (RPG),114,NULL,NULL,NULL,83.0495,428
1559,Pokémon FireRed Version,Adventure,114,NULL,NULL,NULL,83.0495,428
2287,Pokémon Y,Role-playing (RPG),73,5,91.2500,4,79.8107,249
2287,Pokémon Y,Adventure,73,5,91.2500,4,79.8107,249
35932,12 Labours of Hercules,Puzzle,4,NULL,NULL,NULL,69.9166,11
35932,12 Labours of Hercules,Strategy,4,NULL,NULL,NULL,69.9166,11
35932,12 Labours of Hercules,Adventure,4,NULL,NULL,NULL,69.9166,11
1513,Pokémon Silver Version,Role-playing (RPG),114,NULL,85.0000,2,88.1643,308
1513,Pokémon Silver Version,Adventure,114,NULL,85.0000,2,88.1643,308
1520,Pokémon SoulSilver Version,Role-playing (RPG),64,NULL,90.0000,2,90.0146,231
1520,Pokémon SoulSilver Version,Adventure,64,NULL,90.0000,2,90.0146,231
101439,F1 2018,Simulator,4,NULL,79.0000,7,79.8815,35
101439,F1 2018,Sport,4,NULL,79.0000,7,79.8815,35
1693,Advance Wars: Dual Strike,Simulator,14,NULL,90.6667,3,87.7672,49
1693,Advance Wars: Dual Strike,Strategy,14,NULL,90.6667,3,87.7672,49
5452,Sonic CD,Platform,20,NULL,85.3333,1,73.1697,139
13151,The Sims FreePlay,Role-playing (RPG),11,NULL,NULL,NULL,53.0725,22
13151,The Sims FreePlay,Simulator,11,NULL,NULL,NULL,53.0725,22
13151,The Sims FreePlay,Adventure,11,NULL,NULL,NULL,53.0725,22
21709,Naruto Shippuden: Ultimate Ninja Storm 3 Full Burst,Adventure,17,NULL,78.5000,4,80.8337,26
1748,Mega Man X8,Platform,7,NULL,NULL,NULL,73.0784,47
1748,Mega Man X8,Adventure,7,NULL,NULL,NULL,73.0784,47
15748,The Sims Social,Simulator,4,NULL,NULL,NULL,49.9678,11
15748,The Sims Social,Strategy,4,NULL,NULL,NULL,49.9678,11
6614,Zero Escape: Virtue's Last Reward,Puzzle,32,NULL,85.6667,6,88.0976,121
6614,Zero Escape: Virtue's Last Reward,Adventure,32,NULL,85.6667,6,88.0976,121
1571,Sega Rally Championship,Sport,4,NULL,50.0000,1,73.4800,27
7221,Turning Point: Fall of Liberty,Shooter,2,NULL,41.7500,6,62.2534,17
1728,Mega Man Anniversary Collection,Platform,3,NULL,83.5000,3,81.2601,14
1728,Mega Man Anniversary Collection,Role-playing (RPG),3,NULL,83.5000,3,81.2601,14
1728,Mega Man Anniversary Collection,Adventure,3,NULL,83.5000,3,81.2601,14
1814,Dragon Quest III: The Seeds of Salvation,Role-playing (RPG),6,NULL,0.0000,1,89.4103,31
1814,Dragon Quest III: The Seeds of Salvation,Adventure,6,NULL,0.0000,1,89.4103,31
103629,Ultimate Custom Night,Simulator,NULL,NULL,NULL,NULL,69.9543,18
103629,Ultimate Custom Night,Strategy,NULL,NULL,NULL,NULL,69.9543,18
103629,Ultimate Custom Night,Indie,NULL,NULL,NULL,NULL,69.9543,18
519,F.E.A.R. Perseus Mandate,Shooter,23,NULL,70.0000,3,72.5755,72
4113,Tenchu: Stealth Assassins,Adventure,17,NULL,NULL,NULL,81.0985,49
15731,Samorost,Puzzle,13,NULL,NULL,NULL,74.1330,57
15731,Samorost,Adventure,13,NULL,NULL,NULL,74.1330,57
15731,Samorost,Indie,13,NULL,NULL,NULL,74.1330,57
3797,Battalion Wars,Simulator,2,NULL,77.5000,2,78.2912,11
3797,Battalion Wars,Strategy,2,NULL,77.5000,2,78.2912,11
1002,Oddworld: Stranger's Wrath,Shooter,13,NULL,78.0000,5,77.9956,34
1002,Oddworld: Stranger's Wrath,Platform,13,NULL,78.0000,5,77.9956,34
1002,Oddworld: Stranger's Wrath,Adventure,13,NULL,78.0000,5,77.9956,34
20110,Donkey Kong Country Returns 3D,Platform,6,NULL,82.7500,9,77.6090,26
9490,Nether,Shooter,2,1,60.0000,3,61.1479,11
9490,Nether,Role-playing (RPG),2,1,60.0000,3,61.1479,11
9490,Nether,Simulator,2,1,60.0000,3,61.1479,11
9490,Nether,Sport,2,1,60.0000,3,61.1479,11
9490,Nether,Indie,2,1,60.0000,3,61.1479,11
2826,The Simpsons Arcade Game,Arcade,12,NULL,57.5000,2,73.6666,45
2048,Zeno Clash II,Shooter,4,NULL,54.5000,7,69.8988,11
2048,Zeno Clash II,Indie,4,NULL,54.5000,7,69.8988,11
19260,Sonic Rivals,Platform,4,NULL,67.5000,2,56.3329,16
297,Counter-Strike: Condition Zero,Shooter,33,NULL,66.3333,3,74.7176,180
12857,Space Harrier,Shooter,2,NULL,NULL,NULL,66.3488,28
26652,Lisa: The First,Adventure,4,NULL,NULL,NULL,68.0133,17
26652,Lisa: The First,Indie,4,NULL,NULL,NULL,68.0133,17
11193,Hyrule Warriors: Legends,Adventure,7,6,71.3636,11,71.4161,10
14751,Ace Combat 3: Electrosphere,Shooter,4,NULL,NULL,NULL,75.6281,19
14751,Ace Combat 3: Electrosphere,Simulator,4,NULL,NULL,NULL,75.6281,19
27239,Rayman Legends: Definitive Edition,Platform,14,1,75.0000,4,72.3669,25
27239,Rayman Legends: Definitive Edition,Adventure,14,1,75.0000,4,72.3669,25
1109,Metroid Prime Pinball,Puzzle,2,NULL,60.0000,2,60.1313,14
2051,OutRun,Arcade,10,NULL,NULL,NULL,73.8049,71
5352,After Burner II,Shooter,3,NULL,NULL,NULL,65.0442,17
5352,After Burner II,Arcade,3,NULL,NULL,NULL,65.0442,17
1452,Suikoden Tierkreis,Role-playing (RPG),5,NULL,76.0000,4,77.7249,14
8479,Naruto Shippuden: Ultimate Ninja Storm Revolution,Adventure,22,NULL,65.6000,6,66.0117,77
1372,Counter-Strike: Global Offensive,Shooter,439,NULL,81.0000,5,82.0113,1080
1399,Professor Layton and the Unwound Future,Puzzle,26,NULL,92.6000,7,83.8718,77
21593,Lords of the Fallen,Role-playing (RPG),10,11,71.0000,9,62.6286,14
21593,Lords of the Fallen,Adventure,10,11,71.0000,9,62.6286,14
39749,The House of da Vinci,Puzzle,3,NULL,NULL,NULL,78.8107,22
39749,The House of da Vinci,Simulator,3,NULL,NULL,NULL,78.8107,22
39749,The House of da Vinci,Strategy,3,NULL,NULL,NULL,78.8107,22
39749,The House of da Vinci,Adventure,3,NULL,NULL,NULL,78.8107,22
39749,The House of da Vinci,Indie,3,NULL,NULL,NULL,78.8107,22
16873,Monochroma,Platform,4,NULL,45.5000,3,60.7239,15
16873,Monochroma,Puzzle,4,NULL,45.5000,3,60.7239,15
16873,Monochroma,Adventure,4,NULL,45.5000,3,60.7239,15
16873,Monochroma,Indie,4,NULL,45.5000,3,60.7239,15
5664,Bump 'n' Jump,Arcade,1,NULL,NULL,NULL,66.7020,12
17245,Daytona USA,Sport,3,NULL,80.0000,5,73.7947,23
17245,Daytona USA,Arcade,3,NULL,80.0000,5,73.7947,23
15325,Woodle Tree Adventures,Platform,5,NULL,NULL,NULL,43.2399,12
15325,Woodle Tree Adventures,Adventure,5,NULL,NULL,NULL,43.2399,12
15325,Woodle Tree Adventures,Indie,5,NULL,NULL,NULL,43.2399,12
9425,Skullgirls,Indie,36,NULL,78.7500,11,77.4690,74
9425,Skullgirls,Arcade,36,NULL,78.7500,11,77.4690,74
47598,Shock Troopers,Shooter,NULL,NULL,NULL,NULL,75.4617,11
47598,Shock Troopers,Arcade,NULL,NULL,NULL,NULL,75.4617,11
4599,Elevator Action,Shooter,4,NULL,80.0000,1,70.7283,35
4599,Elevator Action,Platform,4,NULL,80.0000,1,70.7283,35
4599,Elevator Action,Puzzle,4,NULL,80.0000,1,70.7283,35
4599,Elevator Action,Arcade,4,NULL,80.0000,1,70.7283,35
1640,James Bond 007: Tomorrow Never Dies,Shooter,6,NULL,NULL,NULL,69.3455,25
133433,Guardian Tales,Puzzle,1,NULL,NULL,NULL,69.9994,11
133433,Guardian Tales,Role-playing (RPG),1,NULL,NULL,NULL,69.9994,11
133433,Guardian Tales,Adventure,1,NULL,NULL,NULL,69.9994,11
133433,Guardian Tales,Arcade,1,NULL,NULL,NULL,69.9994,11
11488,Dropsy,Puzzle,7,NULL,86.6667,3,77.5715,19
11488,Dropsy,Adventure,7,NULL,86.6667,3,77.5715,19
11488,Dropsy,Indie,7,NULL,86.6667,3,77.5715,19
26778,Alex Kidd in Miracle World,Platform,4,NULL,NULL,NULL,66.2257,46
26778,Alex Kidd in Miracle World,Adventure,4,NULL,NULL,NULL,66.2257,46
86264,Yoshi,Puzzle,1,NULL,NULL,NULL,54.0033,19
86264,Yoshi,Strategy,1,NULL,NULL,NULL,54.0033,19
6807,Ghosts 'n Goblins,Shooter,14,NULL,90.0000,1,74.5188,86
6807,Ghosts 'n Goblins,Platform,14,NULL,90.0000,1,74.5188,86
6807,Ghosts 'n Goblins,Adventure,14,NULL,90.0000,1,74.5188,86
6807,Ghosts 'n Goblins,Arcade,14,NULL,90.0000,1,74.5188,86
121752,Ghostrunner,Shooter,39,14,82.0000,11,79.6816,115
121752,Ghostrunner,Platform,39,14,82.0000,11,79.6816,115
121752,Ghostrunner,Adventure,39,14,82.0000,11,79.6816,115
3127,Brigandine: The Legend of Forsena,Role-playing (RPG),4,NULL,NULL,NULL,88.4663,14
3127,Brigandine: The Legend of Forsena,Strategy,4,NULL,NULL,NULL,88.4663,14
4594,Adventure Island,Platform,10,NULL,NULL,NULL,69.4751,73
4594,Adventure Island,Adventure,10,NULL,NULL,NULL,69.4751,73
119257,Destroy All Humans!,Shooter,6,4,67.2727,14,70.5458,42
119257,Destroy All Humans!,Adventure,6,4,67.2727,14,70.5458,42
19448,Echo,Shooter,24,5,76.6667,7,60.6271,25
19448,Echo,Role-playing (RPG),24,5,76.6667,7,60.6271,25
19448,Echo,Adventure,24,5,76.6667,7,60.6271,25
19448,Echo,Indie,24,5,76.6667,7,60.6271,25
3777,FlatOut: Ultimate Carnage,Arcade,12,NULL,80.0000,4,78.4659,55
33615,VRChat,Simulator,7,NULL,NULL,NULL,78.7904,32
33615,VRChat,Adventure,7,NULL,NULL,NULL,78.7904,32
9176,Call of Cthulhu,Role-playing (RPG),91,58,64.7500,10,68.3907,93
9176,Call of Cthulhu,Adventure,91,58,64.7500,10,68.3907,93
1375,F1 2010,Simulator,14,NULL,84.0000,7,77.5705,41
1375,F1 2010,Sport,14,NULL,84.0000,7,77.5705,41
8382,Vessel,Platform,2,NULL,76.0000,3,44.5471,12
8382,Vessel,Puzzle,2,NULL,76.0000,3,44.5471,12
8382,Vessel,Strategy,2,NULL,76.0000,3,44.5471,12
8382,Vessel,Indie,2,NULL,76.0000,3,44.5471,12
9609,Distance,Adventure,11,3,90.0000,1,84.9344,21
9609,Distance,Indie,11,3,90.0000,1,84.9344,21
9609,Distance,Arcade,11,3,90.0000,1,84.9344,21
10922,Stealth Bastard Deluxe,Platform,5,NULL,79.3333,3,70.0373,12
10922,Stealth Bastard Deluxe,Puzzle,5,NULL,79.3333,3,70.0373,12
10922,Stealth Bastard Deluxe,Indie,5,NULL,79.3333,3,70.0373,12
1277,Plants vs. Zombies,Puzzle,103,NULL,84.5556,12,78.5872,458
1277,Plants vs. Zombies,Simulator,103,NULL,84.5556,12,78.5872,458
1277,Plants vs. Zombies,Strategy,103,NULL,84.5556,12,78.5872,458
77494,Wilmot's Warehouse,Puzzle,2,1,85.0000,1,70.0142,18
77494,Wilmot's Warehouse,Simulator,2,1,85.0000,1,70.0142,18
77494,Wilmot's Warehouse,Adventure,2,1,85.0000,1,70.0142,18
77494,Wilmot's Warehouse,Indie,2,1,85.0000,1,70.0142,18
4100,Tomba! 2: The Evil Swine Return,Platform,4,NULL,NULL,NULL,74.9479,23
4100,Tomba! 2: The Evil Swine Return,Adventure,4,NULL,NULL,NULL,74.9479,23
19914,Charlie Murder,Role-playing (RPG),NULL,NULL,74.0000,6,69.2927,16
19914,Charlie Murder,Adventure,NULL,NULL,74.0000,6,69.2927,16
19914,Charlie Murder,Indie,NULL,NULL,74.0000,6,69.2927,16
115785,American Fugitive,Shooter,9,1,72.5000,3,58.6000,12
115785,American Fugitive,Adventure,9,1,72.5000,3,58.6000,12
115785,American Fugitive,Indie,9,1,72.5000,3,58.6000,12
27762,Paradigm,Adventure,3,NULL,87.3333,3,87.2843,15
27762,Paradigm,Indie,3,NULL,87.3333,3,87.2843,15
4492,Urban Strike,Shooter,4,NULL,NULL,NULL,69.2814,20
45670,Alex Kidd in Shinobi World,Platform,7,NULL,NULL,NULL,60.0992,13
11326,Jeanne d'Arc,Role-playing (RPG),8,NULL,76.0000,4,74.6384,15
16368,Unmechanical,Puzzle,1,NULL,50.0000,3,63.7811,13
16368,Unmechanical,Adventure,1,NULL,50.0000,3,63.7811,13
16368,Unmechanical,Indie,1,NULL,50.0000,3,63.7811,13
6013,RoboCop,Shooter,2,NULL,NULL,NULL,67.6131,30
6013,RoboCop,Platform,2,NULL,NULL,NULL,67.6131,30
6013,RoboCop,Arcade,2,NULL,NULL,NULL,67.6131,30
55590,Mashinky,Simulator,16,NULL,NULL,NULL,89.7503,13
55590,Mashinky,Strategy,16,NULL,NULL,NULL,89.7503,13
55590,Mashinky,Indie,16,NULL,NULL,NULL,89.7503,13
5647,Enemy Front,Shooter,12,2,33.3333,3,56.6205,31
736,GT Legends,Simulator,4,NULL,85.0000,2,89.7919,14
736,GT Legends,Sport,4,NULL,85.0000,2,89.7919,14
16733,Bloody Trapland,Platform,2,NULL,NULL,NULL,78.6050,13
16733,Bloody Trapland,Adventure,2,NULL,NULL,NULL,78.6050,13
16733,Bloody Trapland,Indie,2,NULL,NULL,NULL,78.6050,13
4053,One Piece: Grand Adventure,Adventure,2,NULL,65.0000,2,71.0855,14
3115,Godus,Simulator,7,1,80.0000,1,63.2444,17
3115,Godus,Strategy,7,1,80.0000,1,63.2444,17
3115,Godus,Indie,7,1,80.0000,1,63.2444,17
5379,Ecco: The Tides of Time,Adventure,3,NULL,NULL,NULL,70.1535,18
16587,Final Fantasy IV,Role-playing (RPG),44,NULL,80.0000,1,82.8683,171
3810,Billy Hatcher and the Giant Egg,Platform,4,NULL,70.0000,1,70.3677,12
3810,Billy Hatcher and the Giant Egg,Adventure,4,NULL,70.0000,1,70.3677,12
1980,Q*bert,Platform,5,NULL,64.0000,2,61.5638,31
1980,Q*bert,Puzzle,5,NULL,64.0000,2,61.5638,31
1980,Q*bert,Arcade,5,NULL,64.0000,2,61.5638,31
7471,Transformers: Revenge of the Fallen,Shooter,7,NULL,93.3333,11,68.8955,24
7471,Transformers: Revenge of the Fallen,Adventure,7,NULL,93.3333,11,68.8955,24
8772,Drakensang Online,Role-playing (RPG),7,NULL,NULL,NULL,66.0939,14
8772,Drakensang Online,Adventure,7,NULL,NULL,NULL,66.0939,14
105322,Pummel Party,Indie,2,NULL,NULL,NULL,68.7658,33
105322,Pummel Party,Arcade,2,NULL,NULL,NULL,68.7658,33
9006,Conan,Shooter,7,NULL,65.0000,2,63.1259,14
9006,Conan,Adventure,7,NULL,65.0000,2,63.1259,14
1818,Dragon Warrior VII,Role-playing (RPG),NULL,NULL,NULL,NULL,80.4102,15
1818,Dragon Warrior VII,Adventure,NULL,NULL,NULL,NULL,80.4102,15
49,Syndicate,Strategy,16,NULL,68.7500,4,83.5100,48
19272,Angry Birds Star Wars II,Puzzle,6,NULL,100.0000,1,72.7771,22
19272,Angry Birds Star Wars II,Strategy,6,NULL,100.0000,1,72.7771,22
19272,Angry Birds Star Wars II,Arcade,6,NULL,100.0000,1,72.7771,22
13670,Knightmare,Shooter,2,1,NULL,NULL,71.8793,11
13670,Knightmare,Puzzle,2,1,NULL,NULL,71.8793,11
13670,Knightmare,Role-playing (RPG),2,1,NULL,NULL,71.8793,11
13670,Knightmare,Adventure,2,1,NULL,NULL,71.8793,11
13670,Knightmare,Arcade,2,1,NULL,NULL,71.8793,11
89025,Helix Jump,Arcade,4,NULL,NULL,NULL,60.4868,12
9105,2048,Puzzle,10,NULL,NULL,NULL,73.0951,46
9105,2048,Strategy,10,NULL,NULL,NULL,73.0951,46
9105,2048,Indie,10,NULL,NULL,NULL,73.0951,46
26762,1-2-Switch,Arcade,5,1,53.6667,10,46.4965,26
7690,Hydrophobia: Prophecy,Shooter,5,NULL,NULL,NULL,44.3673,14
7690,Hydrophobia: Prophecy,Strategy,5,NULL,NULL,NULL,44.3673,14
7690,Hydrophobia: Prophecy,Adventure,5,NULL,NULL,NULL,44.3673,14
7690,Hydrophobia: Prophecy,Indie,5,NULL,NULL,NULL,44.3673,14
18797,Rise of Nations: Rise of Legends,Strategy,15,NULL,80.3333,4,79.1954,29
5258,Virtua Tennis 4,Sport,11,NULL,68.5000,8,86.6079,35
4601,Hogan's Alley,Shooter,5,NULL,NULL,NULL,59.9571,29
4601,Hogan's Alley,Arcade,5,NULL,NULL,NULL,59.9571,29
1752,Mega Man Legends,Shooter,6,NULL,NULL,NULL,75.9561,45
1752,Mega Man Legends,Role-playing (RPG),6,NULL,NULL,NULL,75.9561,45
1752,Mega Man Legends,Adventure,6,NULL,NULL,NULL,75.9561,45
11283,Agar.io,Strategy,22,NULL,NULL,NULL,69.5016,50
11283,Agar.io,Indie,22,NULL,NULL,NULL,69.5016,50
172201,Mario Bros.,Platform,2,NULL,NULL,NULL,54.5168,18
172201,Mario Bros.,Arcade,2,NULL,NULL,NULL,54.5168,18
1469,Kuru Kuru Kururin,Puzzle,3,NULL,79.5000,2,73.4037,13
1469,Kuru Kuru Kururin,Arcade,3,NULL,79.5000,2,73.4037,13
24275,Mega Man: Maverick Hunter X,Platform,3,NULL,85.0000,1,77.3017,23
24275,Mega Man: Maverick Hunter X,Adventure,3,NULL,85.0000,1,77.3017,23
22775,Super Exploding Zoo,Puzzle,2,NULL,NULL,NULL,66.0442,11
2710,Mappy,Platform,3,NULL,NULL,NULL,70.1719,26
2710,Mappy,Puzzle,3,NULL,NULL,NULL,70.1719,26
2710,Mappy,Strategy,3,NULL,NULL,NULL,70.1719,26
1327,Turok: Rage Wars,Shooter,4,NULL,NULL,NULL,69.8832,13
9805,Ogre Battle: The March of the Black Queen,Role-playing (RPG),4,NULL,NULL,NULL,72.2123,14
9805,Ogre Battle: The March of the Black Queen,Strategy,4,NULL,NULL,NULL,72.2123,14
9805,Ogre Battle: The March of the Black Queen,Adventure,4,NULL,NULL,NULL,72.2123,14
14406,Shadow of Rome,Adventure,5,NULL,74.5000,2,76.4582,14
12346,Xevious,Shooter,5,NULL,53.3333,2,60.3423,18
12346,Xevious,Arcade,5,NULL,53.3333,2,60.3423,18
19902,Bad Piggies,Puzzle,10,NULL,75.0000,2,69.6825,27
116667,F1 2019,Simulator,19,1,85.6667,8,84.0136,39
116667,F1 2019,Sport,19,1,85.6667,8,84.0136,39
419,Final Fantasy V,Role-playing (RPG),21,NULL,NULL,NULL,76.9660,117
419,Final Fantasy V,Adventure,21,NULL,NULL,NULL,76.9660,117
1326,Turok 2: Seeds of Evil,Shooter,22,NULL,63.5000,1,74.0062,58
1326,Turok 2: Seeds of Evil,Adventure,22,NULL,63.5000,1,74.0062,58
426,Final Fantasy VI,Role-playing (RPG),218,NULL,100.0000,1,89.6229,606
426,Final Fantasy VI,Adventure,218,NULL,100.0000,1,89.6229,606
4562,Pokémon Rumble,Role-playing (RPG),5,NULL,NULL,NULL,61.8288,20
4562,Pokémon Rumble,Sport,5,NULL,NULL,NULL,61.8288,20
6250,Trine 2,Platform,83,NULL,85.0000,9,77.2800,232
6250,Trine 2,Puzzle,83,NULL,85.0000,9,77.2800,232
6250,Trine 2,Adventure,83,NULL,85.0000,9,77.2800,232
25692,Circus Charlie,Platform,4,NULL,NULL,NULL,75.2033,39
25692,Circus Charlie,Arcade,4,NULL,NULL,NULL,75.2033,39
9334,Worms Revolution,Strategy,7,NULL,67.5000,4,69.7791,31
20480,Worms 2: Armageddon,Strategy,5,NULL,92.5000,4,79.4736,20
4618,Pooyan,Shooter,2,NULL,NULL,NULL,69.6264,17
4618,Pooyan,Puzzle,2,NULL,NULL,NULL,69.6264,17
4618,Pooyan,Arcade,2,NULL,NULL,NULL,69.6264,17
110737,The Watson-Scott Test,Indie,62,NULL,NULL,NULL,67.3050,43
9242,Bionic Commando,Shooter,2,NULL,75.0000,0,61.3087,17
9242,Bionic Commando,Platform,2,NULL,75.0000,0,61.3087,17
9242,Bionic Commando,Adventure,2,NULL,75.0000,0,61.3087,17
1275,SimCity 4,Simulator,76,NULL,85.0000,2,81.4430,183
1275,SimCity 4,Strategy,76,NULL,85.0000,2,81.4430,183
3016,Illusion of Gaia,Role-playing (RPG),17,NULL,NULL,NULL,83.4322,48
6283,Sonic Advance,Platform,14,NULL,79.0000,1,70.3536,99
8719,Blade,Shooter,5,NULL,NULL,NULL,50.1920,13
8719,Blade,Adventure,5,NULL,NULL,NULL,50.1920,13
6100,Bomb Jack,Platform,1,NULL,80.0000,1,61.8443,19
6100,Bomb Jack,Arcade,1,NULL,80.0000,1,61.8443,19
26472,Disco Elysium,Role-playing (RPG),64,12,89.1250,8,95.1724,517
26472,Disco Elysium,Adventure,64,12,89.1250,8,95.1724,517
4973,Link's Crossbow Training,Shooter,3,NULL,60.0000,2,71.5638,19
18170,Yie Ar Kung-Fu,Arcade,6,NULL,20.0000,1,69.5254,27
12266,Qix,Puzzle,1,NULL,NULL,NULL,69.7063,12
12266,Qix,Arcade,1,NULL,NULL,NULL,69.7063,12
20398,Chrono Trigger,Adventure,2,NULL,73.6000,6,91.8363,33
15407,No More Room in Hell,Shooter,8,NULL,NULL,NULL,68.4713,31
15407,No More Room in Hell,Indie,8,NULL,NULL,NULL,68.4713,31
4607,Road Fighter,Arcade,4,NULL,NULL,NULL,73.1397,31
4747,Cars 2,Adventure,4,NULL,75.0000,5,65.5132,17
4118,Spider-Man 2: Enter Electro,Adventure,21,NULL,40.0000,1,73.7160,66
12118,Gods,Platform,3,NULL,NULL,NULL,82.2384,15
12118,Gods,Puzzle,3,NULL,NULL,NULL,82.2384,15
12118,Gods,Adventure,3,NULL,NULL,NULL,82.2384,15
17030,LEGO Star Wars: The Force Awakens,Platform,28,6,75.9130,25,66.2247,76
17030,LEGO Star Wars: The Force Awakens,Puzzle,28,6,75.9130,25,66.2247,76
17030,LEGO Star Wars: The Force Awakens,Adventure,28,6,75.9130,25,66.2247,76
3196,Warsong,Role-playing (RPG),1,NULL,NULL,NULL,78.0224,11
3196,Warsong,Strategy,1,NULL,NULL,NULL,78.0224,11
3514,International Superstar Soccer '98,Sport,3,NULL,NULL,NULL,65.1087,12
2408,Final Fantasy Tactics A2: Grimoire of the Rift,Role-playing (RPG),9,NULL,83.0000,4,82.4798,37
2408,Final Fantasy Tactics A2: Grimoire of the Rift,Strategy,9,NULL,83.0000,4,82.4798,37
16618,Ōkamiden,Adventure,6,NULL,78.0000,3,68.2445,13
9514,Echo Night,Puzzle,2,NULL,NULL,NULL,69.9668,14
9514,Echo Night,Adventure,2,NULL,NULL,NULL,69.9668,14
80408,X-Men,Platform,2,NULL,NULL,NULL,69.8793,13
2184,Kirby's Epic Yarn,Platform,13,NULL,84.6000,8,68.6992,61
2184,Kirby's Epic Yarn,Adventure,13,NULL,84.6000,8,68.6992,61
3722,Kirby: Canvas Curse,Platform,6,NULL,85.0000,2,72.0653,39
3722,Kirby: Canvas Curse,Puzzle,6,NULL,85.0000,2,72.0653,39
3722,Kirby: Canvas Curse,Adventure,6,NULL,85.0000,2,72.0653,39
662,Anno 1404,Simulator,51,NULL,72.0000,3,80.2415,131
662,Anno 1404,Strategy,51,NULL,72.0000,3,80.2415,131
662,Anno 1404,Adventure,51,NULL,72.0000,3,80.2415,131
144345,FortressOne,Shooter,13,1,NULL,NULL,92.8763,22
1432,Phoenix Wright: Ace Attorney - Dual Destinies,Puzzle,25,NULL,80.2000,10,74.8170,64
1432,Phoenix Wright: Ace Attorney - Dual Destinies,Role-playing (RPG),25,NULL,80.2000,10,74.8170,64
1432,Phoenix Wright: Ace Attorney - Dual Destinies,Simulator,25,NULL,80.2000,10,74.8170,64
1432,Phoenix Wright: Ace Attorney - Dual Destinies,Adventure,25,NULL,80.2000,10,74.8170,64
193359,Rayman Legends,Platform,NULL,NULL,0.0000,2,79.8687,11
193359,Rayman Legends,Adventure,NULL,NULL,0.0000,2,79.8687,11
28395,Snake,Arcade,1,NULL,NULL,NULL,72.9191,17
2932,Sea Dogs,Role-playing (RPG),7,NULL,NULL,NULL,75.2787,13
2932,Sea Dogs,Simulator,7,NULL,NULL,NULL,75.2787,13
2932,Sea Dogs,Strategy,7,NULL,NULL,NULL,75.2787,13
5992,Psi-Ops: The Mindgate Conspiracy,Shooter,7,NULL,83.0000,5,65.3975,24
7816,Captain America and the Avengers,Platform,3,NULL,NULL,NULL,65.1251,27
2687,Animal Crossing: New Leaf,Simulator,64,NULL,88.3000,11,85.1190,194
3440,Army Men: Sarge's Heroes,Shooter,3,NULL,NULL,NULL,71.3889,28
28706,Madden NFL 18,Sport,13,3,79.4000,17,77.9423,14
8965,Darkest Dungeon,Role-playing (RPG),91,4,83.1000,16,83.2336,322
8965,Darkest Dungeon,Strategy,91,4,83.1000,16,83.2336,322
8965,Darkest Dungeon,Adventure,91,4,83.1000,16,83.2336,322
8965,Darkest Dungeon,Indie,91,4,83.1000,16,83.2336,322
14206,Blackwake,Shooter,13,7,NULL,NULL,47.8489,15
14206,Blackwake,Simulator,13,7,NULL,NULL,47.8489,15
14206,Blackwake,Strategy,13,7,NULL,NULL,47.8489,15
14206,Blackwake,Indie,13,7,NULL,NULL,47.8489,15
56,The Elder Scrolls III: Morrowind,Role-playing (RPG),315,NULL,85.0000,3,85.9070,682
56,The Elder Scrolls III: Morrowind,Adventure,315,NULL,85.0000,3,85.9070,682
8311,Titan Quest,Role-playing (RPG),41,NULL,81.2500,5,78.3454,147
26654,Nekopara Vol. 0,Adventure,8,NULL,NULL,NULL,65.7335,26
26654,Nekopara Vol. 0,Indie,8,NULL,NULL,NULL,65.7335,26
19516,WWE 2K17,Simulator,11,1,60.8333,14,68.2943,28
19516,WWE 2K17,Sport,11,1,60.8333,14,68.2943,28
11730,Framed,Puzzle,10,NULL,NULL,NULL,75.8995,25
11730,Framed,Adventure,10,NULL,NULL,NULL,75.8995,25
3873,Defender,Shooter,5,NULL,70.0000,2,46.6240,30
3873,Defender,Strategy,5,NULL,70.0000,2,46.6240,30
7873,Chrome,Shooter,5,NULL,59.5000,2,50.9378,11
15705,Digimon Story: Cyber Sleuth,Role-playing (RPG),15,NULL,79.2222,9,78.6259,44
15705,Digimon Story: Cyber Sleuth,Strategy,15,NULL,79.2222,9,78.6259,44
15705,Digimon Story: Cyber Sleuth,Adventure,15,NULL,79.2222,9,78.6259,44
19163,Grand Kingdom,Role-playing (RPG),8,NULL,78.5455,12,69.0283,13
19163,Grand Kingdom,Strategy,8,NULL,78.5455,12,69.0283,13
10141,Snake II,Puzzle,7,NULL,NULL,NULL,80.1304,16
10141,Snake II,Arcade,7,NULL,NULL,NULL,80.1304,16
4158,Sonic Riders,Shooter,11,NULL,66.0000,2,67.6799,71
4158,Sonic Riders,Sport,11,NULL,66.0000,2,67.6799,71
72373,Getting Over It with Bennett Foddy,Platform,41,1,NULL,NULL,83.1669,102
72373,Getting Over It with Bennett Foddy,Simulator,41,1,NULL,NULL,83.1669,102
72373,Getting Over It with Bennett Foddy,Adventure,41,1,NULL,NULL,83.1669,102
72373,Getting Over It with Bennett Foddy,Indie,41,1,NULL,NULL,83.1669,102
25877,"Pokémon: Let's Go, Pikachu!",Role-playing (RPG),50,11,76.6923,17,74.9670,108
25877,"Pokémon: Let's Go, Pikachu!",Adventure,50,11,76.6923,17,74.9670,108
28227,Happy Wheels,Platform,10,NULL,NULL,NULL,66.9583,30
28227,Happy Wheels,Adventure,10,NULL,NULL,NULL,66.9583,30
2948,Infestation: Survivor Stories,Shooter,3,NULL,NULL,NULL,35.7126,14
2948,Infestation: Survivor Stories,Role-playing (RPG),3,NULL,NULL,NULL,35.7126,14
2948,Infestation: Survivor Stories,Adventure,3,NULL,NULL,NULL,35.7126,14
2948,Infestation: Survivor Stories,Indie,3,NULL,NULL,NULL,35.7126,14
2956,Audiosurf,Puzzle,28,NULL,90.0000,3,75.1385,110
2956,Audiosurf,Indie,28,NULL,90.0000,3,75.1385,110
34,Giants: Citizen Kabuto,Shooter,16,NULL,NULL,NULL,82.8345,28
34,Giants: Citizen Kabuto,Role-playing (RPG),16,NULL,NULL,NULL,82.8345,28
34,Giants: Citizen Kabuto,Adventure,16,NULL,NULL,NULL,82.8345,28
135881,eFootball PES 2021 Season Update,Simulator,4,NULL,70.0000,3,74.9320,32
135881,eFootball PES 2021 Season Update,Sport,4,NULL,70.0000,3,74.9320,32
19623,Naruto Shippuden: Ultimate Ninja 4,Role-playing (RPG),3,NULL,63.5000,2,70.1712,26
52190,The LEGO Ninjago Movie Video Game,Shooter,21,NULL,73.2500,4,69.4697,18
52190,The LEGO Ninjago Movie Video Game,Adventure,21,NULL,73.2500,4,69.4697,18
5693,River Raid,Shooter,6,NULL,NULL,NULL,82.0363,27
5693,River Raid,Arcade,6,NULL,NULL,NULL,82.0363,27
54662,Football Manager 2018,Simulator,17,1,74.5000,9,87.7163,35
54662,Football Manager 2018,Sport,17,1,74.5000,9,87.7163,35
14691,Air Combat,Shooter,1,NULL,70.0000,1,70.0328,16
14691,Air Combat,Simulator,1,NULL,70.0000,1,70.0328,16
25621,Yandere Simulator,Simulator,9,6,NULL,NULL,52.2543,11
25621,Yandere Simulator,Strategy,9,6,NULL,NULL,52.2543,11
80138,BanG Dream! Girls Band Party!,Adventure,NULL,NULL,NULL,NULL,74.3870,11
2657,Kinect Adventures,Sport,7,NULL,65.0000,3,58.0325,25
2657,Kinect Adventures,Adventure,7,NULL,65.0000,3,58.0325,25
437,Medieval: Total War,Strategy,21,NULL,90.0000,2,83.2025,67
4576,X-Men Legends II: Rise of Apocalypse,Role-playing (RPG),11,NULL,78.2000,6,71.1118,37
11667,Dragon Quest XI: Echoes of an Elusive Age,Role-playing (RPG),52,7,84.0000,12,85.4974,99
103224,Realm Royale Reforged,Shooter,4,NULL,78.0000,2,60.2503,31
103224,Realm Royale Reforged,Adventure,4,NULL,78.0000,2,60.2503,31
8050,Tiny Toon Adventures: Buster Busts Loose!,Platform,7,NULL,NULL,NULL,76.7623,21
8050,Tiny Toon Adventures: Buster Busts Loose!,Sport,7,NULL,NULL,NULL,76.7623,21
59858,Lethal League Blaze,Sport,7,1,90.0000,1,90.4920,20
59858,Lethal League Blaze,Indie,7,1,90.0000,1,90.4920,20
59858,Lethal League Blaze,Arcade,7,1,90.0000,1,90.4920,20
5410,Pitfall: The Mayan Adventure,Platform,4,NULL,50.0000,1,73.2278,21
5410,Pitfall: The Mayan Adventure,Adventure,4,NULL,50.0000,1,73.2278,21
115283,Astral Chain,Adventure,12,9,89.1818,12,82.8270,79
28548,Remothered: Tormented Fathers,Adventure,10,1,80.0000,2,71.0686,21
28548,Remothered: Tormented Fathers,Indie,10,1,80.0000,2,71.0686,21
1641,James Bond 007: The World Is Not Enough,Shooter,6,NULL,NULL,NULL,72.8610,32
4969,LEGO The Lord of the Rings,Adventure,50,NULL,77.4444,10,74.6739,145
19289,Candle,Platform,28,3,71.0000,2,69.8308,11
19289,Candle,Puzzle,28,3,71.0000,2,69.8308,11
19289,Candle,Adventure,28,3,71.0000,2,69.8308,11
19289,Candle,Indie,28,3,71.0000,2,69.8308,11
9235,LSD: Dream Emulator,Simulator,8,NULL,NULL,NULL,70.0965,17
9235,LSD: Dream Emulator,Adventure,8,NULL,NULL,NULL,70.0965,17
9235,LSD: Dream Emulator,Indie,8,NULL,NULL,NULL,70.0965,17
106270,Disney's Aladdin,Platform,NULL,NULL,NULL,NULL,75.7278,11
1476,Gradius,Shooter,9,NULL,74.5000,1,68.3111,44
1476,Gradius,Adventure,9,NULL,74.5000,1,68.3111,44
1476,Gradius,Arcade,9,NULL,74.5000,1,68.3111,44
112191,Epic Seven,Role-playing (RPG),5,1,79.0000,2,94.3285,11
112191,Epic Seven,Simulator,5,1,79.0000,2,94.3285,11
8900,Monument Valley,Puzzle,60,NULL,89.6667,4,76.7687,162
8900,Monument Valley,Adventure,60,NULL,89.6667,4,76.7687,162
3414,Nightmare Creatures,Adventure,7,NULL,NULL,NULL,70.8754,33
1793,Secret Agent Clank,Platform,12,NULL,81.0000,5,77.2464,31
1793,Secret Agent Clank,Adventure,12,NULL,81.0000,5,77.2464,31
28278,Catan Universe,Strategy,NULL,NULL,NULL,NULL,97.1764,11
1792,Ratchet & Clank Future: Tools of Destruction,Shooter,45,NULL,91.5000,6,79.2321,118
1792,Ratchet & Clank Future: Tools of Destruction,Platform,45,NULL,91.5000,6,79.2321,118
1792,Ratchet & Clank Future: Tools of Destruction,Puzzle,45,NULL,91.5000,6,79.2321,118
12938,Slender: The Eight Pages,Adventure,13,NULL,NULL,NULL,58.7116,41
12938,Slender: The Eight Pages,Indie,13,NULL,NULL,NULL,58.7116,41
8066,Taz-Mania,Platform,3,NULL,NULL,NULL,66.7287,26
8066,Taz-Mania,Adventure,3,NULL,NULL,NULL,66.7287,26
8976,Football Manager 2015,Simulator,18,NULL,73.8000,5,80.4595,43
8976,Football Manager 2015,Sport,18,NULL,73.8000,5,80.4595,43
8976,Football Manager 2015,Strategy,18,NULL,73.8000,5,80.4595,43
122080,Football Manager 2020,Simulator,30,NULL,88.5000,3,77.0316,50
122080,Football Manager 2020,Sport,30,NULL,88.5000,3,77.0316,50
2589,Ratchet & Clank: Into the Nexus,Shooter,20,2,69.2857,8,78.1281,59
2589,Ratchet & Clank: Into the Nexus,Platform,20,2,69.2857,8,78.1281,59
2589,Ratchet & Clank: Into the Nexus,Strategy,20,2,69.2857,8,78.1281,59
2589,Ratchet & Clank: Into the Nexus,Adventure,20,2,69.2857,8,78.1281,59
5168,Sonic Riders: Zero Gravity,Sport,3,NULL,55.0000,3,65.9701,33
101869,Cat Quest II,Role-playing (RPG),1,1,78.3333,5,72.4548,19
101869,Cat Quest II,Adventure,1,1,78.3333,5,72.4548,19
101869,Cat Quest II,Indie,1,1,78.3333,5,72.4548,19
27685,Soda Dungeon,Role-playing (RPG),2,NULL,NULL,NULL,64.9674,22
4966,The Last Story,Role-playing (RPG),14,NULL,77.6667,6,76.9960,25
4105,Shadow the Hedgehog,Shooter,14,NULL,46.0000,2,48.0054,81
4105,Shadow the Hedgehog,Platform,14,NULL,46.0000,2,48.0054,81
4105,Shadow the Hedgehog,Adventure,14,NULL,46.0000,2,48.0054,81
19091,Sonic R,Adventure,8,NULL,NULL,NULL,56.2131,49
107300,Thronebreaker: The Witcher Tales,Puzzle,12,2,86.2500,8,85.1180,129
107300,Thronebreaker: The Witcher Tales,Role-playing (RPG),12,2,86.2500,8,85.1180,129
107300,Thronebreaker: The Witcher Tales,Strategy,12,2,86.2500,8,85.1180,129
107300,Thronebreaker: The Witcher Tales,Adventure,12,2,86.2500,8,85.1180,129
19520,FAR: Lone Sails,Platform,33,7,77.5000,2,77.3112,85
19520,FAR: Lone Sails,Puzzle,33,7,77.5000,2,77.3112,85
19520,FAR: Lone Sails,Simulator,33,7,77.5000,2,77.3112,85
19520,FAR: Lone Sails,Adventure,33,7,77.5000,2,77.3112,85
19520,FAR: Lone Sails,Indie,33,7,77.5000,2,77.3112,85
8163,Disney's Goof Troop,Puzzle,4,NULL,NULL,NULL,80.4741,48
8163,Disney's Goof Troop,Adventure,4,NULL,NULL,NULL,80.4741,48
2878,Ultima IV: Quest of the Avatar,Role-playing (RPG),9,NULL,NULL,NULL,85.0434,29
131800,Call of Duty: Warzone,Shooter,27,NULL,85.2000,7,73.5793,97
24881,Kingdom: New Lands,Simulator,30,NULL,75.0000,2,74.7787,67
24881,Kingdom: New Lands,Strategy,30,NULL,75.0000,2,74.7787,67
24881,Kingdom: New Lands,Adventure,30,NULL,75.0000,2,74.7787,67
24881,Kingdom: New Lands,Indie,30,NULL,75.0000,2,74.7787,67
24881,Kingdom: New Lands,Arcade,30,NULL,75.0000,2,74.7787,67
417,Final Fantasy Origins,Role-playing (RPG),9,NULL,NULL,NULL,80.0094,17
417,Final Fantasy Origins,Adventure,9,NULL,NULL,NULL,80.0094,17
243611,Mir Korabley,Shooter,2,NULL,NULL,NULL,82.5000,12
243611,Mir Korabley,Simulator,2,NULL,NULL,NULL,82.5000,12
243611,Mir Korabley,Strategy,2,NULL,NULL,NULL,82.5000,12
243611,Mir Korabley,Arcade,2,NULL,NULL,NULL,82.5000,12
22754,Assassin's Creed: Ezio Trilogy,Adventure,6,NULL,NULL,NULL,89.9231,15
2588,Wing Commander III: Heart of the Tiger,Simulator,8,NULL,NULL,NULL,80.1504,21
58295,Mekorama,Platform,1,1,NULL,NULL,79.4338,11
58295,Mekorama,Puzzle,1,1,NULL,NULL,79.4338,11
2538,Enslaved: Odyssey to the West,Platform,68,NULL,82.4444,13,80.4520,178
2538,Enslaved: Odyssey to the West,Puzzle,68,NULL,82.4444,13,80.4520,178
2538,Enslaved: Odyssey to the West,Adventure,68,NULL,82.4444,13,80.4520,178
8114,Jazzpunk,Puzzle,12,NULL,82.7500,8,74.3752,55
8114,Jazzpunk,Adventure,12,NULL,82.7500,8,74.3752,55
8114,Jazzpunk,Indie,12,NULL,82.7500,8,74.3752,55
16584,Dragon Warrior IV,Role-playing (RPG),5,NULL,NULL,NULL,72.2037,18
16584,Dragon Warrior IV,Adventure,5,NULL,NULL,NULL,72.2037,18
20868,Duke Nukem 3D: Megaton Edition,Shooter,3,NULL,71.6667,3,73.8514,17
216,Neverwinter Nights,Role-playing (RPG),67,NULL,74.0000,2,81.8652,187
216,Neverwinter Nights,Adventure,67,NULL,74.0000,2,81.8652,187
6897,Pokémon Omega Ruby,Role-playing (RPG),59,1,81.3333,12,82.6083,185
6897,Pokémon Omega Ruby,Strategy,59,1,81.3333,12,82.6083,185
6897,Pokémon Omega Ruby,Adventure,59,1,81.3333,12,82.6083,185
10633,Nintendo World Cup,Sport,4,NULL,NULL,NULL,70.5422,26
27082,Raft,Simulator,26,2,80.0000,2,76.1522,70
27082,Raft,Adventure,26,2,80.0000,2,76.1522,70
27082,Raft,Indie,26,2,80.0000,2,76.1522,70
41496,Kingdom Rush Origins,Strategy,NULL,NULL,70.0000,1,71.0351,15
41496,Kingdom Rush Origins,Indie,NULL,NULL,70.0000,1,71.0351,15
6633,Spear of Destiny,Shooter,10,NULL,NULL,NULL,76.5665,33
6633,Spear of Destiny,Adventure,10,NULL,NULL,NULL,76.5665,33
6003,Reservoir Dogs,Shooter,6,NULL,65.0000,4,61.9450,18
1587,Spyro: Season of Ice,Platform,2,NULL,NULL,NULL,69.4500,15
135915,Overcooked! All You Can Eat,Simulator,3,NULL,88.7500,8,81.7993,16
135915,Overcooked! All You Can Eat,Strategy,3,NULL,88.7500,8,81.7993,16
135915,Overcooked! All You Can Eat,Indie,3,NULL,88.7500,8,81.7993,16
19562,Resident Evil 7: Biohazard,Shooter,284,20,88.4615,31,83.7465,706
19562,Resident Evil 7: Biohazard,Puzzle,284,20,88.4615,31,83.7465,706
19562,Resident Evil 7: Biohazard,Adventure,284,20,88.4615,31,83.7465,706
1558,Pokémon Gold Version,Role-playing (RPG),103,NULL,87.5000,3,86.3393,310
1558,Pokémon Gold Version,Adventure,103,NULL,87.5000,3,86.3393,310
328,Sacred,Role-playing (RPG),23,NULL,85.0000,1,77.3332,81
1514,Pokémon Crystal Version,Role-playing (RPG),83,NULL,85.0000,1,89.1472,309
1514,Pokémon Crystal Version,Adventure,83,NULL,85.0000,1,89.1472,309
19589,Space Funeral,Puzzle,3,NULL,NULL,NULL,74.4753,11
19589,Space Funeral,Role-playing (RPG),3,NULL,NULL,NULL,74.4753,11
19589,Space Funeral,Indie,3,NULL,NULL,NULL,74.4753,11
3051,The Bugs Bunny Crazy Castle,Platform,2,NULL,NULL,NULL,69.6654,15
3051,The Bugs Bunny Crazy Castle,Puzzle,2,NULL,NULL,NULL,69.6654,15
14143,I Wanna Be the Guy,Shooter,8,NULL,NULL,NULL,82.8195,19
14143,I Wanna Be the Guy,Platform,8,NULL,NULL,NULL,82.8195,19
14143,I Wanna Be the Guy,Puzzle,8,NULL,NULL,NULL,82.8195,19
14143,I Wanna Be the Guy,Adventure,8,NULL,NULL,NULL,82.8195,19
14143,I Wanna Be the Guy,Indie,8,NULL,NULL,NULL,82.8195,19
20098,FTL: Advanced Edition,Strategy,8,1,90.5000,2,84.0912,39
1359,Secret of Evermore,Role-playing (RPG),12,NULL,NULL,NULL,80.3652,30
12877,Robot Roller-Derby Disco Dodgeball,Shooter,4,NULL,NULL,NULL,70.0920,11
12877,Robot Roller-Derby Disco Dodgeball,Sport,4,NULL,NULL,NULL,70.0920,11
12877,Robot Roller-Derby Disco Dodgeball,Indie,4,NULL,NULL,NULL,70.0920,11
1198,Crash Bandicoot 2: N-Tranced,Platform,4,NULL,60.0000,2,73.6713,16
8921,White Night,Puzzle,7,NULL,61.8750,8,70.0728,11
8921,White Night,Adventure,7,NULL,61.8750,8,70.0728,11
80348,MapleStory 2,Role-playing (RPG),4,1,100.0000,2,73.9556,21
80348,MapleStory 2,Simulator,4,1,100.0000,2,73.9556,21
80348,MapleStory 2,Adventure,4,1,100.0000,2,73.9556,21
1197,Crash Bandicoot: The Huge Adventure,Platform,2,NULL,74.0000,1,68.6650,29
32365,Hell Let Loose,Shooter,19,5,75.0000,2,75.0014,16
32365,Hell Let Loose,Simulator,19,5,75.0000,2,75.0014,16
32365,Hell Let Loose,Strategy,19,5,75.0000,2,75.0014,16
32365,Hell Let Loose,Indie,19,5,75.0000,2,75.0014,16
135554,Worms Rumble,Shooter,5,2,63.7500,4,57.5309,19
135554,Worms Rumble,Platform,5,2,63.7500,4,57.5309,19
135554,Worms Rumble,Strategy,5,2,63.7500,4,57.5309,19
135554,Worms Rumble,Indie,5,2,63.7500,4,57.5309,19
364,Heroes of Might and Magic III: The Restoration of Erathia,Role-playing (RPG),164,NULL,91.0000,1,89.3941,497
364,Heroes of Might and Magic III: The Restoration of Erathia,Strategy,164,NULL,91.0000,1,89.3941,497
7414,Ultima,Role-playing (RPG),NULL,NULL,NULL,NULL,67.4525,25
6466,Master of Magic,Strategy,12,NULL,NULL,NULL,89.6007,29
68,Master of Orion II: Battle at Antares,Strategy,20,NULL,NULL,NULL,92.0323,62
91,Need for Speed II,Simulator,22,NULL,60.0000,1,75.9527,140
863,Sid Meier's Alpha Centauri,Simulator,18,NULL,91.0000,1,90.4561,48
863,Sid Meier's Alpha Centauri,Strategy,18,NULL,91.0000,1,90.4561,48
22,System Shock 2,Shooter,115,NULL,NULL,NULL,89.8539,280
22,System Shock 2,Puzzle,115,NULL,NULL,NULL,89.8539,280
22,System Shock 2,Role-playing (RPG),115,NULL,NULL,NULL,89.8539,280
54572,Artifact,Strategy,7,NULL,82.5000,6,63.2752,14
656,Crusader: No Regret,Shooter,3,NULL,NULL,NULL,79.6581,13
16957,Counter-Strike Nexon: Studio,Shooter,2,NULL,NULL,NULL,20.7489,18
4820,Drawn to Life: The Next Chapter,Platform,3,NULL,72.6667,5,82.4065,12
4820,Drawn to Life: The Next Chapter,Adventure,3,NULL,72.6667,5,82.4065,12
934,Wing Commander IV: The Price of Freedom,Simulator,4,NULL,62.5000,2,89.4257,20
1230,Phantasy Star IV: The End of the Millennium,Role-playing (RPG),9,NULL,NULL,NULL,89.4262,38
119416,Dota Underlords,Role-playing (RPG),5,NULL,NULL,NULL,67.6311,43
119416,Dota Underlords,Strategy,5,NULL,NULL,NULL,67.6311,43
47944,Nintendogs: Labrador & Friends,Simulator,NULL,NULL,NULL,NULL,79.3635,11
10126,Knights of Pen and Paper II,Role-playing (RPG),7,NULL,75.0000,1,70.4894,17
10126,Knights of Pen and Paper II,Simulator,7,NULL,75.0000,1,70.4894,17
10126,Knights of Pen and Paper II,Strategy,7,NULL,75.0000,1,70.4894,17
10126,Knights of Pen and Paper II,Adventure,7,NULL,75.0000,1,70.4894,17
10126,Knights of Pen and Paper II,Indie,7,NULL,75.0000,1,70.4894,17
325,Hellgate: London,Shooter,16,NULL,70.0000,3,79.6467,45
325,Hellgate: London,Role-playing (RPG),16,NULL,70.0000,3,79.6467,45
5404,Mickey Mania: The Timeless Adventures of Mickey Mouse,Platform,8,NULL,NULL,NULL,80.8951,32
295,Command & Conquer: Red Alert,Strategy,102,NULL,NULL,NULL,86.1572,283
35,Dungeon Keeper,Strategy,55,NULL,10.0000,0,85.7069,148
7122,Ninja Gaiden 3,Adventure,12,NULL,48.5714,9,68.7487,26
7338,Kirby and the Rainbow Curse,Platform,7,2,73.1250,9,78.0105,17
7338,Kirby and the Rainbow Curse,Adventure,7,2,73.1250,9,78.0105,17
8293,Discworld Noir,Adventure,11,NULL,NULL,NULL,92.3020,20
8203,Mario Paint,Puzzle,5,NULL,NULL,NULL,73.0149,46
8203,Mario Paint,Simulator,5,NULL,NULL,NULL,73.0149,46
11226,Anstoss 3,Simulator,2,NULL,NULL,NULL,99.3409,11
11226,Anstoss 3,Sport,2,NULL,NULL,NULL,99.3409,11
7675,Hard West,Role-playing (RPG),13,NULL,70.2857,8,69.0482,17
7675,Hard West,Strategy,13,NULL,70.2857,8,69.0482,17
7675,Hard West,Adventure,13,NULL,70.2857,8,69.0482,17
7675,Hard West,Indie,13,NULL,70.2857,8,69.0482,17
9052,Athena,Platform,NULL,NULL,NULL,NULL,57.6763,13
9052,Athena,Arcade,NULL,NULL,NULL,NULL,57.6763,13
322,Blade Runner,Adventure,21,NULL,NULL,NULL,85.6769,57
3055,Rampage,Platform,6,NULL,NULL,NULL,75.6719,41
3055,Rampage,Arcade,6,NULL,NULL,NULL,75.6719,41
4415,Magic Carpet,Shooter,5,NULL,75.0000,1,80.0827,19
513,Phantasy Star Online 2,Role-playing (RPG),18,NULL,76.6667,3,71.4909,18
513,Phantasy Star Online 2,Adventure,18,NULL,76.6667,3,71.4909,18
55038,Immortal: Unchained,Shooter,23,4,45.3333,3,50.7427,16
55038,Immortal: Unchained,Role-playing (RPG),23,4,45.3333,3,50.7427,16
55038,Immortal: Unchained,Adventure,23,4,45.3333,3,50.7427,16
1199,Crash Bandicoot Purple: Ripto's Rampage,Platform,2,NULL,77.0000,1,56.8777,12
12937,Mega Man Powered Up,Shooter,3,NULL,NULL,NULL,75.2491,18
12937,Mega Man Powered Up,Platform,3,NULL,NULL,NULL,75.2491,18
12937,Mega Man Powered Up,Adventure,3,NULL,NULL,NULL,75.2491,18
12937,Mega Man Powered Up,Arcade,3,NULL,NULL,NULL,75.2491,18
908,Tom Clancy's Rainbow Six 3: Raven Shield,Shooter,13,NULL,81.6667,3,80.6457,42
908,Tom Clancy's Rainbow Six 3: Raven Shield,Simulator,13,NULL,81.6667,3,80.6457,42
39188,Despicable Me: Minion Rush,Platform,1,NULL,NULL,NULL,60.6888,15
39188,Despicable Me: Minion Rush,Arcade,1,NULL,NULL,NULL,60.6888,15
5075,Nights Into Dreams...,Platform,11,NULL,67.5000,2,80.3850,37
5075,Nights Into Dreams...,Adventure,11,NULL,67.5000,2,80.3850,37
6054,Ghostbusters,Arcade,2,NULL,80.0000,2,72.2265,29
11600,Corpse Party BloodCovered: ...Repeated Fear,Role-playing (RPG),4,NULL,NULL,NULL,73.0529,15
109533,Assassin's Creed III: Liberation - Remastered,Role-playing (RPG),1,NULL,NULL,NULL,69.8604,12
109533,Assassin's Creed III: Liberation - Remastered,Adventure,1,NULL,NULL,NULL,69.8604,12
2593,Cube World,Role-playing (RPG),5,2,0.0000,1,65.0040,22
2593,Cube World,Adventure,5,2,0.0000,1,65.0040,22
2593,Cube World,Indie,5,2,0.0000,1,65.0040,22
7222,Two Worlds,Role-playing (RPG),17,NULL,62.5000,3,66.1996,53
488,Kane & Lynch 2: Dog Days,Shooter,28,NULL,69.4286,8,67.7567,94
488,Kane & Lynch 2: Dog Days,Adventure,28,NULL,69.4286,8,67.7567,94
11522,Operation C,Shooter,1,NULL,NULL,NULL,79.6109,12
11522,Operation C,Platform,1,NULL,NULL,NULL,79.6109,12
11522,Operation C,Simulator,1,NULL,NULL,NULL,79.6109,12
11522,Operation C,Strategy,1,NULL,NULL,NULL,79.6109,12
5180,Spider-Man: Friend or Foe,Platform,8,NULL,55.0000,6,57.7596,32
5180,Spider-Man: Friend or Foe,Adventure,8,NULL,55.0000,6,57.7596,32
2698,Tony Hawk's Underground,Role-playing (RPG),34,NULL,80.0000,3,79.7778,137
2698,Tony Hawk's Underground,Sport,34,NULL,80.0000,3,79.7778,137
2698,Tony Hawk's Underground,Adventure,34,NULL,80.0000,3,79.7778,137
165126,Crysis 2 Remastered,Shooter,2,NULL,NULL,NULL,74.3867,12
3275,Z,Strategy,10,NULL,NULL,NULL,70.9939,34
61,Monkey Island 2: LeChuck's Revenge,Puzzle,171,NULL,NULL,NULL,88.7881,458
61,Monkey Island 2: LeChuck's Revenge,Adventure,171,NULL,NULL,NULL,88.7881,458
5850,Grand Theft Auto: The Trilogy,Adventure,21,NULL,NULL,NULL,88.0967,18
877,Star Trek: Voyager - Elite Force,Shooter,6,NULL,80.0000,1,75.1832,28
7739,Might and Magic VII: For Blood and Honor,Role-playing (RPG),11,NULL,NULL,NULL,89.0417,22
7739,Might and Magic VII: For Blood and Honor,Adventure,11,NULL,NULL,NULL,89.0417,22
8137,"Sheep, Dog 'n' Wolf",Platform,7,NULL,NULL,NULL,70.7887,21
8137,"Sheep, Dog 'n' Wolf",Puzzle,7,NULL,NULL,NULL,70.7887,21
8137,"Sheep, Dog 'n' Wolf",Strategy,7,NULL,NULL,NULL,70.7887,21
7756,Animaniacs,Platform,7,NULL,NULL,NULL,52.0963,26
2470,Virtua Cop 2,Shooter,5,NULL,NULL,NULL,72.1194,35
2724,Pokémon XD: Gale of Darkness,Role-playing (RPG),15,NULL,40.0000,1,70.4489,67
2724,Pokémon XD: Gale of Darkness,Adventure,15,NULL,40.0000,1,70.4489,67
926,Unreal Tournament 2003,Shooter,36,NULL,NULL,NULL,83.6976,104
21724,Street Fighter III: 3rd Strike Online Edition,Arcade,2,NULL,81.3333,4,80.9721,11
9813,Champions of Norrath: Realms of EverQuest,Role-playing (RPG),9,NULL,92.0000,1,73.2797,19
239,StarCraft II: Wings of Liberty,Strategy,257,NULL,89.4000,9,87.2661,820
77354,Injustice: Gods Among Us,Arcade,2,1,NULL,NULL,73.7713,11
4177,SSX on Tour,Sport,9,NULL,79.0000,5,73.3710,23
15910,Story of Seasons: Trio of Towns,Role-playing (RPG),2,NULL,78.7692,14,80.9212,6
15910,Story of Seasons: Trio of Towns,Simulator,2,NULL,78.7692,14,80.9212,6
24930,Off,Puzzle,8,NULL,NULL,NULL,95.6851,41
24930,Off,Role-playing (RPG),8,NULL,NULL,NULL,95.6851,41
24930,Off,Adventure,8,NULL,NULL,NULL,95.6851,41
24930,Off,Indie,8,NULL,NULL,NULL,95.6851,41
2642,"Hey You, Pikachu!",Simulator,2,NULL,NULL,NULL,60.4139,13
412,Final Fantasy: Crystal Chronicles,Role-playing (RPG),15,NULL,80.7500,5,68.6128,33
412,Final Fantasy: Crystal Chronicles,Simulator,15,NULL,80.7500,5,68.6128,33
412,Final Fantasy: Crystal Chronicles,Strategy,15,NULL,80.7500,5,68.6128,33
5334,Lunar: The Silver Star,Role-playing (RPG),2,NULL,NULL,NULL,84.9453,11
5334,Lunar: The Silver Star,Adventure,2,NULL,NULL,NULL,84.9453,11
5565,Golden Axe,Arcade,40,NULL,65.0000,2,76.2058,178
114420,When the Darkness comes,Adventure,1,1,90.0000,1,70.1549,16
114420,When the Darkness comes,Indie,1,1,90.0000,1,70.1549,16
75092,Cube Escape: Seasons,Puzzle,1,NULL,NULL,NULL,71.3139,24
75092,Cube Escape: Seasons,Adventure,1,NULL,NULL,NULL,71.3139,24
75092,Cube Escape: Seasons,Indie,1,NULL,NULL,NULL,71.3139,24
4180,Star Wars: Bounty Hunter,Shooter,7,NULL,60.0000,1,63.8218,18
4180,Star Wars: Bounty Hunter,Platform,7,NULL,60.0000,1,63.8218,18
4180,Star Wars: Bounty Hunter,Adventure,7,NULL,60.0000,1,63.8218,18
10949,Ys Origin,Platform,5,NULL,80.2000,11,80.6359,36
10949,Ys Origin,Role-playing (RPG),5,NULL,80.2000,11,80.6359,36
10949,Ys Origin,Adventure,5,NULL,80.2000,11,80.6359,36
8145,Spelunky Classic,Platform,18,NULL,94.3750,0,85.7791,36
8145,Spelunky Classic,Puzzle,18,NULL,94.3750,0,85.7791,36
8145,Spelunky Classic,Indie,18,NULL,94.3750,0,85.7791,36
4598,Contra,Shooter,63,NULL,50.0000,0,82.3127,246
4598,Contra,Platform,63,NULL,50.0000,0,82.3127,246
4598,Contra,Arcade,63,NULL,50.0000,0,82.3127,246
186207,Contra,Shooter,NULL,NULL,NULL,NULL,77.9861,31
186207,Contra,Platform,NULL,NULL,NULL,NULL,77.9861,31
521,Fable,Role-playing (RPG),84,NULL,90.0000,3,84.0292,254
521,Fable,Adventure,84,NULL,90.0000,3,84.0292,254
8361,Transformers: Fall of Cybertron,Shooter,16,NULL,80.6364,11,72.3330,39
8361,Transformers: Fall of Cybertron,Adventure,16,NULL,80.6364,11,72.3330,39
1123,Castlevania II: Belmont's Revenge,Platform,5,NULL,NULL,NULL,70.0881,36
1123,Castlevania II: Belmont's Revenge,Adventure,5,NULL,NULL,NULL,70.0881,36
8123,Land of Illusion Starring Mickey Mouse,Platform,4,NULL,NULL,NULL,60.7512,11
18123,"Flower, Sun, and Rain",Puzzle,2,NULL,100.0000,3,60.7457,12
18123,"Flower, Sun, and Rain",Adventure,2,NULL,100.0000,3,60.7457,12
31198,Eternal Card Game,Puzzle,5,NULL,NULL,NULL,63.8590,21
31198,Eternal Card Game,Role-playing (RPG),5,NULL,NULL,NULL,63.8590,21
31198,Eternal Card Game,Strategy,5,NULL,NULL,NULL,63.8590,21
7514,King's Quest VII: The Princeless Bride,Puzzle,5,NULL,NULL,NULL,70.3651,17
7514,King's Quest VII: The Princeless Bride,Adventure,5,NULL,NULL,NULL,70.3651,17
13257,Sensible Soccer: European Champions,Sport,4,NULL,NULL,NULL,85.0960,12
6328,Legend of Grimrock,Puzzle,33,NULL,75.0000,4,79.8140,85
6328,Legend of Grimrock,Role-playing (RPG),33,NULL,75.0000,4,79.8140,85
6328,Legend of Grimrock,Adventure,33,NULL,75.0000,4,79.8140,85
6328,Legend of Grimrock,Indie,33,NULL,75.0000,4,79.8140,85
2448,Quantum Conundrum,Platform,10,NULL,74.0909,11,70.6998,37
2448,Quantum Conundrum,Puzzle,10,NULL,74.0909,11,70.6998,37
2448,Quantum Conundrum,Strategy,10,NULL,74.0909,11,70.6998,37
2448,Quantum Conundrum,Adventure,10,NULL,74.0909,11,70.6998,37
5152,Shaun White Snowboarding,Sport,6,NULL,60.6667,4,77.9990,13
5152,Shaun White Snowboarding,Adventure,6,NULL,60.6667,4,77.9990,13
4745,Captain America: Super Soldier,Adventure,3,NULL,56.5000,6,58.8231,19
494,Bulletstorm,Shooter,85,NULL,87.1429,10,79.4680,302
13058,Dick Tracy,Shooter,4,NULL,NULL,NULL,65.3245,16
13058,Dick Tracy,Platform,4,NULL,NULL,NULL,65.3245,16
13058,Dick Tracy,Arcade,4,NULL,NULL,NULL,65.3245,16
11081,Amplitude,Arcade,1,NULL,78.3333,8,73.2366,14
6943,Condemned 2: Bloodshot,Shooter,9,NULL,85.4000,8,74.4799,36
6943,Condemned 2: Bloodshot,Adventure,9,NULL,85.4000,8,74.4799,36
5504,Transport Tycoon,Simulator,9,NULL,NULL,NULL,87.5283,30
5504,Transport Tycoon,Strategy,9,NULL,NULL,NULL,87.5283,30
180,Full Throttle,Puzzle,49,NULL,87.0000,1,83.2229,142
180,Full Throttle,Adventure,49,NULL,87.0000,1,83.2229,142
4331,Cyberia,Shooter,5,NULL,NULL,NULL,73.1242,14
4331,Cyberia,Puzzle,5,NULL,NULL,NULL,73.1242,14
4331,Cyberia,Simulator,5,NULL,NULL,NULL,73.1242,14
4331,Cyberia,Adventure,5,NULL,NULL,NULL,73.1242,14
12224,Silkworm,Shooter,3,NULL,NULL,NULL,79.8110,19
12224,Silkworm,Arcade,3,NULL,NULL,NULL,79.8110,19
117525,Kingdom Hearts Dream Drop Distance HD,Role-playing (RPG),6,NULL,NULL,NULL,71.3776,25
117525,Kingdom Hearts Dream Drop Distance HD,Adventure,6,NULL,NULL,NULL,71.3776,25
16973,Lunar Lander,Simulator,1,NULL,NULL,NULL,81.5127,11
16973,Lunar Lander,Strategy,1,NULL,NULL,NULL,81.5127,11
1874,North & South,Platform,5,NULL,NULL,NULL,76.1756,22
1874,North & South,Simulator,5,NULL,NULL,NULL,76.1756,22
1874,North & South,Strategy,5,NULL,NULL,NULL,76.1756,22
4964,Kung Fu Panda,Platform,5,NULL,73.0000,6,67.8015,39
4964,Kung Fu Panda,Adventure,5,NULL,73.0000,6,67.8015,39
7234,Viking: Battle for Asgard,Adventure,11,NULL,70.0000,5,69.2120,29
134602,Bugsnax,Puzzle,7,1,76.2857,9,74.8724,38
134602,Bugsnax,Adventure,7,1,76.2857,9,74.8724,38
134602,Bugsnax,Indie,7,1,76.2857,9,74.8724,38
4006,Metal Gear Solid: The Twin Snakes,Adventure,18,NULL,82.0000,3,81.0641,69
7116,Freedom Planet,Platform,16,1,82.4286,8,71.3003,42
7116,Freedom Planet,Puzzle,16,1,82.4286,8,71.3003,42
7116,Freedom Planet,Adventure,16,1,82.4286,8,71.3003,42
7116,Freedom Planet,Indie,16,1,82.4286,8,71.3003,42
1583,The Legend of Spyro: The Eternal Night,Platform,4,NULL,65.0000,3,75.0345,21
1583,The Legend of Spyro: The Eternal Night,Adventure,4,NULL,65.0000,3,75.0345,21
1579,Spyro: Enter the Dragonfly,Platform,7,NULL,NULL,NULL,67.1087,40
15835,Live A Live,Role-playing (RPG),1,NULL,NULL,NULL,80.3146,18
1373,F1 2012,Simulator,6,NULL,76.5000,6,73.1203,24
1373,F1 2012,Sport,6,NULL,76.5000,6,73.1203,24
1373,F1 2012,Strategy,6,NULL,76.5000,6,73.1203,24
1475,Scramble,Shooter,1,NULL,60.0000,2,60.5410,12
1475,Scramble,Arcade,1,NULL,60.0000,2,60.5410,12
133131,The Mortuary Assistant,Puzzle,2,1,NULL,NULL,79.3238,14
133131,The Mortuary Assistant,Simulator,2,1,NULL,NULL,79.3238,14
133131,The Mortuary Assistant,Adventure,2,1,NULL,NULL,79.3238,14
133131,The Mortuary Assistant,Indie,2,1,NULL,NULL,79.3238,14
2246,Marble Madness,Puzzle,7,NULL,NULL,NULL,75.7463,59
2246,Marble Madness,Arcade,7,NULL,NULL,NULL,75.7463,59
8971,Football Manager 2006,Sport,3,NULL,85.0000,2,77.1602,17
8971,Football Manager 2006,Strategy,3,NULL,85.0000,2,77.1602,17
142391,Stumble Guys,Platform,2,NULL,NULL,NULL,65.5047,17
142391,Stumble Guys,Indie,2,NULL,NULL,NULL,65.5047,17
191408,Nintendo Switch Sports,Simulator,2,NULL,72.4286,10,72.2208,18
191408,Nintendo Switch Sports,Sport,2,NULL,72.4286,10,72.2208,18
7590,Escape Goat,Platform,5,NULL,NULL,NULL,71.1888,12
7590,Escape Goat,Puzzle,5,NULL,NULL,NULL,71.1888,12
7590,Escape Goat,Indie,5,NULL,NULL,NULL,71.1888,12
2040,Knights of Honor,Simulator,8,NULL,79.0000,1,82.8697,21
2040,Knights of Honor,Strategy,8,NULL,79.0000,1,82.8697,21
83504,Wildermyth,Role-playing (RPG),2,NULL,88.5000,2,81.8860,22
83504,Wildermyth,Strategy,2,NULL,88.5000,2,81.8860,22
83504,Wildermyth,Indie,2,NULL,88.5000,2,81.8860,22
1012,Gotham City Impostors,Shooter,9,NULL,73.1429,8,69.7313,33
7601,Plague Inc: Evolved,Simulator,39,2,80.0000,3,78.4038,115
7601,Plague Inc: Evolved,Strategy,39,2,80.0000,3,78.4038,115
7601,Plague Inc: Evolved,Indie,39,2,80.0000,3,78.4038,115
8972,Football Manager 2009,Sport,6,NULL,80.0000,3,79.1763,18
8972,Football Manager 2009,Strategy,6,NULL,80.0000,3,79.1763,18
636,Clive Barker's Undying,Shooter,27,NULL,NULL,NULL,82.5811,62
636,Clive Barker's Undying,Puzzle,27,NULL,NULL,NULL,82.5811,62
636,Clive Barker's Undying,Adventure,27,NULL,NULL,NULL,82.5811,62
25935,The Artful Escape,Platform,4,9,83.3333,8,82.6546,40
25935,The Artful Escape,Adventure,4,9,83.3333,8,82.6546,40
25935,The Artful Escape,Indie,4,9,83.3333,8,82.6546,40
7857,Hatred,Shooter,14,2,43.3333,4,49.7569,44
7857,Hatred,Indie,14,2,43.3333,4,49.7569,44
1060,It Came from the Desert,Strategy,3,NULL,NULL,NULL,68.6261,13
1060,It Came from the Desert,Adventure,3,NULL,NULL,NULL,68.6261,13
6060,Freedom Wars,Shooter,5,NULL,74.4000,7,73.1683,11
6060,Freedom Wars,Role-playing (RPG),5,NULL,74.4000,7,73.1683,11
76217,Doom,Shooter,6,NULL,77.1429,8,79.3666,48
10631,Picross 3D,Puzzle,3,NULL,83.2500,5,80.4100,17
41,Deus Ex,Shooter,299,NULL,90.5000,3,87.0085,701
41,Deus Ex,Role-playing (RPG),299,NULL,90.5000,3,87.0085,701
215,Warhammer Online: Age of Reckoning,Role-playing (RPG),3,NULL,89.5000,4,75.5918,18
1064,The Secret World,Puzzle,11,NULL,72.1429,9,74.8644,18
1064,The Secret World,Role-playing (RPG),11,NULL,72.1429,9,74.8644,18
1064,The Secret World,Adventure,11,NULL,72.1429,9,74.8644,18
5502,Transport Tycoon Deluxe,Simulator,21,1,NULL,NULL,85.0868,39
5502,Transport Tycoon Deluxe,Strategy,21,1,NULL,NULL,85.0868,39
5261,WALL-E,Shooter,3,NULL,61.4286,8,56.0034,20
5261,WALL-E,Platform,3,NULL,61.4286,8,56.0034,20
5261,WALL-E,Puzzle,3,NULL,61.4286,8,56.0034,20
5261,WALL-E,Adventure,3,NULL,61.4286,8,56.0034,20
915,Tony Hawk's Pro Skater 4,Sport,41,NULL,76.0000,3,79.5884,142
568,Marvel: Ultimate Alliance 2,Role-playing (RPG),23,NULL,67.5000,10,74.7281,66
568,Marvel: Ultimate Alliance 2,Adventure,23,NULL,67.5000,10,74.7281,66
6500,The Lord of the Rings: The Third Age,Role-playing (RPG),8,NULL,75.5000,4,72.7180,42
6500,The Lord of the Rings: The Third Age,Strategy,8,NULL,75.5000,4,72.7180,42
46358,Sonic Drift 2,Sport,NULL,NULL,NULL,NULL,36.5927,11
914,Tony Hawk's Pro Skater 3,Sport,50,NULL,88.5000,4,81.1100,220
534,The Legend of Zelda: Skyward Sword,Platform,118,NULL,92.7143,10,82.1573,327
534,The Legend of Zelda: Skyward Sword,Puzzle,118,NULL,92.7143,10,82.1573,327
534,The Legend of Zelda: Skyward Sword,Role-playing (RPG),118,NULL,92.7143,10,82.1573,327
534,The Legend of Zelda: Skyward Sword,Adventure,118,NULL,92.7143,10,82.1573,327
4923,Ice Age: Dawn of the Dinosaurs,Platform,3,NULL,100.0000,2,70.7875,14
2909,The Legend of Zelda: A Link Between Worlds,Puzzle,214,6,92.3333,17,88.1695,557
2909,The Legend of Zelda: A Link Between Worlds,Role-playing (RPG),214,6,92.3333,17,88.1695,557
2909,The Legend of Zelda: A Link Between Worlds,Adventure,214,6,92.3333,17,88.1695,557
114152,SD Gundam G Generation Cross Rays,Role-playing (RPG),2,2,75.0000,2,45.1954,28
114152,SD Gundam G Generation Cross Rays,Simulator,2,2,75.0000,2,45.1954,28
114152,SD Gundam G Generation Cross Rays,Strategy,2,2,75.0000,2,45.1954,28
88970,Final Fantasy IX,Role-playing (RPG),2,NULL,NULL,NULL,89.7444,20
88970,Final Fantasy IX,Adventure,2,NULL,NULL,NULL,89.7444,20
6204,Tony Hawk's Project 8,Sport,7,NULL,74.3333,6,72.2849,41
26769,Fire Emblem Warriors,Role-playing (RPG),20,2,78.3636,13,63.8989,21
26769,Fire Emblem Warriors,Simulator,20,2,78.3636,13,63.8989,21
26769,Fire Emblem Warriors,Strategy,20,2,78.3636,13,63.8989,21
27088,Party Hard 2,Simulator,10,8,80.0000,2,62.5295,13
27088,Party Hard 2,Strategy,10,8,80.0000,2,62.5295,13
27088,Party Hard 2,Adventure,10,8,80.0000,2,62.5295,13
27088,Party Hard 2,Indie,10,8,80.0000,2,62.5295,13
3063,Batman Begins,Adventure,6,NULL,65.0000,2,66.4655,23
86316,Muse Dash,Indie,4,NULL,66.6667,3,80.3421,41
1447,Suikoden,Role-playing (RPG),21,NULL,92.5000,3,83.1831,62
3883,Disney's Extreme Skate Adventure,Sport,4,NULL,NULL,NULL,78.7002,12
722,Freespace 2,Simulator,12,NULL,81.5000,2,79.2813,24
38387,Super Bomberman 5,Puzzle,NULL,NULL,NULL,NULL,95.0675,12
1831,The Walking Dead: Survival Instinct,Shooter,10,NULL,30.0000,2,35.0987,33
28723,Age of Empires III: Complete Collection,Simulator,3,NULL,NULL,NULL,78.9820,16
28723,Age of Empires III: Complete Collection,Strategy,3,NULL,NULL,NULL,78.9820,16
22844,The Last Blade,Arcade,3,NULL,70.0000,2,70.2748,15
10225,Hook,Puzzle,5,1,NULL,NULL,70.9182,19
10225,Hook,Indie,5,1,NULL,NULL,70.9182,19
32124,Pokémon: Magikarp Jump,Simulator,7,NULL,NULL,NULL,56.3120,29
9902,Age of Mythology: Extended Edition,Simulator,14,NULL,68.5000,2,83.5775,41
9902,Age of Mythology: Extended Edition,Strategy,14,NULL,68.5000,2,83.5775,41
15545,Vector,Platform,6,NULL,70.0000,1,73.1562,22
15545,Vector,Indie,6,NULL,70.0000,1,73.1562,22
15545,Vector,Arcade,6,NULL,70.0000,1,73.1562,22
1125,Kid Dracula,Platform,1,NULL,NULL,NULL,73.9240,11
1125,Kid Dracula,Adventure,1,NULL,NULL,NULL,73.9240,11
1815,Dragon Quest IV: Chapters of the Chosen,Role-playing (RPG),11,NULL,87.6667,4,79.6436,26
1815,Dragon Quest IV: Chapters of the Chosen,Adventure,11,NULL,87.6667,4,79.6436,26
1159,Tomb Raider: The Angel of Darkness,Shooter,24,NULL,61.5000,4,62.4431,94
1159,Tomb Raider: The Angel of Darkness,Adventure,24,NULL,61.5000,4,62.4431,94
4355,Power Stone,Platform,4,NULL,76.0000,1,70.1891,31
53,The Elder Scrolls II: Daggerfall,Role-playing (RPG),20,NULL,NULL,NULL,81.7353,58
53,The Elder Scrolls II: Daggerfall,Adventure,20,NULL,NULL,NULL,81.7353,58
1152,Secrets of the Ark: A Broken Sword Game,Puzzle,12,NULL,60.0000,2,69.3682,37
1152,Secrets of the Ark: A Broken Sword Game,Adventure,12,NULL,60.0000,2,69.3682,37
1152,Secrets of the Ark: A Broken Sword Game,Indie,12,NULL,60.0000,2,69.3682,37
11584,Running With Rifles,Shooter,4,NULL,NULL,NULL,71.5949,14
11584,Running With Rifles,Indie,4,NULL,NULL,NULL,71.5949,14
9977,Anna: Extended Edition,Puzzle,7,NULL,NULL,NULL,63.3218,11
9977,Anna: Extended Edition,Adventure,7,NULL,NULL,NULL,63.3218,11
9977,Anna: Extended Edition,Indie,7,NULL,NULL,NULL,63.3218,11
3715,Kirby's Pinball Land,Arcade,3,NULL,NULL,NULL,70.6823,19
15540,Ninja Gaiden II: The Dark Sword of Chaos,Platform,9,NULL,NULL,NULL,79.8028,39
15540,Ninja Gaiden II: The Dark Sword of Chaos,Adventure,9,NULL,NULL,NULL,79.8028,39
15540,Ninja Gaiden II: The Dark Sword of Chaos,Arcade,9,NULL,NULL,NULL,79.8028,39
11060,Hexcells Plus,Puzzle,5,NULL,NULL,NULL,67.9516,22
11060,Hexcells Plus,Strategy,5,NULL,NULL,NULL,67.9516,22
11060,Hexcells Plus,Indie,5,NULL,NULL,NULL,67.9516,22
113113,Crash Team Racing Nitro-Fueled,Arcade,22,9,82.3333,13,85.8305,68
100357,Temtem,Role-playing (RPG),7,3,75.0000,1,71.1194,15
100357,Temtem,Adventure,7,3,75.0000,1,71.1194,15
100357,Temtem,Indie,7,3,75.0000,1,71.1194,15
3665,Kid Icarus: Uprising,Shooter,16,NULL,88.3750,8,81.0808,69
11447,Guild of Dungeoneering,Role-playing (RPG),3,NULL,79.0000,5,69.3645,21
11447,Guild of Dungeoneering,Strategy,3,NULL,79.0000,5,69.3645,21
11447,Guild of Dungeoneering,Indie,3,NULL,79.0000,5,69.3645,21
20757,Evolve Stage 2,Shooter,8,1,85.0000,2,70.7013,11
7058,Lost: Via Domus,Puzzle,7,NULL,52.5000,3,65.0592,32
7058,Lost: Via Domus,Adventure,7,NULL,52.5000,3,65.0592,32
324,Age of Mythology,Strategy,135,NULL,75.6667,3,81.4990,384
3794,Barnyard,Adventure,5,NULL,63.2500,3,87.9415,13
9603,Hexcells,Puzzle,6,NULL,NULL,NULL,69.3796,27
9603,Hexcells,Strategy,6,NULL,NULL,NULL,69.3796,27
9603,Hexcells,Indie,6,NULL,NULL,NULL,69.3796,27
14359,Post Mortem,Puzzle,8,NULL,NULL,NULL,78.2371,26
14359,Post Mortem,Adventure,8,NULL,NULL,NULL,78.2371,26
37135,Yoshi's Crafted World,Platform,18,10,79.2500,14,77.3405,40
11762,Paperboy,Simulator,9,NULL,76.6667,2,54.1436,77
11762,Paperboy,Arcade,9,NULL,76.6667,2,54.1436,77
8389,ToeJam & Earl,Role-playing (RPG),14,NULL,NULL,NULL,85.2669,36
8389,ToeJam & Earl,Adventure,14,NULL,NULL,NULL,85.2669,36
8565,Kingpin: Life of Crime,Shooter,8,NULL,NULL,NULL,73.6133,29
15389,Crashlands,Role-playing (RPG),17,1,79.5000,4,72.4665,22
15389,Crashlands,Simulator,17,1,79.5000,4,72.4665,22
15389,Crashlands,Adventure,17,1,79.5000,4,72.4665,22
15389,Crashlands,Indie,17,1,79.5000,4,72.4665,22
533,Dishonored,Puzzle,413,NULL,90.3571,15,84.7957,1418
533,Dishonored,Role-playing (RPG),413,NULL,90.3571,15,84.7957,1418
533,Dishonored,Adventure,413,NULL,90.3571,15,84.7957,1418
12942,Boulder Dash,Platform,5,NULL,80.0000,1,72.7584,30
12942,Boulder Dash,Puzzle,5,NULL,80.0000,1,72.7584,30
12942,Boulder Dash,Arcade,5,NULL,80.0000,1,72.7584,30
219,MDK,Shooter,30,NULL,NULL,NULL,77.6733,94
219,MDK,Platform,30,NULL,NULL,NULL,77.6733,94
9909,TrackMania Nations,Strategy,22,NULL,NULL,NULL,77.6030,42
3481,Earthworm Jim 2,Shooter,21,NULL,NULL,NULL,76.5653,83
3481,Earthworm Jim 2,Platform,21,NULL,NULL,NULL,76.5653,83
3481,Earthworm Jim 2,Adventure,21,NULL,NULL,NULL,76.5653,83
138375,The Jackbox Party Pack 7,Puzzle,NULL,NULL,77.8000,5,78.7916,11
138375,The Jackbox Party Pack 7,Strategy,NULL,NULL,77.8000,5,78.7916,11
138375,The Jackbox Party Pack 7,Indie,NULL,NULL,77.8000,5,78.7916,11
10239,Ark: Survival Evolved,Shooter,178,5,68.8750,10,68.9510,166
10239,Ark: Survival Evolved,Role-playing (RPG),178,5,68.8750,10,68.9510,166
10239,Ark: Survival Evolved,Simulator,178,5,68.8750,10,68.9510,166
10239,Ark: Survival Evolved,Adventure,178,5,68.8750,10,68.9510,166
10239,Ark: Survival Evolved,Indie,178,5,68.8750,10,68.9510,166
133305,Chorus,Shooter,1,9,74.5714,9,70.4319,25
133305,Chorus,Adventure,1,9,74.5714,9,70.4319,25
133305,Chorus,Indie,1,9,74.5714,9,70.4319,25
133305,Chorus,Arcade,1,9,74.5714,9,70.4319,25
6863,Sherlock Holmes: Nemesis,Puzzle,4,NULL,50.0000,2,68.8329,24
6863,Sherlock Holmes: Nemesis,Adventure,4,NULL,50.0000,2,68.8329,24
7439,Blue Estate,Shooter,4,NULL,60.0000,3,64.9016,14
67902,Aimlabs,Shooter,1,NULL,NULL,NULL,69.9068,13
67902,Aimlabs,Simulator,1,NULL,NULL,NULL,69.9068,13
67902,Aimlabs,Indie,1,NULL,NULL,NULL,69.9068,13
3079,Tiny and Big: Grandpa's Leftovers,Platform,4,NULL,78.7500,4,69.7526,33
3079,Tiny and Big: Grandpa's Leftovers,Puzzle,4,NULL,78.7500,4,69.7526,33
3079,Tiny and Big: Grandpa's Leftovers,Adventure,4,NULL,78.7500,4,69.7526,33
3079,Tiny and Big: Grandpa's Leftovers,Indie,4,NULL,78.7500,4,69.7526,33
13460,Where's My Water?,Puzzle,5,NULL,NULL,NULL,75.1851,18
6836,LEGO Batman 2: DC Super Heroes,Platform,37,NULL,80.7000,10,74.4387,98
6836,LEGO Batman 2: DC Super Heroes,Adventure,37,NULL,80.7000,10,74.4387,98
12458,Paperboy 2,Arcade,1,NULL,NULL,NULL,64.0163,11
4446,Columns,Puzzle,7,NULL,NULL,NULL,68.1170,41
4446,Columns,Strategy,7,NULL,NULL,NULL,68.1170,41
8124,World of Illusion Starring Mickey Mouse and Donald Duck,Platform,3,NULL,NULL,NULL,74.9145,27
8124,World of Illusion Starring Mickey Mouse and Donald Duck,Adventure,3,NULL,NULL,NULL,74.9145,27
6212,Total Immersion Racing,Simulator,1,NULL,NULL,NULL,71.0328,11
11123,ToeJam & Earl in Panic on Funkotron,Platform,2,NULL,NULL,NULL,66.5080,12
11123,ToeJam & Earl in Panic on Funkotron,Adventure,2,NULL,NULL,NULL,66.5080,12
2914,Leisure Suit Larry: Box Office Bust,Platform,5,NULL,20.0000,2,31.3609,12
2914,Leisure Suit Larry: Box Office Bust,Adventure,5,NULL,20.0000,2,31.3609,12
9969,Alien Storm,Shooter,2,NULL,NULL,NULL,69.6744,29
9969,Alien Storm,Arcade,2,NULL,NULL,NULL,69.6744,29
11058,Skylanders: SuperChargers,Platform,NULL,NULL,79.0000,12,67.6207,8
11058,Skylanders: SuperChargers,Adventure,NULL,NULL,79.0000,12,67.6207,8
4586,Ace Ventura,Puzzle,4,NULL,NULL,NULL,78.7579,12
4586,Ace Ventura,Adventure,4,NULL,NULL,NULL,78.7579,12
1586,Skylanders: Giants,Puzzle,4,NULL,68.8889,11,70.2161,28
1586,Skylanders: Giants,Adventure,4,NULL,68.8889,11,70.2161,28
19576,Skylanders: Imaginators,Platform,3,NULL,78.3077,16,69.1959,11
19576,Skylanders: Imaginators,Adventure,3,NULL,78.3077,16,69.1959,11
22712,Slither.io,Simulator,37,3,NULL,NULL,69.9264,27
22712,Slither.io,Arcade,37,3,NULL,NULL,69.9264,27
5159,Skylanders: Swap Force,Platform,4,NULL,82.5333,17,77.0339,20
5159,Skylanders: Swap Force,Adventure,4,NULL,82.5333,17,77.0339,20
134822,Operation: Tango,Puzzle,NULL,2,90.0000,1,79.7596,14
134822,Operation: Tango,Strategy,NULL,2,90.0000,1,79.7596,14
134822,Operation: Tango,Adventure,NULL,2,90.0000,1,79.7596,14
134822,Operation: Tango,Indie,NULL,2,90.0000,1,79.7596,14
26774,"Snipperclips: Cut It Out, Together!",Puzzle,11,NULL,79.8667,17,71.9179,26
210,Star Wars: The Clone Wars - Republic Heroes,Shooter,5,NULL,41.6667,5,48.2469,21
210,Star Wars: The Clone Wars - Republic Heroes,Adventure,5,NULL,41.6667,5,48.2469,21
6166,Subway Surfers,Platform,11,NULL,NULL,NULL,69.5360,73
6166,Subway Surfers,Adventure,11,NULL,NULL,NULL,69.5360,73
6166,Subway Surfers,Arcade,11,NULL,NULL,NULL,69.5360,73
6201,TOCA Race Driver 2,Sport,9,NULL,85.0000,3,71.4009,15
5586,F1 2013,Simulator,6,NULL,78.8000,12,76.5938,26
5586,F1 2013,Sport,6,NULL,78.8000,12,76.5938,26
5586,F1 2013,Strategy,6,NULL,78.8000,12,76.5938,26
4170,Shadow Hearts,Role-playing (RPG),10,NULL,NULL,NULL,82.4713,18
2161,Playboy: The Mansion,Simulator,6,NULL,55.0000,3,51.6712,14
2161,Playboy: The Mansion,Strategy,6,NULL,55.0000,3,51.6712,14
2475,Temple Run,Platform,11,NULL,70.0000,1,73.2271,43
2475,Temple Run,Adventure,11,NULL,70.0000,1,73.2271,43
2475,Temple Run,Arcade,11,NULL,70.0000,1,73.2271,43
25948,I Expect You to Die,Puzzle,3,NULL,80.0000,7,64.3183,12
25948,I Expect You to Die,Simulator,3,NULL,80.0000,7,64.3183,12
25948,I Expect You to Die,Adventure,3,NULL,80.0000,7,64.3183,12
25948,I Expect You to Die,Indie,3,NULL,80.0000,7,64.3183,12
5232,Top Spin 3,Simulator,2,NULL,70.7143,6,79.6036,11
5232,Top Spin 3,Sport,2,NULL,70.7143,6,79.6036,11
8232,Grey Goo,Strategy,6,2,83.0000,4,70.2927,18
12524,Recettear: An Item Shop's Tale,Role-playing (RPG),5,NULL,76.0000,2,69.1226,44
12524,Recettear: An Item Shop's Tale,Simulator,5,NULL,76.0000,2,69.1226,44
12524,Recettear: An Item Shop's Tale,Indie,5,NULL,76.0000,2,69.1226,44
12202,Rick Dangerous,Platform,8,NULL,NULL,NULL,75.5722,19
7464,Tales of Symphonia Chronicles,Role-playing (RPG),5,NULL,79.0000,5,90.0883,19
3697,The Settlers IV,Simulator,12,NULL,NULL,NULL,80.6935,32
3697,The Settlers IV,Strategy,12,NULL,NULL,NULL,80.6935,32
3695,The Settlers 7: Paths to a Kingdom,Simulator,16,NULL,70.0000,2,70.2292,23
3695,The Settlers 7: Paths to a Kingdom,Strategy,16,NULL,70.0000,2,70.2292,23
9739,Crossfire,Shooter,7,NULL,NULL,NULL,46.9709,23
27283,Earth Defense Force 5,Shooter,2,NULL,67.1111,11,82.9684,10
10229,Fire Emblem Fates: Special Edition,Role-playing (RPG),9,3,87.0000,11,79.7892,21
10229,Fire Emblem Fates: Special Edition,Strategy,9,3,87.0000,11,79.7892,21
146564,Needy Streamer Overload,Role-playing (RPG),2,1,NULL,NULL,71.6970,15
146564,Needy Streamer Overload,Simulator,2,1,NULL,NULL,71.6970,15
146564,Needy Streamer Overload,Adventure,2,1,NULL,NULL,71.6970,15
146564,Needy Streamer Overload,Indie,2,1,NULL,NULL,71.6970,15
2185,Wii Play,Shooter,7,NULL,60.0000,2,65.2650,69
2185,Wii Play,Sport,7,NULL,60.0000,2,65.2650,69
13664,Distraint,Puzzle,9,NULL,65.0000,2,74.0206,36
13664,Distraint,Adventure,9,NULL,65.0000,2,74.0206,36
13664,Distraint,Indie,9,NULL,65.0000,2,74.0206,36
11759,Onimusha: Dawn of Dreams,Adventure,5,NULL,70.0000,2,73.8566,18
142941,Potion Craft,Puzzle,4,3,70.0000,2,72.5156,24
142941,Potion Craft,Role-playing (RPG),4,3,70.0000,2,72.5156,24
142941,Potion Craft,Simulator,4,3,70.0000,2,72.5156,24
142941,Potion Craft,Indie,4,3,70.0000,2,72.5156,24
5901,Legacy of Kain: Defiance,Adventure,23,NULL,NULL,NULL,82.3406,56
8763,Crimzon Clover: World Ignition,Shooter,3,NULL,NULL,NULL,89.3703,11
8763,Crimzon Clover: World Ignition,Indie,3,NULL,NULL,NULL,89.3703,11
8763,Crimzon Clover: World Ignition,Arcade,3,NULL,NULL,NULL,89.3703,11
15128,NightSky,Shooter,NULL,NULL,86.0000,3,80.5395,13
15128,NightSky,Platform,NULL,NULL,86.0000,3,80.5395,13
15128,NightSky,Puzzle,NULL,NULL,86.0000,3,80.5395,13
15128,NightSky,Strategy,NULL,NULL,86.0000,3,80.5395,13
15128,NightSky,Adventure,NULL,NULL,86.0000,3,80.5395,13
15128,NightSky,Indie,NULL,NULL,86.0000,3,80.5395,13
24464,Solitairica,Role-playing (RPG),3,NULL,80.0000,1,62.3997,11
24464,Solitairica,Strategy,3,NULL,80.0000,1,62.3997,11
24464,Solitairica,Indie,3,NULL,80.0000,1,62.3997,11
4130,Duke Nukem: Time to Kill,Shooter,7,NULL,NULL,NULL,67.5201,14
4130,Duke Nukem: Time to Kill,Adventure,7,NULL,NULL,NULL,67.5201,14
146170,Final Fantasy III,Role-playing (RPG),NULL,NULL,NULL,NULL,87.3469,11
146170,Final Fantasy III,Adventure,NULL,NULL,NULL,NULL,87.3469,11
162,Star Wars: Rebel Assault II - The Hidden Empire,Shooter,3,NULL,75.0000,1,68.6287,18
162,Star Wars: Rebel Assault II - The Hidden Empire,Arcade,3,NULL,75.0000,1,68.6287,18
26130,Cool Boarders 3,Sport,3,NULL,NULL,NULL,75.8841,12
12423,Ecstatica,Adventure,3,NULL,NULL,NULL,85.1482,11
12423,Ecstatica,Arcade,3,NULL,NULL,NULL,85.1482,11
7265,3D Dot Game Heroes,Role-playing (RPG),6,NULL,74.0000,7,68.9890,13
7265,3D Dot Game Heroes,Adventure,6,NULL,74.0000,7,68.9890,13
42791,Yu-Gi-Oh! ARC-V Tag Force Special,Strategy,NULL,NULL,NULL,NULL,96.3389,12
423,Final Fantasy Anthology,Role-playing (RPG),6,NULL,NULL,NULL,80.1991,11
423,Final Fantasy Anthology,Adventure,6,NULL,NULL,NULL,80.1991,11
6456,Beautiful Katamari,Puzzle,3,NULL,80.0000,3,88.6488,18
6456,Beautiful Katamari,Adventure,3,NULL,80.0000,3,88.6488,18
2656,The Simpsons Game,Platform,26,NULL,68.0000,5,71.8246,94
10496,Wizardry: Bane of the Cosmic Forge,Role-playing (RPG),4,NULL,NULL,NULL,97.7517,14
10496,Wizardry: Bane of the Cosmic Forge,Adventure,4,NULL,NULL,NULL,97.7517,14
2995,The Movies,Simulator,29,NULL,86.5000,3,77.4309,102
2995,The Movies,Strategy,29,NULL,86.5000,3,77.4309,102
119156,Pokémon Masters,Strategy,3,4,NULL,NULL,46.7823,26
9332,Worms HD,Simulator,7,NULL,71.5000,4,62.2409,15
9332,Worms HD,Strategy,7,NULL,71.5000,4,62.2409,15
9332,Worms HD,Arcade,7,NULL,71.5000,4,62.2409,15
9713,Polda,Adventure,4,NULL,NULL,NULL,76.2400,16
4059,Over the Hedge,Platform,5,NULL,57.6000,6,53.2208,16
4059,Over the Hedge,Adventure,5,NULL,57.6000,6,53.2208,16
8975,Football Manager 2014,Simulator,9,NULL,83.8571,7,88.0687,32
8975,Football Manager 2014,Sport,9,NULL,83.8571,7,88.0687,32
8975,Football Manager 2014,Strategy,9,NULL,83.8571,7,88.0687,32
11219,Sonic the Hedgehog 3 & Knuckles,Platform,36,NULL,NULL,NULL,89.1090,119
11230,StarLancer,Simulator,2,NULL,70.0000,1,85.7360,11
5833,FIFA Street 2,Sport,12,NULL,52.5000,1,71.2631,59
145439,Escape Simulator,Puzzle,1,NULL,100.0000,1,89.7806,16
145439,Escape Simulator,Simulator,1,NULL,100.0000,1,89.7806,16
145439,Escape Simulator,Adventure,1,NULL,100.0000,1,89.7806,16
145439,Escape Simulator,Indie,1,NULL,100.0000,1,89.7806,16
126450,Impostor Factory,Adventure,NULL,1,NULL,NULL,78.8798,15
126450,Impostor Factory,Indie,NULL,1,NULL,NULL,78.8798,15
23236,"Cook, Serve, Delicious! 2!!",Simulator,12,2,82.5000,2,79.7346,19
23236,"Cook, Serve, Delicious! 2!!",Strategy,12,2,82.5000,2,79.7346,19
23236,"Cook, Serve, Delicious! 2!!",Indie,12,2,82.5000,2,79.7346,19
3380,Harvest Moon: Back to Nature,Role-playing (RPG),8,NULL,NULL,NULL,85.5318,37
3380,Harvest Moon: Back to Nature,Simulator,8,NULL,NULL,NULL,85.5318,37
8509,Skylanders: Trap Team,Platform,NULL,NULL,79.5333,16,68.8788,11
8509,Skylanders: Trap Team,Adventure,NULL,NULL,79.5333,16,68.8788,11
33501,Bloons TD Battles,Strategy,1,NULL,NULL,NULL,78.1174,18
33501,Bloons TD Battles,Adventure,1,NULL,NULL,NULL,78.1174,18
33501,Bloons TD Battles,Indie,1,NULL,NULL,NULL,78.1174,18
5795,CSI: Crime Scene Investigation,Puzzle,2,NULL,80.0000,1,73.5465,14
5795,CSI: Crime Scene Investigation,Adventure,2,NULL,80.0000,1,73.5465,14
80360,Burrito Bison: Launcha Libre,Adventure,2,NULL,NULL,NULL,79.5551,13
80360,Burrito Bison: Launcha Libre,Arcade,2,NULL,NULL,NULL,79.5551,13
43097,Shark Dating Simulator XL,Role-playing (RPG),6,NULL,NULL,NULL,58.4615,13
43097,Shark Dating Simulator XL,Simulator,6,NULL,NULL,NULL,58.4615,13
43097,Shark Dating Simulator XL,Adventure,6,NULL,NULL,NULL,58.4615,13
43097,Shark Dating Simulator XL,Indie,6,NULL,NULL,NULL,58.4615,13
21646,Rivals of Aether,Platform,13,NULL,NULL,NULL,78.5283,24
21646,Rivals of Aether,Indie,13,NULL,NULL,NULL,78.5283,24
3241,Cookie Clicker,Simulator,6,NULL,85.0000,1,70.7518,43
3241,Cookie Clicker,Strategy,6,NULL,85.0000,1,70.7518,43
3241,Cookie Clicker,Indie,6,NULL,85.0000,1,70.7518,43
330,SimCity 2000,Simulator,39,NULL,71.0000,2,77.4467,152
330,SimCity 2000,Strategy,39,NULL,71.0000,2,77.4467,152
15856,Bionic Commando Rearmed,Shooter,4,NULL,88.8571,8,56.0320,15
15856,Bionic Commando Rearmed,Platform,4,NULL,88.8571,8,56.0320,15
15856,Bionic Commando Rearmed,Arcade,4,NULL,88.8571,8,56.0320,15
119207,Aquapark.io,Indie,64,NULL,NULL,NULL,74.6456,56
119207,Aquapark.io,Arcade,64,NULL,NULL,NULL,74.6456,56
148352,Samorost 1,Puzzle,1,NULL,NULL,NULL,79.0252,16
148352,Samorost 1,Adventure,1,NULL,NULL,NULL,79.0252,16
148352,Samorost 1,Indie,1,NULL,NULL,NULL,79.0252,16
28465,Porno Studio Tycoon,Simulator,26,NULL,NULL,NULL,50.7606,11
28465,Porno Studio Tycoon,Indie,26,NULL,NULL,NULL,50.7606,11
28,Space Quest: The Sarien Encounter,Puzzle,2,NULL,NULL,NULL,75.7259,25
28,Space Quest: The Sarien Encounter,Adventure,2,NULL,NULL,NULL,75.7259,25
2157,LEGO Rock Raiders,Simulator,6,NULL,NULL,NULL,75.0626,16
2157,LEGO Rock Raiders,Strategy,6,NULL,NULL,NULL,75.0626,16
2157,LEGO Rock Raiders,Adventure,6,NULL,NULL,NULL,75.0626,16
5617,Yaiba: Ninja Gaiden Z,Adventure,2,NULL,46.4167,13,64.9217,13
4696,Twisted Metal 2,Shooter,17,NULL,73.0000,1,74.9621,59
507,I Am Alive,Platform,25,NULL,69.1250,8,67.9113,75
507,I Am Alive,Adventure,25,NULL,69.1250,8,67.9113,75
7773,The Battle of Olympus,Adventure,3,NULL,NULL,NULL,69.7084,11
76638,Baba is You,Puzzle,7,3,80.0000,6,81.1870,124
76638,Baba is You,Strategy,7,3,80.0000,6,81.1870,124
76638,Baba is You,Indie,7,3,80.0000,6,81.1870,124
5100,Pirates of the Caribbean: At World's End,Adventure,12,NULL,58.7500,5,51.5750,30
10238,Depression Quest,Adventure,3,NULL,50.0000,1,25.9010,15
10238,Depression Quest,Indie,3,NULL,50.0000,1,25.9010,15
2131,Forza Motorsport 5,Simulator,22,3,78.1818,11,75.2828,44
2131,Forza Motorsport 5,Sport,22,3,78.1818,11,75.2828,44
7887,Vindictus,Role-playing (RPG),8,NULL,70.0000,1,60.9942,14
7887,Vindictus,Adventure,8,NULL,70.0000,1,60.9942,14
105482,The Cycle,Shooter,9,2,NULL,NULL,55.6453,11
17354,Only If,Puzzle,20,NULL,80.0000,1,67.6790,17
17354,Only If,Adventure,20,NULL,80.0000,1,67.6790,17
17354,Only If,Indie,20,NULL,80.0000,1,67.6790,17
12765,Shanghai,Puzzle,2,NULL,NULL,NULL,89.7346,13
14418,Supaplex,Puzzle,7,NULL,NULL,NULL,70.4221,15
14418,Supaplex,Strategy,7,NULL,NULL,NULL,70.4221,15
14418,Supaplex,Indie,7,NULL,NULL,NULL,70.4221,15
14418,Supaplex,Arcade,7,NULL,NULL,NULL,70.4221,15
57217,Ironsight,Shooter,3,NULL,NULL,NULL,51.1627,11
7843,America's Army: Proving Grounds,Shooter,8,2,NULL,NULL,68.3866,11
18237,Sports Champions,Sport,2,NULL,80.0000,4,70.2550,15
1902,Dirty Bomb,Shooter,17,8,60.0000,1,59.6337,34
5167,Sonic and the Secret Rings,Platform,6,NULL,82.0000,3,67.0442,41
10237,Champions: Return to Arms,Role-playing (RPG),4,NULL,80.0000,2,79.4892,16
116414,Rad,Role-playing (RPG),6,2,73.9167,13,59.0186,7
116414,Rad,Adventure,6,2,73.9167,13,59.0186,7
116414,Rad,Indie,6,2,73.9167,13,59.0186,7
116414,Rad,Arcade,6,2,73.9167,13,59.0186,7
3432,World of Warplanes,Shooter,3,NULL,63.3333,5,59.7447,17
3432,World of Warplanes,Simulator,3,NULL,63.3333,5,59.7447,17
3432,World of Warplanes,Arcade,3,NULL,63.3333,5,59.7447,17
11161,South Park: The Fractured But Whole,Role-playing (RPG),234,106,84.6667,21,80.5415,232
11161,South Park: The Fractured But Whole,Strategy,234,106,84.6667,21,80.5415,232
11161,South Park: The Fractured But Whole,Adventure,234,106,84.6667,21,80.5415,232
90101,Super Smash Bros. Ultimate,Platform,112,27,86.6000,18,87.0831,686
1916,Lost Planet 3,Shooter,16,NULL,57.6667,13,69.4431,30
115425,Darkest Dungeon II,Role-playing (RPG),1,5,77.5000,4,89.4865,20
115425,Darkest Dungeon II,Strategy,1,5,77.5000,4,89.4865,20
115425,Darkest Dungeon II,Adventure,1,5,77.5000,4,89.4865,20
115425,Darkest Dungeon II,Indie,1,5,77.5000,4,89.4865,20
122338,Ring Fit Adventure,Role-playing (RPG),3,NULL,84.4000,6,81.8193,30
122338,Ring Fit Adventure,Sport,3,NULL,84.4000,6,81.8193,30
122338,Ring Fit Adventure,Adventure,3,NULL,84.4000,6,81.8193,30
2926,Disney Infinity,Platform,NULL,NULL,75.7273,13,69.4221,24
2926,Disney Infinity,Role-playing (RPG),NULL,NULL,75.7273,13,69.4221,24
2926,Disney Infinity,Adventure,NULL,NULL,75.7273,13,69.4221,24
3277,Rust,Shooter,62,16,77.5000,8,70.2677,144
3277,Rust,Role-playing (RPG),62,16,77.5000,8,70.2677,144
3277,Rust,Adventure,62,16,77.5000,8,70.2677,144
3277,Rust,Indie,62,16,77.5000,8,70.2677,144
1834,Family Guy: Back to the Multiverse,Shooter,3,NULL,33.3333,3,71.0818,11
1834,Family Guy: Back to the Multiverse,Adventure,3,NULL,33.3333,3,71.0818,11
7433,FIFA World,Sport,6,NULL,NULL,NULL,56.9610,15
8582,Bad Rats,Platform,2,NULL,NULL,NULL,35.9496,18
8582,Bad Rats,Puzzle,2,NULL,NULL,NULL,35.9496,18
8582,Bad Rats,Indie,2,NULL,NULL,NULL,35.9496,18
19834,Dragon Ball Z: The Legacy of Goku II,Role-playing (RPG),4,NULL,76.0000,2,72.8412,37
19834,Dragon Ball Z: The Legacy of Goku II,Adventure,4,NULL,76.0000,2,72.8412,37
18532,Ice Hockey,Sport,NULL,NULL,NULL,NULL,71.0307,23
55029,Age of Empires IV,Strategy,32,87,81.5714,9,72.5503,58
1563,Soul Blade,Arcade,18,NULL,83.0000,1,84.1611,65
35994,Survivalist,Role-playing (RPG),4,NULL,NULL,NULL,70.2894,12
35994,Survivalist,Simulator,4,NULL,NULL,NULL,70.2894,12
35994,Survivalist,Strategy,4,NULL,NULL,NULL,70.2894,12
35994,Survivalist,Adventure,4,NULL,NULL,NULL,70.2894,12
35994,Survivalist,Indie,4,NULL,NULL,NULL,70.2894,12
6340,Downhill Domination,Sport,2,NULL,75.0000,2,74.8896,14
6777,The Impossible Game,Platform,8,NULL,75.0000,2,79.9210,15
6777,The Impossible Game,Indie,8,NULL,75.0000,2,79.9210,15
6777,The Impossible Game,Arcade,8,NULL,75.0000,2,79.9210,15
9786,The Expendabros,Shooter,13,NULL,80.0000,1,71.1992,56
9786,The Expendabros,Platform,13,NULL,80.0000,1,71.1992,56
9786,The Expendabros,Adventure,13,NULL,80.0000,1,71.1992,56
9786,The Expendabros,Indie,13,NULL,80.0000,1,71.1992,56
11135,Beyond Eyes,Puzzle,5,NULL,55.1250,9,68.7635,16
11135,Beyond Eyes,Adventure,5,NULL,55.1250,9,68.7635,16
11135,Beyond Eyes,Indie,5,NULL,55.1250,9,68.7635,16
113378,Granblue Fantasy: Versus,Role-playing (RPG),1,7,78.2222,11,79.9780,11
852,King's Quest II: Romancing the Throne,Puzzle,5,NULL,NULL,NULL,57.2356,22
852,King's Quest II: Romancing the Throne,Adventure,5,NULL,NULL,NULL,57.2356,22
178351,Crab Game,Strategy,6,NULL,NULL,NULL,55.4058,24
178351,Crab Game,Indie,6,NULL,NULL,NULL,55.4058,24
178351,Crab Game,Arcade,6,NULL,NULL,NULL,55.4058,24
1276,Deadly Premonition,Shooter,27,NULL,89.0000,4,71.2728,54
1276,Deadly Premonition,Adventure,27,NULL,89.0000,4,71.2728,54
8426,Cognition: An Erica Reed Thriller,Adventure,5,NULL,72.0000,0,79.5118,17
8426,Cognition: An Erica Reed Thriller,Indie,5,NULL,72.0000,0,79.5118,17
271,Vietcong,Shooter,10,NULL,70.0000,1,72.7204,44
12910,The Lucky Dime Caper starring Donald Duck,Platform,3,NULL,NULL,NULL,75.8538,11
15916,Mount Your Friends,Simulator,2,NULL,NULL,NULL,69.3032,23
15916,Mount Your Friends,Sport,2,NULL,NULL,NULL,69.3032,23
15916,Mount Your Friends,Indie,2,NULL,NULL,NULL,69.3032,23
3006,Disney's Chicken Little,Platform,8,NULL,55.0000,1,68.0439,20
3006,Disney's Chicken Little,Adventure,8,NULL,55.0000,1,68.0439,20
81147,Hyrule Warriors: Definitive Edition,Adventure,14,NULL,74.7500,9,79.6902,26
7201,Supreme Commander 2,Simulator,10,NULL,73.0000,7,72.7228,28
7201,Supreme Commander 2,Strategy,10,NULL,73.0000,7,72.7228,28
4844,LEGO The Hobbit,Puzzle,26,1,72.3636,12,69.9718,82
4844,LEGO The Hobbit,Role-playing (RPG),26,1,72.3636,12,69.9718,82
4844,LEGO The Hobbit,Adventure,26,1,72.3636,12,69.9718,82
18277,Wonder Boy III: The Dragon's Trap,Platform,3,NULL,NULL,NULL,80.0274,20
18277,Wonder Boy III: The Dragon's Trap,Role-playing (RPG),3,NULL,NULL,NULL,80.0274,20
3761,Call of Duty: Finest Hour,Shooter,5,NULL,81.6000,7,63.0284,43
2153,FIFA Soccer 13,Simulator,41,NULL,85.0667,13,75.0332,175
2153,FIFA Soccer 13,Sport,41,NULL,85.0667,13,75.0332,175
1931,Gobliins 2: The Prince Buffoon,Puzzle,3,NULL,NULL,NULL,79.9306,13
1931,Gobliins 2: The Prince Buffoon,Adventure,3,NULL,NULL,NULL,79.9306,13
7640,Shadowrun,Role-playing (RPG),8,NULL,79.0000,0,83.4460,18
19241,Unravel Two,Platform,35,3,80.9091,13,78.2599,129
19241,Unravel Two,Puzzle,35,3,80.9091,13,78.2599,129
19241,Unravel Two,Adventure,35,3,80.9091,13,78.2599,129
20640,Shin Megami Tensei Devil Summoner: Raidou Kuzunoha vs. The Soulless Army,Platform,5,NULL,60.0000,1,79.9905,15
20640,Shin Megami Tensei Devil Summoner: Raidou Kuzunoha vs. The Soulless Army,Role-playing (RPG),5,NULL,60.0000,1,79.9905,15
20640,Shin Megami Tensei Devil Summoner: Raidou Kuzunoha vs. The Soulless Army,Adventure,5,NULL,60.0000,1,79.9905,15
15429,The King of Fighters '98,Arcade,15,NULL,60.0000,1,78.9275,59
20871,Zombie Army Trilogy,Shooter,11,NULL,71.0000,8,62.7005,23
20871,Zombie Army Trilogy,Adventure,11,NULL,71.0000,8,62.7005,23
3942,Harry Potter and the Goblet of Fire,Adventure,29,NULL,57.3333,4,61.2479,109
18968,Call of Duty: Infinite Warfare,Shooter,124,13,77.2400,32,71.0217,305
18968,Call of Duty: Infinite Warfare,Adventure,124,13,77.2400,32,71.0217,305
116681,Hob: The Definitive Edition,Platform,7,NULL,65.0000,2,76.9120,12
116681,Hob: The Definitive Edition,Puzzle,7,NULL,65.0000,2,76.9120,12
116681,Hob: The Definitive Edition,Adventure,7,NULL,65.0000,2,76.9120,12
116681,Hob: The Definitive Edition,Indie,7,NULL,65.0000,2,76.9120,12
105447,Touhou Luna Nights,Platform,4,NULL,88.0000,1,74.3511,40
105447,Touhou Luna Nights,Adventure,4,NULL,88.0000,1,74.3511,40
105447,Touhou Luna Nights,Indie,4,NULL,88.0000,1,74.3511,40
76770,Bridge Constructor Portal,Puzzle,9,NULL,80.2500,4,72.2814,35
76770,Bridge Constructor Portal,Simulator,9,NULL,80.2500,4,72.2814,35
76770,Bridge Constructor Portal,Strategy,9,NULL,80.2500,4,72.2814,35
277,Battlefield 2,Shooter,98,NULL,93.0000,4,81.6663,289
135992,Balan Wonderworld,Platform,NULL,3,57.0000,7,27.6045,11
135108,Kingdom Hearts: Melody of Memory,Role-playing (RPG),NULL,1,77.0000,8,80.4275,16
1610,Mortal Kombat Mythologies: Sub-Zero,Platform,3,NULL,NULL,NULL,44.8174,40
113376,MO:Astray,Platform,2,2,NULL,NULL,69.9189,11
113376,MO:Astray,Puzzle,2,2,NULL,NULL,69.9189,11
113376,MO:Astray,Adventure,2,2,NULL,NULL,69.9189,11
113376,MO:Astray,Indie,2,2,NULL,NULL,69.9189,11
19556,Sonic the Hedgehog: Triple Trouble,Platform,1,NULL,NULL,NULL,79.5918,11
19556,Sonic the Hedgehog: Triple Trouble,Adventure,1,NULL,NULL,NULL,79.5918,11
19556,Sonic the Hedgehog: Triple Trouble,Arcade,1,NULL,NULL,NULL,79.5918,11
5145,Secret Files: Tunguska,Adventure,15,NULL,65.0000,3,72.8370,28
13228,Runaway 3: A Twist of Fate,Puzzle,8,NULL,NULL,NULL,72.4771,14
13228,Runaway 3: A Twist of Fate,Role-playing (RPG),8,NULL,NULL,NULL,72.4771,14
13228,Runaway 3: A Twist of Fate,Adventure,8,NULL,NULL,NULL,72.4771,14
6940,The Club,Shooter,7,NULL,73.6000,6,51.3280,16
5780,Cold Fear,Shooter,11,NULL,67.3333,4,70.7035,44
5780,Cold Fear,Puzzle,11,NULL,67.3333,4,70.7035,44
5780,Cold Fear,Adventure,11,NULL,67.3333,4,70.7035,44
3117,Gray Matter,Adventure,8,NULL,60.0000,2,62.8064,26
13189,Masochisia,Adventure,22,1,NULL,NULL,57.6503,13
13189,Masochisia,Indie,22,1,NULL,NULL,57.6503,13
13686,Kingdom: Classic,Simulator,23,NULL,70.0000,3,68.0143,69
13686,Kingdom: Classic,Strategy,23,NULL,70.0000,3,68.0143,69
13686,Kingdom: Classic,Adventure,23,NULL,70.0000,3,68.0143,69
13686,Kingdom: Classic,Indie,23,NULL,70.0000,3,68.0143,69
116422,Tails of Iron,Platform,3,NULL,90.0000,1,76.3661,19
116422,Tails of Iron,Role-playing (RPG),3,NULL,90.0000,1,76.3661,19
116422,Tails of Iron,Adventure,3,NULL,90.0000,1,76.3661,19
116422,Tails of Iron,Indie,3,NULL,90.0000,1,76.3661,19
19940,Pac-Man and the Ghostly Adventures,Platform,NULL,NULL,58.0667,15,69.9766,6
19940,Pac-Man and the Ghostly Adventures,Adventure,NULL,NULL,58.0667,15,69.9766,6
12831,World Games,Sport,2,NULL,90.0000,1,78.0932,11
3103,Summoner,Role-playing (RPG),5,NULL,80.0000,1,80.3683,12
3103,Summoner,Adventure,5,NULL,80.0000,1,80.3683,12
26565,Yuppie Psycho,Adventure,4,NULL,85.0000,1,84.2528,27
26565,Yuppie Psycho,Indie,4,NULL,85.0000,1,84.2528,27
240496,Pineapple on pizza,Indie,2,NULL,NULL,NULL,77.0509,11
6598,Sonic Advance 2,Platform,9,NULL,86.5000,2,71.2553,49
6598,Sonic Advance 2,Adventure,9,NULL,86.5000,2,71.2553,49
30155,Rocksmith 2014 Edition: Remastered,Simulator,5,NULL,NULL,NULL,92.1667,15
6009,Viscera Cleanup Detail,Simulator,16,3,NULL,NULL,77.1424,39
6009,Viscera Cleanup Detail,Indie,16,3,NULL,NULL,77.1424,39
46980,Kara no Shoujo,Adventure,1,NULL,NULL,NULL,89.7064,11
5299,WWE SmackDown vs. Raw 2009,Sport,9,NULL,65.5556,10,69.5325,29
18440,Dead In Bermuda,Role-playing (RPG),7,NULL,75.0000,1,50.4002,11
18440,Dead In Bermuda,Simulator,7,NULL,75.0000,1,50.4002,11
18440,Dead In Bermuda,Strategy,7,NULL,75.0000,1,50.4002,11
18440,Dead In Bermuda,Adventure,7,NULL,75.0000,1,50.4002,11
18440,Dead In Bermuda,Indie,7,NULL,75.0000,1,50.4002,11
7767,Mini Metro,Puzzle,32,1,100.0000,1,76.2968,102
7767,Mini Metro,Simulator,32,1,100.0000,1,76.2968,102
7767,Mini Metro,Strategy,32,1,100.0000,1,76.2968,102
7767,Mini Metro,Indie,32,1,100.0000,1,76.2968,102
7767,Mini Metro,Arcade,32,1,100.0000,1,76.2968,102
20497,Super Princess Peach,Platform,NULL,NULL,65.0000,2,69.5370,23
55039,God's Trigger,Shooter,7,2,90.0000,1,63.6109,11
55039,God's Trigger,Puzzle,7,2,90.0000,1,63.6109,11
55039,God's Trigger,Indie,7,2,90.0000,1,63.6109,11
16309,A Life in Silk: The First Cumming,Role-playing (RPG),62,3,NULL,NULL,77.3733,13
16309,A Life in Silk: The First Cumming,Simulator,62,3,NULL,NULL,77.3733,13
16309,A Life in Silk: The First Cumming,Indie,62,3,NULL,NULL,77.3733,13
3663,Kid Icarus,Shooter,12,NULL,NULL,NULL,69.4125,54
3663,Kid Icarus,Platform,12,NULL,NULL,NULL,69.4125,54
3663,Kid Icarus,Adventure,12,NULL,NULL,NULL,69.4125,54
35715,Eternal Senia,Role-playing (RPG),2,NULL,NULL,NULL,71.5694,12
35715,Eternal Senia,Indie,2,NULL,NULL,NULL,71.5694,12
103218,NBA 2K19,Simulator,11,2,82.1111,10,55.9080,51
103218,NBA 2K19,Sport,11,2,82.1111,10,55.9080,51
1456,Suikoden V,Role-playing (RPG),10,NULL,80.6667,3,80.0372,25
15710,Aviary Attorney,Adventure,7,NULL,79.3333,5,75.1068,21
15710,Aviary Attorney,Indie,7,NULL,79.3333,5,75.1068,21
2970,Battletoads,Platform,26,NULL,NULL,NULL,76.7558,116
14688,12 is Better than 6,Shooter,7,NULL,60.0000,2,69.4956,18
14688,12 is Better than 6,Adventure,7,NULL,60.0000,2,69.4956,18
14688,12 is Better than 6,Indie,7,NULL,60.0000,2,69.4956,18
14688,12 is Better than 6,Arcade,7,NULL,60.0000,2,69.4956,18
116522,The Wild at Heart,Puzzle,3,1,82.5000,3,68.8514,11
116522,The Wild at Heart,Strategy,3,1,82.5000,3,68.8514,11
116522,The Wild at Heart,Adventure,3,1,82.5000,3,68.8514,11
116522,The Wild at Heart,Indie,3,1,82.5000,3,68.8514,11
2689,MySims,Simulator,1,NULL,68.1667,5,57.6379,15
2689,MySims,Strategy,1,NULL,68.1667,5,57.6379,15
9435,Urban Trial Freestyle,Platform,1,NULL,64.2500,11,69.9302,7
9435,Urban Trial Freestyle,Simulator,1,NULL,64.2500,11,69.9302,7
9435,Urban Trial Freestyle,Sport,1,NULL,64.2500,11,69.9302,7
9435,Urban Trial Freestyle,Arcade,1,NULL,64.2500,11,69.9302,7
3968,Dragon's Dogma,Role-playing (RPG),29,NULL,76.9000,10,71.9313,77
75127,Cube Escape: Case 23,Puzzle,1,NULL,NULL,NULL,70.7714,17
75127,Cube Escape: Case 23,Adventure,1,NULL,NULL,NULL,70.7714,17
19762,Knuckles' Chaotix,Platform,2,NULL,NULL,NULL,66.8477,16
165247,Quake,Shooter,1,NULL,95.0000,1,86.3243,18
165247,Quake,Adventure,1,NULL,95.0000,1,86.3243,18
2688,Animal Crossing: City Folk,Simulator,9,NULL,69.6000,7,78.0576,62
1981,Saints Row IV,Shooter,126,NULL,84.1429,18,75.1831,437
1981,Saints Row IV,Adventure,126,NULL,84.1429,18,75.1831,437
159298,Yu-Gi-Oh! Master Duel,Simulator,6,NULL,80.0000,2,74.3343,32
159298,Yu-Gi-Oh! Master Duel,Strategy,6,NULL,80.0000,2,74.3343,32
144054,Pokémon Legends: Arceus,Role-playing (RPG),22,11,85.3333,12,77.4782,98
144054,Pokémon Legends: Arceus,Adventure,22,11,85.3333,12,77.4782,98
80,The Witcher,Role-playing (RPG),219,NULL,88.0000,4,82.4554,631
80,The Witcher,Adventure,219,NULL,88.0000,4,82.4554,631
107218,Desperados III,Simulator,17,17,85.8889,11,86.9774,70
107218,Desperados III,Strategy,17,17,85.8889,11,86.9774,70
5240,Toy Story 3: The Video Game,Platform,12,NULL,72.5000,7,73.1062,38
5240,Toy Story 3: The Video Game,Adventure,12,NULL,72.5000,7,73.1062,38
23,System Shock,Shooter,24,NULL,NULL,NULL,90.4630,67
23,System Shock,Role-playing (RPG),24,NULL,NULL,NULL,90.4630,67
144765,Life is Strange: True Colors,Adventure,11,3,84.2727,13,78.8660,116
11630,Stunts,Sport,4,NULL,NULL,NULL,84.6261,30
172427,Kirby and the Forgotten Land,Platform,10,1,87.8750,11,82.0820,52
172427,Kirby and the Forgotten Land,Adventure,10,1,87.8750,11,82.0820,52
23323,The Legend of Heroes: Trails to Azure,Role-playing (RPG),1,NULL,83.0000,3,90.2696,14
23323,The Legend of Heroes: Trails to Azure,Strategy,1,NULL,83.0000,3,90.2696,14
23323,The Legend of Heroes: Trails to Azure,Adventure,1,NULL,83.0000,3,90.2696,14
8240,SOCOM II: U.S. Navy SEALs,Shooter,5,NULL,NULL,NULL,88.9698,12
8240,SOCOM II: U.S. Navy SEALs,Simulator,5,NULL,NULL,NULL,88.9698,12
8240,SOCOM II: U.S. Navy SEALs,Strategy,5,NULL,NULL,NULL,88.9698,12
3243,Star Fox: Assault,Shooter,7,NULL,50.0000,2,66.6352,48
28649,Stoneshard,Role-playing (RPG),4,3,NULL,NULL,76.9209,13
28649,Stoneshard,Strategy,4,3,NULL,NULL,76.9209,13
28649,Stoneshard,Adventure,4,3,NULL,NULL,76.9209,13
28649,Stoneshard,Indie,4,3,NULL,NULL,76.9209,13
143612,Neon White,Shooter,4,2,88.6000,8,88.8716,49
143612,Neon White,Platform,4,2,88.6000,8,88.8716,49
143612,Neon White,Indie,4,2,88.6000,8,88.8716,49
158,Star Wars Episode I: The Phantom Menace,Adventure,12,NULL,NULL,NULL,58.7229,70
80332,Sven Co-op,Shooter,1,NULL,NULL,NULL,79.3872,13
80332,Sven Co-op,Indie,1,NULL,NULL,NULL,79.3872,13
2200,Test Drive,Simulator,6,NULL,NULL,NULL,87.5290,27
2200,Test Drive,Arcade,6,NULL,NULL,NULL,87.5290,27
1130,Castlevania,Platform,5,NULL,74.5000,2,34.4833,32
1130,Castlevania,Puzzle,5,NULL,74.5000,2,34.4833,32
1130,Castlevania,Adventure,5,NULL,74.5000,2,34.4833,32
8941,Project Eden,Shooter,5,NULL,70.0000,1,69.9709,15
8941,Project Eden,Puzzle,5,NULL,70.0000,1,69.9709,15
8941,Project Eden,Adventure,5,NULL,70.0000,1,69.9709,15
451,Operation Flashpoint: Dragon Rising,Shooter,19,NULL,79.4000,6,70.1003,33
451,Operation Flashpoint: Dragon Rising,Puzzle,19,NULL,79.4000,6,70.1003,33
451,Operation Flashpoint: Dragon Rising,Simulator,19,NULL,79.4000,6,70.1003,33
451,Operation Flashpoint: Dragon Rising,Strategy,19,NULL,79.4000,6,70.1003,33
19596,Ever Oasis,Puzzle,6,1,80.5000,11,57.7137,12
19596,Ever Oasis,Role-playing (RPG),6,1,80.5000,11,57.7137,12
19596,Ever Oasis,Adventure,6,1,80.5000,11,57.7137,12
2134,Dead Nation,Shooter,12,NULL,87.5000,5,79.3578,36
8588,Pokémon Trozei!,Puzzle,2,NULL,70.0000,1,70.1070,16
8588,Pokémon Trozei!,Strategy,2,NULL,70.0000,1,70.1070,16
5971,Shadows of the Damned,Shooter,16,NULL,82.6667,7,76.8576,52
5971,Shadows of the Damned,Puzzle,16,NULL,82.6667,7,76.8576,52
26428,Alto's Odyssey,Sport,4,1,NULL,NULL,66.8441,23
11333,Contradiction: Spot the Liar!,Puzzle,3,NULL,80.0000,1,71.6302,15
11333,Contradiction: Spot the Liar!,Strategy,3,NULL,80.0000,1,71.6302,15
11333,Contradiction: Spot the Liar!,Adventure,3,NULL,80.0000,1,71.6302,15
11333,Contradiction: Spot the Liar!,Indie,3,NULL,80.0000,1,71.6302,15
26597,Pathway,Role-playing (RPG),13,1,73.5000,2,79.4209,14
26597,Pathway,Strategy,13,1,73.5000,2,79.4209,14
26597,Pathway,Adventure,13,1,73.5000,2,79.4209,14
26597,Pathway,Indie,13,1,73.5000,2,79.4209,14
19010,Battle: Los Angeles,Shooter,4,NULL,60.0000,1,40.0193,12
7240,Wanted: Weapons of Fate,Shooter,11,NULL,63.7500,6,57.4160,30
7841,Kingdom Hearts HD 2.5 Remix,Role-playing (RPG),32,NULL,82.5000,10,92.1466,45
7841,Kingdom Hearts HD 2.5 Remix,Adventure,32,NULL,82.5000,10,92.1466,45
5988,Dungeon Siege III,Role-playing (RPG),9,NULL,76.1667,9,69.6803,51
96275,The Stillness of the Wind,Simulator,5,1,60.0000,2,63.6147,13
96275,The Stillness of the Wind,Adventure,5,1,60.0000,2,63.6147,13
96275,The Stillness of the Wind,Indie,5,1,60.0000,2,63.6147,13
48135,Mario Is Missing!,Puzzle,NULL,NULL,NULL,NULL,20.8488,13
48135,Mario Is Missing!,Strategy,NULL,NULL,NULL,NULL,20.8488,13
48135,Mario Is Missing!,Adventure,NULL,NULL,NULL,NULL,20.8488,13
2643,Pokémon Channel,Puzzle,4,NULL,NULL,NULL,53.6872,20
2643,Pokémon Channel,Simulator,4,NULL,NULL,NULL,53.6872,20
2643,Pokémon Channel,Adventure,4,NULL,NULL,NULL,53.6872,20
11763,Soko-Ban,Puzzle,4,NULL,NULL,NULL,71.9386,13
9763,Ace Combat 04: Shattered Skies,Simulator,5,NULL,NULL,NULL,84.8564,21
9763,Ace Combat 04: Shattered Skies,Arcade,5,NULL,NULL,NULL,84.8564,21
134588,Kena: Bridge of Spirits,Adventure,19,34,83.7500,11,79.3456,112
134588,Kena: Bridge of Spirits,Indie,19,34,83.7500,11,79.3456,112
191407,Live A Live,Role-playing (RPG),3,2,78.8333,8,84.5169,11
191407,Live A Live,Adventure,3,2,78.8333,8,84.5169,11
4681,Asterix at the Olympic Games,Platform,2,NULL,70.0000,1,59.6837,13
4681,Asterix at the Olympic Games,Sport,2,NULL,70.0000,1,59.6837,13
4681,Asterix at the Olympic Games,Adventure,2,NULL,70.0000,1,59.6837,13
1254,DmC: Devil May Cry,Puzzle,125,NULL,81.5000,16,76.3506,389
1254,DmC: Devil May Cry,Adventure,125,NULL,81.5000,16,76.3506,389
7757,Astérix,Platform,3,NULL,NULL,NULL,60.8083,26
45232,Asterix: The Gallic War,Strategy,5,NULL,NULL,NULL,69.9896,15
9262,The Incredible Machine 2,Puzzle,10,NULL,NULL,NULL,94.2007,23
9262,The Incredible Machine 2,Strategy,10,NULL,NULL,NULL,94.2007,23
9231,Sid Meier's Pirates!,Role-playing (RPG),5,NULL,71.0000,5,74.1143,34
9231,Sid Meier's Pirates!,Simulator,5,NULL,71.0000,5,74.1143,34
9231,Sid Meier's Pirates!,Strategy,5,NULL,71.0000,5,74.1143,34
9231,Sid Meier's Pirates!,Adventure,5,NULL,71.0000,5,74.1143,34
9231,Sid Meier's Pirates!,Arcade,5,NULL,71.0000,5,74.1143,34
193,Day of the Tentacle,Adventure,98,NULL,NULL,NULL,91.0850,325
7840,Crusader: No Remorse,Shooter,6,NULL,70.0000,2,76.9097,19
5241,Toy Story Mania!,Arcade,2,NULL,45.5000,4,48.4443,12
5090,Pandora's Tower,Role-playing (RPG),8,NULL,72.5714,8,70.2419,18
5090,Pandora's Tower,Adventure,8,NULL,72.5714,8,70.2419,18
7241,Warhammer: Mark of Chaos,Strategy,1,NULL,60.0000,4,60.3174,15
191411,Xenoblade Chronicles 3,Role-playing (RPG),4,2,90.3333,9,84.4589,24
191411,Xenoblade Chronicles 3,Adventure,4,2,90.3333,9,84.4589,24
147340,The Past Within,Puzzle,NULL,1,NULL,NULL,69.9500,12
147340,The Past Within,Adventure,NULL,1,NULL,NULL,69.9500,12
147340,The Past Within,Indie,NULL,1,NULL,NULL,69.9500,12
6415,Grid: Autosport,Simulator,20,1,78.0769,14,65.8924,44
6415,Grid: Autosport,Sport,20,1,78.0769,14,65.8924,44
18056,Breath of Fire: Dragon Quarter,Role-playing (RPG),5,NULL,NULL,NULL,88.9412,14
18056,Breath of Fire: Dragon Quarter,Strategy,5,NULL,NULL,NULL,88.9412,14
764,Jazz Jackrabbit 2,Shooter,32,NULL,NULL,NULL,78.5700,77
764,Jazz Jackrabbit 2,Platform,32,NULL,NULL,NULL,78.5700,77
24080,Utawarerumono,Role-playing (RPG),NULL,NULL,NULL,NULL,88.3515,21
1204,Tales of Symphonia,Puzzle,40,NULL,89.3333,4,88.0342,102
1204,Tales of Symphonia,Role-playing (RPG),40,NULL,89.3333,4,88.0342,102
1281,Awesomenauts,Platform,14,NULL,72.5000,8,67.0491,53
1281,Awesomenauts,Strategy,14,NULL,72.5000,8,67.0491,53
1281,Awesomenauts,Indie,14,NULL,72.5000,8,67.0491,53
1449,Suikoden IV,Role-playing (RPG),6,NULL,62.5000,2,71.1026,19
8911,Alpha Mission,Shooter,2,NULL,NULL,NULL,69.3620,13
8911,Alpha Mission,Arcade,2,NULL,NULL,NULL,69.3620,13
9140,Guilty Gear,Adventure,6,NULL,NULL,NULL,79.4546,25
9140,Guilty Gear,Arcade,6,NULL,NULL,NULL,79.4546,25
130185,We Went Back,Puzzle,2,NULL,NULL,NULL,59.3704,11
130185,We Went Back,Adventure,2,NULL,NULL,NULL,59.3704,11
130185,We Went Back,Indie,2,NULL,NULL,NULL,59.3704,11
13106,Power Stone 2,Platform,1,NULL,90.0000,1,80.0373,17
2124,Freelancer,Shooter,25,NULL,70.0000,2,83.1288,55
2124,Freelancer,Simulator,25,NULL,70.0000,2,83.1288,55
2124,Freelancer,Adventure,25,NULL,70.0000,2,83.1288,55
42931,Bloodborne: Game of the Year Edition,Role-playing (RPG),20,NULL,NULL,NULL,97.1023,79
1229,Xenosaga Episode III: Also sprach Zarathustra,Role-playing (RPG),5,NULL,82.0000,3,89.5943,21
1229,Xenosaga Episode III: Also sprach Zarathustra,Adventure,5,NULL,82.0000,3,89.5943,21
1335,Natural Selection 2,Shooter,10,NULL,85.0000,2,77.8000,24
1335,Natural Selection 2,Puzzle,10,NULL,85.0000,2,77.8000,24
1335,Natural Selection 2,Strategy,10,NULL,85.0000,2,77.8000,24
1335,Natural Selection 2,Indie,10,NULL,85.0000,2,77.8000,24
3153,Castle Crashers,Puzzle,62,NULL,78.7500,5,78.4174,254
3153,Castle Crashers,Role-playing (RPG),62,NULL,78.7500,5,78.4174,254
3153,Castle Crashers,Adventure,62,NULL,78.7500,5,78.4174,254
3153,Castle Crashers,Indie,62,NULL,78.7500,5,78.4174,254
38045,Dream Daddy: A Dad Dating Simulator,Simulator,10,NULL,71.2500,5,74.0660,14
38045,Dream Daddy: A Dad Dating Simulator,Adventure,10,NULL,71.2500,5,74.0660,14
38045,Dream Daddy: A Dad Dating Simulator,Indie,10,NULL,71.2500,5,74.0660,14
80468,NieR RepliCant,Role-playing (RPG),NULL,NULL,NULL,NULL,88.2724,15
80468,NieR RepliCant,Adventure,NULL,NULL,NULL,NULL,88.2724,15
717,Football Manager 2011,Simulator,5,NULL,82.0000,4,89.0142,29
717,Football Manager 2011,Sport,5,NULL,82.0000,4,89.0142,29
717,Football Manager 2011,Strategy,5,NULL,82.0000,4,89.0142,29
75123,Samsara Room,Puzzle,1,NULL,NULL,NULL,61.4537,31
75123,Samsara Room,Adventure,1,NULL,NULL,NULL,61.4537,31
75123,Samsara Room,Indie,1,NULL,NULL,NULL,61.4537,31
27725,The Room: Old Sins,Puzzle,18,1,80.0000,1,81.1806,36
27725,The Room: Old Sins,Adventure,18,1,80.0000,1,81.1806,36
4268,Panzer General,Strategy,8,NULL,NULL,NULL,93.5314,14
16198,realMyst,Puzzle,3,NULL,NULL,NULL,79.1101,13
16198,realMyst,Adventure,3,NULL,NULL,NULL,79.1101,13
4412,Zero Wing,Shooter,2,NULL,NULL,NULL,69.7370,13
4412,Zero Wing,Arcade,2,NULL,NULL,NULL,69.7370,13
7499,Escape Dead Island,Simulator,9,1,35.0000,6,55.4176,16
7499,Escape Dead Island,Adventure,9,1,35.0000,6,55.4176,16
7499,Escape Dead Island,Indie,9,1,35.0000,6,55.4176,16
3815,Teenage Mutant Ninja Turtles,Adventure,19,NULL,45.0000,2,75.9169,79
3815,Teenage Mutant Ninja Turtles,Arcade,19,NULL,45.0000,2,75.9169,79
107,Hidden & Dangerous 2,Shooter,9,NULL,86.0000,2,79.9905,21
107,Hidden & Dangerous 2,Simulator,9,NULL,86.0000,2,79.9905,21
36912,Laser League,Sport,3,NULL,79.2500,4,60.2516,16
36912,Laser League,Strategy,3,NULL,79.2500,4,60.2516,16
36912,Laser League,Indie,3,NULL,79.2500,4,60.2516,16
8701,Dino D-Day,Shooter,4,NULL,NULL,NULL,52.6075,20
8701,Dino D-Day,Indie,4,NULL,NULL,NULL,52.6075,20
1212,Tales of Xillia,Role-playing (RPG),19,NULL,76.0000,7,79.3881,57
143613,Splatoon 3,Shooter,17,4,82.0000,10,82.0113,29
143613,Splatoon 3,Platform,17,4,82.0000,10,82.0113,29
8515,Twinsen's Little Big Adventure Classic,Role-playing (RPG),20,NULL,NULL,NULL,84.1118,41
8515,Twinsen's Little Big Adventure Classic,Adventure,20,NULL,NULL,NULL,84.1118,41
75131,Cube Escape: The Cave,Puzzle,1,NULL,NULL,NULL,89.2408,13
75131,Cube Escape: The Cave,Adventure,1,NULL,NULL,NULL,89.2408,13
38680,Hill Climb Racing,Arcade,4,NULL,NULL,NULL,74.4934,25
2860,Scooby-Doo! Night of 100 Frights,Platform,NULL,NULL,NULL,NULL,65.7228,13
2860,Scooby-Doo! Night of 100 Frights,Adventure,NULL,NULL,NULL,NULL,65.7228,13
7235,Virtua Tennis 3,Sport,8,NULL,90.0000,3,70.1023,29
11235,Future Cop: LAPD,Shooter,3,NULL,65.0000,1,78.0838,22
12235,Xenon,Shooter,3,NULL,NULL,NULL,75.2210,11
12235,Xenon,Arcade,3,NULL,NULL,NULL,75.2210,11
111081,The Witch's House MV,Puzzle,NULL,NULL,NULL,NULL,88.8647,14
111081,The Witch's House MV,Role-playing (RPG),NULL,NULL,NULL,NULL,88.8647,14
111081,The Witch's House MV,Adventure,NULL,NULL,NULL,NULL,88.8647,14
111081,The Witch's House MV,Indie,NULL,NULL,NULL,NULL,88.8647,14
7903,Abadox: The Deadly Inner War,Shooter,NULL,NULL,NULL,NULL,60.3233,15
2336,Mario Party 9,Puzzle,8,NULL,73.6667,3,68.2307,46
2336,Mario Party 9,Adventure,8,NULL,73.6667,3,68.2307,46
1336,Contract J.A.C.K.,Shooter,4,NULL,55.0000,1,67.6214,12
5336,Super Time Force,Shooter,4,2,81.3636,12,79.5601,4
5336,Super Time Force,Platform,4,2,81.3636,12,79.5601,4
5336,Super Time Force,Adventure,4,2,81.3636,12,79.5601,4
152201,Mario + Rabbids Sparks of Hope,Strategy,5,3,88.5000,8,80.6795,12
152201,Mario + Rabbids Sparks of Hope,Adventure,5,3,88.5000,8,80.6795,12
48648,Shatterhand,Platform,1,NULL,NULL,NULL,79.2274,14
48648,Shatterhand,Adventure,1,NULL,NULL,NULL,79.2274,14
17832,Don't Starve Together,Simulator,50,NULL,NULL,NULL,75.5799,166
17832,Don't Starve Together,Strategy,50,NULL,NULL,NULL,75.5799,166
17832,Don't Starve Together,Adventure,50,NULL,NULL,NULL,75.5799,166
17832,Don't Starve Together,Indie,50,NULL,NULL,NULL,75.5799,166
45965,Touhou Yumejikuu: Phantasmagoria of Dim. Dream,Shooter,3,NULL,NULL,NULL,68.9278,12
103244,Signalis,Adventure,2,6,85.4000,7,79.1049,64
103244,Signalis,Indie,2,6,85.4000,7,79.1049,64
3324,Mighty Morphin Power Rangers,Platform,4,NULL,NULL,NULL,54.2103,29
3324,Mighty Morphin Power Rangers,Adventure,4,NULL,NULL,NULL,54.2103,29
18337,Dofus,Role-playing (RPG),7,NULL,70.0000,2,88.9530,35
18337,Dofus,Strategy,7,NULL,70.0000,2,88.9530,35
18337,Dofus,Adventure,7,NULL,70.0000,2,88.9530,35
19271,Angry Birds Rio,Puzzle,5,NULL,60.0000,1,64.5501,45
19271,Angry Birds Rio,Strategy,5,NULL,60.0000,1,64.5501,45
19271,Angry Birds Rio,Arcade,5,NULL,60.0000,1,64.5501,45
19275,Angry Birds Seasons,Puzzle,7,NULL,NULL,NULL,70.2799,37
19275,Angry Birds Seasons,Strategy,7,NULL,NULL,NULL,70.2799,37
19275,Angry Birds Seasons,Arcade,7,NULL,NULL,NULL,70.2799,37
4647,Pro Evolution Soccer 2008,Simulator,12,NULL,77.5000,4,75.8009,66
4647,Pro Evolution Soccer 2008,Sport,12,NULL,77.5000,4,75.8009,66
5635,Ridiculous Fishing,Sport,7,NULL,80.0000,1,77.4382,16
5635,Ridiculous Fishing,Arcade,7,NULL,80.0000,1,77.4382,16
191930,Pokémon Violet,Role-playing (RPG),8,1,80.0000,1,70.8196,35
191930,Pokémon Violet,Adventure,8,1,80.0000,1,70.8196,35
14364,Matterfall,Shooter,7,4,67.8462,14,75.5746,9
14364,Matterfall,Arcade,7,4,67.8462,14,75.5746,9
1357,U.N. Squadron,Shooter,5,NULL,NULL,NULL,88.4109,20
1357,U.N. Squadron,Strategy,5,NULL,NULL,NULL,88.4109,20
35626,Golf Story,Role-playing (RPG),22,1,83.2857,9,79.8414,35
35626,Golf Story,Simulator,22,1,83.2857,9,79.8414,35
35626,Golf Story,Sport,22,1,83.2857,9,79.8414,35
35626,Golf Story,Adventure,22,1,83.2857,9,79.8414,35
35626,Golf Story,Indie,22,1,83.2857,9,79.8414,35
18081,Devil Daggers,Shooter,8,NULL,78.3333,4,75.9622,33
18081,Devil Daggers,Indie,8,NULL,78.3333,4,75.9622,33
7145,The Whispered World,Puzzle,13,NULL,60.0000,3,77.1940,38
7145,The Whispered World,Adventure,13,NULL,60.0000,3,77.1940,38
892,King's Quest: Quest for the Crown,Puzzle,6,NULL,NULL,NULL,70.3302,25
892,King's Quest: Quest for the Crown,Adventure,6,NULL,NULL,NULL,70.3302,25
3235,Blur,Sport,29,NULL,79.4000,8,76.3164,99
3235,Blur,Arcade,29,NULL,79.4000,8,76.3164,99
7892,Guardians of Middle-earth,Strategy,2,NULL,73.3750,11,32.9358,7
7892,Guardians of Middle-earth,Arcade,2,NULL,73.3750,11,32.9358,7
25623,Monster Hunter Generations Ultimate,Role-playing (RPG),7,NULL,80.1667,8,81.9255,30
18916,The Goonies II,Shooter,2,NULL,NULL,NULL,67.5333,14
18916,The Goonies II,Platform,2,NULL,NULL,NULL,67.5333,14
18916,The Goonies II,Adventure,2,NULL,NULL,NULL,67.5333,14
7518,Shank,Indie,30,NULL,67.8571,8,73.0026,85
2908,Leisure Suit Larry III: Passionate Patti in Pursuit of the Pulsating Pectoral,Adventure,5,NULL,NULL,NULL,64.6887,21
9623,Shank 2,Adventure,12,NULL,74.7500,6,77.0699,34
9623,Shank 2,Indie,12,NULL,74.7500,6,77.0699,34
4097,Tomba!,Platform,14,NULL,NULL,NULL,74.9606,31
4097,Tomba!,Adventure,14,NULL,NULL,NULL,74.9606,31
11247,Duck Game,Shooter,15,NULL,83.2500,4,85.2174,74
11247,Duck Game,Platform,15,NULL,83.2500,4,85.2174,74
11247,Duck Game,Indie,15,NULL,83.2500,4,85.2174,74
11247,Duck Game,Arcade,15,NULL,83.2500,4,85.2174,74
7415,Rule of Rose,Puzzle,11,NULL,60.0000,3,77.8322,32
7415,Rule of Rose,Adventure,11,NULL,60.0000,3,77.8322,32
126459,Valorant,Shooter,115,30,78.3333,7,73.8183,237
15997,Nancy Drew: Last Train to Blue Moon Canyon,Puzzle,1,NULL,NULL,NULL,70.1997,11
15997,Nancy Drew: Last Train to Blue Moon Canyon,Adventure,1,NULL,NULL,NULL,70.1997,11
18239,Plug & Play,Puzzle,2,NULL,60.0000,1,75.7799,21
18239,Plug & Play,Adventure,2,NULL,60.0000,1,75.7799,21
18239,Plug & Play,Indie,2,NULL,60.0000,1,75.7799,21
9766,Rocket Knight Adventures,Shooter,14,NULL,NULL,NULL,79.0127,40
9766,Rocket Knight Adventures,Platform,14,NULL,NULL,NULL,79.0127,40
1959,Alone in the Dark 3,Puzzle,7,NULL,NULL,NULL,73.2338,12
1959,Alone in the Dark 3,Role-playing (RPG),7,NULL,NULL,NULL,73.2338,12
1959,Alone in the Dark 3,Adventure,7,NULL,NULL,NULL,73.2338,12
6879,Space Hulk: Deathwing,Shooter,21,15,59.8889,11,59.7875,5
6879,Space Hulk: Deathwing,Adventure,21,15,59.8889,11,59.7875,5
7223,Two Worlds II,Role-playing (RPG),16,NULL,68.6667,9,72.2163,36
13179,The Misadventures of P.B. Winterbottom,Platform,6,NULL,81.3333,4,70.6819,15
13179,The Misadventures of P.B. Winterbottom,Puzzle,6,NULL,81.3333,4,70.6819,15
13179,The Misadventures of P.B. Winterbottom,Adventure,6,NULL,81.3333,4,70.6819,15
13179,The Misadventures of P.B. Winterbottom,Indie,6,NULL,81.3333,4,70.6819,15
13179,The Misadventures of P.B. Winterbottom,Arcade,6,NULL,81.3333,4,70.6819,15
3342,Snowboard Kids,Sport,7,NULL,40.0000,1,70.6962,25
211,Armed and Dangerous,Shooter,9,NULL,82.5000,2,76.1775,16
15454,Ys VI: The Ark of Napishtim,Role-playing (RPG),8,NULL,71.7500,9,79.9399,27
15454,Ys VI: The Ark of Napishtim,Adventure,8,NULL,71.7500,9,79.9399,27
680,Enemy Territory: Quake Wars,Shooter,5,NULL,81.0000,7,63.3066,16
680,Enemy Territory: Quake Wars,Strategy,5,NULL,81.0000,7,63.3066,16
394,Final Fantasy Tactics: The War of the Lions,Role-playing (RPG),21,NULL,NULL,NULL,89.7500,45
394,Final Fantasy Tactics: The War of the Lions,Simulator,21,NULL,NULL,NULL,89.7500,45
394,Final Fantasy Tactics: The War of the Lions,Strategy,21,NULL,NULL,NULL,89.7500,45
394,Final Fantasy Tactics: The War of the Lions,Adventure,21,NULL,NULL,NULL,89.7500,45
14288,Batman,Shooter,5,NULL,NULL,NULL,80.4211,33
14288,Batman,Platform,5,NULL,NULL,NULL,80.4211,33
14288,Batman,Puzzle,5,NULL,NULL,NULL,80.4211,33
14288,Batman,Strategy,5,NULL,NULL,NULL,80.4211,33
117820,Transport Fever 2,Simulator,6,3,72.0000,2,79.7757,11
117820,Transport Fever 2,Strategy,6,3,72.0000,2,79.7757,11
5151,Shaun White Skateboarding,Sport,3,NULL,51.1667,9,69.5567,11
21521,Digimon World Dawn,Role-playing (RPG),1,NULL,70.0000,1,77.4991,13
508,TrackMania 2: Canyon,Sport,5,NULL,81.5000,3,63.7105,13
74837,Universal Paperclips,Simulator,1,NULL,NULL,NULL,80.3137,12
74837,Universal Paperclips,Strategy,1,NULL,NULL,NULL,80.3137,12
74837,Universal Paperclips,Indie,1,NULL,NULL,NULL,80.3137,12
8584,Fistful of Frags,Shooter,8,NULL,NULL,NULL,85.2251,33
8584,Fistful of Frags,Indie,8,NULL,NULL,NULL,85.2251,33
998,Uncharted: Golden Abyss,Shooter,34,NULL,81.0000,7,72.8933,101
998,Uncharted: Golden Abyss,Platform,34,NULL,81.0000,7,72.8933,101
998,Uncharted: Golden Abyss,Adventure,34,NULL,81.0000,7,72.8933,101
4111,Test Drive 6,Simulator,4,NULL,NULL,NULL,63.6876,12
4111,Test Drive 6,Sport,4,NULL,NULL,NULL,63.6876,12
11240,Joe Danger,Platform,5,NULL,80.0000,3,83.0689,11
11240,Joe Danger,Sport,5,NULL,80.0000,3,83.0689,11
11240,Joe Danger,Adventure,5,NULL,80.0000,3,83.0689,11
11240,Joe Danger,Indie,5,NULL,80.0000,3,83.0689,11
11240,Joe Danger,Arcade,5,NULL,80.0000,3,83.0689,11
107187,Inmost,Platform,1,6,80.0000,1,75.8768,30
107187,Inmost,Puzzle,1,6,80.0000,1,75.8768,30
107187,Inmost,Adventure,1,6,80.0000,1,75.8768,30
107187,Inmost,Indie,1,6,80.0000,1,75.8768,30
1400,Professor Layton and the Last Specter,Puzzle,14,NULL,83.6000,8,75.6982,49
1411,Metal Slug 6,Shooter,7,NULL,NULL,NULL,79.3720,40
1411,Metal Slug 6,Platform,7,NULL,NULL,NULL,79.3720,40
1411,Metal Slug 6,Adventure,7,NULL,NULL,NULL,79.3720,40
1411,Metal Slug 6,Arcade,7,NULL,NULL,NULL,79.3720,40
9986,Art of Murder: FBI Confidential,Adventure,4,1,49.0000,2,67.5532,12
122646,People Playground,Simulator,1,NULL,NULL,NULL,70.1085,13
212878,Omega Strikers,Strategy,3,NULL,90.0000,1,69.8275,12
212878,Omega Strikers,Arcade,3,NULL,90.0000,1,69.8275,12
2599,Game Dev Tycoon,Simulator,56,NULL,80.0000,2,75.3431,268
2599,Game Dev Tycoon,Strategy,56,NULL,80.0000,2,75.3431,268
2599,Game Dev Tycoon,Indie,56,NULL,80.0000,2,75.3431,268
21344,Jenny LeClue: Detectivu,Platform,4,2,80.0000,1,84.5897,16
21344,Jenny LeClue: Detectivu,Puzzle,4,2,80.0000,1,84.5897,16
21344,Jenny LeClue: Detectivu,Adventure,4,2,80.0000,1,84.5897,16
21344,Jenny LeClue: Detectivu,Indie,4,2,80.0000,1,84.5897,16
1442,Fire Emblem: Radiant Dawn,Role-playing (RPG),22,NULL,74.6667,4,84.4272,63
1442,Fire Emblem: Radiant Dawn,Strategy,22,NULL,74.6667,4,84.4272,63
3476,Dr. Mario,Puzzle,24,NULL,NULL,NULL,71.6773,161
3476,Dr. Mario,Strategy,24,NULL,NULL,NULL,71.6773,161
2833,The Simpsons: Bart's Nightmare,Shooter,7,NULL,NULL,NULL,53.9935,24
2833,The Simpsons: Bart's Nightmare,Platform,7,NULL,NULL,NULL,53.9935,24
2833,The Simpsons: Bart's Nightmare,Sport,7,NULL,NULL,NULL,53.9935,24
11736,Mountain,Role-playing (RPG),6,NULL,NULL,NULL,46.0121,21
11736,Mountain,Simulator,6,NULL,NULL,NULL,46.0121,21
11736,Mountain,Indie,6,NULL,NULL,NULL,46.0121,21
27092,GreedFall,Role-playing (RPG),75,79,70.6364,13,75.3135,128
27092,GreedFall,Strategy,75,79,70.6364,13,75.3135,128
27092,GreedFall,Adventure,75,79,70.6364,13,75.3135,128
6258,The Guild 2,Role-playing (RPG),9,NULL,68.0000,2,79.6878,22
6258,The Guild 2,Simulator,9,NULL,68.0000,2,79.6878,22
6258,The Guild 2,Strategy,9,NULL,68.0000,2,79.6878,22
9154,Shadow of the Ninja,Platform,2,NULL,NULL,NULL,79.9635,17
9154,Shadow of the Ninja,Adventure,2,NULL,NULL,NULL,79.9635,17
54842,Biomutant,Role-playing (RPG),103,180,74.2941,21,56.8766,43
54842,Biomutant,Adventure,103,180,74.2941,21,56.8766,43
1770,Ratchet & Clank: Going Commando,Shooter,51,NULL,90.0000,2,81.5141,153
1770,Ratchet & Clank: Going Commando,Platform,51,NULL,90.0000,2,81.5141,153
1770,Ratchet & Clank: Going Commando,Adventure,51,NULL,90.0000,2,81.5141,153
26834,Utawarerumono: Mask of Truth,Role-playing (RPG),1,NULL,76.8750,9,90.0517,26
26834,Utawarerumono: Mask of Truth,Simulator,1,NULL,76.8750,9,90.0517,26
26834,Utawarerumono: Mask of Truth,Strategy,1,NULL,76.8750,9,90.0517,26
26834,Utawarerumono: Mask of Truth,Adventure,1,NULL,76.8750,9,90.0517,26
13101,Shatter,Puzzle,4,NULL,85.6000,6,75.5382,14
13101,Shatter,Indie,4,NULL,85.6000,6,75.5382,14
13101,Shatter,Arcade,4,NULL,85.6000,6,75.5382,14
22426,RapeLay,Adventure,42,NULL,NULL,NULL,69.3943,11
3376,Harvest Moon,Role-playing (RPG),13,NULL,NULL,NULL,79.8306,46
3376,Harvest Moon,Simulator,13,NULL,NULL,NULL,79.8306,46
3376,Harvest Moon,Strategy,13,NULL,NULL,NULL,79.8306,46
3376,Harvest Moon,Adventure,13,NULL,NULL,NULL,79.8306,46
19341,Diep.io,Shooter,10,NULL,NULL,NULL,70.0358,11
19341,Diep.io,Simulator,10,NULL,NULL,NULL,70.0358,11
41047,Gorn,Simulator,2,NULL,73.4000,5,79.5678,14
41047,Gorn,Indie,2,NULL,73.4000,5,79.5678,14
8482,Lure of the Temptress,Puzzle,9,NULL,NULL,NULL,74.6091,11
8482,Lure of the Temptress,Adventure,9,NULL,NULL,NULL,74.6091,11
1824,Dragon Quest Heroes: Rocket Slime,Puzzle,2,NULL,80.0000,3,80.1170,13
1824,Dragon Quest Heroes: Rocket Slime,Role-playing (RPG),2,NULL,80.0000,3,80.1170,13
2639,The Wonderful 101,Strategy,7,NULL,74.2727,13,83.6656,22
2639,The Wonderful 101,Adventure,7,NULL,74.2727,13,83.6656,22
4407,The Great Circus Mystery Starring Mickey & Minnie,Platform,1,NULL,NULL,NULL,72.3780,16
4407,The Great Circus Mystery Starring Mickey & Minnie,Adventure,1,NULL,NULL,NULL,72.3780,16
6147,Mercenary Kings,Shooter,9,NULL,75.0000,5,69.2887,20
6147,Mercenary Kings,Platform,9,NULL,75.0000,5,69.2887,20
6147,Mercenary Kings,Role-playing (RPG),9,NULL,75.0000,5,69.2887,20
6147,Mercenary Kings,Strategy,9,NULL,75.0000,5,69.2887,20
6147,Mercenary Kings,Adventure,9,NULL,75.0000,5,69.2887,20
6147,Mercenary Kings,Indie,9,NULL,75.0000,5,69.2887,20
28955,SimCity 3000 Unlimited,Simulator,3,NULL,NULL,NULL,85.7917,14
28955,SimCity 3000 Unlimited,Strategy,3,NULL,NULL,NULL,85.7917,14
6852,Renegade,Adventure,NULL,NULL,39.0000,0,60.4030,18
10662,Disney's Tarzan,Platform,29,NULL,NULL,NULL,70.1164,97
10662,Disney's Tarzan,Adventure,29,NULL,NULL,NULL,70.1164,97
12735,Ivan ''Ironman'' Stewart's Super Off Road,Arcade,4,NULL,NULL,NULL,72.9303,22
8049,Tiny Toon Adventures: Buster's Hidden Treasure,Platform,1,NULL,NULL,NULL,70.9942,27
19245,Batman: Return to Arkham,Strategy,28,8,76.9000,10,81.8687,37
19245,Batman: Return to Arkham,Adventure,28,8,76.9000,10,81.8687,37
5525,Populous: The Beginning,Role-playing (RPG),11,1,NULL,NULL,74.9869,28
5525,Populous: The Beginning,Strategy,11,1,NULL,NULL,74.9869,28
18857,Ruiner,Shooter,52,13,76.1667,15,77.8934,96
18857,Ruiner,Strategy,52,13,76.1667,15,77.8934,96
18857,Ruiner,Adventure,52,13,76.1667,15,77.8934,96
18857,Ruiner,Indie,52,13,76.1667,15,77.8934,96
9036,Astyanax,Platform,4,NULL,NULL,NULL,50.5508,14
2902,Dead Island: Epidemic,Shooter,4,1,NULL,NULL,40.7680,11
2902,Dead Island: Epidemic,Role-playing (RPG),4,1,NULL,NULL,40.7680,11
2902,Dead Island: Epidemic,Strategy,4,1,NULL,NULL,40.7680,11
5736,Bad Boys: Miami Takedown,Shooter,4,NULL,51.0000,3,50.1388,11
5736,Bad Boys: Miami Takedown,Adventure,4,NULL,51.0000,3,50.1388,11
126489,WorldBox: God Simulator,Role-playing (RPG),18,1,NULL,NULL,82.9543,32
126489,WorldBox: God Simulator,Simulator,18,1,NULL,NULL,82.9543,32
126489,WorldBox: God Simulator,Indie,18,1,NULL,NULL,82.9543,32
122611,Terminator: Resistance,Shooter,27,3,51.2500,4,68.3710,34
122611,Terminator: Resistance,Role-playing (RPG),27,3,51.2500,4,68.3710,34
122611,Terminator: Resistance,Adventure,27,3,51.2500,4,68.3710,34
44158,Minecraft: Story Mode - Season Two,Adventure,6,NULL,74.1000,2,68.4040,21
7788,Blades of Steel,Sport,5,NULL,NULL,NULL,81.7920,28
1718,Mega Man 5,Platform,12,NULL,NULL,NULL,77.1122,84
1718,Mega Man 5,Puzzle,12,NULL,NULL,NULL,77.1122,84
1718,Mega Man 5,Adventure,12,NULL,NULL,NULL,77.1122,84
1718,Mega Man 5,Arcade,12,NULL,NULL,NULL,77.1122,84
11845,Turrican II: The Final Fight,Shooter,3,NULL,NULL,NULL,89.8863,14
11845,Turrican II: The Final Fight,Platform,3,NULL,NULL,NULL,89.8863,14
21838,Guardian Heroes,Role-playing (RPG),4,NULL,85.0000,3,89.8273,11
2772,SpongeBob SquarePants: Creature From the Krusty Krab,Platform,4,NULL,65.0000,2,69.1576,19
2772,SpongeBob SquarePants: Creature From the Krusty Krab,Adventure,4,NULL,65.0000,2,69.1576,19
16779,Nightmares from the Deep: The Cursed Heart,Puzzle,3,NULL,75.0000,2,71.3849,16
16779,Nightmares from the Deep: The Cursed Heart,Adventure,3,NULL,75.0000,2,71.3849,16
8457,Beavis and Butt-head in Virtual Stupidity,Adventure,NULL,NULL,78.0000,1,79.7227,11
5692,Donkey Kong Jr. Math,Platform,2,NULL,NULL,NULL,49.9034,11
4616,Mach Rider,Shooter,3,NULL,NULL,NULL,60.9051,13
3110,Postal III,Shooter,2,NULL,10.0000,1,11.0766,12
74858,Hill Climb Racing 2,Arcade,2,NULL,NULL,NULL,79.8474,15
11185,Pro Evolution Soccer 2016,Simulator,25,NULL,83.8571,9,70.4777,69
11185,Pro Evolution Soccer 2016,Sport,25,NULL,83.8571,9,70.4777,69
541,Ridge Racer Unbounded,Simulator,6,NULL,75.8000,10,64.8416,18
541,Ridge Racer Unbounded,Arcade,6,NULL,75.8000,10,64.8416,18
4642,Pro Evolution Soccer,Simulator,9,NULL,85.0000,1,73.4844,26
4642,Pro Evolution Soccer,Sport,9,NULL,85.0000,1,73.4844,26
2284,Rock of Ages,Strategy,6,NULL,74.6000,7,75.7574,38
2284,Rock of Ages,Indie,6,NULL,74.6000,7,75.7574,38
9642,MLB 14: The Show,Sport,3,NULL,82.5000,15,79.9900,6
2006,Magicka: Wizard Wars,Role-playing (RPG),5,1,68.0000,3,72.4118,12
2006,Magicka: Wizard Wars,Strategy,5,1,68.0000,3,72.4118,12
2006,Magicka: Wizard Wars,Adventure,5,1,68.0000,3,72.4118,12
1381,Payday: The Heist,Shooter,38,NULL,72.5000,4,70.2397,117
502,Brink,Shooter,18,NULL,73.3750,12,42.8594,60
17994,Hard Reset: Redux,Shooter,5,NULL,72.0000,5,60.1085,14
17994,Hard Reset: Redux,Adventure,5,NULL,72.0000,5,60.1085,14
17994,Hard Reset: Redux,Indie,5,NULL,72.0000,5,60.1085,14
36977,Deep Space Waifu,Shooter,4,NULL,NULL,NULL,58.0091,11
36977,Deep Space Waifu,Indie,4,NULL,NULL,NULL,58.0091,11
204543,The Entropy Centre,Puzzle,2,7,84.0000,4,76.3554,13
204543,The Entropy Centre,Adventure,2,7,84.0000,4,76.3554,13
5969,Rochard,Platform,4,NULL,73.7500,5,64.4257,24
5969,Rochard,Puzzle,4,NULL,73.7500,5,64.4257,24
5969,Rochard,Adventure,4,NULL,73.7500,5,64.4257,24
5969,Rochard,Indie,4,NULL,73.7500,5,64.4257,24
450,Operation Flashpoint: Red River,Shooter,12,NULL,65.2500,6,69.3473,19
450,Operation Flashpoint: Red River,Simulator,12,NULL,65.2500,6,69.3473,19
450,Operation Flashpoint: Red River,Strategy,12,NULL,65.2500,6,69.3473,19
3183,Sanctum,Shooter,9,NULL,70.0000,1,60.2857,28
3183,Sanctum,Strategy,9,NULL,70.0000,1,60.2857,28
3183,Sanctum,Indie,9,NULL,70.0000,1,60.2857,28
13142,Fingerbones,Adventure,1,NULL,NULL,NULL,59.9719,12
13142,Fingerbones,Indie,1,NULL,NULL,NULL,59.9719,12
21737,Pac-Man: Championship Edition DX,Puzzle,4,NULL,98.0000,3,92.4777,23
21737,Pac-Man: Championship Edition DX,Strategy,4,NULL,98.0000,3,92.4777,23
21737,Pac-Man: Championship Edition DX,Arcade,4,NULL,98.0000,3,92.4777,23
3119,Metin2,Role-playing (RPG),8,NULL,NULL,NULL,64.8744,46
3119,Metin2,Adventure,8,NULL,NULL,NULL,64.8744,46
1093,Donkey Kong Land 2,Platform,4,NULL,NULL,NULL,76.0423,15
1093,Donkey Kong Land 2,Adventure,4,NULL,NULL,NULL,76.0423,15
46796,Battle Garegga,Shooter,NULL,NULL,NULL,NULL,73.0844,12
8141,Receiver,Shooter,8,NULL,NULL,NULL,67.5620,12
8141,Receiver,Simulator,8,NULL,NULL,NULL,67.5620,12
8141,Receiver,Indie,8,NULL,NULL,NULL,67.5620,12
28006,Ash of Gods: Redemption,Role-playing (RPG),8,2,70.0000,2,63.0422,16
28006,Ash of Gods: Redemption,Strategy,8,2,70.0000,2,63.0422,16
28006,Ash of Gods: Redemption,Adventure,8,2,70.0000,2,63.0422,16
28006,Ash of Gods: Redemption,Indie,8,2,70.0000,2,63.0422,16
4643,World Soccer: Winning Eleven 6 International,Simulator,9,NULL,92.0000,1,78.3601,30
4643,World Soccer: Winning Eleven 6 International,Sport,9,NULL,92.0000,1,78.3601,30
5257,Virtua Tennis 2009,Simulator,5,NULL,75.0000,5,60.6888,16
5257,Virtua Tennis 2009,Sport,5,NULL,75.0000,5,60.6888,16
11643,Shoot Many Robots,Shooter,NULL,NULL,75.4000,5,75.3674,11
11643,Shoot Many Robots,Role-playing (RPG),NULL,NULL,75.4000,5,75.3674,11
11643,Shoot Many Robots,Indie,NULL,NULL,75.4000,5,75.3674,11
37034,The Elder Scrolls V: Skyrim,Role-playing (RPG),11,NULL,84.4000,12,89.8992,27
37034,The Elder Scrolls V: Skyrim,Adventure,11,NULL,84.4000,12,89.8992,27
19746,Rez Infinite,Shooter,13,3,91.5000,13,73.5921,22
3276,Z: Steel Soldiers,Strategy,2,NULL,70.0000,1,84.8267,11
7159,Resonance of Fate,Role-playing (RPG),7,NULL,76.6667,5,70.0538,14
8747,Perfect World,Role-playing (RPG),6,NULL,NULL,NULL,60.6747,34
2957,Knack,Platform,21,1,60.2727,13,61.9538,68
2957,Knack,Adventure,21,1,60.2727,13,61.9538,68
4523,Home Alone,Platform,3,NULL,NULL,NULL,54.9784,16
4523,Home Alone,Adventure,3,NULL,NULL,NULL,54.9784,16
6451,ArcheAge,Role-playing (RPG),12,3,94.0000,3,76.3628,41
6451,ArcheAge,Adventure,12,3,94.0000,3,76.3628,41
15695,Hardware: Rivals,Shooter,6,NULL,53.2000,6,59.7959,19
4151,The Sims Bustin' Out,Simulator,3,NULL,75.0000,5,66.5228,31
4151,The Sims Bustin' Out,Strategy,3,NULL,75.0000,5,66.5228,31
9616,Hong Kong 97,Shooter,NULL,NULL,NULL,NULL,11.8013,16
9616,Hong Kong 97,Strategy,NULL,NULL,NULL,NULL,11.8013,16
103283,The Awesome Adventures of Captain Spirit,Adventure,35,6,81.2857,9,76.2203,142
940,Wing Commander II: Vengeance of the Kilrathi,Simulator,3,NULL,NULL,NULL,74.2015,14
34392,Disgaea PC,Role-playing (RPG),6,NULL,NULL,NULL,82.2590,13
34392,Disgaea PC,Strategy,6,NULL,NULL,NULL,82.2590,13
15707,Clash Royale,Strategy,38,NULL,NULL,NULL,76.4397,109
133416,Cube Escape Collection,Puzzle,NULL,NULL,NULL,NULL,90.3991,14
133416,Cube Escape Collection,Adventure,NULL,NULL,NULL,NULL,90.3991,14
133416,Cube Escape Collection,Indie,NULL,NULL,NULL,NULL,90.3991,14
7833,Gorky 17,Role-playing (RPG),5,1,80.0000,1,79.9896,17
7833,Gorky 17,Strategy,5,1,80.0000,1,79.9896,17
7833,Gorky 17,Adventure,5,1,80.0000,1,79.9896,17
33720,Blood & Bacon,Shooter,1,NULL,NULL,NULL,59.8003,22
33720,Blood & Bacon,Adventure,1,NULL,NULL,NULL,59.8003,22
41882,Uncharted 2: Among Thieves - Limited Edition Collector's Box,Shooter,2,NULL,NULL,NULL,90.6736,16
41882,Uncharted 2: Among Thieves - Limited Edition Collector's Box,Platform,2,NULL,NULL,NULL,90.6736,16
41882,Uncharted 2: Among Thieves - Limited Edition Collector's Box,Adventure,2,NULL,NULL,NULL,90.6736,16
8769,Drakensang: The River of Time,Role-playing (RPG),11,NULL,NULL,NULL,77.0808,18
1567,SoulCalibur IV,Arcade,20,NULL,81.7500,10,75.0649,95
165347,Marvel's Midnight Suns,Role-playing (RPG),5,7,85.5000,11,74.0324,15
165347,Marvel's Midnight Suns,Strategy,5,7,85.5000,11,74.0324,15
1868,Killzone: Liberation,Shooter,3,NULL,80.0000,3,69.7879,20
7477,Valkyria Chronicles,Role-playing (RPG),38,NULL,90.1250,9,86.8712,111
7477,Valkyria Chronicles,Strategy,38,NULL,90.1250,9,86.8712,111
26845,Fire Emblem: Three Houses,Role-playing (RPG),61,19,92.7778,14,86.2124,218
26845,Fire Emblem: Three Houses,Strategy,61,19,92.7778,14,86.2124,218
26845,Fire Emblem: Three Houses,Adventure,61,19,92.7778,14,86.2124,218
5178,Spider-Man 3,Platform,24,NULL,58.6667,9,62.6274,105
4755,The Amazing Spider-Man 2,Adventure,22,1,52.2857,14,59.2155,71
1376,The Amazing Spider-Man,Adventure,23,NULL,65.3000,7,65.6447,83
12211,Metal Gear Acid,Strategy,10,NULL,72.5000,3,74.8759,21
370,Heroes of Might and Magic V,Role-playing (RPG),40,NULL,81.6667,3,78.3674,204
370,Heroes of Might and Magic V,Strategy,40,NULL,81.6667,3,78.3674,204
11134,Gigantic,Strategy,8,1,76.5000,6,69.9555,11
8260,King's Quest,Puzzle,10,NULL,71.4762,3,81.4172,28
8260,King's Quest,Adventure,10,NULL,71.4762,3,81.4172,28
10160,Heat Signature,Simulator,6,1,80.0000,6,77.2005,18
10160,Heat Signature,Strategy,6,1,80.0000,6,77.2005,18
10160,Heat Signature,Adventure,6,1,80.0000,6,77.2005,18
10160,Heat Signature,Indie,6,1,80.0000,6,77.2005,18
7644,Blood,Shooter,27,NULL,NULL,NULL,80.9563,69
7600,Alienation,Shooter,13,2,73.1250,10,77.4724,28
25160,Star Trek: The Video Game,Shooter,NULL,NULL,37.0000,12,NULL,NULL
25160,Star Trek: The Video Game,Adventure,NULL,NULL,37.0000,12,NULL,NULL
13157,Allods Online,Role-playing (RPG),2,NULL,NULL,NULL,72.2095,19
2971,Lineage II,Role-playing (RPG),18,NULL,80.0000,1,75.0013,52
2971,Lineage II,Adventure,18,NULL,80.0000,1,75.0013,52
119160,Call of Duty 2,Shooter,1,NULL,NULL,NULL,69.4785,16
1644,James Bond 007: Everything or Nothing,Shooter,11,NULL,79.8000,6,76.6246,33
1644,James Bond 007: Everything or Nothing,Sport,11,NULL,79.8000,6,76.6246,33
1644,James Bond 007: Everything or Nothing,Adventure,11,NULL,79.8000,6,76.6246,33
1343,The World Ends with You,Role-playing (RPG),35,NULL,91.0000,5,76.9156,86
1343,The World Ends with You,Arcade,35,NULL,91.0000,5,76.9156,86
563,Aion,Role-playing (RPG),8,NULL,80.0000,3,68.8686,38
563,Aion,Strategy,8,NULL,80.0000,3,68.8686,38
563,Aion,Adventure,8,NULL,80.0000,3,68.8686,38
15925,"That Dragon, Cancer",Puzzle,8,NULL,77.5000,7,75.1299,27
15925,"That Dragon, Cancer",Simulator,8,NULL,77.5000,7,75.1299,27
15925,"That Dragon, Cancer",Adventure,8,NULL,77.5000,7,75.1299,27
15925,"That Dragon, Cancer",Indie,8,NULL,77.5000,7,75.1299,27
4531,X-Men,Platform,4,NULL,NULL,NULL,60.4467,24
8204,iRacing,Simulator,5,NULL,NULL,NULL,87.7951,13
8204,iRacing,Sport,5,NULL,NULL,NULL,87.7951,13
2988,Prototype 2,Platform,55,NULL,77.1000,12,70.0372,180
2988,Prototype 2,Adventure,55,NULL,77.1000,12,70.0372,180
20880,Castle Crashers Remastered,Role-playing (RPG),6,NULL,80.0000,3,85.9686,11
20880,Castle Crashers Remastered,Adventure,6,NULL,80.0000,3,85.9686,11
20880,Castle Crashers Remastered,Indie,6,NULL,80.0000,3,85.9686,11
20880,Castle Crashers Remastered,Arcade,6,NULL,80.0000,3,85.9686,11
4228,Sid Meier's Civilization IV: Colonization,Simulator,8,NULL,77.3333,4,70.4205,30
4228,Sid Meier's Civilization IV: Colonization,Strategy,8,NULL,77.3333,4,70.4205,30
4228,Sid Meier's Civilization IV: Colonization,Adventure,8,NULL,77.3333,4,70.4205,30
187715,The Closing Shift,Simulator,NULL,NULL,NULL,NULL,72.5130,25
187715,The Closing Shift,Strategy,NULL,NULL,NULL,NULL,72.5130,25
187715,The Closing Shift,Adventure,NULL,NULL,NULL,NULL,72.5130,25
187715,The Closing Shift,Indie,NULL,NULL,NULL,NULL,72.5130,25
21349,Assassin's Creed: Altair's Chronicles,Platform,5,NULL,60.0000,2,60.8283,23
21349,Assassin's Creed: Altair's Chronicles,Adventure,5,NULL,60.0000,2,60.8283,23
276,Supreme Commander,Simulator,20,NULL,76.2500,5,76.8105,48
276,Supreme Commander,Strategy,20,NULL,76.2500,5,76.8105,48
2276,The Legend of Zelda: The Wind Waker HD,Puzzle,101,NULL,90.5000,12,90.9451,244
2276,The Legend of Zelda: The Wind Waker HD,Adventure,101,NULL,90.5000,12,90.9451,244
3601,Space Invaders,Shooter,23,NULL,NULL,NULL,78.2727,143
3601,Space Invaders,Arcade,23,NULL,NULL,NULL,78.2727,143
5346,The Adventures of Batman & Robin,Platform,8,NULL,NULL,NULL,78.1093,33
2799,Ben 10: Protector of Earth,Adventure,4,NULL,70.0000,1,65.3223,27
191396,Fire Emblem Warriors: Three Hopes,Role-playing (RPG),NULL,NULL,80.0000,9,79.9621,21
191396,Fire Emblem Warriors: Three Hopes,Simulator,NULL,NULL,80.0000,9,79.9621,21
191396,Fire Emblem Warriors: Three Hopes,Strategy,NULL,NULL,80.0000,9,79.9621,21
1776,Mega Man Zero 2,Shooter,9,NULL,NULL,NULL,82.1586,48
1776,Mega Man Zero 2,Platform,9,NULL,NULL,NULL,82.1586,48
1776,Mega Man Zero 2,Adventure,9,NULL,NULL,NULL,82.1586,48
124036,PUBG Lite,Shooter,7,1,NULL,NULL,69.0106,14
4698,Twisted Metal 4,Shooter,12,NULL,NULL,NULL,80.1386,30
4140,Bloody Roar 2,Arcade,6,NULL,61.0000,1,74.7022,33
13140,The Sims Castaway Stories,Simulator,7,NULL,65.0000,2,63.3615,19
13140,The Sims Castaway Stories,Strategy,7,NULL,65.0000,2,63.3615,19
19453,Agony,Shooter,44,22,39.2857,8,50.0683,16
19453,Agony,Adventure,44,22,39.2857,8,50.0683,16
19453,Agony,Indie,44,22,39.2857,8,50.0683,16
7057,Lost Odyssey,Role-playing (RPG),26,NULL,67.5000,3,82.4817,38
12443,Magic: The Gathering,Strategy,6,NULL,NULL,NULL,89.7985,18
112875,God of War Ragnarök,Adventure,42,77,95.7500,12,93.7065,253
1228,Xenosaga Episode II: Jenseits von Gut und Böse,Role-playing (RPG),6,NULL,75.0000,3,76.1711,19
1800,Sly 3: Honor Among Thieves,Platform,32,NULL,83.3333,4,74.2840,89
1800,Sly 3: Honor Among Thieves,Adventure,32,NULL,83.3333,4,74.2840,89
5156,The Sims 2: Castaway,Simulator,4,NULL,73.0000,6,69.9262,27
5156,The Sims 2: Castaway,Strategy,4,NULL,73.0000,6,69.9262,27
5156,The Sims 2: Castaway,Adventure,4,NULL,73.0000,6,69.9262,27
114392,A Dance of Fire and Ice,Indie,1,NULL,NULL,NULL,82.0868,13
114392,A Dance of Fire and Ice,Arcade,1,NULL,NULL,NULL,82.0868,13
1227,Xenosaga Episode I: Der Wille zur Macht,Role-playing (RPG),8,NULL,NULL,NULL,74.7468,30
1227,Xenosaga Episode I: Der Wille zur Macht,Adventure,8,NULL,NULL,NULL,74.7468,30
7318,Heavenly Sword,Adventure,21,NULL,88.0000,6,73.1817,52
3932,Gladius,Role-playing (RPG),6,NULL,89.6667,3,88.6778,13
3932,Gladius,Strategy,6,NULL,89.6667,3,88.6778,13
9039,Blackwell Convergence,Adventure,9,NULL,NULL,NULL,83.6381,42
9039,Blackwell Convergence,Indie,9,NULL,NULL,NULL,83.6381,42
26431,Enlisted,Shooter,3,4,NULL,NULL,67.2776,14
26431,Enlisted,Simulator,3,4,NULL,NULL,67.2776,14
16072,Emerald City Confidential,Adventure,3,NULL,NULL,NULL,79.2746,11
119133,Elden Ring,Role-playing (RPG),118,96,96.9000,14,95.7949,640
119133,Elden Ring,Adventure,118,96,96.9000,14,95.7949,640
2290,Pokémon Stadium 2,Simulator,34,NULL,60.0000,1,76.0265,134
2290,Pokémon Stadium 2,Strategy,34,NULL,60.0000,1,76.0265,134
1103,Super Metroid,Shooter,264,NULL,100.0000,1,93.0813,770
1103,Super Metroid,Platform,264,NULL,100.0000,1,93.0813,770
1103,Super Metroid,Adventure,264,NULL,100.0000,1,93.0813,770
6699,Yu-Gi-Oh! Worldwide Edition: Stairway to the Destined Duel,Strategy,3,NULL,NULL,NULL,70.3422,17
8852,Master Levels for Doom II,Shooter,5,NULL,NULL,NULL,70.1871,15
17696,Magic Duels,Strategy,5,NULL,70.0000,1,80.5539,19
1021,Aliens: Colonial Marines,Shooter,19,NULL,45.0000,16,47.4553,79
3416,Amy,Adventure,1,NULL,22.5000,4,35.6169,11
51149,Fatal Frame: Maiden of Black Water,Puzzle,1,NULL,60.7778,11,81.0000,1
51149,Fatal Frame: Maiden of Black Water,Strategy,1,NULL,60.7778,11,81.0000,1
51149,Fatal Frame: Maiden of Black Water,Adventure,1,NULL,60.7778,11,81.0000,1
35289,No Time to Explain: Remastered,Adventure,4,NULL,NULL,NULL,59.2471,16
35289,No Time to Explain: Remastered,Indie,4,NULL,NULL,NULL,59.2471,16
19258,Sonic Rush,Platform,8,NULL,75.0000,2,72.8146,64
532,Hard Reset,Shooter,17,NULL,69.5000,5,68.1815,45
532,Hard Reset,Puzzle,17,NULL,69.5000,5,68.1815,45
532,Hard Reset,Indie,17,NULL,69.5000,5,68.1815,45
4593,The Legend of Kage,Puzzle,2,NULL,NULL,NULL,68.3301,16
4593,The Legend of Kage,Strategy,2,NULL,NULL,NULL,68.3301,16
4593,The Legend of Kage,Arcade,2,NULL,NULL,NULL,68.3301,16
9139,Ibb & Obb,Platform,8,NULL,79.0000,5,71.0374,22
9139,Ibb & Obb,Puzzle,8,NULL,79.0000,5,71.0374,22
9139,Ibb & Obb,Adventure,8,NULL,79.0000,5,71.0374,22
9139,Ibb & Obb,Indie,8,NULL,79.0000,5,71.0374,22
15823,Where the Water Tastes Like Wine,Puzzle,15,3,70.3333,12,66.5864,14
15823,Where the Water Tastes Like Wine,Role-playing (RPG),15,3,70.3333,12,66.5864,14
15823,Where the Water Tastes Like Wine,Adventure,15,3,70.3333,12,66.5864,14
15823,Where the Water Tastes Like Wine,Indie,15,3,70.3333,12,66.5864,14
2740,Krusty's Fun House,Platform,1,NULL,NULL,NULL,65.8916,13
2740,Krusty's Fun House,Puzzle,1,NULL,NULL,NULL,65.8916,13
12228,Toki,Shooter,4,NULL,NULL,NULL,81.1305,17
12228,Toki,Platform,4,NULL,NULL,NULL,81.1305,17
1700,Wario World,Platform,8,NULL,74.6667,3,71.1560,31
11210,Star Ocean: The Second Story,Role-playing (RPG),8,NULL,NULL,NULL,83.8781,27
11210,Star Ocean: The Second Story,Adventure,8,NULL,NULL,NULL,83.8781,27
18166,Rising Storm 2: Vietnam,Shooter,17,4,72.5000,3,70.1469,28
18166,Rising Storm 2: Vietnam,Simulator,17,4,72.5000,3,70.1469,28
18166,Rising Storm 2: Vietnam,Strategy,17,4,72.5000,3,70.1469,28
18166,Rising Storm 2: Vietnam,Indie,17,4,72.5000,3,70.1469,28
10199,The Path,Strategy,8,NULL,80.0000,2,66.9959,20
10199,The Path,Adventure,8,NULL,80.0000,2,66.9959,20
10199,The Path,Indie,8,NULL,80.0000,2,66.9959,20
1105,Metroid Prime,Shooter,249,NULL,95.0000,4,92.8565,662
1105,Metroid Prime,Platform,249,NULL,95.0000,4,92.8565,662
1105,Metroid Prime,Puzzle,249,NULL,95.0000,4,92.8565,662
1105,Metroid Prime,Adventure,249,NULL,95.0000,4,92.8565,662
5526,Indianapolis 500: The Simulation,Simulator,1,NULL,NULL,NULL,80.2330,11
5526,Indianapolis 500: The Simulation,Sport,1,NULL,NULL,NULL,80.2330,11
1163,Tomb Raider: Underworld,Shooter,60,NULL,72.2500,6,74.4465,201
1163,Tomb Raider: Underworld,Platform,60,NULL,72.2500,6,74.4465,201
1163,Tomb Raider: Underworld,Adventure,60,NULL,72.2500,6,74.4465,201
272,Unreal Tournament,Shooter,79,NULL,100.0000,1,85.3529,217
20741,Metal Gear Solid HD Collection,Strategy,10,1,88.6250,10,85.0910,15
20741,Metal Gear Solid HD Collection,Adventure,10,1,88.6250,10,85.0910,15
3636,WCW/nWo Revenge,Sport,2,NULL,NULL,NULL,70.3098,12
16000,Nancy Drew: Secret of the Old Clock,Puzzle,1,NULL,80.0000,1,79.7557,11
16000,Nancy Drew: Secret of the Old Clock,Adventure,1,NULL,80.0000,1,79.7557,11
7346,The Legend of Zelda: Breath of the Wild,Puzzle,705,142,97.5926,31,92.7344,1973
7346,The Legend of Zelda: Breath of the Wild,Role-playing (RPG),705,142,97.5926,31,92.7344,1973
7346,The Legend of Zelda: Breath of the Wild,Adventure,705,142,97.5926,31,92.7344,1973
1804,Chrono Cross,Role-playing (RPG),39,NULL,NULL,NULL,84.6617,107
13676,Legend of Legaia,Role-playing (RPG),10,NULL,NULL,NULL,85.3772,27
16365,Angry Birds Space,Puzzle,5,NULL,80.0000,2,77.9527,48
16365,Angry Birds Space,Strategy,5,NULL,80.0000,2,77.9527,48
16365,Angry Birds Space,Arcade,5,NULL,80.0000,2,77.9527,48
18229,Shin Megami Tensei: Digital Devil Saga 2,Role-playing (RPG),11,NULL,90.0000,3,80.1040,21
546,Prey,Shooter,39,NULL,76.7500,6,75.2427,157
546,Prey,Puzzle,39,NULL,76.7500,6,75.2427,157
25230,Plants vs. Zombies: Heroes,Strategy,3,NULL,85.0000,1,69.9138,14
25230,Plants vs. Zombies: Heroes,Adventure,3,NULL,85.0000,1,69.9138,14
1072,Wario Land: Super Mario Land 3,Platform,24,NULL,NULL,NULL,79.5180,103
11328,Shadow Complex,Shooter,21,NULL,85.0000,7,85.7462,43
11328,Shadow Complex,Platform,21,NULL,85.0000,7,85.7462,43
11328,Shadow Complex,Puzzle,21,NULL,85.0000,7,85.7462,43
11328,Shadow Complex,Adventure,21,NULL,85.0000,7,85.7462,43
1059,Kingdoms of Amalur: Reckoning,Role-playing (RPG),50,NULL,78.6364,13,76.4718,162
3802,Risen 2: Dark Waters,Role-playing (RPG),26,NULL,63.6667,7,71.2875,81
4004,Metal Arms: Glitch in the System,Shooter,7,NULL,83.2500,5,70.1719,14
3503,Gauntlet II,Adventure,2,NULL,NULL,NULL,69.4909,22
3503,Gauntlet II,Arcade,2,NULL,NULL,NULL,69.4909,22
387,Final Fantasy II,Role-playing (RPG),8,NULL,NULL,NULL,70.5046,85
387,Final Fantasy II,Adventure,8,NULL,NULL,NULL,70.5046,85
4083,Red Faction II,Shooter,18,NULL,80.5000,4,68.1999,49
4083,Red Faction II,Strategy,18,NULL,80.5000,4,68.1999,49
4083,Red Faction II,Adventure,18,NULL,80.5000,4,68.1999,49
1645,James Bond 007: From Russia with Love,Shooter,11,NULL,65.3333,3,70.8703,27
90990,Rush'n Attack,Shooter,1,NULL,NULL,NULL,68.6537,15
90990,Rush'n Attack,Arcade,1,NULL,NULL,NULL,68.6537,15
9634,Endless Space,Strategy,17,NULL,75.0000,3,73.1537,41
8146,Closure,Platform,4,NULL,80.0000,2,72.9380,12
8146,Closure,Puzzle,4,NULL,80.0000,2,72.9380,12
8146,Closure,Strategy,4,NULL,80.0000,2,72.9380,12
8146,Closure,Indie,4,NULL,80.0000,2,72.9380,12
1647,GoldenEye 007,Shooter,10,NULL,87.2000,8,77.9953,30
9141,Guilty Gear X,Arcade,2,NULL,NULL,NULL,81.2082,23
1921,Black & White 2,Role-playing (RPG),22,NULL,73.3333,3,75.9085,56
1921,Black & White 2,Simulator,22,NULL,73.3333,3,75.9085,56
1921,Black & White 2,Strategy,22,NULL,73.3333,3,75.9085,56
1921,Black & White 2,Adventure,22,NULL,73.3333,3,75.9085,56
81141,Post Scriptum,Shooter,11,NULL,60.0000,1,89.8027,11
81141,Post Scriptum,Simulator,11,NULL,60.0000,1,89.8027,11
81141,Post Scriptum,Strategy,11,NULL,60.0000,1,89.8027,11
81141,Post Scriptum,Indie,11,NULL,60.0000,1,89.8027,11
26758,Super Mario Odyssey,Platform,369,88,96.7059,19,89.5443,1257
26758,Super Mario Odyssey,Adventure,369,88,96.7059,19,89.5443,1257
1078,Super Mario Galaxy 2,Platform,233,NULL,96.2500,10,89.1092,674
1078,Super Mario Galaxy 2,Adventure,233,NULL,96.2500,10,89.1092,674
3126,Ultima Online,Role-playing (RPG),7,NULL,67.0000,1,95.9040,36
6363,Tearaway,Platform,14,NULL,91.2000,12,83.8018,43
6363,Tearaway,Adventure,14,NULL,91.2000,12,83.8018,43
2708,Mario & Sonic at the London 2012 Olympic Games,Sport,4,NULL,62.0000,5,67.0482,24
1029,The Legend of Zelda: Ocarina of Time,Role-playing (RPG),635,2,NULL,NULL,92.0501,1597
1029,The Legend of Zelda: Ocarina of Time,Adventure,635,2,NULL,NULL,92.0501,1597
3719,Kirby Super Star,Platform,22,NULL,80.0000,1,85.4228,98
3719,Kirby Super Star,Adventure,22,NULL,80.0000,1,85.4228,98
7344,Ori and the Blind Forest,Platform,320,3,88.2857,17,87.4012,1094
7344,Ori and the Blind Forest,Puzzle,320,3,88.2857,17,87.4012,1094
7344,Ori and the Blind Forest,Adventure,320,3,88.2857,17,87.4012,1094
2712,Brain Age: Train Your Brain in Minutes a Day!,Puzzle,4,NULL,80.0000,3,58.5303,23
4624,Urban Champion,Adventure,3,NULL,NULL,NULL,59.7736,18
4624,Urban Champion,Arcade,3,NULL,NULL,NULL,59.7736,18
2959,Anno 2070,Simulator,31,NULL,75.0000,1,75.3639,80
2959,Anno 2070,Strategy,31,NULL,75.0000,1,75.3639,80
23921,Dragon Nest,Role-playing (RPG),3,NULL,NULL,NULL,79.1076,16
1189,Crash Twinsanity,Platform,15,NULL,62.6667,3,69.6050,92
1188,Crash Bandicoot: The Wrath of Cortex,Platform,34,NULL,62.0000,3,67.5144,140
45279,Heavy Rain: Director's Cut,Adventure,3,NULL,NULL,NULL,80.1505,15
2142,TimeSplitters,Shooter,8,NULL,NULL,NULL,79.7340,32
1627,Super Smash Bros. Melee,Platform,184,NULL,100.0000,2,88.5496,761
19468,Castlevania Chronicles,Platform,4,NULL,NULL,NULL,79.8641,25
19468,Castlevania Chronicles,Adventure,4,NULL,NULL,NULL,79.8641,25
9320,X3: Terran Conflict,Role-playing (RPG),8,NULL,90.0000,1,65.3273,13
9320,X3: Terran Conflict,Simulator,8,NULL,90.0000,1,65.3273,13
9320,X3: Terran Conflict,Strategy,8,NULL,90.0000,1,65.3273,13
96032,Honkai Impact 3rd,Role-playing (RPG),6,NULL,NULL,NULL,71.4504,23
96032,Honkai Impact 3rd,Adventure,6,NULL,NULL,NULL,71.4504,23
142314,Cloud Climber,Adventure,1,NULL,NULL,NULL,76.3669,11
142314,Cloud Climber,Indie,1,NULL,NULL,NULL,76.3669,11
5322,Sonic Boom: Rise of Lyric,Platform,2,3,37.5000,4,12.7985,24
5322,Sonic Boom: Rise of Lyric,Adventure,2,3,37.5000,4,12.7985,24
36846,The End Is Nigh,Platform,17,2,74.3333,5,84.6007,37
36846,The End Is Nigh,Adventure,17,2,74.3333,5,84.6007,37
36846,The End Is Nigh,Indie,17,2,74.3333,5,84.6007,37
237,SimCity 3000,Simulator,48,NULL,85.0000,1,81.5852,131
237,SimCity 3000,Strategy,48,NULL,85.0000,1,81.5852,131
10260,Motocross Madness,Sport,2,NULL,NULL,NULL,78.9978,17
5589,Clash of Clans,Strategy,43,NULL,NULL,NULL,73.3070,134
1136,Castlevania: Dawn of Sorrow,Platform,19,NULL,90.3333,4,86.2991,86
1136,Castlevania: Dawn of Sorrow,Puzzle,19,NULL,90.3333,4,86.2991,86
1136,Castlevania: Dawn of Sorrow,Role-playing (RPG),19,NULL,90.3333,4,86.2991,86
1136,Castlevania: Dawn of Sorrow,Adventure,19,NULL,90.3333,4,86.2991,86
20039,Pokémon Picross,Puzzle,3,NULL,71.6667,4,67.2768,18
20039,Pokémon Picross,Strategy,3,NULL,71.6667,4,67.2768,18
489,Rift,Role-playing (RPG),9,NULL,83.7500,7,67.7551,39
12143,The Hitchhiker's Guide to the Galaxy,Puzzle,4,NULL,NULL,NULL,68.3694,11
12143,The Hitchhiker's Guide to the Galaxy,Adventure,4,NULL,NULL,NULL,68.3694,11
1141,Castlevania: Order of Ecclesia,Platform,16,NULL,88.0000,2,83.2487,72
1141,Castlevania: Order of Ecclesia,Puzzle,16,NULL,88.0000,2,83.2487,72
1141,Castlevania: Order of Ecclesia,Role-playing (RPG),16,NULL,88.0000,2,83.2487,72
1141,Castlevania: Order of Ecclesia,Adventure,16,NULL,88.0000,2,83.2487,72
1692,Advance Wars 2: Black Hole Rising,Strategy,13,NULL,90.5000,2,86.1964,44
1694,Advance Wars: Days of Ruin,Strategy,11,NULL,84.6667,4,79.7872,28
5564,Viscera Cleanup Detail: Santa's Rampage,Simulator,7,NULL,NULL,NULL,73.0511,13
5564,Viscera Cleanup Detail: Santa's Rampage,Indie,7,NULL,NULL,NULL,73.0511,13
2482,The Godfather,Shooter,37,NULL,80.0000,2,67.4461,120
2482,The Godfather,Adventure,37,NULL,80.0000,2,67.4461,120
6362,Heretic,Shooter,10,1,NULL,NULL,79.6187,70
9499,Farming Simulator 15,Simulator,5,NULL,50.0000,7,71.2069,13
9499,Farming Simulator 15,Strategy,5,NULL,50.0000,7,71.2069,13
9109,Elite Beat Agents,Sport,10,NULL,83.3333,3,79.2564,36
4685,Avatar: The Last Airbender - The Burning Earth,Adventure,3,NULL,58.6667,3,58.8144,11
26580,Sally Face,Puzzle,2,NULL,NULL,NULL,80.0000,29
26580,Sally Face,Adventure,2,NULL,NULL,NULL,80.0000,29
26580,Sally Face,Indie,2,NULL,NULL,NULL,80.0000,29
78285,Digimon World Dusk,Role-playing (RPG),1,NULL,NULL,NULL,78.8890,19
6987,El Shaddai: Ascension of the Metatron,Platform,12,NULL,77.3333,5,70.7172,21
6987,El Shaddai: Ascension of the Metatron,Adventure,12,NULL,77.3333,5,70.7172,21
21713,Castlevania: Lords of Shadow - Ultimate Edition,Role-playing (RPG),9,NULL,84.0000,2,80.0885,13
21713,Castlevania: Lords of Shadow - Ultimate Edition,Adventure,9,NULL,84.0000,2,80.0885,13
8739,Monaco: What's Yours Is Mine,Puzzle,11,NULL,86.1111,10,69.7244,48
8739,Monaco: What's Yours Is Mine,Strategy,11,NULL,86.1111,10,69.7244,48
8739,Monaco: What's Yours Is Mine,Adventure,11,NULL,86.1111,10,69.7244,48
8739,Monaco: What's Yours Is Mine,Indie,11,NULL,86.1111,10,69.7244,48
10253,Dungeons & Dragons: Shadow over Mystara,Role-playing (RPG),6,NULL,75.0000,2,81.0828,24
2899,EarthBound,Role-playing (RPG),135,NULL,93.3333,3,89.2501,408
2899,EarthBound,Adventure,135,NULL,93.3333,3,89.2501,408
393,Final Fantasy III,Role-playing (RPG),22,NULL,63.7500,8,68.8819,106
393,Final Fantasy III,Adventure,22,NULL,63.7500,8,68.8819,106
872,Sins of a Solar Empire,Strategy,7,NULL,91.0000,4,82.4707,27
35371,Colony Survival,Simulator,13,1,NULL,NULL,80.1971,11
35371,Colony Survival,Strategy,13,1,NULL,NULL,80.1971,11
35371,Colony Survival,Adventure,13,1,NULL,NULL,80.1971,11
35371,Colony Survival,Indie,13,1,NULL,NULL,80.1971,11
102321,LEGO DC Super-Villains,Puzzle,8,1,70.1111,11,76.8565,20
102321,LEGO DC Super-Villains,Adventure,8,1,70.1111,11,76.8565,20
8576,Drakengard 3,Role-playing (RPG),17,NULL,56.2500,10,75.8314,38
8576,Drakengard 3,Strategy,17,NULL,56.2500,10,75.8314,38
8576,Drakengard 3,Adventure,17,NULL,56.2500,10,75.8314,38
7327,Valiant Hearts: The Great War,Platform,118,2,76.1111,11,81.8714,345
7327,Valiant Hearts: The Great War,Puzzle,118,2,76.1111,11,81.8714,345
7327,Valiant Hearts: The Great War,Adventure,118,2,76.1111,11,81.8714,345
7347,Spintires,Simulator,16,1,NULL,NULL,73.6190,26
7347,Spintires,Adventure,16,1,NULL,NULL,73.6190,26
7347,Spintires,Indie,16,1,NULL,NULL,73.6190,26
69638,Super Mario Bros. / Duck Hunt,Shooter,1,NULL,NULL,NULL,83.6286,26
69638,Super Mario Bros. / Duck Hunt,Platform,1,NULL,NULL,NULL,83.6286,26
69638,Super Mario Bros. / Duck Hunt,Adventure,1,NULL,NULL,NULL,83.6286,26
18055,Breath of Fire III,Role-playing (RPG),11,NULL,60.0000,1,77.5474,41
2029,Evoland,Role-playing (RPG),19,NULL,80.0000,3,67.7460,82
2029,Evoland,Adventure,19,NULL,80.0000,3,67.7460,82
2029,Evoland,Indie,19,NULL,80.0000,3,67.7460,82
661,Darwinia,Strategy,2,NULL,81.5000,3,70.6243,14
661,Darwinia,Indie,2,NULL,81.5000,3,70.6243,14
1182,Castlevania: Lords of Shadow 2,Adventure,35,1,63.2000,16,73.3268,101
10121,Sensible World of Soccer,Sport,15,NULL,80.0000,1,90.2564,29
103316,Trials Rising,Platform,16,9,76.9000,14,70.9881,33
103316,Trials Rising,Sport,16,9,76.9000,14,70.9881,33
103316,Trials Rising,Arcade,16,9,76.9000,14,70.9881,33
3641,World Cup 98,Sport,5,NULL,NULL,NULL,84.6937,27
126294,FIFA 2000: Major League Soccer,Sport,3,NULL,NULL,NULL,69.6572,31
583,2002 FIFA World Cup,Sport,7,NULL,67.0000,2,64.6867,39
19282,Lifeline,Role-playing (RPG),5,NULL,80.0000,3,72.1829,15
19282,Lifeline,Strategy,5,NULL,80.0000,3,72.1829,15
19282,Lifeline,Adventure,5,NULL,80.0000,3,72.1829,15
19282,Lifeline,Indie,5,NULL,80.0000,3,72.1829,15
8709,Marathon,Shooter,7,NULL,NULL,NULL,83.0219,12
3002,Dragon's Crown,Role-playing (RPG),17,NULL,80.9091,12,82.5757,42
9041,Blackwell Unbound,Adventure,11,NULL,NULL,NULL,77.6037,48
9041,Blackwell Unbound,Indie,11,NULL,NULL,NULL,77.6037,48
37151,Mario & Luigi: Superstar Saga + Bowser's Minions,Platform,4,NULL,84.0000,7,79.2790,14
37151,Mario & Luigi: Superstar Saga + Bowser's Minions,Role-playing (RPG),4,NULL,84.0000,7,79.2790,14
37151,Mario & Luigi: Superstar Saga + Bowser's Minions,Adventure,4,NULL,84.0000,7,79.2790,14
19554,Steep,Simulator,36,8,72.8947,22,81.0828,90
19554,Steep,Sport,36,8,72.8947,22,81.0828,90
19554,Steep,Adventure,36,8,72.8947,22,81.0828,90
6599,Sonic Advance 3,Platform,8,NULL,72.0000,2,71.4036,53
6599,Sonic Advance 3,Adventure,8,NULL,72.0000,2,71.4036,53
9035,Tormentum: Dark Sorrow,Puzzle,11,NULL,76.6667,3,88.5019,26
9035,Tormentum: Dark Sorrow,Adventure,11,NULL,76.6667,3,88.5019,26
9035,Tormentum: Dark Sorrow,Indie,11,NULL,76.6667,3,88.5019,26
1801,Sly Cooper: Thieves in Time,Platform,26,NULL,79.8333,16,79.0600,71
1801,Sly Cooper: Thieves in Time,Adventure,26,NULL,79.8333,16,79.0600,71
3072,Forza Motorsport 2,Simulator,14,NULL,90.0000,4,78.2558,49
3072,Forza Motorsport 2,Sport,14,NULL,90.0000,4,78.2558,49
7458,The Sly Collection,Platform,19,NULL,84.4444,12,80.7698,30
7458,The Sly Collection,Adventure,19,NULL,84.4444,12,80.7698,30
8702,Dreaming Sarah,Platform,3,NULL,NULL,NULL,56.6279,15
8702,Dreaming Sarah,Puzzle,3,NULL,NULL,NULL,56.6279,15
8702,Dreaming Sarah,Adventure,3,NULL,NULL,NULL,56.6279,15
8702,Dreaming Sarah,Indie,3,NULL,NULL,NULL,56.6279,15
2841,The Simpsons Wrestling,Sport,6,NULL,NULL,NULL,40.4024,26
4372,The Terminator,Shooter,2,NULL,NULL,NULL,63.0599,11
4372,The Terminator,Arcade,2,NULL,NULL,NULL,63.0599,11
5489,Game of Thrones,Role-playing (RPG),10,NULL,57.1429,7,64.2753,38
5489,Game of Thrones,Adventure,10,NULL,57.1429,7,64.2753,38
1226,Kingdom Hearts 3D: Dream Drop Distance,Role-playing (RPG),16,NULL,73.8333,7,75.2041,61
16612,Twelve Minutes,Puzzle,16,53,78.7500,11,65.9720,154
16612,Twelve Minutes,Adventure,16,53,78.7500,11,65.9720,154
16612,Twelve Minutes,Indie,16,53,78.7500,11,65.9720,154
6883,Shin Megami Tensei: Devil Summoner - Soul Hackers,Role-playing (RPG),7,NULL,72.5000,6,79.9963,18
6883,Shin Megami Tensei: Devil Summoner - Soul Hackers,Adventure,7,NULL,72.5000,6,79.9963,18
19464,NHL 17,Sport,2,1,79.7222,19,79.3501,21
4756,Child of Light,Platform,129,4,87.5000,16,82.1636,314
4756,Child of Light,Role-playing (RPG),129,4,87.5000,16,82.1636,314
4756,Child of Light,Adventure,129,4,87.5000,16,82.1636,314
10988,They Bleed Pixels,Platform,3,NULL,80.0000,1,81.6710,13
10988,They Bleed Pixels,Puzzle,3,NULL,80.0000,1,81.6710,13
10988,They Bleed Pixels,Adventure,3,NULL,80.0000,1,81.6710,13
10988,They Bleed Pixels,Indie,3,NULL,80.0000,1,81.6710,13
10988,They Bleed Pixels,Arcade,3,NULL,80.0000,1,81.6710,13
1055,Red Orchestra 2: Heroes of Stalingrad,Shooter,13,NULL,NULL,NULL,70.6298,40
1055,Red Orchestra 2: Heroes of Stalingrad,Simulator,13,NULL,NULL,NULL,70.6298,40
1055,Red Orchestra 2: Heroes of Stalingrad,Strategy,13,NULL,NULL,NULL,70.6298,40
28213,The Jackbox Party Pack 4,Puzzle,6,1,76.0000,4,76.5382,25
28213,The Jackbox Party Pack 4,Strategy,6,1,76.0000,4,76.5382,25
28213,The Jackbox Party Pack 4,Indie,6,1,76.0000,4,76.5382,25
6487,Disney's DuckTales,Platform,43,NULL,86.0000,1,82.1587,139
13164,The Dwarves,Role-playing (RPG),7,3,58.5556,9,60.7612,12
1313,Medal of Honor: Vanguard,Shooter,6,NULL,51.7500,5,68.6241,25
119239,SpongeBob SquarePants: Battle for Bikini Bottom - Rehydrated,Platform,76,3,67.5000,9,80.9424,57
119239,SpongeBob SquarePants: Battle for Bikini Bottom - Rehydrated,Adventure,76,3,67.5000,9,80.9424,57
5335,Goat Simulator,Simulator,53,4,52.0909,11,53.9580,229
5335,Goat Simulator,Adventure,53,4,52.0909,11,53.9580,229
5335,Goat Simulator,Indie,53,4,52.0909,11,53.9580,229
11529,The Jackbox Party Pack,Puzzle,11,NULL,73.5000,2,64.1808,31
11529,The Jackbox Party Pack,Strategy,11,NULL,73.5000,2,64.1808,31
11529,The Jackbox Party Pack,Indie,11,NULL,73.5000,2,64.1808,31
2994,Invizimals,Puzzle,2,NULL,NULL,NULL,64.4661,11
2994,Invizimals,Strategy,2,NULL,NULL,NULL,64.4661,11
2994,Invizimals,Adventure,2,NULL,NULL,NULL,64.4661,11
18373,Patapon 3,Strategy,3,NULL,70.0000,4,70.1535,13
273,Unreal,Shooter,36,NULL,NULL,NULL,80.6110,102
273,Unreal,Platform,36,NULL,NULL,NULL,80.6110,102
146641,Super Auto Pets,Strategy,NULL,NULL,NULL,NULL,74.6700,18
4648,Pro Evolution Soccer 2009,Simulator,13,NULL,90.0000,5,73.9927,65
4648,Pro Evolution Soccer 2009,Sport,13,NULL,90.0000,5,73.9927,65
6939,Clive Barker's Jericho,Shooter,23,NULL,66.0000,3,76.4488,73
21020,Ys I & II Chronicles,Role-playing (RPG),4,NULL,71.0000,3,60.5854,16
27238,AM2R: Return of Samus,Platform,5,1,NULL,NULL,82.5242,39
27238,AM2R: Return of Samus,Adventure,5,1,NULL,NULL,82.5242,39
7813,Patapon 2,Puzzle,4,NULL,86.5000,2,79.7874,19
7813,Patapon 2,Strategy,4,NULL,86.5000,2,79.7874,19
1459,LocoRoco,Platform,10,1,91.0000,2,81.7256,50
1459,LocoRoco,Puzzle,10,1,91.0000,2,81.7256,50
1459,LocoRoco,Strategy,10,1,91.0000,2,81.7256,50
1459,LocoRoco,Adventure,10,1,91.0000,2,81.7256,50
19506,Sonic Dash,Platform,7,NULL,60.0000,1,73.9861,24
19506,Sonic Dash,Arcade,7,NULL,60.0000,1,73.9861,24
9761,Cut the Rope,Puzzle,18,NULL,NULL,NULL,78.4614,57
9761,Cut the Rope,Indie,18,NULL,NULL,NULL,78.4614,57
9761,Cut the Rope,Arcade,18,NULL,NULL,NULL,78.4614,57
348,Battlefield 2: Modern Combat,Shooter,13,NULL,80.5000,6,63.1250,36
2348,Midtown Madness,Simulator,9,NULL,NULL,NULL,71.5057,45
3348,Glover,Platform,1,NULL,NULL,NULL,68.6267,17
21798,Portal: Still Alive,Puzzle,5,NULL,95.0000,2,85.5897,23
1047,Worms 3D,Strategy,21,NULL,80.0000,1,72.3614,79
11797,LawBreakers,Shooter,14,8,78.7857,18,61.6939,9
11797,LawBreakers,Sport,14,8,78.7857,18,61.6939,9
1498,Front Mission,Strategy,3,NULL,70.0000,2,89.0520,18
18831,Bad Dudes vs. Dragon Ninja,Arcade,NULL,NULL,NULL,NULL,69.7795,17
27308,Four Last Things,Adventure,3,NULL,NULL,NULL,73.1726,13
27308,Four Last Things,Indie,3,NULL,NULL,NULL,73.1726,13
3505,Gex 3: Deep Cover Gecko,Platform,8,NULL,67.0000,1,77.8014,20
6244,Worms 4: Mayhem,Strategy,14,NULL,60.0000,2,60.7752,43
135999,Tetris Effect: Connected,Puzzle,3,3,88.6000,12,95.7693,39
135999,Tetris Effect: Connected,Indie,3,3,88.6000,12,95.7693,39
135999,Tetris Effect: Connected,Arcade,3,3,88.6000,12,95.7693,39
668,Descent II,Shooter,7,NULL,92.0000,1,70.4203,18
668,Descent II,Simulator,7,NULL,92.0000,1,70.4203,18
561,Colin McRae: Dirt 2,Sport,39,NULL,79.0000,12,78.6296,117
8420,Star Trek: Elite Force II,Shooter,5,NULL,76.3333,4,76.0444,15
8420,Star Trek: Elite Force II,Puzzle,5,NULL,76.3333,4,76.0444,15
2440,Commander Keen in Invasion of the Vorticons: The Earth Explodes,Platform,4,NULL,NULL,NULL,69.2248,16
2617,The Settlers II: Gold Edition,Simulator,22,NULL,NULL,NULL,92.2065,41
2617,The Settlers II: Gold Edition,Strategy,22,NULL,NULL,NULL,92.2065,41
2596,"The Settlers II: Veni, Vidi, Vici",Simulator,15,NULL,NULL,NULL,82.1757,36
2596,"The Settlers II: Veni, Vidi, Vici",Strategy,15,NULL,NULL,NULL,82.1757,36
2443,"Commander Keen in Goodbye, Galaxy!: Secret of the Oracle",Platform,15,NULL,NULL,NULL,78.9708,32
10998,Fate,Role-playing (RPG),2,NULL,NULL,NULL,61.1474,14
10998,Fate,Adventure,2,NULL,NULL,NULL,61.1474,14
2895,NetHack,Role-playing (RPG),3,NULL,NULL,NULL,88.9328,15
15120,The Tiny Bang Story,Puzzle,7,NULL,70.0000,1,72.9270,27
15120,The Tiny Bang Story,Adventure,7,NULL,70.0000,1,72.9270,27
15120,The Tiny Bang Story,Indie,7,NULL,70.0000,1,72.9270,27
7689,Batman: Arkham Origins Blackgate,Shooter,13,NULL,73.4000,5,70.0684,41
7689,Batman: Arkham Origins Blackgate,Adventure,13,NULL,73.4000,5,70.0684,41
11465,Frogger,Puzzle,6,NULL,90.0000,1,46.4215,20
11465,Frogger,Adventure,6,NULL,90.0000,1,46.4215,20
11465,Frogger,Arcade,6,NULL,90.0000,1,46.4215,20
11078,Shantae: Half-Genie Hero,Platform,29,2,80.7500,17,81.0238,52
11078,Shantae: Half-Genie Hero,Adventure,29,2,80.7500,17,81.0238,52
11078,Shantae: Half-Genie Hero,Indie,29,2,80.7500,17,81.0238,52
6795,Frogger,Platform,12,NULL,NULL,NULL,67.1591,59
6795,Frogger,Arcade,12,NULL,NULL,NULL,67.1591,59
152271,Citizen Sleeper,Role-playing (RPG),3,2,80.0000,1,83.4500,35
152271,Citizen Sleeper,Adventure,3,2,80.0000,1,83.4500,35
152271,Citizen Sleeper,Indie,3,2,80.0000,1,83.4500,35
4489,Batman: Return of the Joker,Platform,3,NULL,NULL,NULL,62.2756,27
5740,Batman: Vengeance,Adventure,4,NULL,68.0000,3,66.6167,19
25838,The Isle,Shooter,17,2,NULL,NULL,86.9708,19
25838,The Isle,Role-playing (RPG),17,2,NULL,NULL,86.9708,19
25838,The Isle,Simulator,17,2,NULL,NULL,86.9708,19
25838,The Isle,Strategy,17,2,NULL,NULL,86.9708,19
25838,The Isle,Adventure,17,2,NULL,NULL,86.9708,19
25838,The Isle,Indie,17,2,NULL,NULL,86.9708,19
1843,Tom Clancy's Rainbow Six: Rogue Spear,Shooter,9,NULL,75.0000,1,82.1985,26
1843,Tom Clancy's Rainbow Six: Rogue Spear,Simulator,9,NULL,75.0000,1,82.1985,26
6325,Gemini Rue,Puzzle,24,NULL,65.0000,3,84.7505,70
6325,Gemini Rue,Role-playing (RPG),24,NULL,65.0000,3,84.7505,70
6325,Gemini Rue,Adventure,24,NULL,65.0000,3,84.7505,70
6325,Gemini Rue,Indie,24,NULL,65.0000,3,84.7505,70
673,Doom,Shooter,350,1,80.0000,0,85.0929,868
70708,Azur Lane,Shooter,6,NULL,NULL,NULL,79.3240,21
70708,Azur Lane,Role-playing (RPG),6,NULL,NULL,NULL,79.3240,21
70708,Azur Lane,Simulator,6,NULL,NULL,NULL,79.3240,21
70708,Azur Lane,Strategy,6,NULL,NULL,NULL,79.3240,21
70708,Azur Lane,Adventure,6,NULL,NULL,NULL,79.3240,21
361,Far Cry 2,Shooter,101,NULL,85.0000,9,72.2752,431
361,Far Cry 2,Adventure,101,NULL,85.0000,9,72.2752,431
94873,Sonic Mania Plus,Platform,7,NULL,86.7778,9,95.0747,45
5054,NBA 2K10,Simulator,3,NULL,82.8000,5,73.7673,23
5054,NBA 2K10,Sport,3,NULL,82.8000,5,73.7673,23
119357,Immortals Fenyx Rising,Puzzle,39,50,73.7000,13,76.9922,87
119357,Immortals Fenyx Rising,Role-playing (RPG),39,50,73.7000,13,76.9922,87
119357,Immortals Fenyx Rising,Adventure,39,50,73.7000,13,76.9922,87
139078,Dyson Sphere Program,Simulator,5,NULL,NULL,NULL,80.7443,22
139078,Dyson Sphere Program,Strategy,5,NULL,NULL,NULL,80.7443,22
139078,Dyson Sphere Program,Indie,5,NULL,NULL,NULL,80.7443,22
95832,Shantae: Half-Genie Hero Ultimate Edition,Platform,2,NULL,83.0000,3,89.3830,11
95832,Shantae: Half-Genie Hero Ultimate Edition,Adventure,2,NULL,83.0000,3,89.3830,11
95832,Shantae: Half-Genie Hero Ultimate Edition,Indie,2,NULL,83.0000,3,89.3830,11
23193,Battlerite,Strategy,19,1,80.0000,13,79.5578,75
6161,State of Emergency,Adventure,3,NULL,66.6667,3,59.7861,12
12071,Eye of the Beholder II: The Legend of Darkmoon,Role-playing (RPG),7,NULL,NULL,NULL,87.2392,17
19224,DX-Ball,Arcade,5,NULL,NULL,NULL,86.1262,12
4236,Worms Blast,Puzzle,5,NULL,NULL,NULL,64.3068,15
4236,Worms Blast,Strategy,5,NULL,NULL,NULL,64.3068,15
4236,Worms Blast,Arcade,5,NULL,NULL,NULL,64.3068,15
5714,25 To Life,Shooter,2,NULL,100.0000,2,47.5850,17
935,Wing Commander: Prophecy,Shooter,4,NULL,67.0000,2,88.0694,11
935,Wing Commander: Prophecy,Simulator,4,NULL,67.0000,2,88.0694,11
893,King's Quest III: To Heir is Human,Puzzle,4,NULL,NULL,NULL,72.7931,24
893,King's Quest III: To Heir is Human,Adventure,4,NULL,NULL,NULL,72.7931,24
2845,The Simpsons: Tapped Out,Simulator,5,NULL,NULL,NULL,66.2140,34
2845,The Simpsons: Tapped Out,Adventure,5,NULL,NULL,NULL,66.2140,34
16845,Turbo Dismount,Simulator,6,NULL,NULL,NULL,60.0982,12
16845,Turbo Dismount,Indie,6,NULL,NULL,NULL,60.0982,12
27845,The Elder Scrolls IV: Oblivion - Game of the Year Edition,Role-playing (RPG),7,NULL,90.0000,1,89.3153,46
27845,The Elder Scrolls IV: Oblivion - Game of the Year Edition,Adventure,7,NULL,90.0000,1,89.3153,46
2446,Commander Keen in Aliens Ate My Baby Sitter!,Platform,6,NULL,NULL,NULL,79.7183,21
11075,NHL 16,Sport,4,1,78.7778,11,81.5295,20
8452,Disney's Darkwing Duck,Platform,9,NULL,NULL,NULL,80.8059,49
8452,Disney's Darkwing Duck,Puzzle,9,NULL,NULL,NULL,80.8059,49
26821,Colin McRae Rally,Sport,4,NULL,50.0000,1,42.4711,11
1287,The Legend of Kyrandia 3: Malcolm's Revenge,Puzzle,3,NULL,NULL,NULL,62.4252,12
1287,The Legend of Kyrandia 3: Malcolm's Revenge,Adventure,3,NULL,NULL,NULL,62.4252,12
13153,Knock-knock,Platform,6,NULL,46.6667,3,50.0901,21
13153,Knock-knock,Role-playing (RPG),6,NULL,46.6667,3,50.0901,21
13153,Knock-knock,Simulator,6,NULL,46.6667,3,50.0901,21
13153,Knock-knock,Strategy,6,NULL,46.6667,3,50.0901,21
13153,Knock-knock,Adventure,6,NULL,46.6667,3,50.0901,21
13153,Knock-knock,Indie,6,NULL,46.6667,3,50.0901,21
13153,Knock-knock,Arcade,6,NULL,46.6667,3,50.0901,21
5405,NHL '94,Simulator,1,NULL,NULL,NULL,74.3834,15
5405,NHL '94,Sport,1,NULL,NULL,NULL,74.3834,15
26878,Cultist Simulator,Role-playing (RPG),7,2,85.0000,2,67.5851,38
26878,Cultist Simulator,Simulator,7,2,85.0000,2,67.5851,38
26878,Cultist Simulator,Adventure,7,2,85.0000,2,67.5851,38
26878,Cultist Simulator,Indie,7,2,85.0000,2,67.5851,38
671,Divine Divinity,Role-playing (RPG),18,NULL,83.0000,1,82.2274,44
36847,NHL 18,Sport,4,1,76.1250,9,70.0769,15
954,NHL 11,Sport,2,NULL,88.0000,6,79.9303,17
2986,NHL 13,Simulator,3,NULL,83.8333,7,79.9211,12
2986,NHL 13,Sport,3,NULL,83.8333,7,79.9211,12
3003,NHL 14,Simulator,2,NULL,78.3333,8,80.0078,14
3003,NHL 14,Sport,2,NULL,78.3333,8,80.0078,14
9058,Praetorians,Strategy,6,NULL,83.5000,2,87.4865,16
9058,Praetorians,Indie,6,NULL,83.5000,2,87.4865,16
825,Saints Row,Shooter,24,NULL,82.5000,4,68.0249,65
825,Saints Row,Adventure,24,NULL,82.5000,4,68.0249,65
20655,Final Fantasy VI Advance,Role-playing (RPG),4,NULL,88.3333,3,88.3495,13
20655,Final Fantasy VI Advance,Adventure,4,NULL,88.3333,3,88.3495,13
101211,Rage 2,Shooter,83,54,68.6364,17,69.6868,151
101211,Rage 2,Role-playing (RPG),83,54,68.6364,17,69.6868,151
101211,Rage 2,Adventure,83,54,68.6364,17,69.6868,151
1282,The Legend of Kyrandia,Adventure,4,NULL,NULL,NULL,71.1020,23
4534,Ghostbusters,Shooter,2,NULL,10.0000,0,79.5315,12
4534,Ghostbusters,Platform,2,NULL,10.0000,0,79.5315,12
11093,Armikrog,Platform,4,1,57.2222,11,76.2986,15
11093,Armikrog,Puzzle,4,1,57.2222,11,76.2986,15
11093,Armikrog,Strategy,4,1,57.2222,11,76.2986,15
11093,Armikrog,Adventure,4,1,57.2222,11,76.2986,15
11093,Armikrog,Indie,4,1,57.2222,11,76.2986,15
18294,The Punisher,Shooter,16,NULL,78.6667,3,79.5542,51
18294,The Punisher,Adventure,16,NULL,78.6667,3,79.5542,51
114283,Persona 5 Royal,Role-playing (RPG),54,3,94.0000,14,96.4790,307
114283,Persona 5 Royal,Adventure,54,3,94.0000,14,96.4790,307
1745,Mega Man X5,Shooter,12,NULL,50.0000,1,74.6530,77
1745,Mega Man X5,Platform,12,NULL,50.0000,1,74.6530,77
1745,Mega Man X5,Adventure,12,NULL,50.0000,1,74.6530,77
2605,BattleBlock Theater,Platform,28,NULL,89.2857,8,77.4129,152
2605,BattleBlock Theater,Puzzle,28,NULL,89.2857,8,77.4129,152
2605,BattleBlock Theater,Adventure,28,NULL,89.2857,8,77.4129,152
2605,BattleBlock Theater,Indie,28,NULL,89.2857,8,77.4129,152
43335,FIFA Soccer 2003,Sport,2,NULL,NULL,NULL,78.2809,23
24288,Dissidia 012: Duodecim Final Fantasy,Role-playing (RPG),5,NULL,75.0000,4,79.9089,24
24288,Dissidia 012: Duodecim Final Fantasy,Adventure,5,NULL,75.0000,4,79.9089,24
3141,Tales of the Unknown: Volume I - The Bard's Tale,Role-playing (RPG),4,NULL,NULL,NULL,84.0451,14
3141,Tales of the Unknown: Volume I - The Bard's Tale,Adventure,4,NULL,NULL,NULL,84.0451,14
4695,Twisted Metal,Shooter,20,NULL,75.0000,5,75.0695,49
7049,Legendary,Shooter,4,NULL,52.5000,3,57.3031,22
7325,Lara Croft and the Temple of Osiris,Shooter,35,2,75.0909,11,70.0429,92
7325,Lara Croft and the Temple of Osiris,Puzzle,35,2,75.0909,11,70.0429,92
7325,Lara Croft and the Temple of Osiris,Adventure,35,2,75.0909,11,70.0429,92
63,Escape from Monkey Island,Puzzle,27,NULL,90.0000,1,74.3784,123
63,Escape from Monkey Island,Adventure,27,NULL,90.0000,1,74.3784,123
696,FIFA Soccer 07,Sport,25,NULL,75.4000,7,72.6186,100
24598,Marvel Future Fight,Role-playing (RPG),8,NULL,65.0000,1,69.7604,16
3846,Capcom vs. SNK 2: Mark of the Millennium 2001,Arcade,8,NULL,75.0000,2,84.7089,25
27155,Touhou Koumakyou: The Embodiment of Scarlet Devil,Shooter,3,NULL,NULL,NULL,79.9599,36
27155,Touhou Koumakyou: The Embodiment of Scarlet Devil,Indie,3,NULL,NULL,NULL,79.9599,36
7553,McPixel,Puzzle,4,NULL,75.0000,2,70.8554,29
7553,McPixel,Adventure,4,NULL,75.0000,2,70.8554,29
7553,McPixel,Indie,4,NULL,75.0000,2,70.8554,29
349,Battlefield 2142,Shooter,23,NULL,79.7500,5,74.8383,82
2439,Commander Keen in Invasion of the Vorticons: Marooned on Mars,Platform,10,NULL,NULL,NULL,83.6198,28
18618,Super Bomberman 3,Strategy,9,NULL,NULL,NULL,78.2667,21
1746,Mega Man X6,Platform,9,NULL,NULL,NULL,67.8522,56
1746,Mega Man X6,Adventure,9,NULL,NULL,NULL,67.8522,56
294,Hidden & Dangerous,Shooter,8,NULL,NULL,NULL,79.5799,28
294,Hidden & Dangerous,Strategy,8,NULL,NULL,NULL,79.5799,28
294,Hidden & Dangerous,Adventure,8,NULL,NULL,NULL,79.5799,28
27156,Touhou Kaeizuka: Phantasmagoria of Flower View,Shooter,3,NULL,NULL,NULL,79.8035,15
27156,Touhou Kaeizuka: Phantasmagoria of Flower View,Indie,3,NULL,NULL,NULL,79.8035,15
1316,Medal of Honor: Rising Sun,Shooter,13,NULL,40.0000,1,66.7196,75
6778,Puzzle Agent 2,Puzzle,6,NULL,NULL,NULL,78.9791,18
6778,Puzzle Agent 2,Adventure,6,NULL,NULL,NULL,78.9791,18
18689,Yume Nikki,Adventure,17,NULL,NULL,NULL,78.0596,71
18689,Yume Nikki,Indie,17,NULL,NULL,NULL,78.0596,71
63998,Tsukihime,Adventure,2,NULL,NULL,NULL,86.1777,11
199418,Dedalium,Role-playing (RPG),12,NULL,NULL,NULL,90.7692,13
199418,Dedalium,Strategy,12,NULL,NULL,NULL,90.7692,13
199418,Dedalium,Indie,12,NULL,NULL,NULL,90.7692,13
96437,Starfield,Shooter,42,136,87.4286,10,62.2988,138
96437,Starfield,Role-playing (RPG),42,136,87.4286,10,62.2988,138
96437,Starfield,Adventure,42,136,87.4286,10,62.2988,138
1374,F1 2011,Simulator,8,NULL,76.6000,11,74.6755,25
1374,F1 2011,Sport,8,NULL,76.6000,11,74.6755,25
7047,The Last Remnant,Role-playing (RPG),11,NULL,56.5000,4,64.7180,18
7047,The Last Remnant,Strategy,11,NULL,56.5000,4,64.7180,18
11681,SkiFree,Sport,3,NULL,NULL,NULL,60.0367,16
11681,SkiFree,Arcade,3,NULL,NULL,NULL,60.0367,16
1027,The Legend of Zelda: Link's Awakening DX,Role-playing (RPG),47,NULL,NULL,NULL,88.4558,150
1027,The Legend of Zelda: Link's Awakening DX,Adventure,47,NULL,NULL,NULL,88.4558,150
1502,Front Mission 3,Role-playing (RPG),8,NULL,NULL,NULL,83.8198,24
1502,Front Mission 3,Strategy,8,NULL,NULL,NULL,83.8198,24
5107,Fatal Frame III: The Tormented,Adventure,11,NULL,81.6667,3,80.0559,32
142,Star Wars: Battlefront II,Shooter,230,NULL,75.6000,5,84.9168,582
3646,WWF WrestleMania 2000,Sport,3,NULL,70.0000,1,69.6326,17
50834,Yu-Gi-Oh! Power of Chaos: Yugi the Destiny,Strategy,8,NULL,NULL,NULL,60.4419,23
54789,MudRunner,Simulator,17,2,70.0000,5,75.5915,35
54789,MudRunner,Strategy,17,2,70.0000,5,75.5915,35
27827,Assassin's Creed: Director's Cut Edition,Platform,9,NULL,80.0000,2,73.3797,25
27827,Assassin's Creed: Director's Cut Edition,Adventure,9,NULL,80.0000,2,73.3797,25
14378,Praey for the Gods,Platform,44,30,70.0000,2,64.9902,15
14378,Praey for the Gods,Role-playing (RPG),44,30,70.0000,2,64.9902,15
14378,Praey for the Gods,Simulator,44,30,70.0000,2,64.9902,15
14378,Praey for the Gods,Adventure,44,30,70.0000,2,64.9902,15
14378,Praey for the Gods,Indie,44,30,70.0000,2,64.9902,15
2361,Disney's 102 Dalmatians: Puppies to the Rescue,Platform,9,NULL,NULL,NULL,70.7964,29
2361,Disney's 102 Dalmatians: Puppies to the Rescue,Adventure,9,NULL,NULL,NULL,70.7964,29
7115,Need for Speed: Shift 2 Unleashed,Simulator,25,NULL,81.1667,9,77.6236,80
15851,Score! Hero,Sport,4,NULL,NULL,NULL,74.8782,27
15851,Score! Hero,Arcade,4,NULL,NULL,NULL,74.8782,27
17249,Ninja Gaiden III: The Ancient Ship of Doom,Platform,4,NULL,NULL,NULL,79.7700,30
17249,Ninja Gaiden III: The Ancient Ship of Doom,Adventure,4,NULL,NULL,NULL,79.7700,30
17249,Ninja Gaiden III: The Ancient Ship of Doom,Arcade,4,NULL,NULL,NULL,79.7700,30
75100,Heroes of Hammerwatch,Role-playing (RPG),5,NULL,85.0000,0,70.0455,14
75100,Heroes of Hammerwatch,Adventure,5,NULL,85.0000,0,70.0455,14
75100,Heroes of Hammerwatch,Indie,5,NULL,85.0000,0,70.0455,14
8491,Bio Menace,Platform,8,NULL,NULL,NULL,78.9017,16
8491,Bio Menace,Puzzle,8,NULL,NULL,NULL,78.9017,16
141547,Evil West,Shooter,2,11,72.0000,6,69.4679,21
141547,Evil West,Adventure,2,11,72.0000,6,69.4679,21
1987,XIII,Shooter,43,NULL,73.2000,7,77.8270,109
1987,XIII,Puzzle,43,NULL,73.2000,7,77.8270,109
48928,Teenage Mutant Ninja Turtles: Fall of the Foot Clan,Adventure,NULL,NULL,NULL,NULL,58.2054,17
14731,Teenage Mutant Ninja Turtles III: The Manhattan Project,Adventure,9,NULL,NULL,NULL,78.9305,48
14731,Teenage Mutant Ninja Turtles III: The Manhattan Project,Arcade,9,NULL,NULL,NULL,78.9305,48
3863,Conflict: Desert Storm,Shooter,7,NULL,67.3333,4,70.1689,22
1885,Homefront,Shooter,47,NULL,74.3333,14,68.7285,160
27874,Bad Dream: Coma,Adventure,3,NULL,80.0000,1,68.3456,11
27874,Bad Dream: Coma,Indie,3,NULL,80.0000,1,68.3456,11
1671,Panzer Dragoon Saga,Role-playing (RPG),2,NULL,NULL,NULL,87.4448,17
6247,Trine,Platform,88,NULL,85.4286,9,76.6336,243
6247,Trine,Puzzle,88,NULL,85.4286,9,76.6336,243
6247,Trine,Adventure,88,NULL,85.4286,9,76.6336,243
6247,Trine,Indie,88,NULL,85.4286,9,76.6336,243
210484,Ninja Gaiden,Platform,NULL,NULL,NULL,NULL,73.6788,12
210484,Ninja Gaiden,Adventure,NULL,NULL,NULL,NULL,73.6788,12
210484,Ninja Gaiden,Arcade,NULL,NULL,NULL,NULL,73.6788,12
11701,Gravity Rush,Role-playing (RPG),42,NULL,82.1429,7,79.5941,95
11701,Gravity Rush,Adventure,42,NULL,82.1429,7,79.5941,95
18076,Environmental Station Alpha,Platform,5,NULL,NULL,NULL,73.5460,11
18076,Environmental Station Alpha,Adventure,5,NULL,NULL,NULL,73.5460,11
18076,Environmental Station Alpha,Indie,5,NULL,NULL,NULL,73.5460,11
11765,The Static Speaks My Name,Role-playing (RPG),6,NULL,NULL,NULL,62.6738,21
11765,The Static Speaks My Name,Adventure,6,NULL,NULL,NULL,62.6738,21
11765,The Static Speaks My Name,Indie,6,NULL,NULL,NULL,62.6738,21
24065,Naruto: Ninja Council 2,Platform,3,NULL,45.0000,1,59.9352,15
61936,Where's My Water? 2,Puzzle,1,NULL,NULL,NULL,75.1203,11
18855,Armies of Exigo,Strategy,1,NULL,69.0000,3,87.4020,12
9253,Ingress,Role-playing (RPG),6,NULL,96.0000,1,64.0479,14
9253,Ingress,Strategy,6,NULL,96.0000,1,64.0479,14
9253,Ingress,Adventure,6,NULL,96.0000,1,64.0479,14
22365,Moirai,Adventure,4,NULL,NULL,NULL,70.2437,26
22365,Moirai,Indie,4,NULL,NULL,NULL,70.2437,26
2289,Pokémon Stadium,Role-playing (RPG),48,NULL,NULL,NULL,73.2586,229
2047,Poker Night 2,Puzzle,8,NULL,65.0000,4,75.9078,26
2047,Poker Night 2,Sport,8,NULL,65.0000,4,75.9078,26
2047,Poker Night 2,Strategy,8,NULL,65.0000,4,75.9078,26
6976,Dynasty Warriors 8,Adventure,6,NULL,71.4286,7,76.7554,15
1972,Manhunt 2,Adventure,18,NULL,61.0000,5,72.3366,61
1131,Castlevania: Legacy of Darkness,Platform,5,NULL,NULL,NULL,51.5889,15
1131,Castlevania: Legacy of Darkness,Puzzle,5,NULL,NULL,NULL,51.5889,15
1131,Castlevania: Legacy of Darkness,Adventure,5,NULL,NULL,NULL,51.5889,15
1142,Castlevania Judgment,Simulator,3,NULL,30.0000,1,53.5965,13
1142,Castlevania Judgment,Strategy,3,NULL,30.0000,1,53.5965,13
1142,Castlevania Judgment,Adventure,3,NULL,30.0000,1,53.5965,13
121503,Doom II,Shooter,1,NULL,NULL,NULL,89.9124,15
1773,Ratchet & Clank: Up Your Arsenal,Shooter,57,NULL,80.0000,1,80.7841,153
1773,Ratchet & Clank: Up Your Arsenal,Platform,57,NULL,80.0000,1,80.7841,153
1773,Ratchet & Clank: Up Your Arsenal,Adventure,57,NULL,80.0000,1,80.7841,153
11072,Madden NFL 16,Sport,6,NULL,84.2500,14,82.7096,14
7576,Drakan: Order of the Flame,Role-playing (RPG),5,1,NULL,NULL,89.2876,12
7576,Drakan: Order of the Flame,Adventure,5,1,NULL,NULL,89.2876,12
8290,Heavy Metal: F.A.K.K. 2,Shooter,8,NULL,70.0000,1,79.9753,19
8290,Heavy Metal: F.A.K.K. 2,Puzzle,8,NULL,70.0000,1,79.9753,19
8290,Heavy Metal: F.A.K.K. 2,Adventure,8,NULL,70.0000,1,79.9753,19
102805,WWE 2K19,Simulator,18,6,71.6250,10,75.1265,32
102805,WWE 2K19,Sport,18,6,71.6250,10,75.1265,32
2746,Madden NFL 08,Simulator,4,NULL,74.1667,7,66.8710,15
2746,Madden NFL 08,Sport,4,NULL,74.1667,7,66.8710,15
11564,Gal*Gun: Double Peace,Shooter,8,NULL,68.3333,10,79.7517,13
11564,Gal*Gun: Double Peace,Adventure,8,NULL,68.3333,10,79.7517,13
123333,If Found...,Adventure,2,NULL,85.0000,3,70.4011,12
123333,If Found...,Indie,2,NULL,85.0000,3,70.4011,12
14753,Ace Combat 5: The Unsung War,Simulator,2,NULL,76.0000,2,73.8543,17
6578,Quake Live,Shooter,23,NULL,NULL,NULL,78.2250,59
3648,Xena: Warrior Princess,Adventure,5,NULL,NULL,NULL,62.8156,20
88894,Tetris,Puzzle,NULL,NULL,NULL,NULL,69.2907,12
88894,Tetris,Strategy,NULL,NULL,NULL,NULL,69.2907,12
1094,Donkey Kong Country 3: Dixie Kong's Double Trouble!,Platform,54,NULL,70.0000,0,79.2844,196
1094,Donkey Kong Country 3: Dixie Kong's Double Trouble!,Adventure,54,NULL,70.0000,0,79.2844,196
57263,Chuchel,Puzzle,12,3,83.3333,3,72.6889,38
57263,Chuchel,Adventure,12,3,83.3333,3,72.6889,38
57263,Chuchel,Indie,12,3,83.3333,3,72.6889,38
14719,Mad TV,Role-playing (RPG),7,NULL,NULL,NULL,84.1609,15
14719,Mad TV,Simulator,7,NULL,NULL,NULL,84.1609,15
14719,Mad TV,Strategy,7,NULL,NULL,NULL,84.1609,15
1915,Lost Planet 2,Shooter,11,NULL,70.5000,11,67.9616,38
1915,Lost Planet 2,Adventure,11,NULL,70.5000,11,67.9616,38
1113,Metroid: Other M,Shooter,25,NULL,77.8571,9,72.4055,67
1113,Metroid: Other M,Platform,25,NULL,77.8571,9,72.4055,67
1113,Metroid: Other M,Adventure,25,NULL,77.8571,9,72.4055,67
2738,LEGO Batman: The Videogame,Platform,45,NULL,75.7500,7,73.1539,192
2738,LEGO Batman: The Videogame,Adventure,45,NULL,75.7500,7,73.1539,192
15857,Headlander,Shooter,16,4,76.6667,23,78.2922,22
15857,Headlander,Platform,16,4,76.6667,23,78.2922,22
15857,Headlander,Adventure,16,4,76.6667,23,78.2922,22
15857,Headlander,Indie,16,4,76.6667,23,78.2922,22
1747,Mega Man X7,Platform,6,1,NULL,NULL,41.1338,29
1747,Mega Man X7,Adventure,6,1,NULL,NULL,41.1338,29
9757,Yars' Revenge,Shooter,1,NULL,45.0000,0,64.9119,12
9757,Yars' Revenge,Arcade,1,NULL,45.0000,0,64.9119,12
85576,Donkey Kong Country: Tropical Freeze,Platform,13,1,88.1667,14,79.9852,26
36897,A Way Out,Adventure,157,31,75.3846,14,78.1985,390
2173,New Super Luigi U,Platform,11,NULL,71.3750,10,75.2800,28
2173,New Super Luigi U,Adventure,11,NULL,71.3750,10,75.2800,28
280,Doom 3,Shooter,100,NULL,86.0000,7,79.3591,332
4697,Twisted Metal III,Shooter,7,NULL,NULL,NULL,73.3703,23
2149,Trials Evolution,Platform,14,NULL,86.2500,8,78.6114,43
5560,Wonder Boy,Platform,2,NULL,NULL,NULL,69.6703,26
5560,Wonder Boy,Arcade,2,NULL,NULL,NULL,69.6703,26
1338,Prison Architect,Simulator,80,8,81.0769,15,75.9789,157
1338,Prison Architect,Strategy,80,8,81.0769,15,75.9789,157
1338,Prison Architect,Adventure,80,8,81.0769,15,75.9789,157
1338,Prison Architect,Indie,80,8,81.0769,15,75.9789,157
10031,Yooka-Laylee,Platform,69,24,69.7727,25,67.7914,86
10031,Yooka-Laylee,Adventure,69,24,69.7727,25,67.7914,86
10031,Yooka-Laylee,Indie,69,24,69.7727,25,67.7914,86
18577,Battletoads In Battlemaniacs,Platform,2,NULL,NULL,NULL,69.0490,24
7886,Crypt of the NecroDancer,Role-playing (RPG),27,NULL,87.8889,10,75.7710,121
7886,Crypt of the NecroDancer,Adventure,27,NULL,87.8889,10,75.7710,121
7886,Crypt of the NecroDancer,Indie,27,NULL,87.8889,10,75.7710,121
6581,Stick it to the Man!,Platform,11,NULL,78.2500,10,66.3604,36
6581,Stick it to the Man!,Puzzle,11,NULL,78.2500,10,66.3604,36
6581,Stick it to the Man!,Adventure,11,NULL,78.2500,10,66.3604,36
6581,Stick it to the Man!,Indie,11,NULL,78.2500,10,66.3604,36
32614,Titan Quest Anniversary Edition,Role-playing (RPG),14,NULL,NULL,NULL,82.6521,51
126120,Say No! More,Simulator,2,1,70.0000,2,88.5009,14
126120,Say No! More,Adventure,2,1,70.0000,2,88.5009,14
126120,Say No! More,Indie,2,1,70.0000,2,88.5009,14
79392,Mobile Legends: Bang Bang,Strategy,10,NULL,NULL,NULL,59.5930,18
79392,Mobile Legends: Bang Bang,Adventure,10,NULL,NULL,NULL,59.5930,18
7413,Final Fantasy: Explorers,Role-playing (RPG),4,1,68.6667,13,74.0000,4
7413,Final Fantasy: Explorers,Adventure,4,1,68.6667,13,74.0000,4
13893,Time Crisis II,Shooter,4,NULL,70.0000,1,71.3313,18
13893,Time Crisis II,Arcade,4,NULL,70.0000,1,71.3313,18
26816,Fast RMX,Arcade,15,1,76.6667,10,75.6389,15
1613,Mortal Kombat: Deception,Puzzle,21,NULL,76.6667,4,70.6335,80
8983,Obduction,Shooter,49,20,67.0000,10,77.5699,47
8983,Obduction,Puzzle,49,20,67.0000,10,77.5699,47
8983,Obduction,Adventure,49,20,67.0000,10,77.5699,47
8983,Obduction,Indie,49,20,67.0000,10,77.5699,47
22704,Orwell: Keeping an Eye on You,Simulator,33,4,85.8333,7,69.3569,106
22704,Orwell: Keeping an Eye on You,Adventure,33,4,85.8333,7,69.3569,106
22704,Orwell: Keeping an Eye on You,Indie,33,4,85.8333,7,69.3569,106
11186,Gears of War 4,Shooter,77,6,83.1111,29,76.5986,192
781,Majesty: The Fantasy Kingdom Sim,Simulator,6,NULL,NULL,NULL,79.7939,28
781,Majesty: The Fantasy Kingdom Sim,Strategy,6,NULL,NULL,NULL,79.7939,28
876,Icewind Dale II,Role-playing (RPG),23,NULL,86.0000,1,81.8273,70
876,Icewind Dale II,Strategy,23,NULL,86.0000,1,81.8273,70
104786,Devotion,Puzzle,6,2,89.2500,5,86.9019,29
104786,Devotion,Adventure,6,2,89.2500,5,86.9019,29
104786,Devotion,Indie,6,2,89.2500,5,86.9019,29
4121,Mortal Kombat Trilogy,Arcade,23,NULL,50.5000,1,74.4237,91
1006,Syndicate,Shooter,29,NULL,78.6667,7,69.6779,97
1006,Syndicate,Puzzle,29,NULL,78.6667,7,69.6779,97
2049,Slender: The Arrival,Adventure,10,NULL,60.7143,7,71.8100,41
2049,Slender: The Arrival,Indie,10,NULL,60.7143,7,71.8100,41
9112,The Book of Unwritten Tales 2,Puzzle,11,1,75.0000,2,86.8258,19
9112,The Book of Unwritten Tales 2,Adventure,11,1,75.0000,2,86.8258,19
9721,Project X Zone 2,Role-playing (RPG),8,2,70.3333,7,80.0736,11
9721,Project X Zone 2,Strategy,8,2,70.3333,7,80.0736,11
3197,Shining Force II,Role-playing (RPG),6,NULL,NULL,NULL,85.4735,40
3197,Shining Force II,Strategy,6,NULL,NULL,NULL,85.4735,40
2807,Ben 10 Ultimate Alien: Cosmic Destruction,Adventure,1,NULL,60.3333,3,65.8243,11
12,Vampire: The Masquerade - Redemption,Role-playing (RPG),20,NULL,60.0000,2,77.6408,57
12,Vampire: The Masquerade - Redemption,Adventure,20,NULL,60.0000,2,77.6408,57
25211,Emily Is Away Too,Role-playing (RPG),18,1,80.5000,3,76.8593,46
25211,Emily Is Away Too,Simulator,18,1,80.5000,3,76.8593,46
25211,Emily Is Away Too,Adventure,18,1,80.5000,3,76.8593,46
25211,Emily Is Away Too,Indie,18,1,80.5000,3,76.8593,46
55945,Brawl Stars,Shooter,15,NULL,0.0000,1,73.4982,45
55945,Brawl Stars,Strategy,15,NULL,0.0000,1,73.4982,45
119190,Bug Fables: The Everlasting Sapling,Role-playing (RPG),4,NULL,90.0000,1,80.8941,15
119190,Bug Fables: The Everlasting Sapling,Adventure,4,NULL,90.0000,1,80.8941,15
119190,Bug Fables: The Everlasting Sapling,Indie,4,NULL,90.0000,1,80.8941,15
8483,Crystal Caves,Platform,3,NULL,NULL,NULL,79.8460,13
8483,Crystal Caves,Puzzle,3,NULL,NULL,NULL,79.8460,13
8483,Crystal Caves,Arcade,3,NULL,NULL,NULL,79.8460,13
13212,The Beginner's Guide,Adventure,64,NULL,74.8333,7,79.1602,201
13212,The Beginner's Guide,Indie,64,NULL,74.8333,7,79.1602,201
46787,Real Bout Fatal Fury 2: The Newcomers,Arcade,1,NULL,NULL,NULL,78.2602,14
6359,Team Fortress Classic,Shooter,15,NULL,NULL,NULL,72.1011,42
2946,FIFA Soccer 12,Simulator,34,1,83.8182,11,74.1314,120
2946,FIFA Soccer 12,Sport,34,1,83.8182,11,74.1314,120
111054,Super Dragon Ball Heroes: World Mission,Puzzle,NULL,NULL,65.0000,4,57.6413,11
111054,Super Dragon Ball Heroes: World Mission,Strategy,NULL,NULL,65.0000,4,57.6413,11
24512,Ostriv,Simulator,21,11,NULL,NULL,88.1261,11
24512,Ostriv,Strategy,21,11,NULL,NULL,88.1261,11
24512,Ostriv,Indie,21,11,NULL,NULL,88.1261,11
9073,Deathmatch Classic,Shooter,3,NULL,NULL,NULL,72.5678,16
50801,CSI: Miami,Adventure,1,NULL,NULL,NULL,58.0589,12
8072,Sanitarium,Puzzle,27,NULL,92.0000,1,81.3990,71
8072,Sanitarium,Adventure,27,NULL,92.0000,1,81.3990,71
4782,CSI: Hard Evidence,Adventure,1,NULL,50.0000,2,63.8025,15
3568,Ogre Battle 64: Person of Lordly Caliber,Role-playing (RPG),3,NULL,NULL,NULL,95.4074,16
3568,Ogre Battle 64: Person of Lordly Caliber,Strategy,3,NULL,NULL,NULL,95.4074,16
3568,Ogre Battle 64: Person of Lordly Caliber,Adventure,3,NULL,NULL,NULL,95.4074,16
10510,Batman: The Video Game,Platform,16,NULL,NULL,NULL,65.6573,48
16387,Half Minute Hero: Super Mega Neo Climax Ultimate Boy,Shooter,3,NULL,NULL,NULL,81.4780,12
16387,Half Minute Hero: Super Mega Neo Climax Ultimate Boy,Puzzle,3,NULL,NULL,NULL,81.4780,12
16387,Half Minute Hero: Super Mega Neo Climax Ultimate Boy,Role-playing (RPG),3,NULL,NULL,NULL,81.4780,12
16387,Half Minute Hero: Super Mega Neo Climax Ultimate Boy,Strategy,3,NULL,NULL,NULL,81.4780,12
116133,Islanders,Puzzle,5,NULL,90.0000,2,75.2461,32
116133,Islanders,Strategy,5,NULL,90.0000,2,75.2461,32
116133,Islanders,Indie,5,NULL,90.0000,2,75.2461,32
36798,The Swords of Ditto,Role-playing (RPG),27,4,72.5556,10,68.3518,13
36798,The Swords of Ditto,Adventure,27,4,72.5556,10,68.3518,13
36798,The Swords of Ditto,Indie,27,4,72.5556,10,68.3518,13
205229,Dragon Warrior,Role-playing (RPG),NULL,NULL,NULL,NULL,70.4063,12
205229,Dragon Warrior,Adventure,NULL,NULL,NULL,NULL,70.4063,12
25532,Fallout: New Vegas - Ultimate Edition,Shooter,21,NULL,NULL,NULL,87.3793,70
25532,Fallout: New Vegas - Ultimate Edition,Role-playing (RPG),21,NULL,NULL,NULL,87.3793,70
2939,The Vanishing of Ethan Carter,Puzzle,116,3,82.3750,17,75.1007,317
2939,The Vanishing of Ethan Carter,Adventure,116,3,82.3750,17,75.1007,317
2939,The Vanishing of Ethan Carter,Indie,116,3,82.3750,17,75.1007,317
27344,Barotrauma,Simulator,2,2,NULL,NULL,69.8310,18
27344,Barotrauma,Strategy,2,2,NULL,NULL,69.8310,18
27344,Barotrauma,Adventure,2,2,NULL,NULL,69.8310,18
27344,Barotrauma,Indie,2,2,NULL,NULL,69.8310,18
7589,Ricochet,Shooter,6,NULL,NULL,NULL,71.6491,20
7589,Ricochet,Puzzle,6,NULL,NULL,NULL,71.6491,20
4350,Headhunter,Shooter,5,NULL,90.0000,1,66.1578,13
4350,Headhunter,Adventure,5,NULL,90.0000,1,66.1578,13
3012,Osu!,Indie,42,NULL,NULL,NULL,73.1733,123
5973,Broforce,Shooter,80,1,72.0000,10,75.2370,282
5973,Broforce,Platform,80,1,72.0000,10,75.2370,282
5973,Broforce,Indie,80,1,72.0000,10,75.2370,282
5973,Broforce,Arcade,80,1,72.0000,10,75.2370,282
22565,Prince of Persia: Revelations,Platform,4,NULL,60.0000,1,58.8058,12
486,Silent Hill: Shattered Memories,Adventure,29,NULL,75.0000,8,70.5811,85
3230,The Night of the Rabbit,Puzzle,15,NULL,80.2500,6,90.8424,24
3230,The Night of the Rabbit,Adventure,15,NULL,80.2500,6,90.8424,24
3230,The Night of the Rabbit,Indie,15,NULL,80.2500,6,90.8424,24
1699,Wario Land 4,Platform,12,NULL,77.5000,2,75.7851,49
1699,Wario Land 4,Puzzle,12,NULL,77.5000,2,75.7851,49
1699,Wario Land 4,Adventure,12,NULL,77.5000,2,75.7851,49
18954,Neon Chrome,Shooter,9,NULL,67.0000,9,68.3090,15
18954,Neon Chrome,Role-playing (RPG),9,NULL,67.0000,9,68.3090,15
18954,Neon Chrome,Adventure,9,NULL,67.0000,9,68.3090,15
18954,Neon Chrome,Indie,9,NULL,67.0000,9,68.3090,15
3193,Need for Speed: Most Wanted,Adventure,103,1,84.7368,17,73.9589,329
3731,Pajama Sam 2: Thunder and Lightning Aren't so Frightening,Puzzle,1,NULL,NULL,NULL,80.4097,14
3731,Pajama Sam 2: Thunder and Lightning Aren't so Frightening,Adventure,1,NULL,NULL,NULL,80.4097,14
2255,Mario Strikers Charged,Sport,9,NULL,75.0000,3,75.0853,62
4919,The House of the Dead: Overkill,Shooter,9,NULL,81.6667,4,71.8627,16
1869,Killzone: Mercenary,Shooter,18,NULL,75.4444,13,77.5279,28
22885,Resistance: Retribution,Shooter,NULL,NULL,90.0000,2,60.2548,13
5422,Radiant Silvergun,Shooter,3,NULL,85.0000,3,88.9354,17
9633,Terranigma,Role-playing (RPG),31,NULL,NULL,NULL,90.4540,66
9633,Terranigma,Adventure,31,NULL,NULL,NULL,90.4540,66
255,Arcanum: of Steamworks and Magick Obscura,Role-playing (RPG),40,NULL,NULL,NULL,89.0340,100
255,Arcanum: of Steamworks and Magick Obscura,Strategy,40,NULL,NULL,NULL,89.0340,100
3849,Cars,Adventure,13,NULL,65.4286,4,65.1772,32
7849,Halo: Spartan Strike,Shooter,8,1,80.0000,1,68.5114,20
1651,GoldenEye 007: Reloaded,Shooter,9,NULL,71.0000,6,77.2464,15
115054,Chernobylite,Shooter,20,9,76.0000,4,68.3278,21
115054,Chernobylite,Role-playing (RPG),20,9,76.0000,4,68.3278,21
115054,Chernobylite,Simulator,20,9,76.0000,4,68.3278,21
115054,Chernobylite,Adventure,20,9,76.0000,4,68.3278,21
4001,Mega Man X Collection,Platform,3,NULL,NULL,NULL,82.3954,17
4001,Mega Man X Collection,Adventure,3,NULL,NULL,NULL,82.3954,17
14946,Crayon Physics Deluxe,Puzzle,8,NULL,70.0000,2,70.4638,24
14946,Crayon Physics Deluxe,Indie,8,NULL,70.0000,2,70.4638,24
530,Hitman: Absolution,Shooter,224,NULL,76.4000,16,75.6505,544
530,Hitman: Absolution,Adventure,224,NULL,76.4000,16,75.6505,544
616,Circle of Blood,Puzzle,68,NULL,75.0000,3,83.1723,169
616,Circle of Blood,Adventure,68,NULL,75.0000,3,83.1723,169
2983,Dynasty Warriors 2,Simulator,5,NULL,66.0000,3,75.2529,17
2983,Dynasty Warriors 2,Strategy,5,NULL,66.0000,3,75.2529,17
7894,Blood Omen: Legacy of Kain,Adventure,26,NULL,85.0000,1,76.4690,43
9862,International Superstar Soccer Deluxe,Sport,10,NULL,NULL,NULL,79.9479,34
19351,Disciples II: Gallean's Return,Strategy,4,NULL,NULL,NULL,89.9446,20
22436,Reigns,Role-playing (RPG),30,NULL,75.0000,6,70.1476,85
22436,Reigns,Simulator,30,NULL,75.0000,6,70.1476,85
22436,Reigns,Strategy,30,NULL,75.0000,6,70.1476,85
22436,Reigns,Adventure,30,NULL,75.0000,6,70.1476,85
22436,Reigns,Indie,30,NULL,75.0000,6,70.1476,85
2159,Race Driver: Grid,Simulator,44,NULL,NULL,NULL,78.9369,128
2159,Race Driver: Grid,Sport,44,NULL,NULL,NULL,78.9369,128
8377,Pokémon Green Version,Role-playing (RPG),3,NULL,NULL,NULL,79.6247,22
8377,Pokémon Green Version,Adventure,3,NULL,NULL,NULL,79.6247,22
21453,My Summer Car,Simulator,36,1,NULL,NULL,70.0340,25
21453,My Summer Car,Sport,36,1,NULL,NULL,70.0340,25
21453,My Summer Car,Indie,36,1,NULL,NULL,70.0340,25
3206,Resistance 3,Shooter,33,NULL,87.6667,9,79.3738,78
2765,SpongeBob SquarePants: Battle For Bikini Bottom,Platform,5,NULL,100.0000,1,81.3089,61
2765,SpongeBob SquarePants: Battle For Bikini Bottom,Adventure,5,NULL,100.0000,1,81.3089,61
10345,Galactic Civilizations III,Simulator,13,NULL,77.5000,4,77.5411,14
10345,Galactic Civilizations III,Strategy,13,NULL,77.5000,4,77.5411,14
10345,Galactic Civilizations III,Indie,13,NULL,77.5000,4,77.5411,14
27117,Into the Breach,Puzzle,38,5,90.0000,14,82.5894,205
27117,Into the Breach,Role-playing (RPG),38,5,90.0000,14,82.5894,205
27117,Into the Breach,Simulator,38,5,90.0000,14,82.5894,205
27117,Into the Breach,Strategy,38,5,90.0000,14,82.5894,205
27117,Into the Breach,Indie,38,5,90.0000,14,82.5894,205
6684,Fantasy Zone,Shooter,2,NULL,NULL,NULL,78.6957,15
6684,Fantasy Zone,Arcade,2,NULL,NULL,NULL,78.6957,15
18167,Hello Neighbor,Puzzle,373,199,36.7500,10,45.2767,63
18167,Hello Neighbor,Role-playing (RPG),373,199,36.7500,10,45.2767,63
18167,Hello Neighbor,Strategy,373,199,36.7500,10,45.2767,63
18167,Hello Neighbor,Adventure,373,199,36.7500,10,45.2767,63
18167,Hello Neighbor,Indie,373,199,36.7500,10,45.2767,63
6230,E.Y.E: Divine Cybermancy,Shooter,5,NULL,NULL,NULL,66.8467,15
6230,E.Y.E: Divine Cybermancy,Role-playing (RPG),5,NULL,NULL,NULL,66.8467,15
6230,E.Y.E: Divine Cybermancy,Indie,5,NULL,NULL,NULL,66.8467,15
12497,4D Sports Boxing,Sport,5,NULL,NULL,NULL,89.2996,11
111117,Frog Detective 1: The Haunted Island,Adventure,2,NULL,80.0000,1,59.1542,28
111117,Frog Detective 1: The Haunted Island,Indie,2,NULL,80.0000,1,59.1542,28
21779,Final Fantasy IV: The Complete Collection,Role-playing (RPG),NULL,NULL,NULL,NULL,74.4599,11
21779,Final Fantasy IV: The Complete Collection,Adventure,NULL,NULL,NULL,NULL,74.4599,11
28574,Surviving Mars,Simulator,45,8,73.5714,10,71.1134,60
28574,Surviving Mars,Strategy,45,8,73.5714,10,71.1134,60
1721,Mega Man 8,Shooter,8,NULL,68.5000,2,76.7243,71
1721,Mega Man 8,Platform,8,NULL,68.5000,2,76.7243,71
1721,Mega Man 8,Adventure,8,NULL,68.5000,2,76.7243,71
13542,Refunct,Platform,11,NULL,NULL,NULL,69.7543,39
13542,Refunct,Puzzle,11,NULL,NULL,NULL,69.7543,39
13542,Refunct,Adventure,11,NULL,NULL,NULL,69.7543,39
13542,Refunct,Indie,11,NULL,NULL,NULL,69.7543,39
13542,Refunct,Arcade,11,NULL,NULL,NULL,69.7543,39
2042,Magicka,Role-playing (RPG),50,NULL,69.5000,4,71.5126,159
2042,Magicka,Strategy,50,NULL,69.5000,4,71.5126,159
2042,Magicka,Adventure,50,NULL,69.5000,4,71.5126,159
2042,Magicka,Indie,50,NULL,69.5000,4,71.5126,159
29116,Unreal Gold,Shooter,10,NULL,NULL,NULL,78.2744,13
29116,Unreal Gold,Platform,10,NULL,NULL,NULL,78.2744,13
24723,Unreal Tournament: Game of the Year Edition,Shooter,11,NULL,NULL,NULL,88.6570,25
7850,Infamous: Festival of Blood,Platform,21,NULL,75.0000,4,72.2239,49
7850,Infamous: Festival of Blood,Adventure,21,NULL,75.0000,4,72.2239,49
18840,Metal Slug X,Shooter,21,NULL,80.0000,1,78.1048,106
18840,Metal Slug X,Platform,21,NULL,80.0000,1,78.1048,106
18840,Metal Slug X,Adventure,21,NULL,80.0000,1,78.1048,106
18840,Metal Slug X,Arcade,21,NULL,80.0000,1,78.1048,106
12001,Chip's Challenge,Puzzle,3,NULL,NULL,NULL,69.8279,14
12001,Chip's Challenge,Strategy,3,NULL,NULL,NULL,69.8279,14
41512,Cut the Rope: Time Travel,Puzzle,5,2,NULL,NULL,75.5825,12
2407,Crisis Core: Final Fantasy VII,Role-playing (RPG),44,NULL,89.0000,5,82.9774,146
2407,Crisis Core: Final Fantasy VII,Adventure,44,NULL,89.0000,5,82.9774,146
3750,Quantum Break,Shooter,120,34,76.5217,26,75.1303,266
3750,Quantum Break,Adventure,120,34,76.5217,26,75.1303,266
2444,Risen,Role-playing (RPG),50,NULL,80.5000,3,78.0900,137
13361,Brigador,Shooter,8,2,73.6000,5,84.0937,13
13361,Brigador,Strategy,8,2,73.6000,5,84.0937,13
13361,Brigador,Indie,8,2,73.6000,5,84.0937,13
25311,Star Control: Origins,Role-playing (RPG),17,5,69.7500,4,76.5457,11
25311,Star Control: Origins,Simulator,17,5,69.7500,4,76.5457,11
25311,Star Control: Origins,Strategy,17,5,69.7500,4,76.5457,11
25311,Star Control: Origins,Adventure,17,5,69.7500,4,76.5457,11
25311,Star Control: Origins,Indie,17,5,69.7500,4,76.5457,11
836,Prince of Persia: The Sands of Time,Platform,205,NULL,84.2222,8,82.1510,595
836,Prince of Persia: The Sands of Time,Adventure,205,NULL,84.2222,8,82.1510,595
7780,Tiny Wings,Arcade,3,NULL,NULL,NULL,75.2135,11
2480,Torchlight,Role-playing (RPG),58,NULL,83.3333,5,73.8891,207
17219,Duet,Puzzle,3,NULL,NULL,NULL,71.6114,18
17219,Duet,Indie,3,NULL,NULL,NULL,71.6114,18
19376,Basement,Simulator,19,NULL,NULL,NULL,70.3429,12
19376,Basement,Strategy,19,NULL,NULL,NULL,70.3429,12
19376,Basement,Indie,19,NULL,NULL,NULL,70.3429,12
16997,Rhapsody: A Musical Adventure,Role-playing (RPG),3,NULL,65.0000,3,60.8005,11
16997,Rhapsody: A Musical Adventure,Strategy,3,NULL,65.0000,3,60.8005,11
16997,Rhapsody: A Musical Adventure,Adventure,3,NULL,65.0000,3,60.8005,11
11646,Ziggurat,Shooter,17,NULL,79.5000,4,65.0232,35
11646,Ziggurat,Role-playing (RPG),17,NULL,79.5000,4,65.0232,35
11646,Ziggurat,Indie,17,NULL,79.5000,4,65.0232,35
11351,Black Mirror II: Reigning Evil,Adventure,8,NULL,NULL,NULL,75.0543,35
44,Overlord,Role-playing (RPG),39,NULL,70.0000,4,77.3987,112
44,Overlord,Strategy,39,NULL,70.0000,4,77.3987,112
44,Overlord,Adventure,39,NULL,70.0000,4,77.3987,112
4516,Chuck Rock,Platform,2,NULL,NULL,NULL,60.1359,19
178125,Grand Theft Auto: Vice City - The Definitive Edition,Shooter,2,NULL,NULL,NULL,60.2181,12
178125,Grand Theft Auto: Vice City - The Definitive Edition,Adventure,2,NULL,NULL,NULL,60.2181,12
11567,Elex,Role-playing (RPG),92,21,59.6667,3,70.1103,75
11567,Elex,Adventure,92,21,59.6667,3,70.1103,75
1580,Spyro: A Hero's Tail,Platform,4,NULL,69.0000,1,62.1207,23
120974,Your Turn to Die: Death Game by Majority,Adventure,6,1,NULL,NULL,81.3027,26
120974,Your Turn to Die: Death Game by Majority,Indie,6,1,NULL,NULL,81.3027,26
46999,The Witch's House,Puzzle,3,NULL,NULL,NULL,80.3019,24
46999,The Witch's House,Role-playing (RPG),3,NULL,NULL,NULL,80.3019,24
46999,The Witch's House,Adventure,3,NULL,NULL,NULL,80.3019,24
46999,The Witch's House,Indie,3,NULL,NULL,NULL,80.3019,24
156151,Nickelodeon All-Star Brawl,Arcade,1,2,66.8000,5,69.6867,16
51485,Super Fancy Pants Adventure,Platform,25,NULL,NULL,NULL,81.0318,17
51485,Super Fancy Pants Adventure,Adventure,25,NULL,NULL,NULL,81.0318,17
51485,Super Fancy Pants Adventure,Indie,25,NULL,NULL,NULL,81.0318,17
51485,Super Fancy Pants Adventure,Arcade,25,NULL,NULL,NULL,81.0318,17
6045,Not a Hero,Shooter,14,1,70.0909,12,69.7073,40
6045,Not a Hero,Adventure,14,1,70.0909,12,69.7073,40
6045,Not a Hero,Indie,14,1,70.0909,12,69.7073,40
6045,Not a Hero,Arcade,14,1,70.0909,12,69.7073,40
9984,Cogs,Puzzle,4,NULL,60.0000,1,74.9610,13
9984,Cogs,Indie,4,NULL,60.0000,1,74.9610,13
6443,WWF SmackDown!,Sport,7,NULL,NULL,NULL,66.7045,29
127782,Warcraft II: Battle.net Edition,Strategy,1,NULL,NULL,NULL,85.5968,23
9580,Grandia II,Role-playing (RPG),21,NULL,74.5000,3,78.0834,46
3586,Ready 2 Rumble Boxing,Sport,3,NULL,NULL,NULL,51.4695,15
832,Planescape: Torment,Puzzle,98,NULL,70.0000,2,89.9728,300
832,Planescape: Torment,Role-playing (RPG),98,NULL,70.0000,2,89.9728,300
832,Planescape: Torment,Strategy,98,NULL,70.0000,2,89.9728,300
135842,Eternal Return,Strategy,3,NULL,NULL,NULL,72.6253,12
15428,The King of Fighters '97,Arcade,10,NULL,NULL,NULL,79.6207,49
103338,Daemon X Machina,Shooter,8,5,70.8000,11,78.8472,60
103338,Daemon X Machina,Adventure,8,5,70.8000,11,78.8472,60
701,FIFA Soccer 2002: Major League Soccer,Sport,12,NULL,NULL,NULL,71.8350,68
20875,Project Highrise,Simulator,21,1,81.0000,7,66.3637,22
20875,Project Highrise,Strategy,21,1,81.0000,7,66.3637,22
20875,Project Highrise,Indie,21,1,81.0000,7,66.3637,22
20444,Tales of Graces f,Puzzle,5,NULL,78.8000,7,83.6440,33
20444,Tales of Graces f,Role-playing (RPG),5,NULL,78.8000,7,83.6440,33
9477,Soldiers: Heroes of World War II,Strategy,5,NULL,84.3333,3,75.9488,14
37140,Metroid: Samus Returns,Platform,30,1,87.7143,16,82.8193,89
37140,Metroid: Samus Returns,Adventure,30,1,87.7143,16,82.8193,89
6566,Art of Fighting 3: The Path of The Warrior,Arcade,1,NULL,NULL,NULL,60.8853,11
1102,Metroid II: Return of Samus,Shooter,13,NULL,60.0000,1,71.7631,72
1102,Metroid II: Return of Samus,Platform,13,NULL,60.0000,1,71.7631,72
1102,Metroid II: Return of Samus,Adventure,13,NULL,60.0000,1,71.7631,72
24220,Fire Emblem Fates: Birthright,Role-playing (RPG),17,NULL,90.0000,2,80.6822,84
24220,Fire Emblem Fates: Birthright,Strategy,17,NULL,90.0000,2,80.6822,84
5042,King's Bounty: Armored Princess,Role-playing (RPG),9,NULL,90.0000,2,81.8762,59
5042,King's Bounty: Armored Princess,Strategy,9,NULL,90.0000,2,81.8762,59
5042,King's Bounty: Armored Princess,Adventure,9,NULL,90.0000,2,81.8762,59
50199,Metro: Last Light Redux,Shooter,59,NULL,NULL,NULL,80.6567,160
50199,Metro: Last Light Redux,Role-playing (RPG),59,NULL,NULL,NULL,80.6567,160
50199,Metro: Last Light Redux,Adventure,59,NULL,NULL,NULL,80.6567,160
6146,Stranglehold,Shooter,11,NULL,80.2500,6,73.1102,55
9945,Super Crate Box,Shooter,2,NULL,92.5000,2,64.5893,12
9945,Super Crate Box,Platform,2,NULL,92.5000,2,64.5893,12
9945,Super Crate Box,Indie,2,NULL,92.5000,2,64.5893,12
9945,Super Crate Box,Arcade,2,NULL,92.5000,2,64.5893,12
429,Call of Juarez,Shooter,38,NULL,74.6000,4,74.3612,126
90714,Martha Is Dead,Role-playing (RPG),1,6,73.7500,4,73.5281,19
90714,Martha Is Dead,Adventure,1,6,73.7500,4,73.5281,19
90714,Martha Is Dead,Indie,1,6,73.7500,4,73.5281,19
19262,Sonic Rivals 2,Platform,2,NULL,70.0000,2,40.2651,12
4622,Super Contra,Shooter,14,NULL,58.3333,3,76.7140,77
4622,Super Contra,Platform,14,NULL,58.3333,3,76.7140,77
4622,Super Contra,Arcade,14,NULL,58.3333,3,76.7140,77
1397,Professor Layton and the Curious Village,Puzzle,46,1,87.5000,5,81.6584,154
4959,Klonoa: Door to Phantomile,Platform,12,NULL,80.0000,2,85.7558,71
6901,Snow Bros.,Platform,8,NULL,NULL,NULL,78.7130,34
6901,Snow Bros.,Arcade,8,NULL,NULL,NULL,78.7130,34
121823,Acting Lessons,Role-playing (RPG),1,NULL,NULL,NULL,57.7821,12
29,Space Quest II: Vohaul's Revenge,Puzzle,2,NULL,NULL,NULL,73.3962,21
29,Space Quest II: Vohaul's Revenge,Adventure,2,NULL,NULL,NULL,73.3962,21
13894,Time Crisis 3,Shooter,3,NULL,80.0000,1,66.1986,16
13894,Time Crisis 3,Arcade,3,NULL,80.0000,1,66.1986,16
132083,Everhood,Role-playing (RPG),1,NULL,76.6667,4,73.0399,27
132083,Everhood,Adventure,1,NULL,76.6667,4,73.0399,27
132083,Everhood,Indie,1,NULL,76.6667,4,73.0399,27
12815,Stories: The Path of Destinies,Role-playing (RPG),20,1,70.7500,9,69.3470,84
12815,Stories: The Path of Destinies,Adventure,20,1,70.7500,9,69.3470,84
12815,Stories: The Path of Destinies,Indie,20,1,70.7500,9,69.3470,84
27413,Genesis Noir,Adventure,2,4,76.8333,7,68.9718,20
27413,Genesis Noir,Indie,2,4,76.8333,7,68.9718,20
18682,Loaded,Shooter,2,NULL,75.0000,1,75.3724,11
3907,Eternal Darkness: Sanity's Requiem,Puzzle,27,NULL,90.0000,2,81.0441,74
3907,Eternal Darkness: Sanity's Requiem,Adventure,27,NULL,90.0000,2,81.0441,74
4641,The Age of Decadence,Role-playing (RPG),7,2,55.0000,2,85.4343,26
4641,The Age of Decadence,Strategy,7,2,55.0000,2,85.4343,26
4641,The Age of Decadence,Indie,7,2,55.0000,2,85.4343,26
6066,Severed,Role-playing (RPG),15,1,83.9333,16,75.2270,21
6066,Severed,Adventure,15,1,83.9333,16,75.2270,21
6066,Severed,Indie,15,1,83.9333,16,75.2270,21
6514,"Monsters, Inc. Scream Team",Platform,NULL,NULL,54.0000,1,66.8073,11
5062,Chaos on Deponia,Puzzle,24,NULL,80.0000,2,83.4565,87
5062,Chaos on Deponia,Adventure,24,NULL,80.0000,2,83.4565,87
5062,Chaos on Deponia,Indie,24,NULL,80.0000,2,83.4565,87
25581,Iron Harvest,Strategy,14,26,80.6667,3,70.0062,15
49875,Tetris DX,Puzzle,2,NULL,NULL,NULL,94.3700,13
49875,Tetris DX,Strategy,2,NULL,NULL,NULL,94.3700,13
9740,Deus Ex: Human Revolution - Director's Cut,Shooter,34,1,89.8333,6,89.2352,125
9740,Deus Ex: Human Revolution - Director's Cut,Puzzle,34,1,89.8333,6,89.2352,125
9740,Deus Ex: Human Revolution - Director's Cut,Role-playing (RPG),34,1,89.8333,6,89.2352,125
9740,Deus Ex: Human Revolution - Director's Cut,Adventure,34,1,89.8333,6,89.2352,125
8979,Puzzle Quest 2,Puzzle,NULL,NULL,80.5556,11,64.1803,12
8979,Puzzle Quest 2,Role-playing (RPG),NULL,NULL,80.5556,11,64.1803,12
8979,Puzzle Quest 2,Strategy,NULL,NULL,80.5556,11,64.1803,12
1884,Carmageddon TDR 2000,Indie,15,NULL,NULL,NULL,80.0095,35
1138,Castlevania: Portrait of Ruin,Platform,9,NULL,80.0000,4,77.1965,74
1138,Castlevania: Portrait of Ruin,Role-playing (RPG),9,NULL,80.0000,4,77.1965,74
1138,Castlevania: Portrait of Ruin,Adventure,9,NULL,80.0000,4,77.1965,74
27304,Ys VIII: Lacrimosa of Dana,Role-playing (RPG),14,NULL,85.1333,16,89.7966,51
27304,Ys VIII: Lacrimosa of Dana,Adventure,14,NULL,85.1333,16,89.7966,51
21972,"The Secret Monster Society: Chapter 1 - Monsters, Fires and Forbidden Forests",Adventure,10,NULL,NULL,NULL,85.1176,12
21972,"The Secret Monster Society: Chapter 1 - Monsters, Fires and Forbidden Forests",Indie,10,NULL,NULL,NULL,85.1176,12
13548,Utawarerumono: Mask of Deception,Role-playing (RPG),NULL,NULL,66.0000,3,80.1269,27
13548,Utawarerumono: Mask of Deception,Simulator,NULL,NULL,66.0000,3,80.1269,27
13548,Utawarerumono: Mask of Deception,Strategy,NULL,NULL,66.0000,3,80.1269,27
13548,Utawarerumono: Mask of Deception,Adventure,NULL,NULL,66.0000,3,80.1269,27
556,Medal of Honor,Shooter,53,NULL,74.4444,14,69.3462,231
13677,Downwell,Shooter,33,NULL,77.5000,9,76.3931,106
13677,Downwell,Platform,33,NULL,77.5000,9,76.3931,106
13677,Downwell,Adventure,33,NULL,77.5000,9,76.3931,106
13677,Downwell,Indie,33,NULL,77.5000,9,76.3931,106
13677,Downwell,Arcade,33,NULL,77.5000,9,76.3931,106
113102,Sundered: Eldritch Edition,Platform,5,NULL,NULL,NULL,60.3136,14
113102,Sundered: Eldritch Edition,Role-playing (RPG),5,NULL,NULL,NULL,60.3136,14
113102,Sundered: Eldritch Edition,Adventure,5,NULL,NULL,NULL,60.3136,14
113102,Sundered: Eldritch Edition,Indie,5,NULL,NULL,NULL,60.3136,14
7635,Primordia,Puzzle,21,NULL,65.0000,4,85.6154,50
7635,Primordia,Role-playing (RPG),21,NULL,65.0000,4,85.6154,50
7635,Primordia,Adventure,21,NULL,65.0000,4,85.6154,50
7635,Primordia,Indie,21,NULL,65.0000,4,85.6154,50
2924,Broken Sword 5: The Serpent's Curse,Puzzle,28,4,70.7143,14,72.6233,58
2924,Broken Sword 5: The Serpent's Curse,Role-playing (RPG),28,4,70.7143,14,72.6233,58
2924,Broken Sword 5: The Serpent's Curse,Adventure,28,4,70.7143,14,72.6233,58
86457,The World Next Door,Puzzle,4,1,64.2000,6,59.9770,11
86457,The World Next Door,Adventure,4,1,64.2000,6,59.9770,11
86457,The World Next Door,Indie,4,1,64.2000,6,59.9770,11
36649,Tropico 6,Simulator,46,10,76.5000,8,76.4005,36
36649,Tropico 6,Strategy,46,10,76.5000,8,76.4005,36
6044,"Invisible, Inc.",Strategy,29,2,85.6000,12,77.5794,58
6044,"Invisible, Inc.",Adventure,29,2,85.6000,12,77.5794,58
6044,"Invisible, Inc.",Indie,29,2,85.6000,12,77.5794,58
1564,SoulCalibur,Arcade,20,NULL,40.0000,3,83.2527,97
4174,SSX 3,Sport,21,NULL,90.0000,2,89.2800,63
6710,Street Fighter III: 3rd Strike,Arcade,18,NULL,90.0000,3,81.4480,87
1256,Robert Ludlum's: The Bourne Conspiracy,Shooter,5,NULL,64.7500,6,56.1126,18
6981,Willow,Role-playing (RPG),2,NULL,NULL,NULL,60.3951,12
6981,Willow,Adventure,2,NULL,NULL,NULL,60.3951,12
854,Sam & Max: Beyond Time and Space,Adventure,9,NULL,70.5000,6,79.8617,26
2484,Winning Eleven: Pro Evolution Soccer 2007,Simulator,25,NULL,73.1667,5,77.6870,115
2484,Winning Eleven: Pro Evolution Soccer 2007,Sport,25,NULL,73.1667,5,77.6870,115
909,Tom Clancy's Rainbow Six: Vegas,Shooter,26,NULL,85.7500,5,75.2018,120
2004,Torment: Tides of Numenera,Role-playing (RPG),60,35,82.1364,27,75.3332,51
2004,Torment: Tides of Numenera,Strategy,60,35,82.1364,27,75.3332,51
2004,Torment: Tides of Numenera,Adventure,60,35,82.1364,27,75.3332,51
2004,Torment: Tides of Numenera,Indie,60,35,82.1364,27,75.3332,51
36766,Q.U.B.E. 2,Platform,18,1,72.8333,7,67.5713,41
36766,Q.U.B.E. 2,Puzzle,18,1,72.8333,7,67.5713,41
36766,Q.U.B.E. 2,Adventure,18,1,72.8333,7,67.5713,41
36766,Q.U.B.E. 2,Indie,18,1,72.8333,7,67.5713,41
134101,FIFA 21,Simulator,22,2,72.3750,12,69.2658,81
134101,FIFA 21,Sport,22,2,72.3750,12,69.2658,81
3227,Nuclear Throne,Shooter,29,2,84.0000,6,69.8405,78
3227,Nuclear Throne,Role-playing (RPG),29,2,84.0000,6,69.8405,78
3227,Nuclear Throne,Adventure,29,2,84.0000,6,69.8405,78
3227,Nuclear Throne,Indie,29,2,84.0000,6,69.8405,78
3227,Nuclear Throne,Arcade,29,2,84.0000,6,69.8405,78
5421,Microsoft Minesweeper,Puzzle,11,1,NULL,NULL,68.2334,67
1207,Tales of the Abyss,Role-playing (RPG),13,NULL,69.2000,5,82.4550,54
6223,Urban Chaos: Riot Response,Shooter,4,NULL,70.0000,2,64.3645,11
18454,Goetia,Puzzle,7,NULL,90.0000,1,70.7877,18
18454,Goetia,Adventure,7,NULL,90.0000,1,70.7877,18
18454,Goetia,Indie,7,NULL,90.0000,1,70.7877,18
1830,Mars: War Logs,Role-playing (RPG),6,NULL,65.0000,4,65.8673,26
1830,Mars: War Logs,Adventure,6,NULL,65.0000,4,65.8673,26
11386,Dangerous Dave in the Haunted Mansion,Platform,1,NULL,NULL,NULL,83.9471,13
13558,The Legend of Heroes: Trails of Cold Steel II,Role-playing (RPG),15,NULL,80.8182,12,81.9417,28
13558,The Legend of Heroes: Trails of Cold Steel II,Adventure,15,NULL,80.8182,12,81.9417,28
11492,Mafia III,Shooter,198,45,67.8261,28,67.1461,364
11492,Mafia III,Adventure,198,45,67.8261,28,67.1461,364
80916,Omensight,Role-playing (RPG),26,3,78.7500,9,79.6865,28
80916,Omensight,Adventure,26,3,78.7500,9,79.6865,28
80916,Omensight,Indie,26,3,78.7500,9,79.6865,28
3598,Shadow Man,Adventure,10,NULL,70.0000,1,72.0168,33
1265,PlanetSide 2,Shooter,27,NULL,82.5714,11,71.1014,88
1265,PlanetSide 2,Role-playing (RPG),27,NULL,82.5714,11,71.1014,88
1265,PlanetSide 2,Arcade,27,NULL,82.5714,11,71.1014,88
8023,Tom & Jerry: The Ultimate Game of Cat and Mouse!,Platform,1,NULL,NULL,NULL,64.4287,12
9054,Threes!,Puzzle,7,NULL,82.6667,3,82.3310,20
18819,NBA 2K17,Sport,19,2,85.0000,14,80.8812,46
21892,Fallout 3: Game of the Year Edition,Shooter,40,NULL,92.0000,1,91.9579,138
21892,Fallout 3: Game of the Year Edition,Role-playing (RPG),40,NULL,92.0000,1,91.9579,138
21892,Fallout 3: Game of the Year Edition,Adventure,40,NULL,92.0000,1,91.9579,138
113431,Ys IX: Monstrum Nox,Role-playing (RPG),1,5,84.0000,8,79.9994,17
113431,Ys IX: Monstrum Nox,Adventure,1,5,84.0000,8,79.9994,17
144725,Necromunda: Hired Gun,Shooter,3,4,61.7500,5,67.0150,15
144725,Necromunda: Hired Gun,Adventure,3,4,61.7500,5,67.0150,15
1346,Xenogears,Role-playing (RPG),30,NULL,90.0000,2,88.2201,90
11669,Vane,Puzzle,18,11,48.4286,8,54.8951,13
11669,Vane,Adventure,18,11,48.4286,8,54.8951,13
11669,Vane,Indie,18,11,48.4286,8,54.8951,13
76725,Freddy Fazbear's Pizzeria Simulator,Simulator,8,NULL,NULL,NULL,79.6487,24
76725,Freddy Fazbear's Pizzeria Simulator,Strategy,8,NULL,NULL,NULL,79.6487,24
76725,Freddy Fazbear's Pizzeria Simulator,Indie,8,NULL,NULL,NULL,79.6487,24
284,Wolfenstein 3D,Shooter,83,NULL,56.0000,1,77.7380,278
1280,Breath of Fire IV,Role-playing (RPG),17,NULL,80.0000,1,84.0444,62
27359,Tower of Time,Role-playing (RPG),4,NULL,78.3333,4,70.1331,19
27359,Tower of Time,Strategy,4,NULL,78.3333,4,70.1331,19
27359,Tower of Time,Adventure,4,NULL,78.3333,4,70.1331,19
27359,Tower of Time,Indie,4,NULL,78.3333,4,70.1331,19
3585,Re-Volt,Sport,29,NULL,NULL,NULL,77.9134,76
3585,Re-Volt,Arcade,29,NULL,NULL,NULL,77.9134,76
7324,NHL 15,Simulator,6,1,62.2222,9,75.0685,20
7324,NHL 15,Sport,6,1,62.2222,9,75.0685,20
1257,South Park,Shooter,5,NULL,41.0000,1,52.1233,39
6570,Axelay,Shooter,3,NULL,81.0000,1,75.4630,27
6570,Axelay,Adventure,3,NULL,81.0000,1,75.4630,27
6570,Axelay,Arcade,3,NULL,81.0000,1,75.4630,27
114286,Madden NFL 20,Sport,6,1,75.5000,9,68.3748,23
44143,Hand Simulator,Simulator,2,NULL,NULL,NULL,67.2517,18
14702,Cibele,Role-playing (RPG),4,NULL,65.6667,4,64.8585,14
14702,Cibele,Adventure,4,NULL,65.6667,4,64.8585,14
14702,Cibele,Indie,4,NULL,65.6667,4,64.8585,14
3121,Crystalis,Role-playing (RPG),2,NULL,NULL,NULL,75.0212,14
3121,Crystalis,Adventure,2,NULL,NULL,NULL,75.0212,14
274,Tropico,Simulator,13,NULL,82.0000,2,81.7910,45
274,Tropico,Strategy,13,NULL,82.0000,2,81.7910,45
9160,Little Nemo: The Dream Master,Platform,5,NULL,NULL,NULL,77.9042,18
9160,Little Nemo: The Dream Master,Adventure,5,NULL,NULL,NULL,77.9042,18
3427,Chameleon Twist,Platform,2,NULL,NULL,NULL,59.3641,12
3427,Chameleon Twist,Adventure,2,NULL,NULL,NULL,59.3641,12
134581,Marvel's Spider-Man: Miles Morales,Adventure,30,4,88.6250,19,79.8195,266
3818,Bionicle Heroes,Shooter,3,NULL,52.2500,5,56.6321,15
3818,Bionicle Heroes,Adventure,3,NULL,52.2500,5,56.6321,15
18067,Demon's Crest,Platform,10,NULL,NULL,NULL,80.1146,33
18067,Demon's Crest,Role-playing (RPG),10,NULL,NULL,NULL,80.1146,33
18067,Demon's Crest,Adventure,10,NULL,NULL,NULL,80.1146,33
9418,Back to Bed,Platform,4,NULL,72.0000,1,67.9863,25
9418,Back to Bed,Puzzle,4,NULL,72.0000,1,67.9863,25
9418,Back to Bed,Strategy,4,NULL,72.0000,1,67.9863,25
9418,Back to Bed,Adventure,4,NULL,72.0000,1,67.9863,25
9418,Back to Bed,Indie,4,NULL,72.0000,1,67.9863,25
750,Homeworld 2,Simulator,16,NULL,75.0000,3,87.4730,31
750,Homeworld 2,Strategy,16,NULL,75.0000,3,87.4730,31
750,Homeworld 2,Adventure,16,NULL,75.0000,3,87.4730,31
61616,Thief Simulator,Simulator,7,NULL,NULL,NULL,65.8724,21
61616,Thief Simulator,Strategy,7,NULL,NULL,NULL,65.8724,21
61616,Thief Simulator,Adventure,7,NULL,NULL,NULL,65.8724,21
61616,Thief Simulator,Indie,7,NULL,NULL,NULL,65.8724,21
53818,Tomb Raider: Game of the Year Edition,Shooter,8,NULL,NULL,NULL,87.3642,28
53818,Tomb Raider: Game of the Year Edition,Platform,8,NULL,NULL,NULL,87.3642,28
53818,Tomb Raider: Game of the Year Edition,Puzzle,8,NULL,NULL,NULL,87.3642,28
53818,Tomb Raider: Game of the Year Edition,Adventure,8,NULL,NULL,NULL,87.3642,28
14750,Ace Combat 2,Shooter,4,NULL,NULL,NULL,80.4256,28
14750,Ace Combat 2,Simulator,4,NULL,NULL,NULL,80.4256,28
107237,Reigns: Game of Thrones,Role-playing (RPG),6,NULL,73.7500,5,61.0290,15
107237,Reigns: Game of Thrones,Simulator,6,NULL,73.7500,5,61.0290,15
107237,Reigns: Game of Thrones,Strategy,6,NULL,73.7500,5,61.0290,15
107237,Reigns: Game of Thrones,Adventure,6,NULL,73.7500,5,61.0290,15
107237,Reigns: Game of Thrones,Indie,6,NULL,73.7500,5,61.0290,15
141568,Myst,Puzzle,1,NULL,71.0000,3,84.2869,17
141568,Myst,Adventure,1,NULL,71.0000,3,84.2869,17
141568,Myst,Indie,1,NULL,71.0000,3,84.2869,17
3962,Kao the Kangaroo: Round 2,Platform,5,NULL,NULL,NULL,79.8175,20
3962,Kao the Kangaroo: Round 2,Adventure,5,NULL,NULL,NULL,79.8175,20
13215,Cossacks 3,Strategy,15,5,80.0000,2,66.4272,17
26,X-COM: Apocalypse,Strategy,4,NULL,NULL,NULL,78.5767,12
6032,Borderlands: The Pre-Sequel,Shooter,102,7,75.4667,16,73.1440,305
6032,Borderlands: The Pre-Sequel,Role-playing (RPG),102,7,75.4667,16,73.1440,305
3852,Cel Damage,Shooter,5,NULL,50.8000,5,60.5109,13
12268,Winter Games,Sport,3,NULL,90.0000,1,60.1434,28
2267,Sonic Colors,Platform,18,NULL,75.2000,9,68.6955,84
2267,Sonic Colors,Adventure,18,NULL,75.2000,9,68.6955,84
10681,Alwa's Awakening,Platform,16,5,74.6000,7,80.0985,11
10681,Alwa's Awakening,Adventure,16,5,74.6000,7,80.0985,11
10681,Alwa's Awakening,Indie,16,5,74.6000,7,80.0985,11
18723,Frog Fractions,Shooter,3,NULL,NULL,NULL,70.4645,12
18723,Frog Fractions,Simulator,3,NULL,NULL,NULL,70.4645,12
18723,Frog Fractions,Indie,3,NULL,NULL,NULL,70.4645,12
6556,Art of Fighting 2,Arcade,3,NULL,NULL,NULL,59.4292,21
1410,Metal Slug 5,Shooter,12,NULL,50.0000,1,80.1922,61
1410,Metal Slug 5,Platform,12,NULL,50.0000,1,80.1922,61
1410,Metal Slug 5,Adventure,12,NULL,50.0000,1,80.1922,61
5982,Pirates of the Caribbean,Role-playing (RPG),19,NULL,49.3333,5,80.9548,45
1046,Star Control II,Simulator,3,NULL,NULL,NULL,96.4997,16
1046,Star Control II,Strategy,3,NULL,NULL,NULL,96.4997,16
1046,Star Control II,Adventure,3,NULL,NULL,NULL,96.4997,16
1046,Star Control II,Indie,3,NULL,NULL,NULL,96.4997,16
74904,Amid Evil,Shooter,9,NULL,88.6667,4,85.3859,32
74904,Amid Evil,Adventure,9,NULL,88.6667,4,85.3859,32
74904,Amid Evil,Indie,9,NULL,88.6667,4,85.3859,32
2487,Dragonsphere,Puzzle,5,NULL,NULL,NULL,63.0016,11
2487,Dragonsphere,Adventure,5,NULL,NULL,NULL,63.0016,11
8601,Fear Effect 2: Retro Helix,Shooter,1,NULL,50.0000,1,73.3370,15
8601,Fear Effect 2: Retro Helix,Puzzle,1,NULL,50.0000,1,73.3370,15
8601,Fear Effect 2: Retro Helix,Adventure,1,NULL,50.0000,1,73.3370,15
1270,Darksiders,Role-playing (RPG),117,NULL,81.6250,11,79.0059,375
1270,Darksiders,Adventure,117,NULL,81.6250,11,79.0059,375
24066,Naruto: Ninja Council,Strategy,3,NULL,63.0000,1,68.2282,12
27028,Deemo,Adventure,5,NULL,NULL,NULL,89.6720,18
6854,R-Type II,Shooter,3,NULL,NULL,NULL,76.4801,14
6854,R-Type II,Arcade,3,NULL,NULL,NULL,76.4801,14
3501,Gauntlet Legends,Role-playing (RPG),4,NULL,NULL,NULL,76.4631,16
3501,Gauntlet Legends,Adventure,4,NULL,NULL,NULL,76.4631,16
21231,Naruto: Uzumaki Chronicles 2,Adventure,1,NULL,46.5000,2,53.6573,17
596,American Conquest,Simulator,7,NULL,90.0000,2,68.6264,11
596,American Conquest,Strategy,7,NULL,90.0000,2,68.6264,11
4101,Second Sight,Shooter,19,NULL,72.6000,5,80.1390,34
4101,Second Sight,Adventure,19,NULL,72.6000,5,80.1390,34
18037,Ever17: The Out of Infinity,Adventure,8,NULL,NULL,NULL,83.1986,25
10680,Duke Nukem 64,Shooter,4,NULL,NULL,NULL,69.9216,15
15444,Homeworld: Deserts of Kharak,Strategy,14,NULL,85.0000,8,82.3192,20
11984,California Games,Sport,6,NULL,90.0000,1,60.1342,39
25358,Deus Ex: Game of the Year Edition,Shooter,16,NULL,NULL,NULL,89.5438,44
25358,Deus Ex: Game of the Year Edition,Role-playing (RPG),16,NULL,NULL,NULL,89.5438,44
25358,Deus Ex: Game of the Year Edition,Adventure,16,NULL,NULL,NULL,89.5438,44
9715,Castlevania: Lords of Shadow - Mirror of Fate HD,Platform,11,NULL,80.0000,1,71.3376,30
9715,Castlevania: Lords of Shadow - Mirror of Fate HD,Adventure,11,NULL,80.0000,1,71.3376,30
9014,Quadrilateral Cowboy,Puzzle,8,1,84.2308,16,88.2565,14
9014,Quadrilateral Cowboy,Adventure,8,1,84.2308,16,88.2565,14
9014,Quadrilateral Cowboy,Indie,8,1,84.2308,16,88.2565,14
25964,Icey,Role-playing (RPG),7,NULL,76.8571,8,77.8989,21
25964,Icey,Strategy,7,NULL,76.8571,8,77.8989,21
25964,Icey,Adventure,7,NULL,76.8571,8,77.8989,21
25964,Icey,Indie,7,NULL,76.8571,8,77.8989,21
6732,Rise & Shine,Shooter,27,2,60.3000,11,72.9277,22
6732,Rise & Shine,Platform,27,2,60.3000,11,72.9277,22
6732,Rise & Shine,Puzzle,27,2,60.3000,11,72.9277,22
6732,Rise & Shine,Adventure,27,2,60.3000,11,72.9277,22
6732,Rise & Shine,Indie,27,2,60.3000,11,72.9277,22
6732,Rise & Shine,Arcade,27,2,60.3000,11,72.9277,22
24863,Wasteland 3,Role-playing (RPG),25,29,87.1111,12,82.0126,65
24863,Wasteland 3,Strategy,25,29,87.1111,12,82.0126,65
24863,Wasteland 3,Adventure,25,29,87.1111,12,82.0126,65
1468,Sin & Punishment: Star Successor,Shooter,8,NULL,82.3333,9,83.3874,19
6422,Gunstar Super Heroes,Shooter,1,NULL,50.0000,1,79.8979,13
6422,Gunstar Super Heroes,Platform,1,NULL,50.0000,1,79.8979,13
6422,Gunstar Super Heroes,Arcade,1,NULL,50.0000,1,79.8979,13
7422,King's Field,Role-playing (RPG),2,NULL,75.0000,1,77.7661,13
7422,King's Field,Adventure,2,NULL,75.0000,1,77.7661,13
22422,Sexy Beach 3,Simulator,50,NULL,NULL,NULL,71.6923,22
22422,Sexy Beach 3,Adventure,50,NULL,NULL,NULL,71.6923,22
19961,Q.U.B.E: Director's Cut,Platform,6,NULL,80.0000,5,70.6478,15
19961,Q.U.B.E: Director's Cut,Puzzle,6,NULL,80.0000,5,70.6478,15
19961,Q.U.B.E: Director's Cut,Strategy,6,NULL,80.0000,5,70.6478,15
19961,Q.U.B.E: Director's Cut,Adventure,6,NULL,80.0000,5,70.6478,15
19961,Q.U.B.E: Director's Cut,Indie,6,NULL,80.0000,5,70.6478,15
862,Sam & Max: Save the World,Adventure,10,NULL,82.2222,2,73.9434,41
9282,Messiah,Shooter,8,NULL,NULL,NULL,75.8647,11
9282,Messiah,Puzzle,8,NULL,NULL,NULL,75.8647,11
9282,Messiah,Strategy,8,NULL,NULL,NULL,75.8647,11
9282,Messiah,Adventure,8,NULL,NULL,NULL,75.8647,11
135451,Crash Bandicoot: Warped,Platform,1,NULL,NULL,NULL,80.5858,16
5716,Advent Rising,Shooter,10,NULL,68.7500,5,79.6423,21
5716,Advent Rising,Adventure,10,NULL,68.7500,5,79.6423,21
116156,Solar Ash,Platform,5,24,81.8571,10,72.3137,12
116156,Solar Ash,Adventure,5,24,81.8571,10,72.3137,12
116156,Solar Ash,Indie,5,24,81.8571,10,72.3137,12
9817,Dark Fall,Puzzle,6,NULL,62.0000,2,77.7654,11
9817,Dark Fall,Adventure,6,NULL,62.0000,2,77.7654,11
5622,Anachronox,Puzzle,9,NULL,70.0000,1,76.4203,29
5622,Anachronox,Role-playing (RPG),9,NULL,70.0000,1,76.4203,29
86148,Celeste Classic,Platform,2,NULL,NULL,NULL,79.8400,15
86148,Celeste Classic,Indie,2,NULL,NULL,NULL,79.8400,15
6176,Still Life 2,Puzzle,8,NULL,NULL,NULL,54.9483,25
6176,Still Life 2,Adventure,8,NULL,NULL,NULL,54.9483,25
11679,Lula: The Sexy Empire,Simulator,15,NULL,80.0000,1,70.0312,20
5523,Reus,Puzzle,9,NULL,75.0000,6,63.5993,35
5523,Reus,Simulator,9,NULL,75.0000,6,63.5993,35
5523,Reus,Strategy,9,NULL,75.0000,6,63.5993,35
5523,Reus,Indie,9,NULL,75.0000,6,63.5993,35
10,Jade Empire: Special Edition,Role-playing (RPG),37,NULL,80.0000,3,80.4809,65
10,Jade Empire: Special Edition,Adventure,37,NULL,80.0000,3,80.4809,65
2614,Constructor,Simulator,8,NULL,NULL,NULL,78.7043,15
2614,Constructor,Strategy,8,NULL,NULL,NULL,78.7043,15
79,Stubbs the Zombie in Rebel Without a Pulse,Adventure,14,NULL,62.5000,6,72.5014,32
4591,Yoshi's New Island,Platform,4,2,63.0769,14,60.3250,17
4591,Yoshi's New Island,Adventure,4,2,63.0769,14,60.3250,17
7025,Jurassic Park: The Game,Adventure,8,NULL,61.2500,4,69.4609,43
96027,Red Faction: Guerrilla Re-Mars-tered,Shooter,2,NULL,68.2857,7,66.7671,13
96027,Red Faction: Guerrilla Re-Mars-tered,Adventure,2,NULL,68.2857,7,66.7671,13
96027,Red Faction: Guerrilla Re-Mars-tered,Arcade,2,NULL,68.2857,7,66.7671,13
7405,Everybody's Gone to the Rapture,Adventure,52,7,78.8182,14,73.0142,152
10917,Skullmonkeys,Platform,2,NULL,NULL,NULL,84.6762,11
5126,Rogue Trooper,Shooter,11,NULL,76.0000,4,79.9750,26
7628,The NewZealand Story,Shooter,8,NULL,NULL,NULL,77.0274,21
7628,The NewZealand Story,Platform,8,NULL,NULL,NULL,77.0274,21
14986,Legend of Mana,Role-playing (RPG),12,NULL,NULL,NULL,80.5543,36
78536,Beholder 2,Simulator,6,2,89.6667,3,77.4707,22
78536,Beholder 2,Strategy,6,2,89.6667,3,77.4707,22
78536,Beholder 2,Adventure,6,2,89.6667,3,77.4707,22
78536,Beholder 2,Indie,6,2,89.6667,3,77.4707,22
113512,What Never Was,Puzzle,5,NULL,NULL,NULL,69.2933,21
113512,What Never Was,Adventure,5,NULL,NULL,NULL,69.2933,21
113512,What Never Was,Indie,5,NULL,NULL,NULL,69.2933,21
797,Myst III: Exile,Puzzle,13,NULL,NULL,NULL,87.5565,45
797,Myst III: Exile,Adventure,13,NULL,NULL,NULL,87.5565,45
36952,Wolfenstein II: The New Colossus,Shooter,205,14,86.5455,27,82.1069,462
36952,Wolfenstein II: The New Colossus,Adventure,205,14,86.5455,27,82.1069,462
119313,Fall Guys,Platform,289,3,76.6000,15,75.4752,359
119313,Fall Guys,Sport,289,3,76.6000,15,75.4752,359
119313,Fall Guys,Indie,289,3,76.6000,15,75.4752,359
2059,Yakuza,Role-playing (RPG),26,NULL,76.6667,3,77.2563,57
2059,Yakuza,Simulator,26,NULL,76.6667,3,77.2563,57
2059,Yakuza,Sport,26,NULL,76.6667,3,77.2563,57
2059,Yakuza,Adventure,26,NULL,76.6667,3,77.2563,57
951,Carmageddon II: Carpocalypse Now,Indie,17,NULL,NULL,NULL,79.2120,75
4042,NFL Street 2,Sport,2,NULL,77.5000,3,86.6951,16
97257,Tails Noir,Role-playing (RPG),1,8,77.5000,4,68.2432,17
97257,Tails Noir,Adventure,1,8,77.5000,4,68.2432,17
97257,Tails Noir,Indie,1,8,77.5000,4,68.2432,17
134583,Forspoken,Role-playing (RPG),7,49,67.3333,10,61.6121,12
134583,Forspoken,Adventure,7,49,67.3333,10,61.6121,12
135450,Crash Bandicoot 2: Cortex Strikes Back,Platform,1,NULL,NULL,NULL,82.9988,17
54538,Magic: The Gathering Arena,Strategy,14,3,84.5000,5,75.6883,44
4127,Grandia,Role-playing (RPG),24,NULL,NULL,NULL,77.2674,41
1913,Lost Planet: Extreme Condition,Shooter,12,NULL,74.2000,6,70.2694,78
1913,Lost Planet: Extreme Condition,Platform,12,NULL,74.2000,6,70.2694,78
1913,Lost Planet: Extreme Condition,Adventure,12,NULL,74.2000,6,70.2694,78
660,Darkstone,Role-playing (RPG),4,NULL,NULL,NULL,68.3940,15
4229,Viewtiful Joe,Platform,13,NULL,90.0000,1,78.5367,46
7647,Yesterday,Role-playing (RPG),6,NULL,67.5000,2,68.0073,29
7647,Yesterday,Strategy,6,NULL,67.5000,2,68.0073,29
7647,Yesterday,Adventure,6,NULL,67.5000,2,68.0073,29
7647,Yesterday,Indie,6,NULL,67.5000,2,68.0073,29
5408,The Book of Unwritten Tales,Adventure,12,NULL,50.0000,1,80.5897,45
721,Freedom Force vs. The 3rd Reich,Role-playing (RPG),5,NULL,97.0000,1,88.7426,13
721,Freedom Force vs. The 3rd Reich,Strategy,5,NULL,97.0000,1,88.7426,13
74159,Forza Horizon 2 Presents Fast & Furious,Simulator,5,NULL,NULL,NULL,79.9062,11
812,NFL Blitz,Sport,1,NULL,80.0000,1,79.8595,12
116685,Heave Ho,Platform,1,2,80.0000,2,72.9295,16
116685,Heave Ho,Strategy,1,2,80.0000,2,72.9295,16
116685,Heave Ho,Adventure,1,2,80.0000,2,72.9295,16
116685,Heave Ho,Indie,1,2,80.0000,2,72.9295,16
116685,Heave Ho,Arcade,1,2,80.0000,2,72.9295,16
27994,Blossom Tales: The Sleeping King,Platform,6,NULL,79.7500,5,79.9467,12
27994,Blossom Tales: The Sleeping King,Role-playing (RPG),6,NULL,79.7500,5,79.9467,12
27994,Blossom Tales: The Sleeping King,Adventure,6,NULL,79.7500,5,79.9467,12
27994,Blossom Tales: The Sleeping King,Indie,6,NULL,79.7500,5,79.9467,12
7610,Game of Thrones: A Telltale Games Series,Adventure,95,1,75.0196,59,70.2241,300
21074,Shin Megami Tensei,Role-playing (RPG),12,NULL,70.0000,1,70.5703,26
313,SWAT 3: Close Quarters Battle,Shooter,10,NULL,NULL,NULL,80.8151,25
313,SWAT 3: Close Quarters Battle,Simulator,10,NULL,NULL,NULL,80.8151,25
313,SWAT 3: Close Quarters Battle,Strategy,10,NULL,NULL,NULL,80.8151,25
9694,Danganronpa 2: Goodbye Despair,Adventure,41,NULL,85.0000,10,83.5886,194
7574,FIFA 15,Sport,70,2,81.4667,14,72.3216,240
5540,Moebius: Empire Rising,Adventure,4,2,50.0000,3,79.9613,11
5540,Moebius: Empire Rising,Indie,4,2,50.0000,3,79.9613,11
107927,The Longing,Puzzle,1,NULL,70.0000,1,69.3745,11
107927,The Longing,Role-playing (RPG),1,NULL,70.0000,1,69.3745,11
107927,The Longing,Simulator,1,NULL,70.0000,1,69.3745,11
107927,The Longing,Adventure,1,NULL,70.0000,1,69.3745,11
107927,The Longing,Indie,1,NULL,70.0000,1,69.3745,11
21760,Metal Slug XX,Shooter,3,NULL,73.0000,3,76.9072,18
84972,Ace Attorney Investigations 2,Adventure,2,NULL,NULL,NULL,90.1179,30
3025,Middle-earth: Shadow of Mordor,Role-playing (RPG),401,17,83.8889,20,80.1795,1096
3025,Middle-earth: Shadow of Mordor,Adventure,401,17,83.8889,20,80.1795,1096
6936,Child of Eden,Shooter,4,NULL,80.5000,8,63.0682,15
119422,eFootball PES 2020,Simulator,21,2,77.4286,10,69.5617,53
119422,eFootball PES 2020,Sport,21,2,77.4286,10,69.5617,53
2707,Mario & Sonic at the Olympic Winter Games,Sport,7,NULL,74.0000,6,68.8808,25
7083,Ultima IX: Ascension,Puzzle,1,NULL,50.0000,1,74.8205,13
7083,Ultima IX: Ascension,Role-playing (RPG),1,NULL,50.0000,1,74.8205,13
7083,Ultima IX: Ascension,Adventure,1,NULL,50.0000,1,74.8205,13
7592,Space Rangers,Role-playing (RPG),5,NULL,90.0000,1,87.8783,19
7592,Space Rangers,Simulator,5,NULL,90.0000,1,87.8783,19
7592,Space Rangers,Strategy,5,NULL,90.0000,1,87.8783,19
7592,Space Rangers,Arcade,5,NULL,90.0000,1,87.8783,19
18366,Sniper Elite 4,Shooter,64,9,76.2105,23,73.0841,126
18366,Sniper Elite 4,Adventure,64,9,76.2105,23,73.0841,126
26165,Marvel's Guardians of the Galaxy: The Telltale Series,Role-playing (RPG),36,4,69.0250,6,70.4340,68
26165,Marvel's Guardians of the Galaxy: The Telltale Series,Adventure,36,4,69.0250,6,70.4340,68
1570,Jet Set Radio Future,Platform,15,NULL,77.7500,4,83.4190,50
1570,Jet Set Radio Future,Sport,15,NULL,77.7500,4,83.4190,50
15894,Hearts of Iron IV,Simulator,44,1,83.8333,7,79.4070,115
15894,Hearts of Iron IV,Strategy,44,1,83.8333,7,79.4070,115
1385,War of the Roses,Adventure,3,NULL,79.4000,6,43.8607,13
19561,Days Gone,Shooter,304,131,74.6875,20,80.1903,328
19561,Days Gone,Adventure,304,131,74.6875,20,80.1903,328
2918,Crusader Kings II,Role-playing (RPG),72,NULL,83.5000,2,85.1177,188
2918,Crusader Kings II,Simulator,72,NULL,83.5000,2,85.1177,188
2918,Crusader Kings II,Strategy,72,NULL,83.5000,2,85.1177,188
11393,Chaos;Child,Adventure,4,NULL,81.6667,6,83.8718,13
75184,Superflight,Simulator,9,NULL,NULL,NULL,70.7574,19
75184,Superflight,Sport,9,NULL,NULL,NULL,70.7574,19
75184,Superflight,Indie,9,NULL,NULL,NULL,70.7574,19
19600,A King's Tale: Final Fantasy XV,Role-playing (RPG),3,NULL,59.5000,2,69.9379,13
113905,Catherine Classic,Platform,4,NULL,80.0000,1,77.2643,27
113905,Catherine Classic,Puzzle,4,NULL,80.0000,1,77.2643,27
113905,Catherine Classic,Role-playing (RPG),4,NULL,80.0000,1,77.2643,27
113905,Catherine Classic,Adventure,4,NULL,80.0000,1,77.2643,27
1117,Haunted Castle,Platform,1,NULL,NULL,NULL,60.8158,12
1117,Haunted Castle,Adventure,1,NULL,NULL,NULL,60.8158,12
1798,Sly Cooper and the Thievius Raccoonus,Platform,43,NULL,82.5000,2,80.2542,136
1798,Sly Cooper and the Thievius Raccoonus,Adventure,43,NULL,82.5000,2,80.2542,136
217554,Octopath Traveler II,Role-playing (RPG),1,2,89.3333,9,89.9574,15
8708,Uninvited,Puzzle,2,NULL,NULL,NULL,68.7582,12
8708,Uninvited,Adventure,2,NULL,NULL,NULL,68.7582,12
6814,The King of Dragons,Role-playing (RPG),1,NULL,NULL,NULL,80.0117,20
6814,The King of Dragons,Arcade,1,NULL,NULL,NULL,80.0117,20
14788,SiN Episodes: Emergence,Shooter,3,NULL,75.0000,3,73.0830,19
26926,Miitopia,Role-playing (RPG),NULL,NULL,63.1818,10,74.3601,15
26926,Miitopia,Adventure,NULL,NULL,63.1818,10,74.3601,15
11227,Trials of Mana,Shooter,10,NULL,NULL,NULL,86.9277,38
11227,Trials of Mana,Platform,10,NULL,NULL,NULL,86.9277,38
11227,Trials of Mana,Role-playing (RPG),10,NULL,NULL,NULL,86.9277,38
11147,Rare Replay,Shooter,12,1,86.8571,15,78.0732,20
11147,Rare Replay,Platform,12,1,86.8571,15,78.0732,20
11147,Rare Replay,Puzzle,12,1,86.8571,15,78.0732,20
11147,Rare Replay,Arcade,12,1,86.8571,15,78.0732,20
2640,Halo: Combat Evolved Anniversary,Shooter,62,NULL,80.0000,8,81.2539,168
5447,Stonehearth,Simulator,23,17,NULL,NULL,74.3434,16
5447,Stonehearth,Strategy,23,17,NULL,NULL,74.3434,16
5447,Stonehearth,Indie,23,17,NULL,NULL,74.3434,16
13447,Bruce Lee,Platform,3,NULL,NULL,NULL,79.3467,14
13447,Bruce Lee,Adventure,3,NULL,NULL,NULL,79.3467,14
152064,Jurassic World Evolution 2,Simulator,1,1,72.4000,8,70.7099,16
152064,Jurassic World Evolution 2,Strategy,1,1,72.4000,8,70.7099,16
8593,The Legend of Zelda: Majora's Mask 3D,Role-playing (RPG),57,1,91.1538,14,90.4685,137
8593,The Legend of Zelda: Majora's Mask 3D,Adventure,57,1,91.1538,14,90.4685,137
1655,Final Fight,Adventure,28,NULL,NULL,NULL,79.9988,119
1655,Final Fight,Arcade,28,NULL,NULL,NULL,79.9988,119
18221,Kirby: Planet Robobot,Platform,11,NULL,82.2667,16,88.0774,37
18221,Kirby: Planet Robobot,Adventure,11,NULL,82.2667,16,88.0774,37
1443,Fire Emblem: Awakening,Role-playing (RPG),62,NULL,90.3000,12,86.6230,207
1443,Fire Emblem: Awakening,Strategy,62,NULL,90.3000,12,86.6230,207
1443,Fire Emblem: Awakening,Adventure,62,NULL,90.3000,12,86.6230,207
26840,Fire Emblem Echoes: Shadows of Valentia,Role-playing (RPG),21,1,81.3333,10,85.0283,75
26840,Fire Emblem Echoes: Shadows of Valentia,Adventure,21,1,81.3333,10,85.0283,75
5440,Kirby Triple Deluxe,Platform,15,NULL,78.5455,11,84.9176,48
5440,Kirby Triple Deluxe,Adventure,15,NULL,78.5455,11,84.9176,48
3752,Peggle 2,Puzzle,8,NULL,80.6667,8,75.6248,29
3752,Peggle 2,Arcade,8,NULL,80.6667,8,75.6248,29
11550,Endless Space 2,Strategy,30,5,80.1429,8,83.9976,46
3424,Blast Corps,Puzzle,7,NULL,90.0000,1,75.1566,26
21863,Fire Emblem Fates: Conquest,Role-playing (RPG),20,1,90.0000,5,82.0222,81
21863,Fire Emblem Fates: Conquest,Strategy,20,1,90.0000,5,82.0222,81
6886,Shin Megami Tensei IV,Role-playing (RPG),21,NULL,85.8333,6,80.1589,59
3426,Body Harvest,Shooter,4,NULL,NULL,NULL,70.9039,12
3426,Body Harvest,Adventure,4,NULL,NULL,NULL,70.9039,12
5542,Tesla Effect: A Tex Murphy Adventure,Puzzle,6,3,68.5000,3,79.0880,18
5542,Tesla Effect: A Tex Murphy Adventure,Adventure,6,3,68.5000,3,79.0880,18
5542,Tesla Effect: A Tex Murphy Adventure,Indie,6,3,68.5000,3,79.0880,18
278,Runaway: A Road Adventure,Puzzle,16,NULL,NULL,NULL,78.7758,51
278,Runaway: A Road Adventure,Role-playing (RPG),16,NULL,NULL,NULL,78.7758,51
278,Runaway: A Road Adventure,Adventure,16,NULL,NULL,NULL,78.7758,51
77290,Call of Duty,Shooter,3,NULL,NULL,NULL,69.4558,20
4606,Tiger Heli,Shooter,NULL,NULL,NULL,NULL,65.5429,11
4606,Tiger Heli,Arcade,NULL,NULL,NULL,NULL,65.5429,11
2476,Luigi's Mansion: Dark Moon,Puzzle,31,NULL,81.2500,14,78.7107,88
2476,Luigi's Mansion: Dark Moon,Adventure,31,NULL,81.2500,14,78.7107,88
23913,Dragon Quest VII: Fragments of the Forgotten Past,Role-playing (RPG),5,NULL,80.5000,15,79.8796,11
23913,Dragon Quest VII: Fragments of the Forgotten Past,Adventure,5,NULL,80.5000,15,79.8796,11
1100,Donkey Kong Country Returns,Platform,47,NULL,86.0000,9,82.5345,161
1100,Donkey Kong Country Returns,Adventure,47,NULL,86.0000,9,82.5345,161
8978,Jetpack Joyride,Platform,16,NULL,67.0000,3,73.5397,67
8978,Jetpack Joyride,Adventure,16,NULL,67.0000,3,73.5397,67
8978,Jetpack Joyride,Arcade,16,NULL,67.0000,3,73.5397,67
20426,Gran Turismo,Simulator,1,NULL,71.6667,3,66.5281,20
120170,Solasta: Crown of the Magister,Role-playing (RPG),2,4,77.5000,2,73.2160,14
120170,Solasta: Crown of the Magister,Strategy,2,4,77.5000,2,73.2160,14
120170,Solasta: Crown of the Magister,Adventure,2,4,77.5000,2,73.2160,14
5295,WWE '13,Platform,11,NULL,73.3333,8,75.3376,31
5295,WWE '13,Sport,11,NULL,73.3333,8,75.3376,31
5295,WWE '13,Strategy,11,NULL,73.3333,8,75.3376,31
102163,Dawn of Man,Simulator,10,2,70.0000,1,71.5436,34
102163,Dawn of Man,Strategy,10,2,70.0000,1,71.5436,34
102163,Dawn of Man,Indie,10,2,70.0000,1,71.5436,34
103222,Totally Accurate Battlegrounds,Shooter,7,NULL,NULL,NULL,59.1679,15
103222,Totally Accurate Battlegrounds,Indie,7,NULL,NULL,NULL,59.1679,15
93620,Minecraft: PlayStation 4 Edition,Adventure,4,NULL,NULL,NULL,75.9732,11
22816,Red Dead Redemption: Game of the Year Edition,Shooter,4,1,NULL,NULL,74.2440,14
3976,The Maw,Platform,3,1,78.0000,4,67.2909,13
3976,The Maw,Puzzle,3,1,78.0000,4,67.2909,13
3976,The Maw,Strategy,3,1,78.0000,4,67.2909,13
3976,The Maw,Adventure,3,1,78.0000,4,67.2909,13
3976,The Maw,Indie,3,1,78.0000,4,67.2909,13
3976,The Maw,Arcade,3,1,78.0000,4,67.2909,13
27857,Assassin's Creed II: Deluxe Edition,Adventure,5,NULL,NULL,NULL,94.6425,16
988,Halo Wars,Strategy,21,NULL,70.0000,7,74.0646,122
97690,Paratopic,Adventure,1,NULL,NULL,NULL,77.9802,17
97690,Paratopic,Indie,1,NULL,NULL,NULL,77.9802,17
11238,"Cook, Serve, Delicious!",Puzzle,11,NULL,NULL,NULL,83.7597,32
11238,"Cook, Serve, Delicious!",Simulator,11,NULL,NULL,NULL,83.7597,32
11238,"Cook, Serve, Delicious!",Strategy,11,NULL,NULL,NULL,83.7597,32
11238,"Cook, Serve, Delicious!",Indie,11,NULL,NULL,NULL,83.7597,32
19121,Guacamelee!: Gold Edition,Platform,10,NULL,94.0000,2,89.8466,24
19121,Guacamelee!: Gold Edition,Adventure,10,NULL,94.0000,2,89.8466,24
19121,Guacamelee!: Gold Edition,Indie,10,NULL,94.0000,2,89.8466,24
152257,Wartales,Role-playing (RPG),2,3,83.0000,1,79.9712,14
152257,Wartales,Strategy,2,3,83.0000,1,79.9712,14
152257,Wartales,Adventure,2,3,83.0000,1,79.9712,14
152257,Wartales,Indie,2,3,83.0000,1,79.9712,14
55090,Yakuza Kiwami 2,Role-playing (RPG),20,1,85.8182,12,85.8651,102
55090,Yakuza Kiwami 2,Adventure,20,1,85.8182,12,85.8651,102
11057,WWE 2K16,Simulator,11,NULL,66.4545,13,70.0290,39
11057,WWE 2K16,Sport,11,NULL,66.4545,13,70.0290,39
5210,Tales of Symphonia: Dawn of the New World,Role-playing (RPG),11,NULL,65.0000,3,67.7830,40
5050,Nancy Drew: The White Wolf of Icicle Creek,Adventure,1,NULL,70.0000,1,70.0080,11
15427,The King of Fighters '95,Arcade,6,NULL,63.0000,2,70.1805,43
8862,Guacamelee! Super Turbo Championship Edition,Platform,42,NULL,86.3333,6,81.6291,109
8862,Guacamelee! Super Turbo Championship Edition,Adventure,42,NULL,86.3333,6,81.6291,109
8862,Guacamelee! Super Turbo Championship Edition,Indie,42,NULL,86.3333,6,81.6291,109
126212,Trepang2,Shooter,NULL,4,83.5000,2,94.8729,11
126212,Trepang2,Indie,NULL,4,83.5000,2,94.8729,11
5867,Jade Empire,Role-playing (RPG),63,NULL,82.5000,3,78.5896,102
5867,Jade Empire,Adventure,63,NULL,82.5000,3,78.5896,102
115309,Suzerain,Role-playing (RPG),3,2,72.0000,1,80.1513,17
115309,Suzerain,Simulator,3,2,72.0000,1,80.1513,17
115309,Suzerain,Strategy,3,2,72.0000,1,80.1513,17
115309,Suzerain,Adventure,3,2,72.0000,1,80.1513,17
115309,Suzerain,Indie,3,2,72.0000,1,80.1513,17
726,Ghost Master,Puzzle,3,NULL,67.0000,3,67.7285,21
726,Ghost Master,Strategy,3,NULL,67.0000,3,67.7285,21
111469,Among Us,Strategy,78,NULL,81.7500,9,72.5174,324
111469,Among Us,Indie,78,NULL,81.7500,9,72.5174,324
6064,Ape Escape 3,Platform,5,NULL,63.3333,5,78.6123,18
83368,Mindustry,Puzzle,2,NULL,NULL,NULL,70.2592,11
83368,Mindustry,Strategy,2,NULL,NULL,NULL,70.2592,11
83368,Mindustry,Indie,2,NULL,NULL,NULL,70.2592,11
70166,Ys: Book I & II,Role-playing (RPG),3,NULL,NULL,NULL,88.9428,15
70166,Ys: Book I & II,Adventure,3,NULL,NULL,NULL,88.9428,15
27167,Touhou Fuujinroku: Mountain of Faith,Shooter,3,NULL,NULL,NULL,79.9112,13
27167,Touhou Fuujinroku: Mountain of Faith,Indie,3,NULL,NULL,NULL,79.9112,13
9539,Out There,Role-playing (RPG),7,NULL,80.0000,1,75.5286,12
9539,Out There,Strategy,7,NULL,80.0000,1,75.5286,12
9539,Out There,Adventure,7,NULL,80.0000,1,75.5286,12
9539,Out There,Indie,7,NULL,80.0000,1,75.5286,12
2158,The Urbz: Sims in the City,Simulator,3,NULL,47.5000,3,70.5012,25
2158,The Urbz: Sims in the City,Strategy,3,NULL,47.5000,3,70.5012,25
3817,TMNT,Platform,10,NULL,52.7500,2,60.8968,36
3817,TMNT,Adventure,10,NULL,52.7500,2,60.8968,36
1817,Dragon Quest VI: Realms of Revelation,Role-playing (RPG),8,NULL,83.0000,4,75.9673,19
1817,Dragon Quest VI: Realms of Revelation,Sport,8,NULL,83.0000,4,75.9673,19
10388,Legends of Eisenwald,Role-playing (RPG),3,NULL,67.5000,2,65.7639,12
10388,Legends of Eisenwald,Strategy,3,NULL,67.5000,2,65.7639,12
10388,Legends of Eisenwald,Adventure,3,NULL,67.5000,2,65.7639,12
10388,Legends of Eisenwald,Indie,3,NULL,67.5000,2,65.7639,12
9795,Pixel Dungeon,Role-playing (RPG),7,1,NULL,NULL,79.3966,12
9795,Pixel Dungeon,Adventure,7,1,NULL,NULL,79.3966,12
9795,Pixel Dungeon,Indie,7,1,NULL,NULL,79.3966,12
7817,Nebulus,Platform,1,NULL,90.0000,1,79.4828,11
7817,Nebulus,Strategy,1,NULL,90.0000,1,79.4828,11
163,Star Wars: Rogue Squadron,Shooter,21,NULL,NULL,NULL,78.8826,97
14247,Super Smash Flash 2,Platform,3,NULL,NULL,NULL,78.9369,12
732,Grand Theft Auto: San Andreas,Shooter,996,2,93.1429,7,90.5720,2769
732,Grand Theft Auto: San Andreas,Adventure,996,2,93.1429,7,90.5720,2769
1077,Super Mario Galaxy,Platform,228,NULL,98.7500,5,88.7249,923
1077,Super Mario Galaxy,Adventure,228,NULL,98.7500,5,88.7249,923
728,Grand Prix 2,Simulator,6,NULL,NULL,NULL,87.8982,11
728,Grand Prix 2,Sport,6,NULL,NULL,NULL,87.8982,11
230,StarCraft,Strategy,320,NULL,NULL,NULL,88.7136,928
4885,Geometry Wars,Shooter,6,NULL,NULL,NULL,84.8516,14
8000,TOCA Championship Racing,Sport,3,NULL,NULL,NULL,72.5313,13
231,Half-Life,Shooter,797,NULL,80.0000,1,88.8875,2113
231,Half-Life,Puzzle,797,NULL,80.0000,1,88.8875,2113
231,Half-Life,Adventure,797,NULL,80.0000,1,88.8875,2113
3337,Excitebike 64,Sport,2,NULL,NULL,NULL,73.5291,15
3069,Forza Motorsport 3,Simulator,24,NULL,90.4000,7,80.0079,58
3069,Forza Motorsport 3,Sport,24,NULL,90.4000,7,80.0079,58
95340,PUBG Mobile,Shooter,39,NULL,87.0000,1,62.5932,83
95340,PUBG Mobile,Strategy,39,NULL,87.0000,1,62.5932,83
113345,Nier: Automata - Game of the Yorha Edition,Role-playing (RPG),3,1,0.0000,2,92.1289,37
113345,Nier: Automata - Game of the Yorha Edition,Adventure,3,1,0.0000,2,92.1289,37
233,Half-Life 2,Shooter,903,NULL,91.0000,8,90.7915,2487
434,Red Dead Redemption,Shooter,615,NULL,91.8000,13,89.4077,1739
434,Red Dead Redemption,Role-playing (RPG),615,NULL,91.8000,13,89.4077,1739
434,Red Dead Redemption,Adventure,615,NULL,91.8000,13,89.4077,1739
33049,Mandagon,Platform,4,NULL,NULL,NULL,64.3748,20
33049,Mandagon,Adventure,4,NULL,NULL,NULL,64.3748,20
33049,Mandagon,Indie,4,NULL,NULL,NULL,64.3748,20
733,Grand Theft Auto: Vice City,Shooter,779,1,94.0000,6,87.6897,2187
733,Grand Theft Auto: Vice City,Adventure,779,1,94.0000,6,87.6897,2187
733,Grand Theft Auto: Vice City,Arcade,779,1,94.0000,6,87.6897,2187
126,Diablo II,Role-playing (RPG),348,NULL,90.0000,2,88.3436,1126
501,Batman: Arkham City,Adventure,621,NULL,91.2000,13,87.1133,1959
15457,Ys: Memories of Celceta,Role-playing (RPG),7,NULL,81.2222,11,79.8092,29
7882,Madden NFL 15,Simulator,2,NULL,82.5000,13,70.0112,12
7882,Madden NFL 15,Sport,2,NULL,82.5000,13,70.0112,12
9553,Xenoblade Chronicles 3D,Role-playing (RPG),15,NULL,86.3636,12,80.0222,8
9553,Xenoblade Chronicles 3D,Adventure,15,NULL,86.3636,12,80.0222,8
181,Grim Fandango,Puzzle,162,NULL,NULL,NULL,85.7629,332
181,Grim Fandango,Adventure,162,NULL,NULL,NULL,85.7629,332
4711,Bee Movie Game,Adventure,5,NULL,51.6000,6,54.9472,12
245,Command & Conquer: Red Alert 2,Strategy,144,NULL,90.0000,1,87.1851,333
18711,Superman,Arcade,2,NULL,NULL,NULL,30.2689,13
28403,ISS Pro Evolution,Sport,3,NULL,NULL,NULL,70.7840,15
118171,Missed Messages.,Simulator,NULL,NULL,NULL,NULL,63.0982,23
118171,Missed Messages.,Adventure,NULL,NULL,NULL,NULL,63.0982,23
118171,Missed Messages.,Indie,NULL,NULL,NULL,NULL,63.0982,23
130,Warcraft II: Tides of Darkness,Strategy,115,NULL,92.5000,1,85.4617,309
5749,Black,Shooter,22,NULL,70.7500,6,76.6216,69
910,Tom Clancy's Splinter Cell,Shooter,116,NULL,84.5556,9,82.9672,327
2943,Scribblenauts Unlimited,Platform,27,NULL,72.2000,11,72.3478,95
2943,Scribblenauts Unlimited,Puzzle,27,NULL,72.2000,11,72.3478,95
2943,Scribblenauts Unlimited,Strategy,27,NULL,72.2000,11,72.3478,95
2943,Scribblenauts Unlimited,Adventure,27,NULL,72.2000,11,72.3478,95
1048,Hitman: Blood Money,Shooter,155,1,80.3333,4,83.5597,440
2671,Guitar Hero III: Legends of Rock,Simulator,69,NULL,83.6667,7,83.9981,302
18997,Kathy Rain,Puzzle,19,NULL,81.0000,3,79.0533,42
18997,Kathy Rain,Adventure,19,NULL,81.0000,3,79.0533,42
18997,Kathy Rain,Indie,19,NULL,81.0000,3,79.0533,42
6245,Worms Forts: Under Siege,Strategy,9,NULL,40.0000,1,75.2470,20
74531,Deiland,Role-playing (RPG),2,NULL,NULL,NULL,56.3449,16
74531,Deiland,Simulator,2,NULL,NULL,NULL,56.3449,16
74531,Deiland,Adventure,2,NULL,NULL,NULL,56.3449,16
74531,Deiland,Indie,2,NULL,NULL,NULL,56.3449,16
1799,Sly 2: Band of Thieves,Platform,38,NULL,80.0000,4,83.2613,123
1799,Sly 2: Band of Thieves,Adventure,38,NULL,80.0000,4,83.2613,123
11758,Onimusha 3: Demon Siege,Adventure,19,NULL,82.0000,4,84.5001,69
2144,TimeSplitters: Future Perfect,Shooter,27,NULL,80.0000,2,84.9510,74
942,World of Goo,Puzzle,83,NULL,86.7500,5,79.7246,262
942,World of Goo,Simulator,83,NULL,86.7500,5,79.7246,262
942,World of Goo,Strategy,83,NULL,86.7500,5,79.7246,262
942,World of Goo,Indie,83,NULL,86.7500,5,79.7246,262
128798,Sonic Generations,Platform,NULL,NULL,NULL,NULL,69.0992,11
128798,Sonic Generations,Adventure,NULL,NULL,NULL,NULL,69.0992,11
549,God of War,Puzzle,300,NULL,93.3333,4,84.2990,852
549,God of War,Strategy,300,NULL,93.3333,4,84.2990,852
549,God of War,Adventure,300,NULL,93.3333,4,84.2990,852
133917,Metal Gear,Shooter,NULL,NULL,NULL,NULL,75.4981,12
133917,Metal Gear,Strategy,NULL,NULL,NULL,NULL,75.4981,12
26950,Marvel's Avengers,Role-playing (RPG),140,168,72.7692,17,61.7186,112
26950,Marvel's Avengers,Adventure,140,168,72.7692,17,61.7186,112
8372,Orcs Must Die! 2,Shooter,23,NULL,82.2500,4,74.9260,86
8372,Orcs Must Die! 2,Platform,23,NULL,82.2500,4,74.9260,86
8372,Orcs Must Die! 2,Strategy,23,NULL,82.2500,4,74.9260,86
8372,Orcs Must Die! 2,Adventure,23,NULL,82.2500,4,74.9260,86
8372,Orcs Must Die! 2,Indie,23,NULL,82.2500,4,74.9260,86
20509,Zuma Deluxe,Puzzle,4,NULL,75.0000,2,77.5636,27
20509,Zuma Deluxe,Arcade,4,NULL,75.0000,2,77.5636,27
2355,Orcs Must Die!,Shooter,22,NULL,86.2500,5,72.1050,85
2355,Orcs Must Die!,Strategy,22,NULL,86.2500,5,72.1050,85
2355,Orcs Must Die!,Indie,22,NULL,86.2500,5,72.1050,85
334,Zoo Tycoon,Simulator,24,NULL,68.3333,6,77.9774,76
479,Metal Gear Solid 3: Subsistence,Shooter,101,NULL,97.5000,4,92.2244,223
479,Metal Gear Solid 3: Subsistence,Adventure,101,NULL,97.5000,4,92.2244,223
11067,Jurassic Park,Shooter,4,NULL,40.0000,1,58.8886,23
11067,Jurassic Park,Adventure,4,NULL,40.0000,1,58.8886,23
125,Diablo,Role-playing (RPG),155,NULL,NULL,NULL,83.7383,466
125,Diablo,Strategy,155,NULL,NULL,NULL,83.7383,466
986,Halo 2,Shooter,150,NULL,80.6667,7,84.3527,535
42929,Batman: Arkham Knight - Game of the Year Edition,Adventure,3,NULL,NULL,NULL,91.8434,17
5627,Nosgoth,Shooter,16,9,NULL,NULL,67.9253,20
3224,Loadout,Shooter,15,3,79.0000,4,59.9360,37
3224,Loadout,Indie,15,3,79.0000,4,59.9360,37
3224,Loadout,Arcade,15,3,79.0000,4,59.9360,37
16605,Gears of War: Ultimate Edition,Shooter,43,NULL,77.7222,19,80.6526,92
19900,Disney's The Little Mermaid,Platform,3,NULL,NULL,NULL,69.6636,22
2143,TimeSplitters 2,Shooter,31,NULL,95.0000,3,87.1212,107
19853,Duelyst,Strategy,6,1,82.1429,8,78.8933,13
19853,Duelyst,Indie,6,1,82.1429,8,78.8933,13
20003,Killzone HD,Shooter,1,NULL,55.0000,2,60.6319,11
2973,The Lord of the Rings: The Return of the King,Adventure,57,NULL,75.0000,2,76.3956,208
2720,Bully,Adventure,60,1,91.7500,6,80.6955,251
1566,SoulCalibur III,Strategy,19,NULL,83.3333,3,79.7310,97
1971,Manhunt,Shooter,47,NULL,71.6667,3,77.9406,157
5730,BlackSite: Area 51,Shooter,8,NULL,58.0000,4,63.2660,25
5730,BlackSite: Area 51,Adventure,8,NULL,58.0000,4,63.2660,25
1448,Suikoden III,Role-playing (RPG),11,1,85.0000,2,80.0255,17
1448,Suikoden III,Strategy,11,1,85.0000,2,80.0255,17
12523,Faeria,Puzzle,6,NULL,82.5000,5,78.6177,18
12523,Faeria,Role-playing (RPG),6,NULL,82.5000,5,78.6177,18
12523,Faeria,Strategy,6,NULL,82.5000,5,78.6177,18
12523,Faeria,Adventure,6,NULL,82.5000,5,78.6177,18
12523,Faeria,Indie,6,NULL,82.5000,5,78.6177,18
500,Batman: Arkham Asylum,Adventure,696,NULL,89.4000,8,85.8333,2128
3041,Shining Force,Puzzle,11,NULL,NULL,NULL,80.0711,37
3041,Shining Force,Role-playing (RPG),11,NULL,NULL,NULL,80.0711,37
3041,Shining Force,Strategy,11,NULL,NULL,NULL,80.0711,37
7448,Scott Pilgrim vs. the World: The Game,Role-playing (RPG),11,NULL,80.6667,5,75.8921,42
7448,Scott Pilgrim vs. the World: The Game,Arcade,11,NULL,80.6667,5,75.8921,42
1164,Tomb Raider,Shooter,661,NULL,84.6429,15,81.8933,1885
1164,Tomb Raider,Platform,661,NULL,84.6429,15,81.8933,1885
1164,Tomb Raider,Puzzle,661,NULL,84.6429,15,81.8933,1885
1164,Tomb Raider,Adventure,661,NULL,84.6429,15,81.8933,1885
9448,TrackMania 2: Stadium,Sport,11,NULL,80.0000,1,75.5625,22
82502,Data Wing,Indie,2,NULL,NULL,NULL,85.3515,14
82502,Data Wing,Arcade,2,NULL,NULL,NULL,85.3515,14
621,Call of Duty,Shooter,191,NULL,86.6667,4,81.8275,644
18669,Enduro,Arcade,3,NULL,NULL,NULL,70.3609,13
18095,Icy Tower,Platform,3,NULL,NULL,NULL,51.7621,15
18095,Icy Tower,Arcade,3,NULL,NULL,NULL,51.7621,15
8814,QWOP,Sport,3,NULL,NULL,NULL,74.9469,12
8814,QWOP,Indie,3,NULL,NULL,NULL,74.9469,12
529,Far Cry 3,Shooter,685,NULL,89.5333,16,83.8287,1733
529,Far Cry 3,Adventure,685,NULL,89.5333,16,83.8287,1733
548,Gears of War 2,Shooter,91,NULL,90.4000,6,83.7457,348
2164,The Neverhood,Puzzle,30,NULL,NULL,NULL,89.2060,87
2164,The Neverhood,Adventure,30,NULL,NULL,NULL,89.2060,87
4122,Legacy of Kain: Soul Reaver,Puzzle,43,NULL,NULL,NULL,80.6433,133
4122,Legacy of Kain: Soul Reaver,Adventure,43,NULL,NULL,NULL,80.6433,133
634,Sid Meier's Civilization II,Strategy,50,NULL,82.5000,2,88.1667,137
1879,Terraria,Platform,169,NULL,81.0000,17,81.3863,671
1879,Terraria,Role-playing (RPG),169,NULL,81.0000,17,81.3863,671
1879,Terraria,Simulator,169,NULL,81.0000,17,81.3863,671
1879,Terraria,Strategy,169,NULL,81.0000,17,81.3863,671
1879,Terraria,Adventure,169,NULL,81.0000,17,81.3863,671
1879,Terraria,Indie,169,NULL,81.0000,17,81.3863,671
94,Need for Speed: Porsche Unleashed,Simulator,48,NULL,NULL,NULL,82.1501,169
286,Quake II,Shooter,337,NULL,NULL,NULL,83.5211,249
880,Resident Evil 2,Shooter,139,NULL,55.0000,3,83.7049,442
880,Resident Evil 2,Adventure,139,NULL,55.0000,3,83.7049,442
7120,NieR,Shooter,49,NULL,69.0000,9,80.7763,103
7120,NieR,Role-playing (RPG),49,NULL,69.0000,9,80.7763,103
7120,NieR,Simulator,49,NULL,69.0000,9,80.7763,103
7120,NieR,Strategy,49,NULL,69.0000,9,80.7763,103
7120,NieR,Adventure,49,NULL,69.0000,9,80.7763,103
48939,Super Star Wars: Return of the Jedi,Platform,3,NULL,NULL,NULL,73.0846,30
48939,Super Star Wars: Return of the Jedi,Arcade,3,NULL,NULL,NULL,73.0846,30
966,Resident Evil 3: Nemesis,Shooter,108,NULL,NULL,NULL,80.3510,346
966,Resident Evil 3: Nemesis,Puzzle,108,NULL,NULL,NULL,80.3510,346
966,Resident Evil 3: Nemesis,Adventure,108,NULL,NULL,NULL,80.3510,346
67166,3D SexVilla 2: Ever-Lust,Simulator,17,1,NULL,NULL,50.7093,13
1185,Crash Bandicoot,Platform,141,NULL,75.0000,1,80.7801,540
5004,Metal Slug Anthology,Shooter,5,NULL,74.8000,6,80.7434,30
5004,Metal Slug Anthology,Arcade,5,NULL,74.8000,6,80.7434,30
11208,NieR: Automata,Role-playing (RPG),324,32,85.7200,30,91.4609,1029
7323,Rise of the Tomb Raider,Shooter,382,46,87.0400,27,81.5594,1012
7323,Rise of the Tomb Raider,Adventure,382,46,87.0400,27,81.5594,1012
1272,SimCity,Simulator,24,NULL,58.7500,0,85.8573,111
1272,SimCity,Strategy,24,NULL,58.7500,0,85.8573,111
39239,Smash Hit,Platform,2,NULL,NULL,NULL,74.5056,13
39239,Smash Hit,Puzzle,2,NULL,NULL,NULL,74.5056,13
39239,Smash Hit,Adventure,2,NULL,NULL,NULL,74.5056,13
39239,Smash Hit,Indie,2,NULL,NULL,NULL,74.5056,13
39239,Smash Hit,Arcade,2,NULL,NULL,NULL,74.5056,13
196,Outlaws,Shooter,11,NULL,NULL,NULL,83.2002,35
152242,A Plague Tale: Requiem,Role-playing (RPG),7,21,85.5000,9,84.9639,112
152242,A Plague Tale: Requiem,Adventure,7,21,85.5000,9,84.9639,112
23695,Sonic Adventure DX: Director's Cut,Platform,8,1,53.5000,2,66.6132,65
23695,Sonic Adventure DX: Director's Cut,Adventure,8,1,53.5000,2,66.6132,65
7357,Parasite Eve,Role-playing (RPG),23,NULL,60.0000,2,83.6397,86
7357,Parasite Eve,Adventure,23,NULL,60.0000,2,83.6397,86
4116,Syphon Filter 2,Shooter,24,NULL,NULL,NULL,80.3463,64
1597,Gran Turismo 2,Simulator,35,NULL,NULL,NULL,81.2649,158
111654,MLB The Show 19,Sport,4,1,85.6000,6,79.7347,14
1186,Crash Bandicoot 2: Cortex Strikes Back,Platform,100,NULL,NULL,NULL,83.1929,396
1186,Crash Bandicoot 2: Cortex Strikes Back,Adventure,100,NULL,NULL,NULL,83.1929,396
51577,Rise of Industry,Simulator,14,2,72.0000,2,56.9774,17
51577,Rise of Industry,Strategy,14,2,72.0000,2,56.9774,17
51577,Rise of Industry,Indie,14,2,72.0000,2,56.9774,17
11570,Halo Wars 2,Strategy,30,11,76.7368,25,75.4871,41
7358,Parasite Eve II,Role-playing (RPG),17,NULL,NULL,NULL,79.0795,67
23835,Absolute Drift: Zen Edition,Sport,7,1,70.5000,2,61.8030,11
23835,Absolute Drift: Zen Edition,Indie,7,1,70.5000,2,61.8030,11
4000,MediEvil,Platform,33,NULL,NULL,NULL,78.1202,109
4000,MediEvil,Puzzle,33,NULL,NULL,NULL,78.1202,109
4000,MediEvil,Adventure,33,NULL,NULL,NULL,78.1202,109
6518,Disney's Chip 'n Dale Rescue Rangers 2,Platform,10,NULL,NULL,NULL,78.5143,49
6518,Disney's Chip 'n Dale Rescue Rangers 2,Adventure,10,NULL,NULL,NULL,78.5143,49
4401,Midnight Resistance,Shooter,4,NULL,NULL,NULL,79.4021,16
4401,Midnight Resistance,Platform,4,NULL,NULL,NULL,79.4021,16
4401,Midnight Resistance,Arcade,4,NULL,NULL,NULL,79.4021,16
980,Grand Theft Auto,Shooter,114,NULL,80.0000,1,75.9840,386
980,Grand Theft Auto,Adventure,114,NULL,80.0000,1,75.9840,386
1786,Mega Man Star Force 3: Black Ace,Role-playing (RPG),1,NULL,NULL,NULL,89.4083,12
1786,Mega Man Star Force 3: Black Ace,Strategy,1,NULL,NULL,NULL,89.4083,12
1786,Mega Man Star Force 3: Black Ace,Adventure,1,NULL,NULL,NULL,89.4083,12
4115,Syphon Filter,Shooter,26,NULL,90.0000,1,79.0551,82
1307,Medal of Honor,Shooter,36,NULL,75.0000,1,77.5378,124
1608,Empire Earth II,Simulator,6,NULL,75.0000,4,69.4112,27
1608,Empire Earth II,Strategy,6,NULL,75.0000,4,69.4112,27
2180,Super Mario 3D World,Platform,128,2,93.9286,16,84.8346,356
2180,Super Mario 3D World,Adventure,128,2,93.9286,16,84.8346,356
236,Myst,Puzzle,48,NULL,54.7500,4,75.9730,134
236,Myst,Strategy,48,NULL,54.7500,4,75.9730,134
236,Myst,Adventure,48,NULL,54.7500,4,75.9730,134
236,Myst,Indie,48,NULL,54.7500,4,75.9730,134
241,Counter-Strike,Shooter,119,NULL,70.0000,2,83.4030,527
1150,Broken Sword: The Smoking Mirror,Puzzle,53,NULL,NULL,NULL,83.6771,137
1150,Broken Sword: The Smoking Mirror,Adventure,53,NULL,NULL,NULL,83.6771,137
7519,SimTower,Simulator,2,1,NULL,NULL,65.2808,16
7519,SimTower,Strategy,2,1,NULL,NULL,65.2808,16
4519,Jurassic Park,Shooter,10,NULL,NULL,NULL,83.8456,40
4519,Jurassic Park,Platform,10,NULL,NULL,NULL,83.8456,40
41888,Battlefield 3: Premium Edition,Shooter,2,NULL,NULL,NULL,95.5992,21
222095,Super Mario Bros.,Platform,2,NULL,NULL,NULL,92.7125,29
3445,Bomberman,Strategy,17,NULL,57.5000,0,71.7236,85
3445,Bomberman,Arcade,17,NULL,57.5000,0,71.7236,85
20192,Contra: Hard Corps,Shooter,7,NULL,NULL,NULL,86.5691,58
20192,Contra: Hard Corps,Platform,7,NULL,NULL,NULL,86.5691,58
127350,Weird West,Role-playing (RPG),1,13,67.8000,7,79.8224,15
127350,Weird West,Simulator,1,13,67.8000,7,79.8224,15
127350,Weird West,Adventure,1,13,67.8000,7,79.8224,15
127350,Weird West,Indie,1,13,67.8000,7,79.8224,15
602,Arx Fatalis,Puzzle,13,NULL,77.5000,3,78.3088,46
602,Arx Fatalis,Role-playing (RPG),13,NULL,77.5000,3,78.3088,46
602,Arx Fatalis,Adventure,13,NULL,77.5000,3,78.3088,46
5519,Cannon Fodder,Shooter,14,NULL,NULL,NULL,83.1966,45
5519,Cannon Fodder,Strategy,14,NULL,NULL,NULL,83.1966,45
2162,Zombies Ate My Neighbors,Shooter,21,NULL,NULL,NULL,82.1159,81
7228,UFC Undisputed 2010,Simulator,5,NULL,80.0000,7,73.9087,11
7228,UFC Undisputed 2010,Sport,5,NULL,80.0000,7,73.9087,11
6480,Disney's The Jungle Book,Platform,14,NULL,70.0000,1,83.1494,45
6480,Disney's The Jungle Book,Adventure,14,NULL,70.0000,1,83.1494,45
6480,Disney's The Jungle Book,Arcade,14,NULL,70.0000,1,83.1494,45
3048,The Order: 1886,Shooter,69,11,62.5000,14,69.0410,208
3048,The Order: 1886,Adventure,69,11,62.5000,14,69.0410,208
1533,Daxter,Platform,12,NULL,89.5000,3,79.6068,55
1533,Daxter,Adventure,12,NULL,89.5000,3,79.6068,55
4152,Skies of Arcadia Legends,Puzzle,1,NULL,80.0000,1,90.1814,20
4152,Skies of Arcadia Legends,Role-playing (RPG),1,NULL,80.0000,1,90.1814,20
4152,Skies of Arcadia Legends,Adventure,1,NULL,80.0000,1,90.1814,20
7573,Clu Clu Land,Puzzle,1,NULL,NULL,NULL,63.2511,21
7573,Clu Clu Land,Strategy,1,NULL,NULL,NULL,63.2511,21
7573,Clu Clu Land,Arcade,1,NULL,NULL,NULL,63.2511,21
6798,Desert Strike: Return to the Gulf,Shooter,12,NULL,NULL,NULL,82.0373,43
6798,Desert Strike: Return to the Gulf,Strategy,12,NULL,NULL,NULL,82.0373,43
7550,Lunar Pool,Sport,2,NULL,NULL,NULL,79.8085,15
7550,Lunar Pool,Arcade,2,NULL,NULL,NULL,79.8085,15
6564,Rock n' Roll Racing,Puzzle,16,NULL,80.0000,1,83.0013,60
6564,Rock n' Roll Racing,Sport,16,NULL,80.0000,1,83.0013,60
19007,Skies of Arcadia,Role-playing (RPG),12,NULL,90.0000,1,86.3761,33
19007,Skies of Arcadia,Adventure,12,NULL,90.0000,1,86.3761,33
19450,Serial Cleaner,Puzzle,13,1,73.3333,8,69.2840,30
19450,Serial Cleaner,Role-playing (RPG),13,1,73.3333,8,69.2840,30
19450,Serial Cleaner,Simulator,13,1,73.3333,8,69.2840,30
19450,Serial Cleaner,Adventure,13,1,73.3333,8,69.2840,30
19450,Serial Cleaner,Indie,13,1,73.3333,8,69.2840,30
4391,Vectorman 2,Shooter,3,NULL,NULL,NULL,79.0548,16
4391,Vectorman 2,Platform,3,NULL,NULL,NULL,79.0548,16
4391,Vectorman 2,Adventure,3,NULL,NULL,NULL,79.0548,16
39034,Assassin's Creed: Origins - Deluxe Edition,Role-playing (RPG),7,NULL,NULL,NULL,89.8759,15
39034,Assassin's Creed: Origins - Deluxe Edition,Adventure,7,NULL,NULL,NULL,89.8759,15
1092,Donkey Kong Country 2: Diddy's Kong Quest,Platform,90,NULL,70.0000,0,89.1514,310
1092,Donkey Kong Country 2: Diddy's Kong Quest,Adventure,90,NULL,70.0000,0,89.1514,310
42581,Skyblazer,Platform,1,NULL,NULL,NULL,75.7952,12
23873,Ikenfell,Role-playing (RPG),7,4,90.0000,2,78.0002,14
23873,Ikenfell,Adventure,7,4,90.0000,2,78.0002,14
23873,Ikenfell,Indie,7,4,90.0000,2,78.0002,14
8118,Disney's Aladdin,Platform,35,NULL,80.0000,1,82.1847,133
5179,Spider-Man: Edge of Time,Platform,12,NULL,69.6667,8,62.9015,24
5179,Spider-Man: Edge of Time,Adventure,12,NULL,69.6667,8,62.9015,24
4167,Spy Hunter,Shooter,4,NULL,80.0000,1,79.6846,30
1744,Mega Man X4,Shooter,22,NULL,NULL,NULL,84.2142,109
1744,Mega Man X4,Platform,22,NULL,NULL,NULL,84.2142,109
1591,ZombiU,Shooter,11,NULL,77.7000,11,72.5038,32
1591,ZombiU,Adventure,11,NULL,77.7000,11,72.5038,32
1906,Gone Home,Puzzle,144,NULL,73.8000,16,74.2874,465
1906,Gone Home,Adventure,144,NULL,73.8000,16,74.2874,465
1906,Gone Home,Indie,144,NULL,73.8000,16,74.2874,465
741,Hearts of Iron III,Strategy,8,NULL,80.0000,1,89.4428,28
20113,Jak and Daxter Collection,Shooter,10,NULL,76.0000,6,84.4658,15
20113,Jak and Daxter Collection,Platform,10,NULL,76.0000,6,84.4658,15
20113,Jak and Daxter Collection,Strategy,10,NULL,76.0000,6,84.4658,15
20113,Jak and Daxter Collection,Adventure,10,NULL,76.0000,6,84.4658,15
2913,Leisure Suit Larry: Magna Cum Laude,Simulator,1,NULL,70.2500,5,62.7127,30
2913,Leisure Suit Larry: Magna Cum Laude,Adventure,1,NULL,70.2500,5,62.7127,30
2684,Mercenaries 2: World in Flames,Shooter,13,NULL,69.6000,7,62.4646,42
6638,Wheelman,Shooter,7,NULL,64.6667,8,60.9292,22
6638,Wheelman,Adventure,7,NULL,64.6667,8,60.9292,22
9110,Odin Sphere,Role-playing (RPG),13,NULL,80.0000,4,79.4186,15
121531,Gamedec,Puzzle,4,14,72.0000,4,70.5448,11
121531,Gamedec,Role-playing (RPG),4,14,72.0000,4,70.5448,11
121531,Gamedec,Adventure,4,14,72.0000,4,70.5448,11
121531,Gamedec,Indie,4,14,72.0000,4,70.5448,11
3161,One Piece: Pirate Warriors,Role-playing (RPG),4,NULL,80.0000,2,69.6250,18
3161,One Piece: Pirate Warriors,Adventure,4,NULL,80.0000,2,69.6250,18
5082,Divinity: Original Sin,Puzzle,61,3,86.5556,11,84.8109,183
5082,Divinity: Original Sin,Role-playing (RPG),61,3,86.5556,11,84.8109,183
5082,Divinity: Original Sin,Adventure,61,3,86.5556,11,84.8109,183
5082,Divinity: Original Sin,Indie,61,3,86.5556,11,84.8109,183
1225,Kingdom Hearts Re:coded,Puzzle,9,NULL,68.5000,5,71.1751,50
1225,Kingdom Hearts Re:coded,Role-playing (RPG),9,NULL,68.5000,5,71.1751,50
7161,Rise of the Argonauts,Role-playing (RPG),11,NULL,60.0000,3,72.1933,26
7161,Rise of the Argonauts,Adventure,11,NULL,60.0000,3,72.1933,26
5231,Tony Hawk's Downhill Jam,Sport,3,NULL,60.6250,8,54.3328,13
5231,Tony Hawk's Downhill Jam,Strategy,3,NULL,60.6250,8,54.3328,13
125110,Grimm's Hollow,Role-playing (RPG),NULL,NULL,NULL,NULL,79.1365,17
125110,Grimm's Hollow,Adventure,NULL,NULL,NULL,NULL,79.1365,17
125110,Grimm's Hollow,Indie,NULL,NULL,NULL,NULL,79.1365,17
3111,Soldier of Fortune,Shooter,26,NULL,90.0000,1,74.0817,101
9495,Squad,Shooter,44,6,82.5000,2,83.1308,57
9495,Squad,Simulator,44,6,82.5000,2,83.1308,57
9495,Squad,Strategy,44,6,82.5000,2,83.1308,57
9495,Squad,Indie,44,6,82.5000,2,83.1308,57
9924,Sins of a Solar Empire: Rebellion,Simulator,9,NULL,85.3333,4,80.1965,16
9924,Sins of a Solar Empire: Rebellion,Strategy,9,NULL,85.3333,4,80.1965,16
9924,Sins of a Solar Empire: Rebellion,Indie,9,NULL,85.3333,4,80.1965,16
3082,Dear Esther,Simulator,41,NULL,72.2500,4,71.2652,154
3082,Dear Esther,Adventure,41,NULL,72.2500,4,71.2652,154
3082,Dear Esther,Indie,41,NULL,72.2500,4,71.2652,154
5808,Darkwatch,Shooter,8,NULL,69.0000,4,75.8991,18
705,FIFA: Road to World Cup 98,Sport,23,NULL,NULL,NULL,83.5391,86
3633,WCW Mayhem,Sport,3,NULL,NULL,NULL,59.0497,12
18041,Doritos Crash Course,Platform,7,NULL,NULL,NULL,75.7638,24
537,Assassin's Creed Revelations,Adventure,298,NULL,81.7143,10,76.9942,977
55678,Door Kickers: Action Squad,Shooter,4,2,82.5000,4,77.3414,15
55678,Door Kickers: Action Squad,Platform,4,2,82.5000,4,77.3414,15
55678,Door Kickers: Action Squad,Simulator,4,2,82.5000,4,77.3414,15
55678,Door Kickers: Action Squad,Strategy,4,2,82.5000,4,77.3414,15
55678,Door Kickers: Action Squad,Indie,4,2,82.5000,4,77.3414,15
5618,Hell Yeah! Wrath of the Dead Rabbit,Platform,7,NULL,73.6667,6,66.5783,23
5618,Hell Yeah! Wrath of the Dead Rabbit,Puzzle,7,NULL,73.6667,6,66.5783,23
5618,Hell Yeah! Wrath of the Dead Rabbit,Strategy,7,NULL,73.6667,6,66.5783,23
5618,Hell Yeah! Wrath of the Dead Rabbit,Adventure,7,NULL,73.6667,6,66.5783,23
5618,Hell Yeah! Wrath of the Dead Rabbit,Arcade,7,NULL,73.6667,6,66.5783,23
133330,BPM: Bullets Per Minute,Shooter,3,NULL,78.2500,5,75.0606,12
133330,BPM: Bullets Per Minute,Adventure,3,NULL,78.2500,5,75.0606,12
133330,BPM: Bullets Per Minute,Indie,3,NULL,78.2500,5,75.0606,12
133330,BPM: Bullets Per Minute,Arcade,3,NULL,78.2500,5,75.0606,12
9161,X-Men 2: Clone Wars,Platform,NULL,NULL,NULL,NULL,60.2721,13
5451,Snatcher,Shooter,11,NULL,NULL,NULL,79.9753,21
5451,Snatcher,Adventure,11,NULL,NULL,NULL,79.9753,21
102122,Madden NFL 19,Sport,8,1,80.8889,10,69.9066,16
64,Tales of Monkey Island,Puzzle,23,NULL,80.0000,1,77.2886,65
64,Tales of Monkey Island,Adventure,23,NULL,80.0000,1,77.2886,65
3583,Rampage 2: Universal Tour,Arcade,3,NULL,42.0000,2,59.6453,17
9331,Worms,Strategy,27,NULL,80.0000,2,77.2085,150
1919,Deadpool,Shooter,40,1,70.2308,16,70.1808,161
1919,Deadpool,Adventure,40,1,70.2308,16,70.1808,161
46745,Minecraft: Pocket Edition,Adventure,18,NULL,NULL,NULL,70.7185,35
10877,Sniper Elite: Nazi Zombie Army 2,Shooter,4,NULL,NULL,NULL,67.2644,12
10877,Sniper Elite: Nazi Zombie Army 2,Adventure,4,NULL,NULL,NULL,67.2644,12
94969,Mark of the Ninja Remastered,Platform,11,1,NULL,NULL,81.0077,35
94969,Mark of the Ninja Remastered,Adventure,11,1,NULL,NULL,81.0077,35
94969,Mark of the Ninja Remastered,Indie,11,1,NULL,NULL,81.0077,35
26951,Pillars of Eternity II: Deadfire,Role-playing (RPG),41,5,85.1429,16,82.0429,70
26951,Pillars of Eternity II: Deadfire,Adventure,41,5,85.1429,16,82.0429,70
2354,Deadlight,Platform,26,NULL,71.4286,9,68.9633,108
2354,Deadlight,Puzzle,26,NULL,71.4286,9,68.9633,108
2354,Deadlight,Adventure,26,NULL,71.4286,9,68.9633,108
2354,Deadlight,Indie,26,NULL,71.4286,9,68.9633,108
562,Tom Clancy's Splinter Cell: Conviction,Shooter,96,NULL,85.2000,6,76.6185,272
25,X-COM: Terror From the Deep,Strategy,8,NULL,NULL,NULL,80.1646,31
145089,Nobody Saves the World,Role-playing (RPG),3,3,85.8571,8,79.9843,33
145089,Nobody Saves the World,Adventure,3,3,85.8571,8,79.9843,33
145089,Nobody Saves the World,Indie,3,3,85.8571,8,79.9843,33
114455,Pacify,Strategy,71,21,NULL,NULL,60.6252,56
114455,Pacify,Adventure,71,21,NULL,NULL,60.6252,56
114455,Pacify,Indie,71,21,NULL,NULL,60.6252,56
9120,The Mark of Kri,Adventure,6,NULL,70.0000,1,79.7257,12
6698,Yu-Gi-Oh! World Championship Tournament 2004,Role-playing (RPG),2,NULL,70.0000,2,81.2409,15
6698,Yu-Gi-Oh! World Championship Tournament 2004,Strategy,2,NULL,70.0000,2,81.2409,15
9232,Pirates! Gold,Simulator,2,NULL,NULL,NULL,89.7902,14
9232,Pirates! Gold,Strategy,2,NULL,NULL,NULL,89.7902,14
9232,Pirates! Gold,Adventure,2,NULL,NULL,NULL,89.7902,14
11525,NBA 2K16,Sport,28,NULL,90.0000,5,75.8651,61
9651,Rory McIlroy PGA Tour,Sport,2,1,62.5000,11,70.0000,1
46941,Ao Oni,Puzzle,1,NULL,NULL,NULL,69.4395,34
46941,Ao Oni,Adventure,1,NULL,NULL,NULL,69.4395,34
3471,Doom 64,Shooter,15,NULL,77.0000,2,75.9791,64
1893,Hero's Quest: So You Want to Be a Hero,Role-playing (RPG),5,NULL,NULL,NULL,79.9595,16
1893,Hero's Quest: So You Want to Be a Hero,Adventure,5,NULL,NULL,NULL,79.9595,16
11270,The Cat Lady,Puzzle,53,NULL,NULL,NULL,94.6251,119
11270,The Cat Lady,Adventure,53,NULL,NULL,NULL,94.6251,119
11270,The Cat Lady,Indie,53,NULL,NULL,NULL,94.6251,119
95118,Last Epoch,Role-playing (RPG),6,7,NULL,NULL,79.9653,13
95118,Last Epoch,Adventure,6,7,NULL,NULL,79.9653,13
95118,Last Epoch,Indie,6,7,NULL,NULL,79.9653,13
14746,Batman: The Telltale Series,Role-playing (RPG),122,16,75.1429,16,72.2712,302
14746,Batman: The Telltale Series,Adventure,122,16,75.1429,16,72.2712,302
22739,Uno,Strategy,7,NULL,52.5000,2,69.6113,34
27979,Kingdom Hearts HD 1.5 + 2.5 Remix,Role-playing (RPG),16,NULL,84.5556,10,90.7148,42
27979,Kingdom Hearts HD 1.5 + 2.5 Remix,Adventure,16,NULL,84.5556,10,90.7148,42
3087,Broken Age,Puzzle,54,3,76.5385,14,74.9862,151
3087,Broken Age,Adventure,54,3,76.5385,14,74.9862,151
3087,Broken Age,Indie,54,3,76.5385,14,74.9862,151
13200,Planetbase,Simulator,15,NULL,75.0000,1,76.7237,24
13200,Planetbase,Strategy,15,NULL,75.0000,1,76.7237,24
13200,Planetbase,Indie,15,NULL,75.0000,1,76.7237,24
19552,Grow Up,Platform,11,3,68.5385,15,66.7399,22
19552,Grow Up,Adventure,11,3,68.5385,15,66.7399,22
20193,SCP: Containment Breach,Adventure,10,NULL,NULL,NULL,79.2196,18
75124,Cube Escape: The Lake,Puzzle,1,NULL,NULL,NULL,67.3998,19
75124,Cube Escape: The Lake,Adventure,1,NULL,NULL,NULL,67.3998,19
734,Ground Control,Strategy,3,NULL,90.0000,1,81.4740,15
7960,Angry Video Game Nerd Adventures,Shooter,7,NULL,76.6667,3,60.7344,21
7960,Angry Video Game Nerd Adventures,Platform,7,NULL,76.6667,3,60.7344,21
7960,Angry Video Game Nerd Adventures,Adventure,7,NULL,76.6667,3,60.7344,21
7960,Angry Video Game Nerd Adventures,Indie,7,NULL,76.6667,3,60.7344,21
8633,Alien Breed,Shooter,5,NULL,70.0000,1,79.8344,21
12055,Dragon Spirit,Shooter,1,NULL,NULL,NULL,68.6413,12
12055,Dragon Spirit,Arcade,1,NULL,NULL,NULL,68.6413,12
75125,Cube Escape: Arles,Puzzle,1,NULL,NULL,NULL,67.8860,19
75125,Cube Escape: Arles,Adventure,1,NULL,NULL,NULL,67.8860,19
16748,Super Mario Advance 4: Super Mario Bros. 3,Platform,16,NULL,90.0000,1,87.1098,36
18865,Assassin's Creed II: Discovery,Adventure,5,NULL,60.0000,1,59.2308,13
3011,Harry Potter and the Order of the Phoenix,Adventure,20,NULL,57.8750,9,66.6766,81
112660,Harry Potter and the Sorcerer's Stone,Adventure,1,NULL,NULL,NULL,79.8059,28
4906,Harry Potter and the Half-Blood Prince,Adventure,23,NULL,65.5714,9,69.2837,71
341,Harry Potter and the Sorcerer's Stone,Platform,72,NULL,64.0000,1,73.4206,229
341,Harry Potter and the Sorcerer's Stone,Puzzle,72,NULL,64.0000,1,73.4206,229
341,Harry Potter and the Sorcerer's Stone,Role-playing (RPG),72,NULL,64.0000,1,73.4206,229
341,Harry Potter and the Sorcerer's Stone,Adventure,72,NULL,64.0000,1,73.4206,229
20609,Digimon World DS,Role-playing (RPG),2,NULL,60.0000,1,79.6277,17
3943,Harry Potter and the Prisoner of Azkaban,Platform,44,NULL,74.0000,6,76.3155,139
3943,Harry Potter and the Prisoner of Azkaban,Role-playing (RPG),44,NULL,74.0000,6,76.3155,139
3943,Harry Potter and the Prisoner of Azkaban,Adventure,44,NULL,74.0000,6,76.3155,139
907,TOCA Race Driver 3,Simulator,10,NULL,83.3333,3,70.8246,21
907,TOCA Race Driver 3,Sport,10,NULL,83.3333,3,70.8246,21
27367,Yoku's Island Express,Platform,24,2,84.5000,11,84.3527,78
27367,Yoku's Island Express,Puzzle,24,2,84.5000,11,84.3527,78
27367,Yoku's Island Express,Adventure,24,2,84.5000,11,84.3527,78
27367,Yoku's Island Express,Indie,24,2,84.5000,11,84.3527,78
27367,Yoku's Island Express,Arcade,24,2,84.5000,11,84.3527,78
8366,Sniper Elite III,Shooter,42,NULL,67.9167,13,71.3782,141
8366,Sniper Elite III,Simulator,42,NULL,67.9167,13,71.3782,141
8366,Sniper Elite III,Adventure,42,NULL,67.9167,13,71.3782,141
27438,Blaster Master Zero,Shooter,5,NULL,82.5000,6,72.5955,21
27438,Blaster Master Zero,Platform,5,NULL,82.5000,6,72.5955,21
27438,Blaster Master Zero,Adventure,5,NULL,82.5000,6,72.5955,21
132139,XCOM: Chimera Squad,Strategy,14,1,78.0000,12,71.5054,27
11793,Valkyrie Profile 2: Silmeria,Role-playing (RPG),9,NULL,87.0000,3,79.9286,11
145838,F1 2021,Simulator,3,4,91.6667,7,79.7225,21
145838,F1 2021,Sport,3,4,91.6667,7,79.7225,21
7868,I am Bread,Platform,6,2,53.5714,7,53.4287,11
7868,I am Bread,Puzzle,6,2,53.5714,7,53.4287,11
7868,I am Bread,Simulator,6,2,53.5714,7,53.4287,11
7868,I am Bread,Adventure,6,2,53.5714,7,53.4287,11
7868,I am Bread,Indie,6,2,53.5714,7,53.4287,11
13154,Rage of Mages,Role-playing (RPG),1,NULL,NULL,NULL,60.4850,14
13154,Rage of Mages,Strategy,1,NULL,NULL,NULL,60.4850,14
1063,Kirby's Dream Land,Platform,19,NULL,NULL,NULL,78.5249,132
8347,The Long Dark,Shooter,67,3,82.0000,8,76.5991,125
8347,The Long Dark,Simulator,67,3,82.0000,8,76.5991,125
8347,The Long Dark,Strategy,67,3,82.0000,8,76.5991,125
8347,The Long Dark,Adventure,67,3,82.0000,8,76.5991,125
8347,The Long Dark,Indie,67,3,82.0000,8,76.5991,125
4156,Sonic Heroes,Platform,22,NULL,61.6667,3,65.4972,174
4156,Sonic Heroes,Adventure,22,NULL,61.6667,3,65.4972,174
6225,V-Rally: Championship Edition,Sport,3,NULL,NULL,NULL,61.5294,14
1886,Homefront: The Revolution,Shooter,54,26,48.3182,25,63.1596,71
1886,Homefront: The Revolution,Adventure,54,26,48.3182,25,63.1596,71
28086,Railway Empire,Simulator,16,4,85.0000,3,78.4391,24
28086,Railway Empire,Strategy,16,4,85.0000,3,78.4391,24
34053,Nekopara Vol. 2,Simulator,5,NULL,NULL,NULL,68.1640,16
34053,Nekopara Vol. 2,Adventure,5,NULL,NULL,NULL,68.1640,16
34053,Nekopara Vol. 2,Indie,5,NULL,NULL,NULL,68.1640,16
11789,Primal,Puzzle,10,NULL,50.0000,2,79.9747,19
11789,Primal,Adventure,10,NULL,50.0000,2,79.9747,19
26676,Kingdom Hearts 0.2: Birth by Sleep - A Fragmentary Passage,Role-playing (RPG),6,1,NULL,NULL,77.7318,28
1509,Epic Mickey,Platform,8,NULL,74.0000,9,75.9452,30
1509,Epic Mickey,Adventure,8,NULL,74.0000,9,75.9452,30
25776,One Night Stand,Adventure,2,NULL,NULL,NULL,69.8755,13
25776,One Night Stand,Indie,2,NULL,NULL,NULL,69.8755,13
16998,Song of the Deep,Puzzle,15,2,68.9412,20,75.6368,23
16998,Song of the Deep,Adventure,15,2,68.9412,20,75.6368,23
1329,Turok: Evolution,Shooter,4,NULL,50.0000,2,59.7729,26
1329,Turok: Evolution,Adventure,4,NULL,50.0000,2,59.7729,26
8654,Adr1ft,Puzzle,38,13,68.0833,13,82.9562,30
8654,Adr1ft,Adventure,38,13,68.0833,13,82.9562,30
8654,Adr1ft,Indie,38,13,68.0833,13,82.9562,30
1766,Mega Man Network Transmission,Platform,NULL,NULL,63.5000,2,61.3500,11
1766,Mega Man Network Transmission,Role-playing (RPG),NULL,NULL,63.5000,2,61.3500,11
3770,Evolve,Shooter,35,17,77.1765,19,60.1604,80
19457,The Elder Scrolls V: Skyrim - Special Edition,Role-playing (RPG),128,10,81.6842,21,87.0993,295
19457,The Elder Scrolls V: Skyrim - Special Edition,Adventure,128,10,81.6842,21,87.0993,295
26940,The Banner Saga 3,Role-playing (RPG),12,2,87.0000,9,89.2592,44
26940,The Banner Saga 3,Simulator,12,2,87.0000,9,89.2592,44
26940,The Banner Saga 3,Strategy,12,2,87.0000,9,89.2592,44
26940,The Banner Saga 3,Indie,12,2,87.0000,9,89.2592,44
1726,Mega Man & Bass,Shooter,7,NULL,NULL,NULL,70.2911,42
1726,Mega Man & Bass,Platform,7,NULL,NULL,NULL,70.2911,42
1726,Mega Man & Bass,Adventure,7,NULL,NULL,NULL,70.2911,42
36616,They Are Billions,Role-playing (RPG),26,6,75.7143,8,77.5340,45
36616,They Are Billions,Strategy,26,6,75.7143,8,77.5340,45
36616,They Are Billions,Indie,26,6,75.7143,8,77.5340,45
152247,Redfall,Shooter,NULL,19,56.5000,11,37.8042,16
152247,Redfall,Role-playing (RPG),NULL,19,56.5000,11,37.8042,16
152247,Redfall,Adventure,NULL,19,56.5000,11,37.8042,16
11291,Depth,Shooter,8,NULL,NULL,NULL,60.2842,16
11291,Depth,Indie,8,NULL,NULL,NULL,60.2842,16
520,F.E.A.R. 2: Project Origin,Shooter,78,NULL,76.0000,9,76.9946,223
27791,The Disney Afternoon Collection,Platform,9,2,78.5385,15,80.0000,2
27791,The Disney Afternoon Collection,Adventure,9,2,78.5385,15,80.0000,2
6930,Street Fighter,Arcade,8,NULL,NULL,NULL,57.3257,82
9520,SimAnt,Simulator,NULL,NULL,NULL,NULL,71.8490,21
9520,SimAnt,Strategy,NULL,NULL,NULL,NULL,71.8490,21
1461,LocoRoco 2,Platform,4,NULL,92.5000,5,84.5967,16
1461,LocoRoco 2,Puzzle,4,NULL,92.5000,5,84.5967,16
1461,LocoRoco 2,Adventure,4,NULL,92.5000,5,84.5967,16
4758,D4: Dark Dreams Don't Die - Season 1,Adventure,16,NULL,78.8750,9,76.5405,29
4758,D4: Dark Dreams Don't Die - Season 1,Indie,16,NULL,78.8750,9,76.5405,29
184,Indiana Jones and the Fate of Atlantis,Puzzle,140,NULL,NULL,NULL,90.5357,343
184,Indiana Jones and the Fate of Atlantis,Adventure,140,NULL,NULL,NULL,90.5357,343
2323,Pokémon Mystery Dungeon: Explorers of Sky,Role-playing (RPG),10,NULL,50.0000,3,83.2338,51
1223,Kingdom Hearts 358/2 Days,Role-playing (RPG),26,NULL,76.7500,4,73.8881,103
7192,Star Ocean: The Last Hope,Role-playing (RPG),7,NULL,77.2000,6,70.7446,15
10734,Horizon Chase,Sport,6,NULL,NULL,NULL,71.3820,12
10734,Horizon Chase,Indie,6,NULL,NULL,NULL,71.3820,12
19334,Final Fantasy: Brave Exvius,Role-playing (RPG),19,NULL,70.0000,2,89.9127,11
19334,Final Fantasy: Brave Exvius,Adventure,19,NULL,70.0000,2,89.9127,11
6063,Ape Escape 2,Platform,4,NULL,77.6667,3,83.7400,29
6063,Ape Escape 2,Adventure,4,NULL,77.6667,3,83.7400,29
4932,Indiana Jones and the Staff of Kings,Platform,4,NULL,50.0000,5,66.6571,12
4932,Indiana Jones and the Staff of Kings,Adventure,4,NULL,50.0000,5,66.6571,12
1976,Call of Juarez: Gunslinger,Shooter,81,NULL,74.6000,10,77.9676,253
1976,Call of Juarez: Gunslinger,Adventure,81,NULL,74.6000,10,77.9676,253
1976,Call of Juarez: Gunslinger,Arcade,81,NULL,74.6000,10,77.9676,253
1297,Tom Clancy's Ghost Recon: Jungle Storm,Shooter,3,NULL,64.0000,2,73.5086,11
4905,Harry Potter and the Deathly Hallows: Part 2,Shooter,16,NULL,20.0000,4,56.4457,28
191,Loom,Puzzle,28,NULL,NULL,NULL,88.4744,70
191,Loom,Simulator,28,NULL,NULL,NULL,88.4744,70
191,Loom,Strategy,28,NULL,NULL,NULL,88.4744,70
191,Loom,Adventure,28,NULL,NULL,NULL,88.4744,70
5298,WWE SmackDown vs. Raw 2008,Sport,9,NULL,64.1667,9,69.6539,40
4929,Impossible Mission,Platform,3,NULL,100.0000,1,78.4957,20
4929,Impossible Mission,Puzzle,3,NULL,100.0000,1,78.4957,20
4929,Impossible Mission,Adventure,3,NULL,100.0000,1,78.4957,20
4929,Impossible Mission,Arcade,3,NULL,100.0000,1,78.4957,20
14701,Pac-Man 256,Puzzle,5,NULL,75.1000,10,85.9671,21
14701,Pac-Man 256,Strategy,5,NULL,75.1000,10,85.9671,21
14701,Pac-Man 256,Arcade,5,NULL,75.1000,10,85.9671,21
946,Football Manager 2008,Simulator,7,NULL,80.0000,3,80.2758,34
946,Football Manager 2008,Sport,7,NULL,80.0000,3,80.2758,34
946,Football Manager 2008,Strategy,7,NULL,80.0000,3,80.2758,34
75140,Kards: The WWII Card Game,Strategy,3,1,NULL,NULL,77.3199,12
75140,Kards: The WWII Card Game,Indie,3,1,NULL,NULL,77.3199,12
15537,Samorost 3,Puzzle,23,4,79.0000,8,75.2343,61
15537,Samorost 3,Adventure,23,4,79.0000,8,75.2343,61
15537,Samorost 3,Indie,23,4,79.0000,8,75.2343,61
27343,Full Metal Furies,Puzzle,4,1,85.6667,7,79.0498,13
27343,Full Metal Furies,Role-playing (RPG),4,1,85.6667,7,79.0498,13
27343,Full Metal Furies,Adventure,4,1,85.6667,7,79.0498,13
27343,Full Metal Furies,Indie,4,1,85.6667,7,79.0498,13
178282,Honkai: Star Rail,Role-playing (RPG),NULL,NULL,90.0000,2,71.6076,44
178282,Honkai: Star Rail,Adventure,NULL,NULL,90.0000,2,71.6076,44
119277,Genshin Impact,Role-playing (RPG),75,19,83.2857,9,80.4720,307
119277,Genshin Impact,Adventure,75,19,83.2857,9,80.4720,307
11625,The Room,Puzzle,46,NULL,85.0000,2,80.7569,156
11625,The Room,Indie,46,NULL,85.0000,2,80.7569,156
19000,The Walking Dead: A New Frontier,Adventure,88,19,74.8596,15,70.5316,233
27217,Redeemer,Indie,5,1,61.2500,6,70.2033,11
1042,Just Cause,Shooter,42,NULL,60.0000,3,63.0974,140
1042,Just Cause,Adventure,42,NULL,60.0000,3,63.0974,140
133807,Trackmania,Sport,14,2,NULL,NULL,79.1629,43
133807,Trackmania,Arcade,14,2,NULL,NULL,79.1629,43
9826,The Dream Machine,Puzzle,6,NULL,NULL,NULL,70.3697,16
9826,The Dream Machine,Adventure,6,NULL,NULL,NULL,70.3697,16
9826,The Dream Machine,Indie,6,NULL,NULL,NULL,70.3697,16
415,Final Fantasy: Mystic Quest,Role-playing (RPG),9,NULL,NULL,NULL,75.4596,37
415,Final Fantasy: Mystic Quest,Adventure,9,NULL,NULL,NULL,75.4596,37
25326,Toontown Online,Role-playing (RPG),4,NULL,NULL,NULL,75.2391,15
133942,Sonic Unleashed,Platform,NULL,NULL,60.0000,2,21.4777,12
133942,Sonic Unleashed,Adventure,NULL,NULL,60.0000,2,21.4777,12
59,The Elder Scrolls IV: Oblivion,Role-playing (RPG),482,NULL,94.2000,7,85.1186,1285
59,The Elder Scrolls IV: Oblivion,Adventure,482,NULL,94.2000,7,85.1186,1285
316,SWAT 4,Shooter,41,NULL,85.0000,3,86.2330,111
316,SWAT 4,Strategy,41,NULL,85.0000,3,86.2330,111
1754,Mega Man Legends 2,Shooter,6,1,80.0000,1,84.9667,21
1754,Mega Man Legends 2,Platform,6,1,80.0000,1,84.9667,21
1754,Mega Man Legends 2,Role-playing (RPG),6,1,80.0000,1,84.9667,21
1754,Mega Man Legends 2,Adventure,6,1,80.0000,1,84.9667,21
9928,Dirt Rally,Simulator,48,4,84.7692,15,82.3139,109
9928,Dirt Rally,Sport,48,4,84.7692,15,82.3139,109
6077,1941: Counter Attack,Shooter,2,NULL,NULL,NULL,64.2460,18
6077,1941: Counter Attack,Arcade,2,NULL,NULL,NULL,64.2460,18
1714,Mega Man,Platform,49,NULL,NULL,NULL,75.4201,241
1714,Mega Man,Puzzle,49,NULL,NULL,NULL,75.4201,241
1714,Mega Man,Adventure,49,NULL,NULL,NULL,75.4201,241
8700,Little Fighter 2,Indie,5,NULL,60.0000,0,80.0768,21
3656,Kirby's Dream Course,Puzzle,6,NULL,70.0000,1,79.3500,33
3656,Kirby's Dream Course,Sport,6,NULL,70.0000,1,79.3500,33
2735,Balloon Fight,Platform,13,NULL,69.0000,1,65.0507,85
2735,Balloon Fight,Adventure,13,NULL,69.0000,1,65.0507,85
2735,Balloon Fight,Arcade,13,NULL,69.0000,1,65.0507,85
4821,Drawn to Life,Platform,1,NULL,77.5000,2,63.2291,16
4821,Drawn to Life,Adventure,1,NULL,77.5000,2,63.2291,16
7390,PlayStation All-Stars Battle Royale,Platform,12,NULL,65.7143,8,65.0565,62
1219,Kingdom Hearts,Role-playing (RPG),144,NULL,80.0000,4,82.3509,453
1219,Kingdom Hearts,Adventure,144,NULL,80.0000,4,82.3509,453
41420,Wrecking Crew,Platform,4,NULL,NULL,NULL,59.9417,20
41420,Wrecking Crew,Puzzle,4,NULL,NULL,NULL,59.9417,20
41420,Wrecking Crew,Adventure,4,NULL,NULL,NULL,59.9417,20
41420,Wrecking Crew,Arcade,4,NULL,NULL,NULL,59.9417,20
23306,Asphalt 8: Airborne,Arcade,77,3,NULL,NULL,72.8188,53
941,World in Conflict,Strategy,13,NULL,94.0000,5,82.1865,48
19261,Sonic Rush Adventure,Platform,7,NULL,79.3333,3,71.3180,32
2607,Sonic Lost World,Platform,11,2,58.0714,16,51.0034,42
2607,Sonic Lost World,Adventure,11,2,58.0714,16,51.0034,42
144024,Final Fantasy VII Remake Intergrade,Role-playing (RPG),7,2,92.6250,10,87.0497,25
144024,Final Fantasy VII Remake Intergrade,Adventure,7,2,92.6250,10,87.0497,25
19942,Stephen's Sausage Roll,Puzzle,6,NULL,100.0000,3,33.0134,15
19942,Stephen's Sausage Roll,Indie,6,NULL,100.0000,3,33.0134,15
1438,Fire Emblem: The Binding Blade,Role-playing (RPG),10,NULL,NULL,NULL,73.3314,40
1438,Fire Emblem: The Binding Blade,Strategy,10,NULL,NULL,NULL,73.3314,40
132642,Super Mario 64: Shindou Pak Taiou Version,Platform,2,NULL,NULL,NULL,93.0887,15
132642,Super Mario 64: Shindou Pak Taiou Version,Adventure,2,NULL,NULL,NULL,93.0887,15
165192,The Elder Scrolls V: Skyrim - Anniversary Edition,Role-playing (RPG),NULL,NULL,100.0000,2,98.6315,26
165192,The Elder Scrolls V: Skyrim - Anniversary Edition,Adventure,NULL,NULL,100.0000,2,98.6315,26
1765,Mega Man Battle Network 6: Cybeast Gregar,Role-playing (RPG),2,NULL,NULL,NULL,79.3720,14
10089,Tengami,Puzzle,3,NULL,50.0000,2,41.4682,14
10089,Tengami,Adventure,3,NULL,50.0000,2,41.4682,14
10089,Tengami,Indie,3,NULL,50.0000,2,41.4682,14
25646,Don't Knock Twice,Puzzle,21,NULL,NULL,NULL,62.9118,15
25646,Don't Knock Twice,Adventure,21,NULL,NULL,NULL,62.9118,15
25646,Don't Knock Twice,Indie,21,NULL,NULL,NULL,62.9118,15
157446,NBA 2K22,Simulator,1,NULL,73.2857,9,57.9990,15
157446,NBA 2K22,Sport,1,NULL,73.2857,9,57.9990,15
3516,International Superstar Soccer 64,Sport,8,NULL,NULL,NULL,77.2830,24
18305,Clock Tower 3,Adventure,5,NULL,60.0000,2,42.2437,23
553,Spider-Man: Shattered Dimensions,Platform,33,NULL,74.0000,13,71.7596,109
553,Spider-Man: Shattered Dimensions,Adventure,33,NULL,74.0000,13,71.7596,109
1319,Gears of War: Judgment,Shooter,24,NULL,76.6667,11,69.8367,112
20461,Tennis,Sport,5,NULL,NULL,NULL,79.8215,22
115991,The Riftbreaker,Shooter,4,6,82.5000,2,71.8652,11
115991,The Riftbreaker,Role-playing (RPG),4,6,82.5000,2,71.8652,11
115991,The Riftbreaker,Simulator,4,6,82.5000,2,71.8652,11
115991,The Riftbreaker,Strategy,4,6,82.5000,2,71.8652,11
115991,The Riftbreaker,Adventure,4,6,82.5000,2,71.8652,11
115991,The Riftbreaker,Indie,4,6,82.5000,2,71.8652,11
3666,Ice Climber,Platform,19,NULL,NULL,NULL,66.7614,108
3666,Ice Climber,Arcade,19,NULL,NULL,NULL,66.7614,108
1114,Castlevania,Platform,66,NULL,NULL,NULL,78.6395,273
1114,Castlevania,Adventure,66,NULL,NULL,NULL,78.6395,273
19821,Captain Commando,Platform,13,NULL,NULL,NULL,73.2665,48
1649,007 Legends,Shooter,7,NULL,45.7143,9,59.8220,17
202279,Marvel Snap,Strategy,6,NULL,85.0000,3,78.5169,47
35282,CrossCode,Shooter,17,1,81.1250,8,96.7720,64
35282,CrossCode,Puzzle,17,1,81.1250,8,96.7720,64
35282,CrossCode,Role-playing (RPG),17,1,81.1250,8,96.7720,64
35282,CrossCode,Adventure,17,1,81.1250,8,96.7720,64
35282,CrossCode,Indie,17,1,81.1250,8,96.7720,64
2272,No More Heroes,Adventure,25,NULL,81.0000,6,79.3808,104
6902,Theatrhythm Final Fantasy,Role-playing (RPG),8,NULL,81.6667,6,79.8839,20
15928,Umihara Kawase,Platform,2,NULL,95.0000,1,71.7402,11
15928,Umihara Kawase,Puzzle,2,NULL,95.0000,1,71.7402,11
15928,Umihara Kawase,Indie,2,NULL,95.0000,1,71.7402,11
90055,Carrion,Platform,17,12,74.5556,11,77.2616,116
90055,Carrion,Adventure,17,12,74.5556,11,77.2616,116
90055,Carrion,Indie,17,12,74.5556,11,77.2616,116
36872,Forza Motorsport 7,Simulator,35,4,86.1429,16,75.4016,48
132038,Maquette,Puzzle,5,1,76.4286,9,70.8269,18
132038,Maquette,Adventure,5,1,76.4286,9,70.8269,18
132038,Maquette,Indie,5,1,76.4286,9,70.8269,18
18812,Tales of Berseria,Role-playing (RPG),51,1,82.1429,17,79.7252,102
7359,The 3rd Birthday,Shooter,3,NULL,76.0000,4,69.8073,21
7359,The 3rd Birthday,Role-playing (RPG),3,NULL,76.0000,4,69.8073,21
7359,The 3rd Birthday,Adventure,3,NULL,76.0000,4,69.8073,21
119341,Pistol Whip,Shooter,2,NULL,87.0000,4,78.7200,16
119341,Pistol Whip,Indie,2,NULL,87.0000,4,78.7200,16
119341,Pistol Whip,Arcade,2,NULL,87.0000,4,78.7200,16
4035,NBA Street,Sport,5,NULL,88.0000,1,88.6548,19
4876,Disney G-Force,Platform,3,NULL,100.0000,5,79.2946,14
4876,Disney G-Force,Adventure,3,NULL,100.0000,5,79.2946,14
952,NHL 12,Sport,2,NULL,87.0000,6,79.9115,16
5817,Driv3r,Shooter,20,NULL,51.0000,8,54.3419,71
194507,Moonscars,Platform,2,6,65.6667,3,70.2037,11
194507,Moonscars,Adventure,2,6,65.6667,3,70.2037,11
194507,Moonscars,Indie,2,6,65.6667,3,70.2037,11
1704,WarioWare: Twisted!,Puzzle,3,NULL,90.0000,1,75.6657,18
1704,WarioWare: Twisted!,Arcade,3,NULL,90.0000,1,75.6657,18
5057,NBA 2K12,Simulator,9,NULL,84.1667,7,81.6319,39
5057,NBA 2K12,Sport,9,NULL,84.1667,7,81.6319,39
5057,NBA 2K12,Strategy,9,NULL,84.1667,7,81.6319,39
5233,Top Spin 4,Simulator,4,NULL,73.7500,6,89.1800,17
5233,Top Spin 4,Sport,4,NULL,73.7500,6,89.1800,17
5233,Top Spin 4,Strategy,4,NULL,73.7500,6,89.1800,17
4988,Madden NFL 13,Sport,3,NULL,79.6923,13,69.0300,12
2528,Lands of Lore: The Throne of Chaos,Role-playing (RPG),4,NULL,NULL,NULL,89.8802,12
130508,Kill It With Fire,Shooter,2,1,80.0000,1,60.4210,18
130508,Kill It With Fire,Simulator,2,1,80.0000,1,60.4210,18
130508,Kill It With Fire,Indie,2,1,80.0000,1,60.4210,18
9720,Wizards & Warriors,Platform,NULL,NULL,NULL,NULL,65.3202,12
9720,Wizards & Warriors,Adventure,NULL,NULL,NULL,NULL,65.3202,12
4036,NBA Street Vol. 2,Sport,7,NULL,85.0000,3,89.9857,30
4036,NBA Street Vol. 2,Adventure,7,NULL,85.0000,3,89.9857,30
4176,SSX Tricky,Sport,15,NULL,93.3333,3,81.2363,52
7435,Heroes & Generals,Shooter,11,2,NULL,NULL,55.6477,35
7435,Heroes & Generals,Strategy,11,2,NULL,NULL,55.6477,35
7435,Heroes & Generals,Indie,11,2,NULL,NULL,55.6477,35
39521,Real Bout Fatal Fury Special,Arcade,NULL,NULL,NULL,NULL,87.9516,15
6231,Sonic the Hedgehog,Platform,13,NULL,30.0000,2,25.5802,102
6231,Sonic the Hedgehog,Adventure,13,NULL,30.0000,2,25.5802,102
121435,WWE 2K20,Simulator,6,NULL,44.5714,8,52.6463,15
121435,WWE 2K20,Sport,6,NULL,44.5714,8,52.6463,15
4175,SSX,Puzzle,13,NULL,82.2500,5,77.3728,31
4175,SSX,Simulator,13,NULL,82.2500,5,77.3728,31
4175,SSX,Sport,13,NULL,82.2500,5,77.3728,31
9932,Stronghold Legends,Simulator,2,NULL,53.3333,3,78.6582,19
9932,Stronghold Legends,Strategy,2,NULL,53.3333,3,78.6582,19
1382,Tony Hawk's Pro Skater HD,Sport,4,NULL,58.5000,11,43.6146,19
1382,Tony Hawk's Pro Skater HD,Arcade,4,NULL,58.5000,11,43.6146,19
4797,Dead Rising,Adventure,59,NULL,82.4000,8,73.8994,168
10373,Azure Striker Gunvolt,Shooter,3,NULL,95.0000,3,73.3331,20
10373,Azure Striker Gunvolt,Platform,3,NULL,95.0000,3,73.3331,20
10373,Azure Striker Gunvolt,Adventure,3,NULL,95.0000,3,73.3331,20
10373,Azure Striker Gunvolt,Indie,3,NULL,95.0000,3,73.3331,20
134561,Alex Kidd in Miracle World DX,Platform,NULL,1,62.0000,4,67.7198,11
134561,Alex Kidd in Miracle World DX,Adventure,NULL,1,62.0000,4,67.7198,11
134561,Alex Kidd in Miracle World DX,Indie,NULL,1,62.0000,4,67.7198,11
134561,Alex Kidd in Miracle World DX,Arcade,NULL,1,62.0000,4,67.7198,11
8449,Felix the Cat,Platform,4,NULL,NULL,NULL,79.8959,24
8449,Felix the Cat,Adventure,4,NULL,NULL,NULL,79.8959,24
9179,Sword Coast Legends,Role-playing (RPG),10,4,63.3333,10,69.4532,11
9179,Sword Coast Legends,Adventure,10,4,63.3333,10,69.4532,11
3020,Shadowrun Returns,Role-playing (RPG),55,NULL,72.5000,11,75.6837,140
3020,Shadowrun Returns,Strategy,55,NULL,72.5000,11,75.6837,140
3020,Shadowrun Returns,Adventure,55,NULL,72.5000,11,75.6837,140
3020,Shadowrun Returns,Indie,55,NULL,72.5000,11,75.6837,140
11987,.Hack//G.U. Vol. 1: Rebirth,Role-playing (RPG),7,NULL,67.5000,2,88.4758,12
134072,Bright Memory,Shooter,4,NULL,52.5000,4,69.4187,25
134072,Bright Memory,Adventure,4,NULL,52.5000,4,69.4187,25
134072,Bright Memory,Indie,4,NULL,52.5000,4,69.4187,25
27033,Poochy & Yoshi's Woolly World,Platform,2,NULL,80.0769,13,70.2815,7
27033,Poochy & Yoshi's Woolly World,Puzzle,2,NULL,80.0769,13,70.2815,7
142803,Diablo II: Resurrected,Role-playing (RPG),21,10,80.4545,13,90.5938,56
142803,Diablo II: Resurrected,Adventure,21,10,80.4545,13,90.5938,56
7584,Star Trek Online,Role-playing (RPG),12,NULL,67.5000,9,63.9791,29
7584,Star Trek Online,Simulator,12,NULL,67.5000,9,63.9791,29
7584,Star Trek Online,Strategy,12,NULL,67.5000,9,63.9791,29
7584,Star Trek Online,Adventure,12,NULL,67.5000,9,63.9791,29
16287,Slime Rancher,Shooter,38,NULL,77.6667,4,75.7198,153
16287,Slime Rancher,Simulator,38,NULL,77.6667,4,75.7198,153
16287,Slime Rancher,Strategy,38,NULL,77.6667,4,75.7198,153
16287,Slime Rancher,Adventure,38,NULL,77.6667,4,75.7198,153
16287,Slime Rancher,Indie,38,NULL,77.6667,4,75.7198,153
10088,Hohokum,Adventure,11,NULL,71.8889,9,70.1543,21
10088,Hohokum,Indie,11,NULL,71.8889,9,70.1543,21
18728,TrackMania,Sport,12,NULL,81.0000,3,82.5485,28
18728,TrackMania,Arcade,12,NULL,81.0000,3,82.5485,28
2194,Punch-Out!!,Sport,10,NULL,86.8000,6,85.1759,39
2194,Punch-Out!!,Adventure,10,NULL,86.8000,6,85.1759,39
164664,Sekiro: Shadows Die Twice - GOTY Edition,Role-playing (RPG),2,NULL,NULL,NULL,97.3655,26
164664,Sekiro: Shadows Die Twice - GOTY Edition,Adventure,2,NULL,NULL,NULL,97.3655,26
11807,.Hack//Infection,Role-playing (RPG),9,NULL,NULL,NULL,75.1941,20
19728,Huntdown,Shooter,5,3,82.0000,7,89.1657,20
19728,Huntdown,Platform,5,3,82.0000,7,89.1657,20
19728,Huntdown,Indie,5,3,82.0000,7,89.1657,20
19728,Huntdown,Arcade,5,3,82.0000,7,89.1657,20
10906,Pokémon Super Mystery Dungeon,Role-playing (RPG),13,1,72.8571,7,70.7225,38
10906,Pokémon Super Mystery Dungeon,Adventure,13,1,72.8571,7,70.7225,38
320,S.T.A.L.K.E.R.: Shadow of Chernobyl,Shooter,103,NULL,80.0000,4,81.5114,332
320,S.T.A.L.K.E.R.: Shadow of Chernobyl,Role-playing (RPG),103,NULL,80.0000,4,81.5114,332
8234,Die Hard Trilogy,Shooter,6,NULL,75.0000,1,65.5120,36
8234,Die Hard Trilogy,Arcade,6,NULL,75.0000,1,65.5120,36
109458,Katamari Damacy Reroll,Puzzle,10,NULL,84.8571,10,84.2926,58
109458,Katamari Damacy Reroll,Adventure,10,NULL,84.8571,10,84.2926,58
351,Battlefield 1943,Shooter,9,NULL,85.0000,7,71.6791,50
106274,Sonic the Hedgehog,Platform,3,NULL,NULL,NULL,79.4860,31
106274,Sonic the Hedgehog,Adventure,3,NULL,NULL,NULL,79.4860,31
1742,Mega Man X2,Shooter,23,NULL,NULL,NULL,83.2131,125
1742,Mega Man X2,Platform,23,NULL,NULL,NULL,83.2131,125
1742,Mega Man X2,Adventure,23,NULL,NULL,NULL,83.2131,125
1436,Fire Emblem: Genealogy of the Holy War,Role-playing (RPG),7,NULL,NULL,NULL,85.7262,36
1436,Fire Emblem: Genealogy of the Holy War,Strategy,7,NULL,NULL,NULL,85.7262,36
7436,Temple Run 2,Platform,8,NULL,85.0000,2,72.2036,43
7436,Temple Run 2,Adventure,8,NULL,85.0000,2,72.2036,43
9473,Sonic the Hedgehog 4: Episode I,Platform,4,NULL,75.0000,6,36.4266,39
9473,Sonic the Hedgehog 4: Episode I,Adventure,4,NULL,75.0000,6,36.4266,39
9473,Sonic the Hedgehog 4: Episode I,Arcade,4,NULL,75.0000,6,36.4266,39
7708,Saints Row: Gat Out of Hell,Shooter,45,NULL,64.2727,11,69.6025,120
7708,Saints Row: Gat Out of Hell,Adventure,45,NULL,64.2727,11,69.6025,120
7071,Midnight Club: Los Angeles,Arcade,15,NULL,80.0000,9,77.6043,44
11813,Universe Sandbox,Simulator,7,NULL,NULL,NULL,81.9228,24
11813,Universe Sandbox,Indie,7,NULL,NULL,NULL,81.9228,24
1990,VVVVVV,Platform,48,NULL,79.7500,6,79.0590,150
1990,VVVVVV,Puzzle,48,NULL,79.7500,6,79.0590,150
1990,VVVVVV,Adventure,48,NULL,79.7500,6,79.0590,150
1990,VVVVVV,Indie,48,NULL,79.7500,6,79.0590,150
1990,VVVVVV,Arcade,48,NULL,79.7500,6,79.0590,150
14567,BlazeRush,Indie,3,NULL,67.0000,3,64.1473,11
14567,BlazeRush,Arcade,3,NULL,67.0000,3,64.1473,11
751,Homeworld: Emergence,Simulator,8,NULL,80.0000,1,80.5134,21
751,Homeworld: Emergence,Strategy,8,NULL,80.0000,1,80.5134,21
751,Homeworld: Emergence,Adventure,8,NULL,80.0000,1,80.5134,21
8225,Anno 1701,Simulator,22,NULL,76.6667,3,75.5948,41
8225,Anno 1701,Strategy,22,NULL,76.6667,3,75.5948,41
303,Anno 1602: Creation of a New World,Simulator,30,NULL,NULL,NULL,87.4723,66
303,Anno 1602: Creation of a New World,Strategy,30,NULL,NULL,NULL,87.4723,66
11837,Treasure Adventure Game,Platform,11,NULL,NULL,NULL,83.4781,11
11837,Treasure Adventure Game,Role-playing (RPG),11,NULL,NULL,NULL,83.4781,11
11837,Treasure Adventure Game,Adventure,11,NULL,NULL,NULL,83.4781,11
11837,Treasure Adventure Game,Indie,11,NULL,NULL,NULL,83.4781,11
3042,Dying Light,Shooter,257,24,72.0588,20,80.7454,711
3042,Dying Light,Role-playing (RPG),257,24,72.0588,20,80.7454,711
3042,Dying Light,Adventure,257,24,72.0588,20,80.7454,711
11800,Divinity: Original Sin II,Role-playing (RPG),118,22,91.3077,17,87.0316,295
11800,Divinity: Original Sin II,Strategy,118,22,91.3077,17,87.0316,295
11800,Divinity: Original Sin II,Adventure,118,22,91.3077,17,87.0316,295
7406,Aquaria,Platform,24,NULL,75.0000,2,96.5531,36
7406,Aquaria,Adventure,24,NULL,75.0000,2,96.5531,36
7406,Aquaria,Indie,24,NULL,75.0000,2,96.5531,36
3914,Fantastic 4,Adventure,4,NULL,64.0000,5,62.8357,22
11612,BlazBlue: Chrono Phantasma Extend,Arcade,4,NULL,85.0000,2,89.5297,16
48081,Milon's Secret Castle,Platform,NULL,NULL,NULL,NULL,58.8713,13
48081,Milon's Secret Castle,Puzzle,NULL,NULL,NULL,NULL,58.8713,13
48081,Milon's Secret Castle,Adventure,NULL,NULL,NULL,NULL,58.8713,13
24192,Enslaved: Odyssey to the West Premium Edition,Adventure,9,NULL,NULL,NULL,79.9548,27
1088,Donkey Kong 3,Platform,4,NULL,NULL,NULL,59.5575,28
1088,Donkey Kong 3,Adventure,4,NULL,NULL,NULL,59.5575,28
5591,Deus Ex: The Fall,Shooter,8,NULL,59.0000,6,45.5600,31
5591,Deus Ex: The Fall,Role-playing (RPG),8,NULL,59.0000,6,45.5600,31
5591,Deus Ex: The Fall,Adventure,8,NULL,59.0000,6,45.5600,31
11675,Ski or Die,Sport,1,NULL,NULL,NULL,69.5779,16
83847,7 Billion Humans,Puzzle,8,1,75.0000,1,70.2146,14
83847,7 Billion Humans,Simulator,8,1,75.0000,1,70.2146,14
83847,7 Billion Humans,Strategy,8,1,75.0000,1,70.2146,14
83847,7 Billion Humans,Indie,8,1,75.0000,1,70.2146,14
3989,Mario Sports Mix,Sport,5,NULL,75.7500,8,72.6521,21
340,Command & Conquer: Tiberian Sun,Strategy,47,NULL,NULL,NULL,82.2250,124
8440,The Bridge,Platform,12,NULL,69.0000,8,70.3250,69
8440,The Bridge,Puzzle,12,NULL,69.0000,8,70.3250,69
8440,The Bridge,Strategy,12,NULL,69.0000,8,70.3250,69
8440,The Bridge,Adventure,12,NULL,69.0000,8,70.3250,69
8440,The Bridge,Indie,12,NULL,69.0000,8,70.3250,69
8440,The Bridge,Arcade,12,NULL,69.0000,8,70.3250,69
93694,Iratus: Lord of the Dead,Role-playing (RPG),5,NULL,NULL,NULL,69.7445,18
93694,Iratus: Lord of the Dead,Strategy,5,NULL,NULL,NULL,69.7445,18
93694,Iratus: Lord of the Dead,Indie,5,NULL,NULL,NULL,69.7445,18
20869,DmC: Devil May Cry - Definitive Edition,Adventure,8,NULL,85.0000,8,79.9067,32
8600,Fear Effect,Shooter,5,NULL,NULL,NULL,75.9149,26
8600,Fear Effect,Puzzle,5,NULL,NULL,NULL,75.9149,26
8600,Fear Effect,Adventure,5,NULL,NULL,NULL,75.9149,26
12522,Jackie Chan's Action Kung Fu,Platform,1,NULL,NULL,NULL,70.1068,11
12522,Jackie Chan's Action Kung Fu,Arcade,1,NULL,NULL,NULL,70.1068,11
18730,Cataclysm: Dark Days Ahead,Platform,7,NULL,NULL,NULL,90.0643,15
18730,Cataclysm: Dark Days Ahead,Role-playing (RPG),7,NULL,NULL,NULL,90.0643,15
18730,Cataclysm: Dark Days Ahead,Simulator,7,NULL,NULL,NULL,90.0643,15
18730,Cataclysm: Dark Days Ahead,Adventure,7,NULL,NULL,NULL,90.0643,15
18730,Cataclysm: Dark Days Ahead,Indie,7,NULL,NULL,NULL,90.0643,15
143113,Beacon Pines,Adventure,2,1,85.0000,1,78.6888,24
143113,Beacon Pines,Indie,2,1,85.0000,1,78.6888,24
897,The Operative: No One Lives Forever,Shooter,34,NULL,68.0000,1,83.5137,97
20150,Katana Zero,Platform,27,6,84.7500,10,79.5871,214
20150,Katana Zero,Strategy,27,6,84.7500,10,79.5871,214
20150,Katana Zero,Adventure,27,6,84.7500,10,79.5871,214
20150,Katana Zero,Indie,27,6,84.7500,10,79.5871,214
20150,Katana Zero,Arcade,27,6,84.7500,10,79.5871,214
4675,Angry Birds Trilogy,Puzzle,3,NULL,55.0000,2,66.6178,11
4675,Angry Birds Trilogy,Strategy,3,NULL,55.0000,2,66.6178,11
4675,Angry Birds Trilogy,Adventure,3,NULL,55.0000,2,66.6178,11
4675,Angry Birds Trilogy,Arcade,3,NULL,55.0000,2,66.6178,11
18810,The Flintstones: The Rescue of Dino & Hoppy,Platform,1,NULL,NULL,NULL,52.0040,14
7294,Gauntlet,Arcade,1,NULL,80.0000,1,66.7386,16
13680,Aliens,Shooter,3,NULL,NULL,NULL,79.3608,20
13680,Aliens,Arcade,3,NULL,NULL,NULL,79.3608,20
102420,Dicey Dungeons,Role-playing (RPG),3,1,90.3333,3,71.8506,35
102420,Dicey Dungeons,Strategy,3,1,90.3333,3,71.8506,35
102420,Dicey Dungeons,Adventure,3,1,90.3333,3,71.8506,35
102420,Dicey Dungeons,Indie,3,1,90.3333,3,71.8506,35
103329,Control,Shooter,114,63,83.4000,17,83.2391,583
103329,Control,Adventure,114,63,83.4000,17,83.2391,583
36749,Monument Valley 2,Puzzle,23,NULL,80.0000,1,89.5750,59
36749,Monument Valley 2,Adventure,23,NULL,80.0000,1,89.5750,59
36749,Monument Valley 2,Indie,23,NULL,80.0000,1,89.5750,59
18433,Overcooked!,Simulator,63,NULL,81.5385,14,82.4574,249
18433,Overcooked!,Strategy,63,NULL,81.5385,14,82.4574,249
18433,Overcooked!,Indie,63,NULL,81.5385,14,82.4574,249
18433,Overcooked!,Arcade,63,NULL,81.5385,14,82.4574,249
11602,Road Redemption,Simulator,10,NULL,73.5000,5,69.9407,18
11602,Road Redemption,Adventure,10,NULL,73.5000,5,69.9407,18
11602,Road Redemption,Indie,10,NULL,73.5000,5,69.9407,18
11602,Road Redemption,Arcade,10,NULL,73.5000,5,69.9407,18
1691,Advance Wars,Simulator,35,NULL,100.0000,1,82.9374,106
1691,Advance Wars,Strategy,35,NULL,100.0000,1,82.9374,106
23796,Super Mario Run,Platform,61,4,70.3333,11,67.6976,111
23796,Super Mario Run,Adventure,61,4,70.3333,11,67.6976,111
23796,Super Mario Run,Arcade,61,4,70.3333,11,67.6976,111
20046,Wasteland 2: Director's Cut,Role-playing (RPG),7,NULL,79.7333,17,80.1466,23
20046,Wasteland 2: Director's Cut,Simulator,7,NULL,79.7333,17,80.1466,23
20046,Wasteland 2: Director's Cut,Strategy,7,NULL,79.7333,17,80.1466,23
20046,Wasteland 2: Director's Cut,Adventure,7,NULL,79.7333,17,80.1466,23
20046,Wasteland 2: Director's Cut,Indie,7,NULL,79.7333,17,80.1466,23
19635,Naruto: Ultimate Ninja Storm,Adventure,20,NULL,75.8000,5,73.6738,73
11119,Fallout Shelter,Role-playing (RPG),71,NULL,67.7778,9,63.7577,296
11119,Fallout Shelter,Simulator,71,NULL,67.7778,9,63.7577,296
11119,Fallout Shelter,Strategy,71,NULL,67.7778,9,63.7577,296
9533,Deus Ex: Human Revolution - The Missing Link,Shooter,30,NULL,88.3333,4,84.0867,43
9533,Deus Ex: Human Revolution - The Missing Link,Role-playing (RPG),30,NULL,88.3333,4,84.0867,43
113866,Moving Out,Simulator,13,3,74.5000,10,70.9450,33
113866,Moving Out,Strategy,13,3,74.5000,10,70.9450,33
113866,Moving Out,Adventure,13,3,74.5000,10,70.9450,33
113866,Moving Out,Indie,13,3,74.5000,10,70.9450,33
2163,Proteus,Adventure,9,NULL,70.0000,6,58.8706,28
2163,Proteus,Indie,9,NULL,70.0000,6,58.8706,28
139403,Jungles of Maxtheria,Platform,NULL,NULL,NULL,NULL,93.4772,21
139403,Jungles of Maxtheria,Adventure,NULL,NULL,NULL,NULL,93.4772,21
139403,Jungles of Maxtheria,Indie,NULL,NULL,NULL,NULL,93.4772,21
1722,Mega Man 9,Shooter,9,NULL,87.5714,8,84.1535,44
1722,Mega Man 9,Platform,9,NULL,87.5714,8,84.1535,44
20803,Super Puzzle Fighter II Turbo,Puzzle,4,NULL,85.0000,3,77.9192,22
20803,Super Puzzle Fighter II Turbo,Arcade,4,NULL,85.0000,3,77.9192,22
20069,Sparkle 2,Puzzle,2,NULL,71.5000,5,74.3790,11
20069,Sparkle 2,Adventure,2,NULL,71.5000,5,74.3790,11
20069,Sparkle 2,Indie,2,NULL,71.5000,5,74.3790,11
20069,Sparkle 2,Arcade,2,NULL,71.5000,5,74.3790,11
196770,Sunflower Land,Simulator,62,1,NULL,NULL,94.6411,85
1523,Trauma Center: Under the Knife,Simulator,3,NULL,75.0000,2,79.9171,13
1523,Trauma Center: Under the Knife,Adventure,3,NULL,75.0000,2,79.9171,13
959,Command & Conquer: Red Alert 3,Simulator,42,NULL,75.0000,8,74.4293,172
959,Command & Conquer: Red Alert 3,Strategy,42,NULL,75.0000,8,74.4293,172
7434,Hay Day,Simulator,7,NULL,NULL,NULL,70.0543,21
7434,Hay Day,Adventure,7,NULL,NULL,NULL,70.0543,21
8354,Splosion Man,Platform,5,NULL,77.5000,6,79.1800,22
11197,Yo-kai Watch,Puzzle,3,1,73.8889,11,72.8202,23
11197,Yo-kai Watch,Role-playing (RPG),3,1,73.8889,11,72.8202,23
3151,Electronic Super Joy,Shooter,6,NULL,80.0000,2,74.0471,20
3151,Electronic Super Joy,Platform,6,NULL,80.0000,2,74.0471,20
3151,Electronic Super Joy,Puzzle,6,NULL,80.0000,2,74.0471,20
3151,Electronic Super Joy,Adventure,6,NULL,80.0000,2,74.0471,20
3151,Electronic Super Joy,Indie,6,NULL,80.0000,2,74.0471,20
3151,Electronic Super Joy,Arcade,6,NULL,80.0000,2,74.0471,20
1777,Mega Man Zero 3,Shooter,9,NULL,NULL,NULL,83.4122,46
1777,Mega Man Zero 3,Platform,9,NULL,NULL,NULL,83.4122,46
1777,Mega Man Zero 3,Adventure,9,NULL,NULL,NULL,83.4122,46
2530,Ultima Underworld II: Labyrinth of Worlds,Role-playing (RPG),6,NULL,NULL,NULL,72.5121,13
9071,Hydlide,Role-playing (RPG),2,NULL,NULL,NULL,54.9007,11
1444,Fire Emblem: Shadow Dragon,Role-playing (RPG),17,NULL,83.0000,4,72.7802,47
1444,Fire Emblem: Shadow Dragon,Strategy,17,NULL,83.0000,4,72.7802,47
36660,Love Live! School Idol Festival,Adventure,4,1,NULL,NULL,73.7757,11
3242,Gunpoint,Platform,28,NULL,87.5000,5,82.6404,92
3242,Gunpoint,Puzzle,28,NULL,87.5000,5,82.6404,92
3242,Gunpoint,Strategy,28,NULL,87.5000,5,82.6404,92
3242,Gunpoint,Adventure,28,NULL,87.5000,5,82.6404,92
3242,Gunpoint,Indie,28,NULL,87.5000,5,82.6404,92
39769,Area 51,Shooter,4,NULL,NULL,NULL,67.7766,13
39769,Area 51,Arcade,4,NULL,NULL,NULL,67.7766,13
15862,Day of the Tentacle Remastered,Puzzle,32,1,84.5455,12,77.9242,85
15862,Day of the Tentacle Remastered,Adventure,32,1,84.5455,12,77.9242,85
5974,Ninja Gaiden Sigma,Adventure,17,NULL,89.8000,6,78.3660,40
81145,Mario Tennis Aces,Sport,23,3,78.4000,15,69.7973,70
81145,Mario Tennis Aces,Adventure,23,3,78.4000,15,69.7973,70
2064,Antichamber,Platform,76,NULL,82.6667,7,80.6903,175
2064,Antichamber,Puzzle,76,NULL,82.6667,7,80.6903,175
2064,Antichamber,Adventure,76,NULL,82.6667,7,80.6903,175
2064,Antichamber,Indie,76,NULL,82.6667,7,80.6903,175
2145,Trials HD,Platform,8,NULL,83.3333,5,77.0975,25
2145,Trials HD,Puzzle,8,NULL,83.3333,5,77.0975,25
2145,Trials HD,Sport,8,NULL,83.3333,5,77.0975,25
1232,Phantasy Star II,Role-playing (RPG),5,NULL,NULL,NULL,79.6363,22
19314,Dragon Ball Fusions,Role-playing (RPG),2,1,70.0000,5,61.0576,12
19314,Dragon Ball Fusions,Adventure,2,1,70.0000,5,61.0576,12
398,Final Fantasy XII,Role-playing (RPG),92,NULL,90.7500,5,84.3858,258
398,Final Fantasy XII,Adventure,92,NULL,90.7500,5,84.3858,258
16585,Dragon Quest V: Hand of the Heavenly Bride,Role-playing (RPG),5,NULL,NULL,NULL,81.1345,17
16585,Dragon Quest V: Hand of the Heavenly Bride,Adventure,5,NULL,NULL,NULL,81.1345,17
7081,Battlefield Hardline,Shooter,74,12,72.7143,17,67.9358,237
14360,1979 Revolution: Black Friday,Adventure,7,NULL,70.7500,5,78.6766,18
14360,1979 Revolution: Black Friday,Indie,7,NULL,70.7500,5,78.6766,18
9759,Total War: Warhammer II - Serpent God Edition,Puzzle,6,NULL,NULL,NULL,89.8434,12
9759,Total War: Warhammer II - Serpent God Edition,Strategy,6,NULL,NULL,NULL,89.8434,12
9759,Total War: Warhammer II - Serpent God Edition,Adventure,6,NULL,NULL,NULL,89.8434,12
28751,Black Squad,Shooter,14,2,NULL,NULL,64.2977,16
19463,Madden NFL 17,Sport,5,2,80.2353,20,70.0257,12
8321,Feeding Frenzy 2: Shipwreck Showdown,Arcade,6,NULL,50.0000,1,70.2052,16
3057,Wet,Shooter,7,NULL,70.2000,9,52.7909,32
159299,Storyteller,Puzzle,1,2,82.0000,4,79.8818,18
159299,Storyteller,Simulator,1,2,82.0000,4,79.8818,18
159299,Storyteller,Adventure,1,2,82.0000,4,79.8818,18
159299,Storyteller,Indie,1,2,82.0000,4,79.8818,18
128,Assassin's Creed,Platform,364,NULL,80.7500,6,73.4370,1457
128,Assassin's Creed,Adventure,364,NULL,80.7500,6,73.4370,1457
7580,Baseball,Sport,4,NULL,NULL,NULL,50.2920,12
11808,.Hack//Mutation,Role-playing (RPG),8,NULL,67.0000,1,70.1826,12
11808,.Hack//Mutation,Adventure,8,NULL,67.0000,1,70.1826,12
103294,Nier: Automata - Become as Gods Edition,Role-playing (RPG),4,NULL,89.0000,1,90.2406,20
103294,Nier: Automata - Become as Gods Edition,Adventure,4,NULL,89.0000,1,90.2406,20
28125,Layton's Mystery Journey: Katrielle and the Millionaire's Conspiracy,Puzzle,7,NULL,65.2500,6,66.8063,11
28125,Layton's Mystery Journey: Katrielle and the Millionaire's Conspiracy,Role-playing (RPG),7,NULL,65.2500,6,66.8063,11
28125,Layton's Mystery Journey: Katrielle and the Millionaire's Conspiracy,Strategy,7,NULL,65.2500,6,66.8063,11
28125,Layton's Mystery Journey: Katrielle and the Millionaire's Conspiracy,Adventure,7,NULL,65.2500,6,66.8063,11
7671,Flappy Bird,Arcade,7,NULL,NULL,NULL,49.4510,47
4935,Iron Man,Shooter,8,NULL,30.0000,2,55.4151,30
4935,Iron Man,Adventure,8,NULL,30.0000,2,55.4151,30
5649,Blood Bowl,Sport,NULL,NULL,45.0000,4,80.8393,13
5649,Blood Bowl,Strategy,NULL,NULL,45.0000,4,80.8393,13
8319,Gunman Chronicles,Shooter,9,NULL,80.0000,1,76.9490,16
131890,Sea of Stars,Role-playing (RPG),NULL,4,89.5714,10,89.7527,27
131890,Sea of Stars,Adventure,NULL,4,89.5714,10,89.7527,27
131890,Sea of Stars,Indie,NULL,4,89.5714,10,89.7527,27
27717,Late Shift,Simulator,11,1,52.0000,4,67.1873,52
27717,Late Shift,Adventure,11,1,52.0000,4,67.1873,52
27717,Late Shift,Indie,11,1,52.0000,4,67.1873,52
19405,F1 2016,Simulator,9,NULL,83.0000,16,77.1003,18
19405,F1 2016,Sport,9,NULL,83.0000,16,77.1003,18
5164,Turrican,Shooter,2,NULL,NULL,NULL,84.4789,21
5164,Turrican,Platform,2,NULL,NULL,NULL,84.4789,21
1367,Sniper: Ghost Warrior,Shooter,20,NULL,56.3333,5,55.3209,75
1367,Sniper: Ghost Warrior,Simulator,20,NULL,56.3333,5,55.3209,75
139134,Hatsune Miku: Colorful Stage!,Adventure,1,NULL,NULL,NULL,77.7512,12
1124,Super Castlevania IV,Platform,27,NULL,100.0000,1,76.7714,155
1124,Super Castlevania IV,Adventure,27,NULL,100.0000,1,76.7714,155
119270,Tales of Arise,Role-playing (RPG),7,31,87.3333,8,81.3590,50
119270,Tales of Arise,Adventure,7,31,87.3333,8,81.3590,50
8722,Soldat,Shooter,8,NULL,NULL,NULL,83.4299,16
8722,Soldat,Indie,8,NULL,NULL,NULL,83.4299,16
28722,Crysis 2: Maximum Edition,Shooter,2,NULL,NULL,NULL,75.5722,17
71957,Framed Collection,Platform,4,1,80.5000,2,79.0556,13
71957,Framed Collection,Puzzle,4,1,80.5000,2,79.0556,13
71957,Framed Collection,Strategy,4,1,80.5000,2,79.0556,13
71957,Framed Collection,Adventure,4,1,80.5000,2,79.0556,13
71957,Framed Collection,Indie,4,1,80.5000,2,79.0556,13
7658,Fable Anniversary,Role-playing (RPG),24,NULL,64.8000,10,81.5656,71
7658,Fable Anniversary,Adventure,24,NULL,64.8000,10,81.5656,71
133004,Assassin's Creed Valhalla,Role-playing (RPG),63,24,85.0833,13,75.9219,215
133004,Assassin's Creed Valhalla,Adventure,63,24,85.0833,13,75.9219,215
90099,Tom Clancy's The Division 2,Shooter,128,49,85.2667,17,76.6611,171
90099,Tom Clancy's The Division 2,Role-playing (RPG),128,49,85.2667,17,76.6611,171
90099,Tom Clancy's The Division 2,Adventure,128,49,85.2667,17,76.6611,171
8492,Lisa,Role-playing (RPG),34,NULL,NULL,NULL,92.8302,113
8492,Lisa,Adventure,34,NULL,NULL,NULL,92.8302,113
8492,Lisa,Indie,34,NULL,NULL,NULL,92.8302,113
5606,Assassin's Creed Unity,Role-playing (RPG),244,26,70.9333,17,71.6383,715
5606,Assassin's Creed Unity,Adventure,244,26,70.9333,17,71.6383,715
9577,Persona 3,Role-playing (RPG),28,NULL,90.0000,5,92.0313,101
9577,Persona 3,Simulator,28,NULL,90.0000,5,92.0313,101
9608,Mount & Blade II: Bannerlord,Role-playing (RPG),71,67,80.0000,1,77.0377,76
9608,Mount & Blade II: Bannerlord,Simulator,71,67,80.0000,1,77.0377,76
9608,Mount & Blade II: Bannerlord,Strategy,71,67,80.0000,1,77.0377,76
9608,Mount & Blade II: Bannerlord,Adventure,71,67,80.0000,1,77.0377,76
8201,Daikatana,Shooter,7,NULL,50.0000,1,56.0049,22
8201,Daikatana,Puzzle,7,NULL,50.0000,1,56.0049,22
204621,Minecraft: Legends,Strategy,NULL,3,71.0000,7,59.9376,12
204621,Minecraft: Legends,Arcade,NULL,3,71.0000,7,59.9376,12
27508,Turok 2: Seeds of Evil,Shooter,6,NULL,65.0000,3,77.3118,11
27508,Turok 2: Seeds of Evil,Platform,6,NULL,65.0000,3,77.3118,11
27508,Turok 2: Seeds of Evil,Adventure,6,NULL,65.0000,3,77.3118,11
103291,Gears Tactics,Strategy,13,6,83.9091,13,73.3085,44
40477,Slay the Spire,Role-playing (RPG),22,4,92.6667,9,85.3715,277
40477,Slay the Spire,Strategy,22,4,92.6667,9,85.3715,277
40477,Slay the Spire,Adventure,22,4,92.6667,9,85.3715,277
40477,Slay the Spire,Indie,22,4,92.6667,9,85.3715,277
8288,The Banner Saga 2,Role-playing (RPG),37,4,84.3846,16,88.5686,89
8288,The Banner Saga 2,Simulator,37,4,84.3846,16,88.5686,89
8288,The Banner Saga 2,Strategy,37,4,84.3846,16,88.5686,89
8288,The Banner Saga 2,Adventure,37,4,84.3846,16,88.5686,89
8288,The Banner Saga 2,Indie,37,4,84.3846,16,88.5686,89
153700,Ghost of Tsushima: Director's Cut,Role-playing (RPG),6,3,93.7143,9,92.3319,56
153700,Ghost of Tsushima: Director's Cut,Adventure,6,3,93.7143,9,92.3319,56
100562,198X,Shooter,5,NULL,70.0000,3,79.5307,23
100562,198X,Role-playing (RPG),5,NULL,70.0000,3,79.5307,23
100562,198X,Adventure,5,NULL,70.0000,3,79.5307,23
100562,198X,Indie,5,NULL,70.0000,3,79.5307,23
100562,198X,Arcade,5,NULL,70.0000,3,79.5307,23
68271,Darq,Adventure,9,5,70.0000,1,80.0309,44
68271,Darq,Indie,9,5,70.0000,1,80.0309,44
495,Metro 2033,Shooter,224,NULL,87.2500,7,82.0442,686
495,Metro 2033,Role-playing (RPG),224,NULL,87.2500,7,82.0442,686
1405,Hawken,Shooter,5,NULL,45.0000,2,68.9454,30
846,Red Faction: Guerrilla,Shooter,47,NULL,82.1667,10,75.3003,116
846,Red Faction: Guerrilla,Adventure,47,NULL,82.1667,10,75.3003,116
78511,Forza Motorsport,Simulator,15,27,87.5000,9,79.3224,13
78511,Forza Motorsport,Sport,15,27,87.5000,9,79.3224,13
18615,Miitomo,Simulator,6,NULL,73.0000,2,58.3048,15
6824,Pit-Fighter,Arcade,NULL,NULL,NULL,NULL,49.9960,18
98077,Grand Theft Auto V: Premium Online Edition,Shooter,21,NULL,NULL,NULL,93.4813,35
98077,Grand Theft Auto V: Premium Online Edition,Sport,21,NULL,NULL,NULL,93.4813,35
98077,Grand Theft Auto V: Premium Online Edition,Adventure,21,NULL,NULL,NULL,93.4813,35
1425,Conker: Live & Reloaded,Shooter,6,NULL,68.3333,3,81.1231,22
1425,Conker: Live & Reloaded,Platform,6,NULL,68.3333,3,81.1231,22
7512,Emperor: Rise of the Middle Kingdom,Simulator,9,NULL,80.0000,1,89.1895,18
7512,Emperor: Rise of the Middle Kingdom,Strategy,9,NULL,80.0000,1,89.1895,18
129,Warcraft: Orcs & Humans,Strategy,38,NULL,NULL,NULL,78.8533,134
542,LEGO Pirates of the Caribbean: The Video Game,Platform,29,NULL,70.6000,7,76.3829,89
542,LEGO Pirates of the Caribbean: The Video Game,Puzzle,29,NULL,70.6000,7,76.3829,89
542,LEGO Pirates of the Caribbean: The Video Game,Adventure,29,NULL,70.6000,7,76.3829,89
217815,Call of Duty: Warzone 2.0,Shooter,7,2,80.0000,3,67.0017,22
6890,Star Fox 64 3D,Shooter,9,NULL,78.2500,8,80.5608,41
1648,James Bond 007: Blood Stone,Shooter,21,NULL,57.2500,12,71.1044,47
9607,Clannad,Adventure,9,NULL,NULL,NULL,90.7969,29
138031,Aragami 2,Adventure,1,2,74.0000,4,59.9635,15
122386,Infernax,Platform,NULL,NULL,76.6667,5,79.9257,12
122386,Infernax,Role-playing (RPG),NULL,NULL,76.6667,5,79.9257,12
122386,Infernax,Adventure,NULL,NULL,76.6667,5,79.9257,12
122386,Infernax,Indie,NULL,NULL,76.6667,5,79.9257,12
122386,Infernax,Arcade,NULL,NULL,76.6667,5,79.9257,12
112870,Spellbreak,Shooter,16,10,75.6667,4,68.6904,38
112870,Spellbreak,Role-playing (RPG),16,10,75.6667,4,68.6904,38
112870,Spellbreak,Adventure,16,10,75.6667,4,68.6904,38
24515,Deceit,Shooter,3,NULL,NULL,NULL,50.6850,24
24515,Deceit,Indie,3,NULL,NULL,NULL,50.6850,24
27277,Forma.8,Adventure,10,NULL,78.3333,7,75.4901,17
27277,Forma.8,Indie,10,NULL,78.3333,7,75.4901,17
27277,Forma.8,Arcade,10,NULL,78.3333,7,75.4901,17
122238,Xenoblade Chronicles: Definitive Edition,Role-playing (RPG),13,5,91.3750,10,84.5166,44
1628,Super Smash Bros. Brawl,Platform,131,NULL,91.3333,5,81.9019,474
1602,Gran Turismo 5,Simulator,32,NULL,85.0000,7,83.2357,118
1602,Gran Turismo 5,Sport,32,NULL,85.0000,7,83.2357,118
133860,Max Payne,Shooter,NULL,NULL,69.0000,1,72.7160,15
8476,Hocus Pocus,Platform,3,NULL,NULL,NULL,71.6481,11
8476,Hocus Pocus,Adventure,3,NULL,NULL,NULL,71.6481,11
138225,Super Mario 3D All-Stars,Platform,16,3,84.8889,11,66.0263,40
138225,Super Mario 3D All-Stars,Adventure,16,3,84.8889,11,66.0263,40
105629,The Shapeshifting Detective,Puzzle,NULL,NULL,NULL,NULL,69.9863,12
105629,The Shapeshifting Detective,Simulator,NULL,NULL,NULL,NULL,69.9863,12
105629,The Shapeshifting Detective,Adventure,NULL,NULL,NULL,NULL,69.9863,12
105629,The Shapeshifting Detective,Indie,NULL,NULL,NULL,NULL,69.9863,12
23689,Battle Chef Brigade,Platform,9,3,80.7143,10,73.3773,17
23689,Battle Chef Brigade,Puzzle,9,3,80.7143,10,73.3773,17
23689,Battle Chef Brigade,Role-playing (RPG),9,3,80.7143,10,73.3773,17
23689,Battle Chef Brigade,Simulator,9,3,80.7143,10,73.3773,17
23689,Battle Chef Brigade,Adventure,9,3,80.7143,10,73.3773,17
23689,Battle Chef Brigade,Indie,9,3,80.7143,10,73.3773,17
3405,Mario Golf: World Tour,Sport,9,4,79.6364,12,79.8957,8
127343,Godfall,Role-playing (RPG),5,13,68.3333,11,65.5523,13
127343,Godfall,Adventure,5,13,68.3333,11,65.5523,13
2449,Lightning Returns: Final Fantasy XIII,Role-playing (RPG),24,2,70.0000,14,68.1841,80
109148,Unheard,Puzzle,3,NULL,65.0000,1,70.6130,12
109148,Unheard,Role-playing (RPG),3,NULL,65.0000,1,70.6130,12
109148,Unheard,Simulator,3,NULL,65.0000,1,70.6130,12
109148,Unheard,Indie,3,NULL,65.0000,1,70.6130,12
9460,Stronghold 2,Simulator,12,NULL,70.3333,3,71.7148,52
9460,Stronghold 2,Strategy,12,NULL,70.3333,3,71.7148,52
11772,Shadowrun: Hong Kong,Role-playing (RPG),22,NULL,78.3333,3,85.8221,42
11772,Shadowrun: Hong Kong,Strategy,22,NULL,78.3333,3,85.8221,42
11772,Shadowrun: Hong Kong,Adventure,22,NULL,78.3333,3,85.8221,42
11772,Shadowrun: Hong Kong,Indie,22,NULL,78.3333,3,85.8221,42
1079,Super Mario 3D Land,Platform,84,NULL,90.0000,10,80.8965,310
5616,LEGO Island 2: The Brickster's Revenge,Adventure,6,NULL,NULL,NULL,69.9080,23
3035,The Stanley Parable,Adventure,312,NULL,88.5000,9,83.6221,830
3035,The Stanley Parable,Indie,312,NULL,88.5000,9,83.6221,830
8197,Tetris,Puzzle,275,NULL,NULL,NULL,86.3410,894
8197,Tetris,Arcade,275,NULL,NULL,NULL,86.3410,894
1794,Ratchet & Clank Future: Quest for Booty,Shooter,25,NULL,70.5000,5,69.4171,82
1794,Ratchet & Clank Future: Quest for Booty,Platform,25,NULL,70.5000,5,69.4171,82
1794,Ratchet & Clank Future: Quest for Booty,Adventure,25,NULL,70.5000,5,69.4171,82
7818,Skyforge,Role-playing (RPG),13,2,75.0000,2,59.5546,20
7818,Skyforge,Adventure,13,2,75.0000,2,59.5546,20
1974,Faxanadu,Platform,6,NULL,NULL,NULL,80.7452,27
1974,Faxanadu,Role-playing (RPG),6,NULL,NULL,NULL,80.7452,27
1974,Faxanadu,Adventure,6,NULL,NULL,NULL,80.7452,27
3764,Madagascar,Platform,12,NULL,66.0000,6,72.4000,54
3764,Madagascar,Adventure,12,NULL,66.0000,6,72.4000,54
2171,New Super Mario Bros. U,Platform,29,NULL,79.8889,10,78.3984,150
2171,New Super Mario Bros. U,Adventure,29,NULL,79.8889,10,78.3984,150
14327,Ultratron,Shooter,5,NULL,70.5000,2,66.4869,12
14327,Ultratron,Indie,5,NULL,70.5000,2,66.4869,12
14327,Ultratron,Arcade,5,NULL,70.5000,2,66.4869,12
718,Forsaken,Shooter,2,NULL,NULL,NULL,60.4146,13
718,Forsaken,Simulator,2,NULL,NULL,NULL,60.4146,13
2787,Rugrats: Search for Reptar,Adventure,1,NULL,NULL,NULL,70.0655,18
4999,Marvel: Ultimate Alliance,Role-playing (RPG),40,NULL,72.1429,9,77.4391,135
4999,Marvel: Ultimate Alliance,Adventure,40,NULL,72.1429,9,77.4391,135
10635,Crossy Road,Arcade,5,NULL,80.0000,1,68.0247,38
466,"Warhammer 40,000: Dawn of War II",Strategy,29,NULL,81.0000,6,77.6146,97
133923,Paper Mario: The Origami King,Role-playing (RPG),20,7,81.0909,13,75.5456,43
133923,Paper Mario: The Origami King,Adventure,20,7,81.0909,13,75.5456,43
390,LEGO Racers 2,Arcade,3,NULL,70.0000,1,59.7682,19
51310,S4 League,Shooter,6,NULL,NULL,NULL,79.8904,16
261085,Quake II,Shooter,NULL,NULL,98.0000,1,64.7406,12
115843,Unpacking,Puzzle,8,3,92.5000,3,72.4090,113
115843,Unpacking,Simulator,8,3,92.5000,3,72.4090,113
115843,Unpacking,Indie,8,3,92.5000,3,72.4090,113
115843,Unpacking,Arcade,8,3,92.5000,3,72.4090,113
26128,Lost Ark,Role-playing (RPG),30,1,81.2500,5,74.0273,70
26128,Lost Ark,Adventure,30,1,81.2500,5,74.0273,70
8592,Pokémon Shuffle,Puzzle,6,NULL,62.5000,3,63.6292,42
4663,Agatha Christie: And Then There Were None,Adventure,7,NULL,56.0000,4,70.1161,16
28171,Ultimate Epic Battle Simulator,Simulator,3,NULL,45.0000,2,60.2983,19
28171,Ultimate Epic Battle Simulator,Strategy,3,NULL,45.0000,2,60.2983,19
28171,Ultimate Epic Battle Simulator,Adventure,3,NULL,45.0000,2,60.2983,19
28171,Ultimate Epic Battle Simulator,Indie,3,NULL,45.0000,2,60.2983,19
46614,Wadanohara and the Great Blue Sea,Role-playing (RPG),1,NULL,NULL,NULL,84.6753,15
46614,Wadanohara and the Great Blue Sea,Adventure,1,NULL,NULL,NULL,84.6753,15
46614,Wadanohara and the Great Blue Sea,Indie,1,NULL,NULL,NULL,84.6753,15
1734,Mega Man II,Platform,3,NULL,NULL,NULL,60.3192,16
1734,Mega Man II,Adventure,3,NULL,NULL,NULL,60.3192,16
374,Metal Gear,Shooter,23,NULL,NULL,NULL,73.9134,109
374,Metal Gear,Adventure,23,NULL,NULL,NULL,73.9134,109
8292,Discworld II: Mortality Bytes!,Adventure,11,NULL,NULL,NULL,88.3322,27
121947,The Suicide of Rachel Foster,Adventure,3,3,64.7500,5,72.0555,45
121947,The Suicide of Rachel Foster,Indie,3,3,64.7500,5,72.0555,45
20022,Devil May Cry 4: Special Edition,Adventure,9,NULL,80.3333,10,78.6858,45
55036,Anno 1800,Simulator,59,29,82.8000,5,87.8435,92
55036,Anno 1800,Strategy,59,29,82.8000,5,87.8435,92
8052,Tiny Toon Adventures: Acme All-Stars,Sport,2,NULL,NULL,NULL,80.0416,17
27547,Fire Pro Wrestling World,Simulator,10,1,77.5000,7,75.3316,11
27547,Fire Pro Wrestling World,Sport,10,1,77.5000,7,75.3316,11
1331,Limbo,Platform,353,1,84.0000,14,81.2464,1250
1331,Limbo,Puzzle,353,1,84.0000,14,81.2464,1250
1331,Limbo,Adventure,353,1,84.0000,14,81.2464,1250
1331,Limbo,Indie,353,1,84.0000,14,81.2464,1250
174590,Tower of Fantasy,Role-playing (RPG),6,1,NULL,NULL,70.3658,11
174590,Tower of Fantasy,Adventure,6,1,NULL,NULL,70.3658,11
4179,SSX,Sport,10,NULL,87.0000,6,79.9319,27
1790,Ratchet: Deadlocked,Shooter,27,NULL,70.0000,2,73.7360,92
1790,Ratchet: Deadlocked,Platform,27,NULL,70.0000,2,73.7360,92
1790,Ratchet: Deadlocked,Role-playing (RPG),27,NULL,70.0000,2,73.7360,92
1790,Ratchet: Deadlocked,Adventure,27,NULL,70.0000,2,73.7360,92
6145,Super Hang-On,Arcade,4,NULL,NULL,NULL,76.2314,34
14754,Ace Combat Zero: The Belkan War,Simulator,1,1,75.0000,3,75.7108,11
90108,WarioWare Gold,Arcade,5,NULL,76.5556,10,80.0940,21
115,League of Legends,Role-playing (RPG),244,NULL,84.0000,6,75.1265,688
115,League of Legends,Strategy,244,NULL,84.0000,6,75.1265,688
17555,Black the Fall,Platform,7,NULL,71.2500,7,70.4086,23
17555,Black the Fall,Puzzle,7,NULL,71.2500,7,70.4086,23
17555,Black the Fall,Adventure,7,NULL,71.2500,7,70.4086,23
17555,Black the Fall,Indie,7,NULL,71.2500,7,70.4086,23
7710,State of Decay: Year-One Survival Edition,Shooter,13,NULL,65.8333,7,71.9570,19
7710,State of Decay: Year-One Survival Edition,Role-playing (RPG),13,NULL,65.8333,7,71.9570,19
7710,State of Decay: Year-One Survival Edition,Simulator,13,NULL,65.8333,7,71.9570,19
7710,State of Decay: Year-One Survival Edition,Strategy,13,NULL,65.8333,7,71.9570,19
7710,State of Decay: Year-One Survival Edition,Adventure,13,NULL,65.8333,7,71.9570,19
124700,League of Legends: Wild Rift,Strategy,9,1,NULL,NULL,70.4729,20
15654,Boxboy!,Platform,2,NULL,83.2500,5,79.6020,12
15654,Boxboy!,Puzzle,2,NULL,83.2500,5,79.6020,12
15654,Boxboy!,Strategy,2,NULL,83.2500,5,79.6020,12
1091,Donkey Kong Land,Platform,5,NULL,NULL,NULL,65.7787,21
1091,Donkey Kong Land,Adventure,5,NULL,NULL,NULL,65.7787,21
333,Quake,Shooter,161,NULL,NULL,NULL,82.4560,295
5593,Daylight,Puzzle,1,NULL,49.7000,12,49.6381,18
5593,Daylight,Adventure,1,NULL,49.7000,12,49.6381,18
5593,Daylight,Indie,1,NULL,49.7000,12,49.6381,18
117266,Chicory: A Colorful Tale,Puzzle,NULL,2,92.3333,3,83.7966,15
117266,Chicory: A Colorful Tale,Role-playing (RPG),NULL,2,92.3333,3,83.7966,15
117266,Chicory: A Colorful Tale,Adventure,NULL,2,92.3333,3,83.7966,15
117266,Chicory: A Colorful Tale,Indie,NULL,2,92.3333,3,83.7966,15
11798,Evoland 2,Platform,13,NULL,78.3333,3,80.0510,32
11798,Evoland 2,Role-playing (RPG),13,NULL,78.3333,3,80.0510,32
11798,Evoland 2,Strategy,13,NULL,78.3333,3,80.0510,32
11798,Evoland 2,Adventure,13,NULL,78.3333,3,80.0510,32
11798,Evoland 2,Indie,13,NULL,78.3333,3,80.0510,32
4248,Dragon's Lair,Adventure,10,NULL,53.3333,3,69.2771,30
4248,Dragon's Lair,Arcade,10,NULL,53.3333,3,69.2771,30
14529,Dragon's Lair,Platform,1,NULL,55.0000,0,48.8823,15
14529,Dragon's Lair,Adventure,1,NULL,55.0000,0,48.8823,15
7467,Tokyo Jungle,Role-playing (RPG),7,NULL,72.1429,8,77.4822,21
7467,Tokyo Jungle,Simulator,7,NULL,72.1429,8,77.4822,21
7467,Tokyo Jungle,Strategy,7,NULL,72.1429,8,77.4822,21
7467,Tokyo Jungle,Adventure,7,NULL,72.1429,8,77.4822,21
7388,Papo & Yo,Platform,17,NULL,74.5556,10,76.9884,52
7388,Papo & Yo,Puzzle,17,NULL,74.5556,10,76.9884,52
7388,Papo & Yo,Adventure,17,NULL,74.5556,10,76.9884,52
7388,Papo & Yo,Indie,17,NULL,74.5556,10,76.9884,52
144612,Ico,Platform,2,NULL,NULL,NULL,72.9273,18
144612,Ico,Puzzle,2,NULL,NULL,NULL,72.9273,18
144612,Ico,Adventure,2,NULL,NULL,NULL,72.9273,18
9498,Deus Ex: Mankind Divided,Shooter,193,46,82.8621,36,77.8612,437
9498,Deus Ex: Mankind Divided,Puzzle,193,46,82.8621,36,77.8612,437
9498,Deus Ex: Mankind Divided,Role-playing (RPG),193,46,82.8621,36,77.8612,437
9498,Deus Ex: Mankind Divided,Adventure,193,46,82.8621,36,77.8612,437
139,Star Wars: Galactic Battlegrounds,Simulator,15,NULL,NULL,NULL,79.7382,55
139,Star Wars: Galactic Battlegrounds,Strategy,15,NULL,NULL,NULL,79.7382,55
3378,Harvest Moon 64,Role-playing (RPG),6,NULL,NULL,NULL,90.2256,23
3378,Harvest Moon 64,Simulator,6,NULL,NULL,NULL,90.2256,23
543,Call of Juarez: The Cartel,Shooter,16,NULL,50.8333,8,53.3566,50
543,Call of Juarez: The Cartel,Adventure,16,NULL,50.8333,8,53.3566,50
2358,Chivalry: Medieval Warfare,Indie,31,NULL,72.0000,4,67.4214,109
134597,Astro's Playroom,Platform,9,NULL,80.8333,7,85.3899,150
134597,Astro's Playroom,Adventure,9,NULL,80.8333,7,85.3899,150
3512,Hexen: Beyond Heretic,Shooter,12,NULL,37.0000,2,73.4823,51
3512,Hexen: Beyond Heretic,Puzzle,12,NULL,37.0000,2,73.4823,51
3512,Hexen: Beyond Heretic,Role-playing (RPG),12,NULL,37.0000,2,73.4823,51
1867,Killzone 3,Shooter,31,NULL,84.0000,9,77.0218,118
943,Colin McRae: Dirt,Sport,29,NULL,81.0000,8,77.5293,81
41895,House Party,Role-playing (RPG),16,NULL,NULL,NULL,61.9479,16
41895,House Party,Simulator,16,NULL,NULL,NULL,61.9479,16
41895,House Party,Adventure,16,NULL,NULL,NULL,61.9479,16
41895,House Party,Indie,16,NULL,NULL,NULL,61.9479,16
20864,Assassin's Creed: Liberation HD,Adventure,19,NULL,55.0000,3,62.3678,80
363,Heroes of Might and Magic II: The Succession Wars,Role-playing (RPG),34,NULL,NULL,NULL,84.7239,114
363,Heroes of Might and Magic II: The Succession Wars,Strategy,34,NULL,NULL,NULL,84.7239,114
95069,428: Shibuya Scramble,Adventure,2,NULL,82.5000,4,89.7359,15
1162,Tomb Raider: Anniversary,Shooter,58,NULL,69.0000,8,76.7316,198
1162,Tomb Raider: Anniversary,Platform,58,NULL,69.0000,8,76.7316,198
1162,Tomb Raider: Anniversary,Simulator,58,NULL,69.0000,8,76.7316,198
1162,Tomb Raider: Anniversary,Strategy,58,NULL,69.0000,8,76.7316,198
1162,Tomb Raider: Anniversary,Adventure,58,NULL,69.0000,8,76.7316,198
367,Heroes of Might and Magic IV,Role-playing (RPG),37,NULL,74.0000,2,74.9117,153
367,Heroes of Might and Magic IV,Strategy,37,NULL,74.0000,2,74.9117,153
275,Commandos: Strike Force,Shooter,6,NULL,68.7500,5,64.5160,25
46664,Lucky Luke,Shooter,4,NULL,NULL,NULL,69.5918,14
41621,Football Manager 2019,Simulator,10,1,87.5000,5,90.5053,52
41621,Football Manager 2019,Sport,10,1,87.5000,5,90.5053,52
144052,Pokémon Shining Pearl,Role-playing (RPG),2,2,84.6667,3,79.7071,16
144052,Pokémon Shining Pearl,Adventure,2,2,84.6667,3,79.7071,16
8499,Five Nights at Freddy's,Simulator,50,NULL,71.6667,3,66.0526,116
8499,Five Nights at Freddy's,Strategy,50,NULL,71.6667,3,66.0526,116
8499,Five Nights at Freddy's,Indie,50,NULL,71.6667,3,66.0526,116
22921,Pushmo,Platform,1,NULL,87.0000,2,84.4799,16
22921,Pushmo,Puzzle,1,NULL,87.0000,2,84.4799,16
13557,The Legend of Heroes: Trails of Cold Steel,Role-playing (RPG),14,NULL,81.5556,9,82.3517,43
13557,The Legend of Heroes: Trails of Cold Steel,Adventure,14,NULL,81.5556,9,82.3517,43
6959,Dark Sector,Shooter,14,NULL,70.4000,9,66.5642,49
6165,Ultima VII: The Black Gate,Role-playing (RPG),4,NULL,NULL,NULL,89.7095,24
6165,Ultima VII: The Black Gate,Adventure,4,NULL,NULL,NULL,89.7095,24
373,Might & Magic: Heroes VI,Role-playing (RPG),21,NULL,77.6667,4,73.5066,84
373,Might & Magic: Heroes VI,Strategy,21,NULL,77.6667,4,73.5066,84
250,The Chronicles of Riddick: Escape from Butcher Bay,Shooter,47,NULL,89.0000,6,84.6701,110
250,The Chronicles of Riddick: Escape from Butcher Bay,Puzzle,47,NULL,89.0000,6,84.6701,110
250,The Chronicles of Riddick: Escape from Butcher Bay,Adventure,47,NULL,89.0000,6,84.6701,110
7615,Might & Magic Heroes VII,Role-playing (RPG),24,5,66.0000,2,63.1703,41
7615,Might & Magic Heroes VII,Strategy,24,5,66.0000,2,63.1703,41
106847,Coffee Talk,Simulator,9,NULL,70.0000,4,72.0114,49
106847,Coffee Talk,Adventure,9,NULL,70.0000,4,72.0114,49
106847,Coffee Talk,Indie,9,NULL,70.0000,4,72.0114,49
34293,BioShock Remastered,Shooter,27,NULL,NULL,NULL,85.3739,157
34293,BioShock Remastered,Role-playing (RPG),27,NULL,NULL,NULL,85.3739,157
34293,BioShock Remastered,Adventure,27,NULL,NULL,NULL,85.3739,157
20123,State of Mind,Puzzle,17,10,69.0000,11,69.6816,23
20123,State of Mind,Adventure,17,10,69.0000,11,69.6816,23
20123,State of Mind,Indie,17,10,69.0000,11,69.6816,23
8716,Postal: Redux,Shooter,7,2,59.2500,4,60.4114,13
8716,Postal: Redux,Indie,7,2,59.2500,4,60.4114,13
27436,Kingdom Two Crowns,Role-playing (RPG),11,2,NULL,NULL,84.6652,32
27436,Kingdom Two Crowns,Simulator,11,2,NULL,NULL,84.6652,32
27436,Kingdom Two Crowns,Strategy,11,2,NULL,NULL,84.6652,32
27436,Kingdom Two Crowns,Adventure,11,2,NULL,NULL,84.6652,32
27436,Kingdom Two Crowns,Indie,11,2,NULL,NULL,84.6652,32
27436,Kingdom Two Crowns,Arcade,11,2,NULL,NULL,84.6652,32
146544,Deepest Sword,Platform,1,1,NULL,NULL,68.8177,13
146544,Deepest Sword,Puzzle,1,1,NULL,NULL,68.8177,13
146544,Deepest Sword,Indie,1,1,NULL,NULL,68.8177,13
21843,Corpse Party,Puzzle,8,NULL,77.2500,9,79.1734,25
21843,Corpse Party,Role-playing (RPG),8,NULL,77.2500,9,79.1734,25
21843,Corpse Party,Adventure,8,NULL,77.2500,9,79.1734,25
21843,Corpse Party,Indie,8,NULL,77.2500,9,79.1734,25
25811,Shadowverse,Role-playing (RPG),3,NULL,80.0000,2,80.0137,17
25811,Shadowverse,Strategy,3,NULL,80.0000,2,80.0137,17
142909,Bowser's Fury,Platform,2,1,NULL,NULL,79.4782,29
142909,Bowser's Fury,Adventure,2,1,NULL,NULL,79.4782,29
11616,Soul Blazer,Role-playing (RPG),7,NULL,NULL,NULL,76.1701,33
11616,Soul Blazer,Adventure,7,NULL,NULL,NULL,76.1701,33
28545,Rabi-Ribi,Platform,6,NULL,85.2500,4,80.0255,18
28545,Rabi-Ribi,Role-playing (RPG),6,NULL,85.2500,4,80.0255,18
28545,Rabi-Ribi,Adventure,6,NULL,85.2500,4,80.0255,18
28545,Rabi-Ribi,Indie,6,NULL,85.2500,4,80.0255,18
28545,Rabi-Ribi,Arcade,6,NULL,85.2500,4,80.0255,18
20326,Deliver us the Moon,Simulator,10,4,77.5000,5,79.4022,49
20326,Deliver us the Moon,Adventure,10,4,77.5000,5,79.4022,49
20326,Deliver us the Moon,Indie,10,4,77.5000,5,79.4022,49
23345,Life is Feudal: Forest Village,Simulator,14,NULL,NULL,NULL,70.6585,19
23345,Life is Feudal: Forest Village,Strategy,14,NULL,NULL,NULL,70.6585,19
23345,Life is Feudal: Forest Village,Indie,14,NULL,NULL,NULL,70.6585,19
36278,The House in Fata Morgana,Adventure,3,NULL,80.0000,1,88.6357,14
36278,The House in Fata Morgana,Indie,3,NULL,80.0000,1,88.6357,14
360,Disney's Donald Duck: Goin' Quackers,Platform,7,NULL,62.0000,0,72.3582,26
132565,"Haiku, the Robot",Platform,3,1,NULL,NULL,50.5773,12
132565,"Haiku, the Robot",Adventure,3,1,NULL,NULL,50.5773,12
132565,"Haiku, the Robot",Indie,3,1,NULL,NULL,50.5773,12
10610,Disney's Donald Duck: Goin' Quackers,Adventure,3,NULL,NULL,NULL,69.4686,22
1195,Crash Bash,Puzzle,31,NULL,NULL,NULL,72.4359,148
4345,FIFA International Soccer,Sport,3,NULL,NULL,NULL,85.7487,30
15487,The Grinch,Platform,7,NULL,NULL,NULL,71.8836,12
15487,The Grinch,Adventure,7,NULL,NULL,NULL,71.8836,12
29271,Nekopara Vol. 3,Role-playing (RPG),4,NULL,85.0000,2,67.1391,18
29271,Nekopara Vol. 3,Adventure,4,NULL,85.0000,2,67.1391,18
29271,Nekopara Vol. 3,Indie,4,NULL,85.0000,2,67.1391,18
7404,Beat Hazard,Shooter,12,NULL,NULL,NULL,80.3036,36
7404,Beat Hazard,Indie,12,NULL,NULL,NULL,80.3036,36
7404,Beat Hazard,Arcade,12,NULL,NULL,NULL,80.3036,36
143610,Triangle Strategy,Role-playing (RPG),5,5,84.1111,11,85.4362,18
143610,Triangle Strategy,Strategy,5,5,84.1111,11,85.4362,18
6246,Bit.Trip Runner,Platform,7,NULL,80.0000,1,72.1824,29
6246,Bit.Trip Runner,Indie,7,NULL,80.0000,1,72.1824,29
6246,Bit.Trip Runner,Arcade,7,NULL,80.0000,1,72.1824,29
11077,LEGO Dimensions,Puzzle,6,2,76.5833,16,70.9137,14
11077,LEGO Dimensions,Adventure,6,2,76.5833,16,70.9137,14
2370,Puzzle Quest: Challenge of the Warlords,Puzzle,8,NULL,84.3333,6,70.1577,29
2370,Puzzle Quest: Challenge of the Warlords,Strategy,8,NULL,84.3333,6,70.1577,29
2370,Puzzle Quest: Challenge of the Warlords,Adventure,8,NULL,84.3333,6,70.1577,29
41623,The Walking Dead: The Complete First Season,Adventure,13,NULL,NULL,NULL,84.7188,50
4169,Koudelka,Role-playing (RPG),5,NULL,NULL,NULL,70.3021,20
4169,Koudelka,Adventure,5,NULL,NULL,NULL,70.3021,20
36044,Finding Paradise,Puzzle,16,1,93.0000,2,79.9768,56
36044,Finding Paradise,Role-playing (RPG),16,1,93.0000,2,79.9768,56
36044,Finding Paradise,Adventure,16,1,93.0000,2,79.9768,56
36044,Finding Paradise,Indie,16,1,93.0000,2,79.9768,56
36044,Finding Paradise,Arcade,16,1,93.0000,2,79.9768,56
3441,Army Men: Sarge's Heroes 2,Shooter,2,NULL,NULL,NULL,72.9405,17
4528,Super Monaco GP,Simulator,5,NULL,NULL,NULL,70.2522,14
19935,Wizard of Legend,Role-playing (RPG),19,2,74.4000,5,70.8591,43
19935,Wizard of Legend,Adventure,19,2,74.4000,5,70.8591,43
19935,Wizard of Legend,Indie,19,2,74.4000,5,70.8591,43
19935,Wizard of Legend,Arcade,19,2,74.4000,5,70.8591,43
24105,Aporia: Beyond the Valley,Puzzle,8,2,76.5000,2,77.5308,11
24105,Aporia: Beyond the Valley,Adventure,8,2,76.5000,2,77.5308,11
24105,Aporia: Beyond the Valley,Indie,8,2,76.5000,2,77.5308,11
26915,Tokyo Xanadu eX+,Role-playing (RPG),4,1,76.6000,5,80.7614,12
3005,Superman: The New Superman Adventures,Shooter,3,NULL,NULL,NULL,18.9602,25
3005,Superman: The New Superman Adventures,Adventure,3,NULL,NULL,NULL,18.9602,25
7705,Geometry Wars 3: Dimensions,Shooter,6,NULL,84.8462,13,84.7873,14
7705,Geometry Wars 3: Dimensions,Arcade,6,NULL,84.8462,13,84.7873,14
3845,Call of Duty 2: Big Red One,Shooter,10,NULL,79.7500,5,74.8238,48
9545,Contra 4,Shooter,5,1,75.0000,4,79.7547,19
9545,Contra 4,Platform,5,1,75.0000,4,79.7547,19
7208,Bound By Flame,Role-playing (RPG),11,NULL,57.3636,12,62.9697,36
7208,Bound By Flame,Adventure,11,NULL,57.3636,12,62.9697,36
1065,Street Fighter X Tekken,Arcade,15,NULL,80.4286,16,73.2980,73
1217,Shenmue,Role-playing (RPG),40,NULL,90.0000,1,85.8478,118
1217,Shenmue,Simulator,40,NULL,90.0000,1,85.8478,118
1217,Shenmue,Adventure,40,NULL,90.0000,1,85.8478,118
1827,Remember Me,Platform,72,NULL,70.4167,14,72.7629,217
1827,Remember Me,Adventure,72,NULL,70.4167,14,72.7629,217
1218,Shenmue II,Role-playing (RPG),29,NULL,70.0000,2,81.2615,73
1218,Shenmue II,Adventure,29,NULL,70.0000,2,81.2615,73
217550,Fire Emblem Engage,Role-playing (RPG),1,3,86.0000,9,69.9325,12
217550,Fire Emblem Engage,Strategy,1,3,86.0000,9,69.9325,12
217550,Fire Emblem Engage,Adventure,1,3,86.0000,9,69.9325,12
531,Ace Combat: Assault Horizon,Shooter,11,NULL,81.6000,9,70.5482,33
531,Ace Combat: Assault Horizon,Simulator,11,NULL,81.6000,9,70.5482,33
531,Ace Combat: Assault Horizon,Arcade,11,NULL,81.6000,9,70.5482,33
12297,Montezuma's Revenge,Platform,3,NULL,NULL,NULL,70.7377,14
12297,Montezuma's Revenge,Puzzle,3,NULL,NULL,NULL,70.7377,14
12297,Montezuma's Revenge,Adventure,3,NULL,NULL,NULL,70.7377,14
10142,Home,Puzzle,2,NULL,70.0000,2,73.1879,20
10142,Home,Adventure,2,NULL,70.0000,2,73.1879,20
10142,Home,Indie,2,NULL,70.0000,2,73.1879,20
18356,On My Own,Simulator,9,NULL,NULL,NULL,75.3061,11
18356,On My Own,Strategy,9,NULL,NULL,NULL,75.3061,11
18356,On My Own,Adventure,9,NULL,NULL,NULL,75.3061,11
18356,On My Own,Indie,9,NULL,NULL,NULL,75.3061,11
19521,Dead Rising 4,Shooter,41,6,76.8421,24,70.3026,49
19521,Dead Rising 4,Adventure,41,6,76.8421,24,70.3026,49
19085,Shadow Tactics: Blades of the Shogun,Simulator,69,6,86.7273,13,86.7264,152
19085,Shadow Tactics: Blades of the Shogun,Strategy,69,6,86.7273,13,86.7264,152
19085,Shadow Tactics: Blades of the Shogun,Indie,69,6,86.7273,13,86.7264,152
1758,Mega Man Battle Network 3 Blue,Role-playing (RPG),2,NULL,85.0000,1,89.4802,15
2652,Destroy All Humans! 2,Shooter,8,NULL,75.0000,4,71.9820,17
2652,Destroy All Humans! 2,Adventure,8,NULL,75.0000,4,71.9820,17
873,Saints Row: The Third,Shooter,176,NULL,84.5000,13,78.4465,569
873,Saints Row: The Third,Adventure,176,NULL,84.5000,13,78.4465,569
7606,Tearaway: Unfolded,Platform,29,4,86.3636,13,76.6960,35
7606,Tearaway: Unfolded,Adventure,29,4,86.3636,13,76.6960,35
4239,Lemmings,Puzzle,29,NULL,67.6000,0,75.8688,140
6444,WWF SmackDown! 2: Know Your Role,Sport,9,NULL,NULL,NULL,81.2302,30
228456,Dwarf Fortress,Role-playing (RPG),2,NULL,84.0000,1,81.9126,16
228456,Dwarf Fortress,Simulator,2,NULL,84.0000,1,81.9126,16
228456,Dwarf Fortress,Strategy,2,NULL,84.0000,1,81.9126,16
228456,Dwarf Fortress,Indie,2,NULL,84.0000,1,81.9126,16
24905,Beholder,Role-playing (RPG),20,1,80.0000,3,76.9239,72
24905,Beholder,Simulator,20,1,80.0000,3,76.9239,72
24905,Beholder,Strategy,20,1,80.0000,3,76.9239,72
24905,Beholder,Adventure,20,1,80.0000,3,76.9239,72
24905,Beholder,Indie,20,1,80.0000,3,76.9239,72
122662,Going Under,Indie,1,4,78.5000,3,78.9952,13
10962,Uncharted: The Nathan Drake Collection,Shooter,149,4,85.1000,11,87.9841,240
10962,Uncharted: The Nathan Drake Collection,Platform,149,4,85.1000,11,87.9841,240
10962,Uncharted: The Nathan Drake Collection,Adventure,149,4,85.1000,11,87.9841,240
1445,Fire Emblem: New Mystery of the Emblem,Role-playing (RPG),5,NULL,NULL,NULL,80.1099,17
1445,Fire Emblem: New Mystery of the Emblem,Strategy,5,NULL,NULL,NULL,80.1099,17
3000,Shadowrun,Role-playing (RPG),10,NULL,NULL,NULL,83.5025,13
3000,Shadowrun,Adventure,10,NULL,NULL,NULL,83.5025,13
3067,Knights and Merchants: The Shattered Kingdom,Simulator,8,NULL,NULL,NULL,87.1174,28
3067,Knights and Merchants: The Shattered Kingdom,Strategy,8,NULL,NULL,NULL,87.1174,28
1736,Mega Man IV,Shooter,1,NULL,NULL,NULL,61.0065,12
1736,Mega Man IV,Platform,1,NULL,NULL,NULL,61.0065,12
1342,Beyond: Two Souls,Adventure,176,11,66.3333,19,73.1413,578
1735,Mega Man III,Platform,3,NULL,NULL,NULL,61.2447,12
1735,Mega Man III,Adventure,3,NULL,NULL,NULL,61.2447,12
890,Syberia,Puzzle,98,NULL,77.2000,6,80.7411,234
890,Syberia,Adventure,98,NULL,77.2000,6,80.7411,234
41876,Uncharted 3: Drake's Deception Remastered,Shooter,10,NULL,NULL,NULL,83.7416,89
41876,Uncharted 3: Drake's Deception Remastered,Platform,10,NULL,NULL,NULL,83.7416,89
41876,Uncharted 3: Drake's Deception Remastered,Adventure,10,NULL,NULL,NULL,83.7416,89
41877,Uncharted 2: Among Thieves Remastered,Shooter,8,NULL,NULL,NULL,87.6507,105
41877,Uncharted 2: Among Thieves Remastered,Platform,8,NULL,NULL,NULL,87.6507,105
41877,Uncharted 2: Among Thieves Remastered,Adventure,8,NULL,NULL,NULL,87.6507,105
12229,Ultima V: Warriors of Destiny,Role-playing (RPG),4,NULL,NULL,NULL,80.2814,18
12229,Ultima V: Warriors of Destiny,Adventure,4,NULL,NULL,NULL,80.2814,18
1819,Dragon Quest VIII: Journey of the Cursed King,Role-playing (RPG),33,NULL,86.5833,13,86.9992,91
1819,Dragon Quest VIII: Journey of the Cursed King,Strategy,33,NULL,86.5833,13,86.9992,91
1819,Dragon Quest VIII: Journey of the Cursed King,Adventure,33,NULL,86.5833,13,86.9992,91
5472,50 Cent: Blood on the Sand,Shooter,5,NULL,61.2500,5,58.1113,13
10767,Rocketbirds: Hardboiled Chicken,Shooter,4,NULL,65.0000,2,71.6946,17
10767,Rocketbirds: Hardboiled Chicken,Platform,4,NULL,65.0000,2,71.6946,17
10767,Rocketbirds: Hardboiled Chicken,Adventure,4,NULL,65.0000,2,71.6946,17
10767,Rocketbirds: Hardboiled Chicken,Indie,4,NULL,65.0000,2,71.6946,17
997,Army of Two: The 40th Day,Shooter,15,NULL,77.6667,5,63.4423,46
6360,Zeno Clash,Shooter,11,NULL,80.0000,4,76.1692,43
6360,Zeno Clash,Indie,11,NULL,80.0000,4,76.1692,43
853,Sacrifice,Strategy,10,NULL,60.0000,1,81.4346,19
40,Mafia II,Shooter,286,NULL,72.6250,11,81.7797,946
40,Mafia II,Adventure,286,NULL,72.6250,11,81.7797,946
101448,Carto,Puzzle,3,NULL,82.5000,2,79.8453,27
101448,Carto,Role-playing (RPG),3,NULL,82.5000,2,79.8453,27
101448,Carto,Adventure,3,NULL,82.5000,2,79.8453,27
101448,Carto,Indie,3,NULL,82.5000,2,79.8453,27
879,Commandos: Behind Enemy Lines,Puzzle,63,NULL,NULL,NULL,85.3133,170
879,Commandos: Behind Enemy Lines,Strategy,63,NULL,NULL,NULL,85.3133,170
102058,Outriders,Shooter,16,31,77.7500,14,74.1900,59
102058,Outriders,Role-playing (RPG),16,31,77.7500,14,74.1900,59
102058,Outriders,Adventure,16,31,77.7500,14,74.1900,59
76747,Atomic Heart,Shooter,27,99,71.5000,8,66.6949,99
76747,Atomic Heart,Role-playing (RPG),27,99,71.5000,8,66.6949,99
76747,Atomic Heart,Adventure,27,99,71.5000,8,66.6949,99
2118,Blacklight: Retribution,Shooter,9,NULL,75.0000,3,66.5824,32
101176,Bloodstained: Curse of the Moon,Platform,13,NULL,80.0000,3,80.8646,67
101176,Bloodstained: Curse of the Moon,Adventure,13,NULL,80.0000,3,80.8646,67
101176,Bloodstained: Curse of the Moon,Indie,13,NULL,80.0000,3,80.8646,67
26534,Rappelz,Role-playing (RPG),3,NULL,NULL,NULL,62.4739,13
123395,Arknights,Role-playing (RPG),5,NULL,NULL,NULL,85.7790,22
123395,Arknights,Simulator,5,NULL,NULL,NULL,85.7790,22
123395,Arknights,Strategy,5,NULL,NULL,NULL,85.7790,22
123395,Arknights,Adventure,5,NULL,NULL,NULL,85.7790,22
6175,Still Life,Puzzle,16,NULL,68.3333,4,75.0463,61
6175,Still Life,Adventure,16,NULL,68.3333,4,75.0463,61
5064,Goodbye Deponia,Puzzle,21,NULL,65.0000,3,81.9736,75
5064,Goodbye Deponia,Adventure,21,NULL,65.0000,3,81.9736,75
5064,Goodbye Deponia,Indie,21,NULL,65.0000,3,81.9736,75
17470,Agatha Christie: The ABC Murders,Puzzle,12,NULL,63.3333,3,71.0836,32
17470,Agatha Christie: The ABC Murders,Adventure,12,NULL,63.3333,3,71.0836,32
8794,A Bird Story,Adventure,11,NULL,68.3333,3,75.0832,68
8794,A Bird Story,Indie,11,NULL,68.3333,3,75.0832,68
11183,Ronin,Platform,8,NULL,70.5714,8,69.0749,13
11183,Ronin,Puzzle,8,NULL,70.5714,8,69.0749,13
11183,Ronin,Strategy,8,NULL,70.5714,8,69.0749,13
11183,Ronin,Indie,8,NULL,70.5714,8,69.0749,13
11183,Ronin,Arcade,8,NULL,70.5714,8,69.0749,13
141533,Loop Hero,Role-playing (RPG),5,3,84.8571,11,74.9053,80
141533,Loop Hero,Strategy,5,3,84.8571,11,74.9053,80
141533,Loop Hero,Adventure,5,3,84.8571,11,74.9053,80
141533,Loop Hero,Indie,5,3,84.8571,11,74.9053,80
7768,OlliOlli,Platform,7,NULL,79.0000,11,70.3338,23
7768,OlliOlli,Sport,7,NULL,79.0000,11,70.3338,23
7768,OlliOlli,Indie,7,NULL,79.0000,11,70.3338,23
7768,OlliOlli,Arcade,7,NULL,79.0000,11,70.3338,23
3998,Valkyrie Profile,Platform,13,NULL,NULL,NULL,87.4652,27
3998,Valkyrie Profile,Role-playing (RPG),13,NULL,NULL,NULL,87.4652,27
3998,Valkyrie Profile,Adventure,13,NULL,NULL,NULL,87.4652,27
47452,Diablo III: Reaper of Souls - Ultimate Evil Edition,Role-playing (RPG),11,NULL,89.8889,10,80.3846,37
47452,Diablo III: Reaper of Souls - Ultimate Evil Edition,Strategy,11,NULL,89.8889,10,80.3846,37
47452,Diablo III: Reaper of Souls - Ultimate Evil Edition,Adventure,11,NULL,89.8889,10,80.3846,37
375,Metal Gear Solid,Puzzle,419,NULL,80.0000,1,90.5256,1267
375,Metal Gear Solid,Adventure,419,NULL,80.0000,1,90.5256,1267
106,Zak McKracken and the Alien Mindbenders,Adventure,19,NULL,NULL,NULL,73.3209,32
8469,Urban Chaos,Shooter,2,NULL,90.0000,1,80.0395,17
8469,Urban Chaos,Platform,2,NULL,90.0000,1,80.0395,17
8469,Urban Chaos,Adventure,2,NULL,90.0000,1,80.0395,17
11629,Terminal Velocity,Shooter,1,NULL,69.0000,1,78.0742,16
11629,Terminal Velocity,Simulator,1,NULL,69.0000,1,78.0742,16
44998,Lunar 2: Eternal Blue Complete,Role-playing (RPG),1,NULL,NULL,NULL,83.2213,12
9669,Shin Megami Tensei: Nocturne,Role-playing (RPG),20,1,NULL,NULL,82.2679,62
51205,Jagged Alliance 2: Unfinished Business,Role-playing (RPG),3,NULL,NULL,NULL,80.3387,11
51205,Jagged Alliance 2: Unfinished Business,Strategy,3,NULL,NULL,NULL,80.3387,11
54535,Bionic Commando,Shooter,1,NULL,NULL,NULL,65.2967,20
54535,Bionic Commando,Platform,1,NULL,NULL,NULL,65.2967,20
618,Brothers in Arms: Hell's Highway,Shooter,19,NULL,78.2000,6,71.4367,60
618,Brothers in Arms: Hell's Highway,Simulator,19,NULL,78.2000,6,71.4367,60
618,Brothers in Arms: Hell's Highway,Strategy,19,NULL,78.2000,6,71.4367,60
5650,Persona 4 Arena,Role-playing (RPG),8,NULL,88.1250,9,71.1518,41
5650,Persona 4 Arena,Adventure,8,NULL,88.1250,9,71.1518,41
19918,EA Sports UFC 2,Sport,4,NULL,74.0769,14,70.4281,25
25653,The Escapists 2,Puzzle,47,13,75.4444,9,67.6698,50
25653,The Escapists 2,Role-playing (RPG),47,13,75.4444,9,67.6698,50
25653,The Escapists 2,Simulator,47,13,75.4444,9,67.6698,50
25653,The Escapists 2,Strategy,47,13,75.4444,9,67.6698,50
25653,The Escapists 2,Adventure,47,13,75.4444,9,67.6698,50
25653,The Escapists 2,Indie,47,13,75.4444,9,67.6698,50
20275,The Witcher: Enhanced Edition,Role-playing (RPG),97,1,85.5000,6,79.9275,208
20275,The Witcher: Enhanced Edition,Adventure,97,1,85.5000,6,79.9275,208
27832,The Witcher: Enhanced Edition Director's Cut,Role-playing (RPG),17,NULL,NULL,NULL,83.7366,64
27832,The Witcher: Enhanced Edition Director's Cut,Adventure,17,NULL,NULL,NULL,83.7366,64
949,Call of Duty 3,Shooter,46,NULL,73.8000,6,71.0509,249
558,Just Cause 2,Shooter,120,NULL,85.0000,9,77.8739,384
558,Just Cause 2,Adventure,120,NULL,85.0000,9,77.8739,384
3760,Star Wars: The Clone Wars,Shooter,8,NULL,60.0000,2,60.3633,17
5166,Sonic and the Black Knight,Platform,6,NULL,57.0000,4,58.3220,42
5166,Sonic and the Black Knight,Adventure,6,NULL,57.0000,4,58.3220,42
110834,Creaks,Platform,4,4,70.0000,1,81.6428,28
110834,Creaks,Puzzle,4,4,70.0000,1,81.6428,28
110834,Creaks,Adventure,4,4,70.0000,1,81.6428,28
110834,Creaks,Indie,4,4,70.0000,1,81.6428,28
2585,Skate,Simulator,11,NULL,87.0000,5,84.1546,51
2585,Skate,Sport,11,NULL,87.0000,5,84.1546,51
1805,Crazy Taxi,Arcade,39,NULL,60.0000,1,73.5767,188
6180,The Suffering,Shooter,20,NULL,81.5000,5,77.1393,59
48166,Monster in My Pocket,Platform,NULL,NULL,NULL,NULL,77.1064,13
4002,MediEvil 2,Platform,17,NULL,NULL,NULL,79.9728,40
4002,MediEvil 2,Puzzle,17,NULL,NULL,NULL,79.9728,40
4002,MediEvil 2,Adventure,17,NULL,NULL,NULL,79.9728,40
4232,Wave Race: Blue Storm,Sport,3,NULL,80.0000,1,72.8537,12
7594,Space Rangers HD: A War Apart,Role-playing (RPG),4,NULL,NULL,NULL,89.9262,18
7594,Space Rangers HD: A War Apart,Simulator,4,NULL,NULL,NULL,89.9262,18
7594,Space Rangers HD: A War Apart,Strategy,4,NULL,NULL,NULL,89.9262,18
7594,Space Rangers HD: A War Apart,Adventure,4,NULL,NULL,NULL,89.9262,18
7594,Space Rangers HD: A War Apart,Arcade,4,NULL,NULL,NULL,89.9262,18
26948,Dirt 4,Simulator,34,3,82.9167,15,70.3986,56
26948,Dirt 4,Sport,34,3,82.9167,15,70.3986,56
3724,Kirby Mass Attack,Platform,4,NULL,85.5000,5,71.8717,20
3724,Kirby Mass Attack,Puzzle,4,NULL,85.5000,5,71.8717,20
3724,Kirby Mass Attack,Adventure,4,NULL,85.5000,5,71.8717,20
22117,Oceanhorn,Puzzle,11,NULL,100.0000,1,73.7264,12
22117,Oceanhorn,Role-playing (RPG),11,NULL,100.0000,1,73.7264,12
22117,Oceanhorn,Adventure,11,NULL,100.0000,1,73.7264,12
22117,Oceanhorn,Indie,11,NULL,100.0000,1,73.7264,12
28101,The Legend of Heroes: Trails in the Sky the 3rd,Role-playing (RPG),9,NULL,85.0000,2,88.4986,25
8986,The Legend of Heroes: Trails in the Sky,Role-playing (RPG),20,NULL,85.0000,5,84.8149,59
9327,"Please, Don't Touch Anything",Puzzle,6,NULL,80.0000,3,69.3625,29
9327,"Please, Don't Touch Anything",Simulator,6,NULL,80.0000,3,69.3625,29
9327,"Please, Don't Touch Anything",Adventure,6,NULL,80.0000,3,69.3625,29
9327,"Please, Don't Touch Anything",Indie,6,NULL,80.0000,3,69.3625,29
23048,Tapper,Sport,2,NULL,90.0000,1,84.9214,15
23048,Tapper,Strategy,2,NULL,90.0000,1,84.9214,15
23048,Tapper,Arcade,2,NULL,90.0000,1,84.9214,15
176057,Poppy Playtime,Puzzle,2,NULL,NULL,NULL,63.3184,18
176057,Poppy Playtime,Adventure,2,NULL,NULL,NULL,63.3184,18
176057,Poppy Playtime,Indie,2,NULL,NULL,NULL,63.3184,18
457,StarCraft II: Heart of the Swarm,Strategy,106,NULL,89.1111,9,86.6424,250
22753,Pro Evolution Soccer 2017,Simulator,39,1,80.1111,13,72.6985,83
22753,Pro Evolution Soccer 2017,Sport,39,1,80.1111,13,72.6985,83
1836,Painkiller: Overdose,Shooter,5,NULL,50.3333,3,69.1316,15
7352,Abzu,Puzzle,113,12,80.8519,29,77.6883,361
7352,Abzu,Simulator,113,12,80.8519,29,77.6883,361
7352,Abzu,Adventure,113,12,80.8519,29,77.6883,361
7352,Abzu,Indie,113,12,80.8519,29,77.6883,361
16298,Adam's Venture: Origins,Puzzle,5,2,54.0000,2,68.5482,13
16298,Adam's Venture: Origins,Adventure,5,2,54.0000,2,68.5482,13
16298,Adam's Venture: Origins,Indie,5,2,54.0000,2,68.5482,13
27081,FIFA 18,Sport,107,28,80.4000,17,71.4640,217
9658,Town of Salem,Role-playing (RPG),12,NULL,NULL,NULL,71.7346,37
9658,Town of Salem,Strategy,12,NULL,NULL,NULL,71.7346,37
9658,Town of Salem,Indie,12,NULL,NULL,NULL,71.7346,37
20752,Heretic II,Adventure,5,NULL,NULL,NULL,77.3433,15
948,Worms Armageddon,Shooter,77,NULL,NULL,NULL,82.3888,269
948,Worms Armageddon,Platform,77,NULL,NULL,NULL,82.3888,269
948,Worms Armageddon,Strategy,77,NULL,NULL,NULL,82.3888,269
528,Red Faction: Armageddon,Shooter,30,NULL,75.4000,10,70.7781,68
528,Red Faction: Armageddon,Adventure,30,NULL,75.4000,10,70.7781,68
307,Counter-Strike: Source,Shooter,126,NULL,90.0000,3,78.6812,417
11171,Tom Clancy's Ghost Recon: Wildlands,Shooter,110,19,72.9000,26,72.4704,201
11171,Tom Clancy's Ghost Recon: Wildlands,Adventure,110,19,72.9000,26,72.4704,201
6801,Far Cry 4,Shooter,326,17,86.4211,22,76.4928,864
6801,Far Cry 4,Adventure,326,17,86.4211,22,76.4928,864
2213,BioForge,Puzzle,3,NULL,NULL,NULL,72.0473,13
2213,BioForge,Adventure,3,NULL,NULL,NULL,72.0473,13
11507,Master of Orion,Strategy,10,6,74.3333,8,66.7872,16
452,Blackthorne,Platform,11,NULL,NULL,NULL,71.0953,31
452,Blackthorne,Puzzle,11,NULL,NULL,NULL,71.0953,31
452,Blackthorne,Adventure,11,NULL,NULL,NULL,71.0953,31
3603,Spider-Man,Adventure,65,NULL,35.0000,1,77.9808,222
25683,StarCraft: Remastered,Strategy,21,4,85.0000,3,89.0585,27
9630,Fallout 4,Shooter,503,58,84.6667,27,80.1240,1281
9630,Fallout 4,Role-playing (RPG),503,58,84.6667,27,80.1240,1281
25076,Red Dead Redemption 2,Shooter,766,257,94.0588,27,92.4896,1896
25076,Red Dead Redemption 2,Role-playing (RPG),766,257,94.0588,27,92.4896,1896
25076,Red Dead Redemption 2,Adventure,766,257,94.0588,27,92.4896,1896
98753,My Grandfather's Farm,Role-playing (RPG),9,NULL,NULL,NULL,94.6723,21
98753,My Grandfather's Farm,Simulator,9,NULL,NULL,NULL,94.6723,21
98753,My Grandfather's Farm,Strategy,9,NULL,NULL,NULL,94.6723,21
98753,My Grandfather's Farm,Adventure,9,NULL,NULL,NULL,94.6723,21
98753,My Grandfather's Farm,Indie,9,NULL,NULL,NULL,94.6723,21
138949,Marvel's Spider-Man Remastered,Adventure,10,1,78.2000,12,84.9312,103
105594,Occupy White Walls,Simulator,8,NULL,NULL,NULL,87.9915,13
105594,Occupy White Walls,Indie,8,NULL,NULL,NULL,87.9915,13
6074,The Incredible Adventures of Van Helsing II,Role-playing (RPG),7,NULL,73.7500,4,62.0914,14
6074,The Incredible Adventures of Van Helsing II,Adventure,7,NULL,73.7500,4,62.0914,14
6074,The Incredible Adventures of Van Helsing II,Indie,7,NULL,73.7500,4,62.0914,14
2065,Plague Inc.,Simulator,14,NULL,80.0000,1,74.5578,91
2065,Plague Inc.,Strategy,14,NULL,80.0000,1,74.5578,91
45582,FIFA Soccer 97,Sport,1,NULL,NULL,NULL,75.4476,20
698,FIFA 2001: Major League Soccer,Sport,9,NULL,NULL,NULL,75.6987,56
3136,FIFA Soccer 2004,Sport,11,NULL,80.0000,1,72.6377,49
2262,Gothic II,Role-playing (RPG),143,NULL,80.0000,1,87.4555,367
2262,Gothic II,Strategy,143,NULL,80.0000,1,87.4555,367
2262,Gothic II,Adventure,143,NULL,80.0000,1,87.4555,367
45506,Herc's Adventures,Adventure,NULL,NULL,NULL,NULL,80.9056,11
242408,Counter-Strike 2,Shooter,NULL,1,NULL,NULL,63.4024,46
114287,FIFA 20,Sport,30,6,78.8571,10,69.2268,125
1891,Magic: The Gathering - Duels of the Planeswalkers 2013,Strategy,4,NULL,80.0000,4,72.1389,19
1881,Arma 3,Shooter,48,NULL,72.8000,7,75.9953,97
1881,Arma 3,Simulator,48,NULL,72.8000,7,75.9953,97
1881,Arma 3,Strategy,48,NULL,72.8000,7,75.9953,97
10929,Stronghold Crusader II,Simulator,8,NULL,64.0000,1,70.1643,23
10929,Stronghold Crusader II,Strategy,8,NULL,64.0000,1,70.1643,23
13688,Armored Warriors,Arcade,NULL,NULL,NULL,NULL,79.9191,16
55057,Age of Empires III: Definitive Edition,Strategy,6,2,80.7500,5,86.1662,19
19536,The Lost World: Jurassic Park,Shooter,3,NULL,NULL,NULL,75.4552,17
19536,The Lost World: Jurassic Park,Platform,3,NULL,NULL,NULL,75.4552,17
380,Metal Gear Solid 4: Guns of the Patriots,Shooter,216,NULL,93.8750,9,87.3606,567
380,Metal Gear Solid 4: Guns of the Patriots,Adventure,216,NULL,93.8750,9,87.3606,567
28160,Atom RPG,Role-playing (RPG),8,3,NULL,NULL,90.9807,22
28160,Atom RPG,Strategy,8,3,NULL,NULL,90.9807,22
28160,Atom RPG,Adventure,8,3,NULL,NULL,90.9807,22
28160,Atom RPG,Indie,8,3,NULL,NULL,90.9807,22
3174,Grand Theft Auto IV: The Ballad of Gay Tony,Shooter,97,NULL,91.0000,3,79.6813,199
3174,Grand Theft Auto IV: The Ballad of Gay Tony,Adventure,97,NULL,91.0000,3,79.6813,199
3056,Rampage World Tour,Platform,4,NULL,NULL,NULL,71.4152,29
3056,Rampage World Tour,Arcade,4,NULL,NULL,NULL,71.4152,29
90,The Need for Speed,Simulator,13,NULL,76.5000,2,71.7315,65
21073,Metal Gear Solid: Snake Eater 3D,Shooter,5,NULL,74.3333,7,97.9741,14
21073,Metal Gear Solid: Snake Eater 3D,Strategy,5,NULL,74.3333,7,97.9741,14
21073,Metal Gear Solid: Snake Eater 3D,Adventure,5,NULL,74.3333,7,97.9741,14
3167,Jazz Jackrabbit,Shooter,14,NULL,87.0000,1,77.1363,47
3167,Jazz Jackrabbit,Platform,14,NULL,87.0000,1,77.1363,47
3167,Jazz Jackrabbit,Adventure,14,NULL,87.0000,1,77.1363,47
7878,Unturned,Shooter,29,NULL,NULL,NULL,67.2909,115
7878,Unturned,Adventure,29,NULL,NULL,NULL,67.2909,115
7878,Unturned,Indie,29,NULL,NULL,NULL,67.2909,115
253,Stonekeep,Role-playing (RPG),6,NULL,66.0000,1,80.7932,12
253,Stonekeep,Adventure,6,NULL,66.0000,1,80.7932,12
2288,Pokémon Conquest,Role-playing (RPG),6,NULL,74.0000,7,77.6374,43
2288,Pokémon Conquest,Strategy,6,NULL,74.0000,7,77.6374,43
586,Abuse,Shooter,2,NULL,86.0000,1,71.7128,16
586,Abuse,Platform,2,NULL,86.0000,1,71.7128,16
3985,Mario Power Tennis,Sport,6,NULL,80.0000,0,73.2967,42
1158,Tomb Raider: The Last Revelation,Shooter,37,NULL,NULL,NULL,77.2065,113
1158,Tomb Raider: The Last Revelation,Puzzle,37,NULL,NULL,NULL,77.2065,113
1158,Tomb Raider: The Last Revelation,Adventure,37,NULL,NULL,NULL,77.2065,113
1889,Might & Magic: Clash of Heroes,Puzzle,11,NULL,84.5000,6,77.8428,31
1889,Might & Magic: Clash of Heroes,Role-playing (RPG),11,NULL,84.5000,6,77.8428,31
1889,Might & Magic: Clash of Heroes,Strategy,11,NULL,84.5000,6,77.8428,31
1889,Might & Magic: Clash of Heroes,Adventure,11,NULL,84.5000,6,77.8428,31
1156,Tomb Raider II,Shooter,83,NULL,NULL,NULL,80.3157,244
1156,Tomb Raider II,Platform,83,NULL,NULL,NULL,80.3157,244
1156,Tomb Raider II,Puzzle,83,NULL,NULL,NULL,80.3157,244
1156,Tomb Raider II,Adventure,83,NULL,NULL,NULL,80.3157,244
76263,Contraband Police,Shooter,5,12,NULL,NULL,72.4966,13
76263,Contraband Police,Simulator,5,12,NULL,NULL,72.4966,13
76263,Contraband Police,Indie,5,12,NULL,NULL,72.4966,13
10490,Knights and Merchants: The Peasants Rebellion,Simulator,4,NULL,NULL,NULL,88.9162,14
10490,Knights and Merchants: The Peasants Rebellion,Strategy,4,NULL,NULL,NULL,88.9162,14
3696,The Settlers III,Simulator,27,NULL,NULL,NULL,81.8394,47
3696,The Settlers III,Strategy,27,NULL,NULL,NULL,81.8394,47
524,Dirt 3,Sport,54,NULL,85.8571,12,77.2820,175
7528,King's Quest VIII: The Mask of Eternity,Puzzle,5,NULL,NULL,NULL,84.7689,14
7528,King's Quest VIII: The Mask of Eternity,Strategy,5,NULL,NULL,NULL,84.7689,14
7528,King's Quest VIII: The Mask of Eternity,Adventure,5,NULL,NULL,NULL,84.7689,14
9,Jagged Alliance 2,Role-playing (RPG),22,NULL,NULL,NULL,86.9104,39
9,Jagged Alliance 2,Strategy,22,NULL,NULL,NULL,86.9104,39
9,Jagged Alliance 2,Adventure,22,NULL,NULL,NULL,86.9104,39
124701,Legends of Runeterra,Strategy,8,2,83.0000,3,77.0113,46
2274,Return of the Tentacle,Adventure,12,12,NULL,NULL,88.4064,11
2274,Return of the Tentacle,Indie,12,12,NULL,NULL,88.4064,11
7510,Pharaoh,Simulator,20,NULL,70.0000,1,86.6545,46
7510,Pharaoh,Strategy,20,NULL,70.0000,1,86.6545,46
14533,Rayman Jungle Run,Platform,NULL,NULL,80.0000,1,72.5594,15
19726,Rayman Fiesta Run,Platform,2,NULL,83.3333,3,74.9972,11
19726,Rayman Fiesta Run,Adventure,2,NULL,83.3333,3,74.9972,11
1304,Tom Clancy's Ghost Recon Phantoms,Shooter,5,NULL,55.0000,2,54.7681,22
1304,Tom Clancy's Ghost Recon Phantoms,Role-playing (RPG),5,NULL,55.0000,2,54.7681,22
6541,Disciples: Sacred Lands,Strategy,3,NULL,NULL,NULL,83.4043,14
5812,Delta Force: Black Hawk Down,Shooter,10,NULL,68.2500,4,71.1650,53
188,Indiana Jones and the Infernal Machine,Adventure,8,NULL,90.0000,1,77.5389,29
9350,Delta Force: Land Warrior,Shooter,4,NULL,NULL,NULL,70.4219,20
9350,Delta Force: Land Warrior,Strategy,4,NULL,NULL,NULL,70.4219,20
1274,SimCity,Simulator,42,NULL,60.0769,15,70.6086,137
1274,SimCity,Strategy,42,NULL,60.0769,15,70.6086,137
9979,Aliens versus Predator,Shooter,13,NULL,NULL,NULL,75.7663,48
1979,Battlefield 4,Shooter,247,16,80.2778,21,76.2888,691
36240,Icewind Dale: Enhanced Edition,Role-playing (RPG),12,NULL,70.0000,1,77.6537,17
36240,Icewind Dale: Enhanced Edition,Strategy,12,NULL,70.0000,1,77.6537,17
36240,Icewind Dale: Enhanced Edition,Adventure,12,NULL,70.0000,1,77.6537,17
753,Icewind Dale,Role-playing (RPG),33,NULL,90.0000,1,80.0233,95
753,Icewind Dale,Strategy,33,NULL,90.0000,1,80.0233,95
138950,Monster Hunter Rise,Role-playing (RPG),13,6,88.1176,25,81.3260,50
138950,Monster Hunter Rise,Adventure,13,6,88.1176,25,81.3260,50
15863,Crimson Skies,Shooter,3,NULL,80.0000,1,75.2967,17
15863,Crimson Skies,Simulator,3,NULL,80.0000,1,75.2967,17
3113,Soldier of Fortune: Payback,Shooter,6,NULL,49.7500,5,27.6924,26
19817,Scorn,Puzzle,50,87,63.3333,4,72.6035,66
19817,Scorn,Adventure,50,87,63.3333,4,72.6035,66
19817,Scorn,Indie,50,87,63.3333,4,72.6035,66
6703,Street Fighter Alpha 2,Adventure,6,NULL,85.0000,1,75.4494,64
6703,Street Fighter Alpha 2,Arcade,6,NULL,85.0000,1,75.4494,64
120551,Digimon Story Cyber Sleuth: Complete Edition,Role-playing (RPG),12,NULL,66.6667,4,82.8076,14
57153,The Battle of Polytopia,Simulator,2,NULL,NULL,NULL,89.4302,13
57153,The Battle of Polytopia,Strategy,2,NULL,NULL,NULL,89.4302,13
57153,The Battle of Polytopia,Adventure,2,NULL,NULL,NULL,89.4302,13
57153,The Battle of Polytopia,Indie,2,NULL,NULL,NULL,89.4302,13
20196,Metal Gear Solid: The Legacy Collection,Adventure,17,NULL,87.0000,3,99.6011,34
47445,The Elder Scrolls V: Skyrim - Legendary Edition,Role-playing (RPG),21,NULL,NULL,NULL,91.4045,74
47445,The Elder Scrolls V: Skyrim - Legendary Edition,Adventure,21,NULL,NULL,NULL,91.4045,74
3154,The Lord of the Rings: The Battle for Middle-earth,Strategy,83,NULL,83.7500,5,82.3962,201
4069,Pokémon Pinball: Ruby & Sapphire,Adventure,6,NULL,75.0000,2,79.9362,34
4069,Pokémon Pinball: Ruby & Sapphire,Arcade,6,NULL,75.0000,2,79.9362,34
406,Final Fantasy IV Advance,Role-playing (RPG),6,NULL,77.5000,2,82.5464,15
406,Final Fantasy IV Advance,Adventure,6,NULL,77.5000,2,82.5464,15
5607,Smite,Role-playing (RPG),55,3,78.0000,6,69.9787,141
5607,Smite,Strategy,55,3,78.0000,6,69.9787,141
5607,Smite,Adventure,55,3,78.0000,6,69.9787,141
142549,Viewfinder,Platform,NULL,4,89.0000,5,77.2156,27
142549,Viewfinder,Puzzle,NULL,4,89.0000,5,77.2156,27
142549,Viewfinder,Adventure,NULL,4,89.0000,5,77.2156,27
142549,Viewfinder,Indie,NULL,4,89.0000,5,77.2156,27
103286,Tales of Vesperia: Definitive Edition,Role-playing (RPG),14,4,82.1429,8,73.6421,34
103286,Tales of Vesperia: Definitive Edition,Adventure,14,4,82.1429,8,73.6421,34
132058,Rogue Legacy 2,Platform,6,2,90.5000,7,79.2653,25
132058,Rogue Legacy 2,Role-playing (RPG),6,2,90.5000,7,79.2653,25
132058,Rogue Legacy 2,Adventure,6,2,90.5000,7,79.2653,25
132058,Rogue Legacy 2,Indie,6,2,90.5000,7,79.2653,25
138569,Tormented Souls,Shooter,NULL,1,82.0000,4,82.5395,15
138569,Tormented Souls,Puzzle,NULL,1,82.0000,4,82.5395,15
138569,Tormented Souls,Adventure,NULL,1,82.0000,4,82.5395,15
138569,Tormented Souls,Indie,NULL,1,82.0000,4,82.5395,15
26341,Dragon Quest Heroes II,Role-playing (RPG),8,NULL,81.8667,16,70.2468,6
55027,Close to the Sun,Adventure,16,3,60.6000,5,61.8069,31
55027,Close to the Sun,Indie,16,3,60.6000,5,61.8069,31
38,Dead Space 2,Shooter,255,NULL,90.0000,12,86.8642,791
38,Dead Space 2,Adventure,255,NULL,90.0000,12,86.8642,791
11444,The Silent Age,Puzzle,15,NULL,70.0000,1,71.1349,46
11444,The Silent Age,Role-playing (RPG),15,NULL,70.0000,1,71.1349,46
11444,The Silent Age,Adventure,15,NULL,70.0000,1,71.1349,46
11444,The Silent Age,Indie,15,NULL,70.0000,1,71.1349,46
13156,Evil Islands: Curse of the Lost Soul,Role-playing (RPG),NULL,NULL,80.0000,1,78.9405,14
13156,Evil Islands: Curse of the Lost Soul,Strategy,NULL,NULL,80.0000,1,78.9405,14
17069,Rive,Shooter,2,NULL,75.0909,11,86.9847,5
17069,Rive,Platform,2,NULL,75.0909,11,86.9847,5
17069,Rive,Indie,2,NULL,75.0909,11,86.9847,5
20597,Final Fantasy V Advance,Role-playing (RPG),2,NULL,80.0000,3,84.0897,15
20597,Final Fantasy V Advance,Adventure,2,NULL,80.0000,3,84.0897,15
6347,ChuChu Rocket!,Puzzle,2,NULL,NULL,NULL,74.5676,12
6347,ChuChu Rocket!,Strategy,2,NULL,NULL,NULL,74.5676,12
120550,Olija,Platform,NULL,1,79.6667,8,61.8137,12
120550,Olija,Adventure,NULL,1,79.6667,8,61.8137,12
120550,Olija,Indie,NULL,1,79.6667,8,61.8137,12
120550,Olija,Arcade,NULL,1,79.6667,8,61.8137,12
8262,Lethal League,Sport,12,NULL,62.5000,2,75.8444,41
8262,Lethal League,Indie,12,NULL,62.5000,2,75.8444,41
8262,Lethal League,Arcade,12,NULL,62.5000,2,75.8444,41
7961,Dr. Jekyll and Mr. Hyde,Platform,1,NULL,NULL,NULL,26.4634,12
11195,Mario & Luigi: Paper Jam,Role-playing (RPG),10,3,74.9333,17,64.9716,17
11195,Mario & Luigi: Paper Jam,Adventure,10,3,74.9333,17,64.9716,17
140857,Perfect Vermin,Adventure,2,NULL,NULL,NULL,69.7745,16
140857,Perfect Vermin,Indie,2,NULL,NULL,NULL,69.7745,16
408,Final Fantasy I & II: Dawn of Souls,Role-playing (RPG),6,NULL,50.0000,2,69.6962,13
236663,Metroid Prime Remastered,Shooter,2,1,93.6000,8,95.0845,26
236663,Metroid Prime Remastered,Platform,2,1,93.6000,8,95.0845,26
236663,Metroid Prime Remastered,Adventure,2,1,93.6000,8,95.0845,26
114009,Dragon Ball Z: Kakarot,Role-playing (RPG),41,18,77.7500,16,69.9063,45
114009,Dragon Ball Z: Kakarot,Adventure,41,18,77.7500,16,69.9063,45
3350,Paper Mario: Sticker Star,Role-playing (RPG),10,NULL,78.8182,13,67.6616,44
3350,Paper Mario: Sticker Star,Adventure,10,NULL,78.8182,13,67.6616,44
25637,Metal Gear Solid V: The Definitive Experience,Shooter,7,NULL,NULL,NULL,80.0853,14
25637,Metal Gear Solid V: The Definitive Experience,Adventure,7,NULL,NULL,NULL,80.0853,14
6337,Breath of Fire II,Role-playing (RPG),8,NULL,77.0000,1,78.0388,39
6337,Breath of Fire II,Strategy,8,NULL,77.0000,1,78.0388,39
6337,Breath of Fire II,Adventure,8,NULL,77.0000,1,78.0388,39
2191,Super Paper Mario,Platform,35,NULL,78.0000,4,78.6535,158
2191,Super Paper Mario,Role-playing (RPG),35,NULL,78.0000,4,78.6535,158
2191,Super Paper Mario,Adventure,35,NULL,78.0000,4,78.6535,158
18169,Paper Mario: Color Splash,Role-playing (RPG),12,5,75.0000,17,69.1624,26
18169,Paper Mario: Color Splash,Adventure,12,5,75.0000,17,69.1624,26
302,Empire Earth,Strategy,34,NULL,NULL,NULL,77.8201,126
18829,Planet Coaster,Simulator,51,7,82.8333,15,82.9547,85
18829,Planet Coaster,Strategy,51,7,82.8333,15,82.9547,85
18829,Planet Coaster,Adventure,51,7,82.8333,15,82.9547,85
1717,Mega Man 4,Shooter,20,NULL,NULL,NULL,76.8796,111
1717,Mega Man 4,Platform,20,NULL,NULL,NULL,76.8796,111
1717,Mega Man 4,Adventure,20,NULL,NULL,NULL,76.8796,111
5550,Tactics Ogre: Let Us Cling Together,Role-playing (RPG),10,NULL,92.0000,5,92.6857,38
5550,Tactics Ogre: Let Us Cling Together,Strategy,10,NULL,92.0000,5,92.6857,38
5550,Tactics Ogre: Let Us Cling Together,Adventure,10,NULL,92.0000,5,92.6857,38
48161,Godzilla: Monster of Monsters,Arcade,NULL,NULL,NULL,NULL,55.5645,11
13678,Alex Kidd: The Lost Stars,Platform,NULL,NULL,NULL,NULL,62.3069,17
13678,Alex Kidd: The Lost Stars,Arcade,NULL,NULL,NULL,NULL,62.3069,17
6860,One Piece: Unlimited World RED,Adventure,1,NULL,73.8889,9,62.7299,11
8116,NaissanceE,Platform,3,NULL,NULL,NULL,65.6060,22
8116,NaissanceE,Puzzle,3,NULL,NULL,NULL,65.6060,22
8116,NaissanceE,Adventure,3,NULL,NULL,NULL,65.6060,22
8116,NaissanceE,Indie,3,NULL,NULL,NULL,65.6060,22
15431,The King of Fighters 2000,Arcade,7,NULL,75.0000,1,78.2390,36
6996,Fracture,Shooter,1,NULL,66.6667,5,64.6223,12
4215,True Crime: New York City,Shooter,13,NULL,64.0000,4,65.7609,50
4215,True Crime: New York City,Adventure,13,NULL,64.0000,4,65.7609,50
113119,The Stanley Parable: Ultra Deluxe,Simulator,8,3,82.6667,3,97.0252,73
113119,The Stanley Parable: Ultra Deluxe,Adventure,8,3,82.6667,3,97.0252,73
140204,BroodStar,Shooter,4,1,NULL,NULL,89.1667,11
140204,BroodStar,Adventure,4,1,NULL,NULL,89.1667,11
140204,BroodStar,Indie,4,1,NULL,NULL,89.1667,11
140204,BroodStar,Arcade,4,1,NULL,NULL,89.1667,11
9700,Higurashi When They Cry,Adventure,10,NULL,90.0000,4,89.7716,24
14763,Hob,Platform,46,6,72.1250,11,81.7317,64
14763,Hob,Puzzle,46,6,72.1250,11,81.7317,64
14763,Hob,Adventure,46,6,72.1250,11,81.7317,64
14763,Hob,Indie,46,6,72.1250,11,81.7317,64
204627,Cocoon,Puzzle,1,4,89.0000,7,85.3747,28
204627,Cocoon,Adventure,1,4,89.0000,7,85.3747,28
204627,Cocoon,Indie,1,4,89.0000,7,85.3747,28
90109,Luigi's Mansion,Adventure,2,NULL,77.2857,8,84.3192,25
11649,The Park,Adventure,8,NULL,65.5000,11,65.2998,27
1928,Indigo Prophecy,Adventure,114,NULL,85.0000,5,82.7954,331
12321,Super Breakout,Arcade,1,NULL,70.0000,1,71.1330,12
15821,Seasons after Fall,Platform,6,2,74.5000,10,66.5895,27
15821,Seasons after Fall,Puzzle,6,2,74.5000,10,66.5895,27
15821,Seasons after Fall,Role-playing (RPG),6,2,74.5000,10,66.5895,27
15821,Seasons after Fall,Adventure,6,2,74.5000,10,66.5895,27
15821,Seasons after Fall,Indie,6,2,74.5000,10,66.5895,27
8253,Adventure,Adventure,6,NULL,NULL,NULL,77.4991,24
13555,Indivisible,Platform,18,18,80.0000,13,80.9604,23
13555,Indivisible,Role-playing (RPG),18,18,80.0000,13,80.9604,23
13555,Indivisible,Adventure,18,18,80.0000,13,80.9604,23
13555,Indivisible,Indie,18,18,80.0000,13,80.9604,23
78149,Adventure Time: Pirates of the Enchiridion,Role-playing (RPG),7,4,52.6667,4,68.8366,13
78149,Adventure Time: Pirates of the Enchiridion,Adventure,7,4,52.6667,4,68.8366,13
2681,LEGO Star Wars: The Video Game,Platform,45,NULL,79.7500,4,76.1486,191
2681,LEGO Star Wars: The Video Game,Adventure,45,NULL,79.7500,4,76.1486,191
2645,Animal Crossing: Wild World,Simulator,27,NULL,75.0000,2,77.5704,113
7758,Asteroids,Shooter,11,NULL,90.0000,1,77.5334,59
7758,Asteroids,Arcade,11,NULL,90.0000,1,77.5334,59
26166,Dauntless,Role-playing (RPG),34,15,76.0000,8,63.8193,60
26166,Dauntless,Adventure,34,15,76.0000,8,63.8193,60
110474,Minecraft Dungeons,Role-playing (RPG),88,24,73.5833,15,69.3079,95
110474,Minecraft Dungeons,Adventure,88,24,73.5833,15,69.3079,95
19696,Worms W.M.D,Strategy,18,NULL,79.1429,16,71.9211,44
7792,The Blues Brothers,Platform,2,NULL,NULL,NULL,67.7474,15
2050,LEGO Marvel Super Heroes,Puzzle,54,NULL,84.6316,20,79.2560,164
2050,LEGO Marvel Super Heroes,Adventure,54,NULL,84.6316,20,79.2560,164
8730,ScreamRide,Simulator,1,NULL,74.0714,15,80.0000,2
8730,ScreamRide,Strategy,1,NULL,74.0714,15,80.0000,2
8730,ScreamRide,Arcade,1,NULL,74.0714,15,80.0000,2
11346,Her Story,Simulator,61,NULL,85.0000,7,78.6259,224
11346,Her Story,Indie,61,NULL,85.0000,7,78.6259,224
200165,Call of Duty: Modern Warfare II,Shooter,18,10,79.5000,10,75.4827,56
515,Infamous 2,Puzzle,80,NULL,84.5000,8,81.5976,227
515,Infamous 2,Adventure,80,NULL,84.5000,8,81.5976,227
523,Infamous,Shooter,95,NULL,86.2500,11,75.9757,285
523,Infamous,Platform,95,NULL,86.2500,11,75.9757,285
523,Infamous,Role-playing (RPG),95,NULL,86.2500,11,75.9757,285
523,Infamous,Adventure,95,NULL,86.2500,11,75.9757,285
2767,The SpongeBob SquarePants Movie,Platform,4,NULL,NULL,NULL,68.5938,43
2767,The SpongeBob SquarePants Movie,Adventure,4,NULL,NULL,NULL,68.5938,43
9016,Apotheon,Platform,16,NULL,84.5000,4,69.7288,71
9016,Apotheon,Role-playing (RPG),16,NULL,84.5000,4,69.7288,71
9016,Apotheon,Adventure,16,NULL,84.5000,4,69.7288,71
9016,Apotheon,Indie,16,NULL,84.5000,4,69.7288,71
4754,Alien: Isolation,Adventure,228,10,85.6316,22,85.1560,523
509,Rage,Shooter,77,NULL,80.8000,14,73.2406,243
8187,Just Cause 3,Adventure,180,58,76.4737,22,76.7349,315
27920,Digimon Story: Cyber Sleuth - Hacker's Memory,Role-playing (RPG),10,1,73.2500,9,63.8293,12
27920,Digimon Story: Cyber Sleuth - Hacker's Memory,Adventure,10,1,73.2500,9,63.8293,12
1958,Alone in the Dark,Shooter,17,NULL,45.0000,4,57.7366,71
1958,Alone in the Dark,Puzzle,17,NULL,45.0000,4,57.7366,71
1958,Alone in the Dark,Adventure,17,NULL,45.0000,4,57.7366,71
113739,Bright Memory: Infinite,Shooter,3,29,67.0000,5,57.6133,26
113739,Bright Memory: Infinite,Adventure,3,29,67.0000,5,57.6133,26
113739,Bright Memory: Infinite,Indie,3,29,67.0000,5,57.6133,26
180960,Kid A Mnesia Exhibition,Adventure,NULL,NULL,NULL,NULL,82.5105,11
539,Metro: Last Light,Shooter,219,NULL,79.9000,13,82.5680,578
23907,Dead Rising: Triple Pack,Simulator,1,NULL,72.1818,11,70.0000,1
23907,Dead Rising: Triple Pack,Adventure,1,NULL,72.1818,11,70.0000,1
1097,Donkey Kong Jungle Beat,Platform,9,NULL,79.0000,1,67.5995,23
1097,Donkey Kong Jungle Beat,Adventure,9,NULL,79.0000,1,67.5995,23
5147,Sega Bass Fishing,Simulator,5,NULL,67.0000,3,50.0916,11
5147,Sega Bass Fishing,Sport,5,NULL,67.0000,3,50.0916,11
5147,Sega Bass Fishing,Arcade,5,NULL,67.0000,3,50.0916,11
137,Star Wars: The Force Unleashed II,Role-playing (RPG),47,NULL,64.5000,7,63.9189,241
137,Star Wars: The Force Unleashed II,Adventure,47,NULL,64.5000,7,63.9189,241
9527,SpeedRunners,Platform,21,1,NULL,NULL,76.0464,84
9527,SpeedRunners,Indie,21,1,NULL,NULL,76.0464,84
9527,SpeedRunners,Arcade,21,1,NULL,NULL,76.0464,84
17828,20XX,Shooter,8,NULL,75.3333,3,69.9833,23
17828,20XX,Platform,8,NULL,75.3333,3,69.9833,23
17828,20XX,Adventure,8,NULL,75.3333,3,69.9833,23
17828,20XX,Indie,8,NULL,75.3333,3,69.9833,23
17828,20XX,Arcade,8,NULL,75.3333,3,69.9833,23
116191,Sniper Elite V2 Remastered,Shooter,3,1,68.7500,5,66.7279,16
116191,Sniper Elite V2 Remastered,Strategy,3,1,68.7500,5,66.7279,16
116191,Sniper Elite V2 Remastered,Adventure,3,1,68.7500,5,66.7279,16
229339,Super Mario 3D World,Platform,2,NULL,NULL,NULL,88.8782,11
229339,Super Mario 3D World,Adventure,2,NULL,NULL,NULL,88.8782,11
138227,Super Mario 3D World + Bowser's Fury,Platform,12,2,90.7692,16,89.3875,52
138227,Super Mario 3D World + Bowser's Fury,Adventure,12,2,90.7692,16,89.3875,52
2319,Pokémon Mystery Dungeon: Red Rescue Team,Role-playing (RPG),13,NULL,NULL,NULL,70.1067,77
2319,Pokémon Mystery Dungeon: Red Rescue Team,Adventure,13,NULL,NULL,NULL,70.1067,77
11069,LEGO Marvel's Avengers,Platform,22,2,67.5882,19,61.6563,53
11069,LEGO Marvel's Avengers,Adventure,22,2,67.5882,19,61.6563,53
14606,Pokémon Ranger,Role-playing (RPG),14,NULL,50.0000,1,70.2249,73
14606,Pokémon Ranger,Adventure,14,NULL,50.0000,1,70.2249,73
51448,BlazBlue: Cross Tag Battle,Adventure,9,1,76.8571,10,84.4519,22
51448,BlazBlue: Cross Tag Battle,Arcade,9,1,76.8571,10,84.4519,22
10964,Sniper: Ghost Warrior 3,Shooter,36,7,53.3333,18,56.9349,40
99821,Metal Gear Solid 3: Snake Eater - HD Edition,Shooter,6,NULL,NULL,NULL,95.5503,33
99821,Metal Gear Solid 3: Snake Eater - HD Edition,Adventure,6,NULL,NULL,NULL,95.5503,33
9784,Bridge Constructor,Puzzle,5,NULL,65.8750,8,59.6906,19
9784,Bridge Constructor,Simulator,5,NULL,65.8750,8,59.6906,19
9784,Bridge Constructor,Strategy,5,NULL,65.8750,8,59.6906,19
9784,Bridge Constructor,Indie,5,NULL,65.8750,8,59.6906,19
3060,Cooking Mama,Simulator,4,NULL,68.5000,4,70.6982,22
121084,In Sound Mind,Shooter,3,1,NULL,NULL,80.1927,13
121084,In Sound Mind,Platform,3,1,NULL,NULL,80.1927,13
121084,In Sound Mind,Puzzle,3,1,NULL,NULL,80.1927,13
121084,In Sound Mind,Adventure,3,1,NULL,NULL,80.1927,13
121084,In Sound Mind,Indie,3,1,NULL,NULL,80.1927,13
140158,Supfly Delivery Simulator,Simulator,6,1,NULL,NULL,84.3902,12
140158,Supfly Delivery Simulator,Sport,6,1,NULL,NULL,84.3902,12
140158,Supfly Delivery Simulator,Adventure,6,1,NULL,NULL,84.3902,12
140158,Supfly Delivery Simulator,Indie,6,1,NULL,NULL,84.3902,12
140158,Supfly Delivery Simulator,Arcade,6,1,NULL,NULL,84.3902,12
129483,Monster Train,Role-playing (RPG),1,NULL,84.2500,5,83.9182,37
129483,Monster Train,Strategy,1,NULL,84.2500,5,83.9182,37
129483,Monster Train,Indie,1,NULL,84.2500,5,83.9182,37
2321,Pokémon Mystery Dungeon: Explorers of Time,Role-playing (RPG),10,NULL,70.0000,1,77.1240,46
2321,Pokémon Mystery Dungeon: Explorers of Time,Adventure,10,NULL,70.0000,1,77.1240,46
25210,Disc Jam,Sport,10,2,69.7500,4,76.1651,24
25210,Disc Jam,Indie,10,2,69.7500,4,76.1651,24
25210,Disc Jam,Arcade,10,2,69.7500,4,76.1651,24
16203,Myst: Masterpiece Edition,Puzzle,2,NULL,NULL,NULL,80.2012,15
16203,Myst: Masterpiece Edition,Adventure,2,NULL,NULL,NULL,80.2012,15
16203,Myst: Masterpiece Edition,Indie,2,NULL,NULL,NULL,80.2012,15
1255,MechWarrior Online,Simulator,7,1,71.5000,5,89.1135,13
1255,MechWarrior Online,Strategy,7,1,71.5000,5,89.1135,13
24654,New World,Role-playing (RPG),14,28,74.5000,7,66.0844,41
24654,New World,Adventure,14,28,74.5000,7,66.0844,41
1333,Pong,Simulator,19,NULL,NULL,NULL,78.5850,98
1333,Pong,Sport,19,NULL,NULL,NULL,78.5850,98
1333,Pong,Arcade,19,NULL,NULL,NULL,78.5850,98
7146,The Dark Eye: Chains of Satinav,Puzzle,7,NULL,NULL,NULL,75.1963,29
7146,The Dark Eye: Chains of Satinav,Role-playing (RPG),7,NULL,NULL,NULL,75.1963,29
7146,The Dark Eye: Chains of Satinav,Adventure,7,NULL,NULL,NULL,75.1963,29
7146,The Dark Eye: Chains of Satinav,Indie,7,NULL,NULL,NULL,75.1963,29
1119,Castlevania III: Dracula's Curse,Platform,20,NULL,NULL,NULL,74.9661,126
1119,Castlevania III: Dracula's Curse,Adventure,20,NULL,NULL,NULL,74.9661,126
3097,The Walking Dead: Season Two,Puzzle,238,8,81.1389,5,79.6766,681
3097,The Walking Dead: Season Two,Adventure,238,8,81.1389,5,79.6766,681
76723,Mega Man 11,Shooter,28,3,79.8333,14,78.7403,58
76723,Mega Man 11,Platform,28,3,79.8333,14,78.7403,58
76723,Mega Man 11,Adventure,28,3,79.8333,14,78.7403,58
12530,Umbrella Corps,Shooter,4,3,39.8750,17,39.9555,12
12530,Umbrella Corps,Strategy,4,3,39.8750,17,39.9555,12
6160,Star Wars: Jedi Starfighter,Simulator,9,NULL,76.6667,3,61.3253,14
6160,Star Wars: Jedi Starfighter,Adventure,9,NULL,76.6667,3,61.3253,14
12916,Battlezone,Shooter,2,NULL,80.0000,2,71.3657,15
12916,Battlezone,Simulator,2,NULL,80.0000,2,71.3657,15
12916,Battlezone,Arcade,2,NULL,80.0000,2,71.3657,15
36745,Kao the Kangaroo,Platform,4,NULL,NULL,NULL,69.3331,13
36745,Kao the Kangaroo,Adventure,4,NULL,NULL,NULL,69.3331,13
36745,Kao the Kangaroo,Arcade,4,NULL,NULL,NULL,69.3331,13
716,Football Manager 2010,Simulator,6,NULL,85.0000,3,82.6549,25
716,Football Manager 2010,Sport,6,NULL,85.0000,3,82.6549,25
716,Football Manager 2010,Strategy,6,NULL,85.0000,3,82.6549,25
5924,Dead Rising 2: Off the Record,Adventure,18,NULL,71.6250,11,71.2779,37
18443,One Piece: Burning Blood,Adventure,6,NULL,64.7000,11,67.7295,22
23717,Will Rock,Shooter,5,NULL,67.0000,2,79.2467,18
4220,Dark Void,Shooter,7,NULL,58.8333,7,66.4446,27
4220,Dark Void,Simulator,7,NULL,58.8333,7,66.4446,27
4220,Dark Void,Adventure,7,NULL,58.8333,7,66.4446,27
996,Army of Two,Shooter,22,NULL,71.0000,7,65.2713,80
1268,Crysis 3,Shooter,101,NULL,74.0000,17,74.3204,310
1268,Crysis 3,Adventure,101,NULL,74.0000,17,74.3204,310
99781,Child of Light: Ultimate Edition,Platform,2,NULL,80.0000,1,72.0516,11
99781,Child of Light: Ultimate Edition,Role-playing (RPG),2,NULL,80.0000,1,72.0516,11
99781,Child of Light: Ultimate Edition,Strategy,2,NULL,80.0000,1,72.0516,11
99781,Child of Light: Ultimate Edition,Adventure,2,NULL,80.0000,1,72.0516,11
2706,Mario & Sonic at the Olympic Games,Sport,4,NULL,65.5000,4,63.1158,56
4563,My Pokémon Ranch,Simulator,2,NULL,40.0000,1,48.8278,11
2193,Mario Party 8,Puzzle,15,NULL,57.6667,3,71.0614,99
14699,Pokémon Ranger: Shadows of Almia,Role-playing (RPG),7,NULL,50.0000,3,71.6682,37
14699,Pokémon Ranger: Shadows of Almia,Adventure,7,NULL,50.0000,3,71.6682,37
1584,The Legend of Spyro: Dawn of the Dragon,Platform,4,NULL,60.0000,6,71.0259,24
1584,The Legend of Spyro: Dawn of the Dragon,Adventure,4,NULL,60.0000,6,71.0259,24
17904,ShellShock Live,Shooter,16,NULL,NULL,NULL,68.4285,24
17904,ShellShock Live,Strategy,16,NULL,NULL,NULL,68.4285,24
17904,ShellShock Live,Indie,16,NULL,NULL,NULL,68.4285,24
12313,Missile Command,Shooter,5,NULL,76.6667,2,70.5731,39
12313,Missile Command,Arcade,5,NULL,76.6667,2,70.5731,39
116585,Marvel's Iron Man VR,Shooter,2,5,77.4545,14,NULL,NULL
116585,Marvel's Iron Man VR,Adventure,2,5,77.4545,14,NULL,NULL
113,Assassin's Creed Brotherhood,Puzzle,484,NULL,83.3333,12,82.9924,1405
113,Assassin's Creed Brotherhood,Adventure,484,NULL,83.3333,12,82.9924,1405
51942,The Flintstones,Platform,2,NULL,NULL,NULL,81.1389,12
4558,PokéPark Wii: Pikachu's Adventure,Adventure,2,NULL,62.2500,5,69.9524,27
6653,Euro Truck Simulator,Simulator,8,NULL,NULL,NULL,59.0490,31
6653,Euro Truck Simulator,Indie,8,NULL,NULL,NULL,59.0490,31
12469,Rambo III,Shooter,1,NULL,NULL,NULL,69.0994,14
12469,Rambo III,Arcade,1,NULL,NULL,NULL,69.0994,14
28729,Doodle Jump,Platform,4,NULL,NULL,NULL,69.6967,29
28729,Doodle Jump,Arcade,4,NULL,NULL,NULL,69.6967,29
8750,N++,Platform,7,NULL,82.8000,11,94.8340,24
8750,N++,Puzzle,7,NULL,82.8000,11,94.8340,24
8750,N++,Indie,7,NULL,82.8000,11,94.8340,24
8750,N++,Arcade,7,NULL,82.8000,11,94.8340,24
2584,Eve Online,Role-playing (RPG),28,NULL,78.7500,7,77.1435,54
2584,Eve Online,Simulator,28,NULL,78.7500,7,77.1435,54
2584,Eve Online,Strategy,28,NULL,78.7500,7,77.1435,54
5787,Constantine,Shooter,3,NULL,50.0000,3,76.6424,14
5787,Constantine,Adventure,3,NULL,50.0000,3,76.6424,14
15383,Tempest,Shooter,5,NULL,45.0000,2,79.2042,15
15383,Tempest,Arcade,5,NULL,45.0000,2,79.2042,15
18614,Stikbold! A Dodgeball Adventure,Sport,2,NULL,70.6000,6,70.5577,14
18614,Stikbold! A Dodgeball Adventure,Adventure,2,NULL,70.6000,6,70.5577,14
18614,Stikbold! A Dodgeball Adventure,Indie,2,NULL,70.6000,6,70.5577,14
54787,ReCore: Definitive Edition,Platform,6,NULL,NULL,NULL,71.4138,15
54787,ReCore: Definitive Edition,Adventure,6,NULL,NULL,NULL,71.4138,15
7603,Hellblade: Senua's Sacrifice,Adventure,231,18,84.2727,26,85.0849,797
7603,Hellblade: Senua's Sacrifice,Indie,231,18,84.2727,26,85.0849,797
18528,Doodle God,Puzzle,4,NULL,56.5000,3,67.8801,24
18528,Doodle God,Simulator,4,NULL,56.5000,3,67.8801,24
18528,Doodle God,Indie,4,NULL,56.5000,3,67.8801,24
37092,Hidden Agenda,Adventure,25,3,66.2500,6,73.4421,25
7559,Pac-Man,Puzzle,9,NULL,80.0000,0,79.4067,22
7559,Pac-Man,Arcade,9,NULL,80.0000,0,79.4067,22
11148,Plants vs. Zombies: Garden Warfare 2,Shooter,62,2,85.2353,21,73.4771,64
2322,Pokémon Mystery Dungeon: Explorers of Darkness,Adventure,8,NULL,55.0000,2,80.4414,36
2587,Skate 3,Sport,25,NULL,84.4000,6,78.7553,94
8284,Pokémon Black Version 2,Role-playing (RPG),38,NULL,82.2857,7,83.1256,132
8284,Pokémon Black Version 2,Adventure,38,NULL,82.2857,7,83.1256,132
281,Return to Castle Wolfenstein,Shooter,115,NULL,68.2000,5,79.0694,366
14554,Craft the World,Role-playing (RPG),10,NULL,NULL,NULL,80.1942,19
14554,Craft the World,Simulator,10,NULL,NULL,NULL,80.1942,19
14554,Craft the World,Strategy,10,NULL,NULL,NULL,80.1942,19
14554,Craft the World,Adventure,10,NULL,NULL,NULL,80.1942,19
14554,Craft the World,Indie,10,NULL,NULL,NULL,80.1942,19
1039,The Legend of Zelda: Ocarina of Time 3D,Puzzle,145,NULL,92.0000,9,90.7526,372
1039,The Legend of Zelda: Ocarina of Time 3D,Role-playing (RPG),145,NULL,92.0000,9,90.7526,372
1039,The Legend of Zelda: Ocarina of Time 3D,Adventure,145,NULL,92.0000,9,90.7526,372
1426,Phoenix Wright: Ace Attorney,Puzzle,82,NULL,80.0000,3,82.8036,270
1426,Phoenix Wright: Ace Attorney,Adventure,82,NULL,80.0000,3,82.8036,270
1010,Cities in Motion,Simulator,9,NULL,67.0000,1,69.1159,18
1010,Cities in Motion,Strategy,9,NULL,67.0000,1,69.1159,18
4319,D,Shooter,4,NULL,68.5000,3,30.9673,11
4319,D,Puzzle,4,NULL,68.5000,3,30.9673,11
4319,D,Strategy,4,NULL,68.5000,3,30.9673,11
4319,D,Adventure,4,NULL,68.5000,3,30.9673,11
4566,Pokémon Mystery Dungeon: Gates to Infinity,Role-playing (RPG),4,NULL,63.6667,7,66.1099,25
4566,Pokémon Mystery Dungeon: Gates to Infinity,Strategy,4,NULL,63.6667,7,66.1099,25
2286,Pokémon X,Role-playing (RPG),60,3,87.4000,11,78.2085,233
2286,Pokémon X,Adventure,60,3,87.4000,11,78.2085,233
2172,Nintendo Land,Shooter,11,NULL,75.0000,8,75.2986,61
2172,Nintendo Land,Platform,11,NULL,75.0000,8,75.2986,61
2172,Nintendo Land,Puzzle,11,NULL,75.0000,8,75.2986,61
2172,Nintendo Land,Adventure,11,NULL,75.0000,8,75.2986,61
2172,Nintendo Land,Arcade,11,NULL,75.0000,8,75.2986,61
3278,Garry's Mod,Simulator,132,NULL,NULL,NULL,79.1629,310
3278,Garry's Mod,Indie,132,NULL,NULL,NULL,79.1629,310
7596,Eufloria,Strategy,4,NULL,77.6667,7,70.7979,11
7596,Eufloria,Indie,4,NULL,77.6667,7,70.7979,11
5601,The Witness,Puzzle,179,31,88.3333,14,82.7654,403
5601,The Witness,Adventure,179,31,88.3333,14,82.7654,403
5601,The Witness,Indie,179,31,88.3333,14,82.7654,403
1363,Little Inferno,Puzzle,28,NULL,65.0000,8,73.0908,120
1363,Little Inferno,Simulator,28,NULL,65.0000,8,73.0908,120
1363,Little Inferno,Adventure,28,NULL,65.0000,8,73.0908,120
1363,Little Inferno,Indie,28,NULL,65.0000,8,73.0908,120
2350,Mario Kart 8,Arcade,158,10,90.8000,16,87.1464,582
8339,Minecraft: Story Mode,Adventure,24,6,65.4906,8,70.2388,79
14363,Gran Turismo Sport,Simulator,60,15,77.2500,14,75.2910,81
14363,Gran Turismo Sport,Sport,60,15,77.2500,14,75.2910,81
11426,100% Orange Juice,Strategy,7,NULL,NULL,NULL,79.6232,27
11426,100% Orange Juice,Indie,7,NULL,NULL,NULL,79.6232,27
14393,Bulb Boy,Puzzle,3,NULL,82.5000,2,70.2167,14
14393,Bulb Boy,Adventure,3,NULL,82.5000,2,70.2167,14
14393,Bulb Boy,Indie,3,NULL,82.5000,2,70.2167,14
6958,Dante's Inferno,Adventure,49,NULL,74.4286,8,75.6186,181
109274,Judgment,Role-playing (RPG),14,NULL,82.7143,18,82.8451,62
109274,Judgment,Adventure,14,NULL,82.7143,18,82.8451,62
6332,Caesar III,Simulator,31,NULL,NULL,NULL,80.0650,76
6332,Caesar III,Strategy,31,NULL,NULL,NULL,80.0650,76
1969,Red Dead Revolver,Shooter,9,NULL,66.0000,6,68.4264,53
1969,Red Dead Revolver,Adventure,9,NULL,66.0000,6,68.4264,53
9708,Danganronpa Another Episode: Ultra Despair Girls,Shooter,12,NULL,74.4444,9,71.5925,58
9708,Danganronpa Another Episode: Ultra Despair Girls,Puzzle,12,NULL,74.4444,9,71.5925,58
9708,Danganronpa Another Episode: Ultra Despair Girls,Adventure,12,NULL,74.4444,9,71.5925,58
7812,Patapon,Strategy,16,NULL,88.3333,4,80.0480,49
2291,Thomas Was Alone,Platform,40,NULL,76.3750,9,71.0462,155
2291,Thomas Was Alone,Puzzle,40,NULL,76.3750,9,71.0462,155
2291,Thomas Was Alone,Adventure,40,NULL,76.3750,9,71.0462,155
2291,Thomas Was Alone,Indie,40,NULL,76.3750,9,71.0462,155
14389,Friday the 13th: The Game,Indie,49,10,60.8750,9,66.0189,62
159116,Grid Legends,Simulator,1,NULL,88.3333,6,70.4877,18
159116,Grid Legends,Sport,1,NULL,88.3333,6,70.4877,18
146851,Lost Judgment,Role-playing (RPG),1,1,81.0000,9,87.1827,23
146851,Lost Judgment,Adventure,1,1,81.0000,9,87.1827,23
7386,The Talos Principle,Puzzle,106,NULL,87.3333,12,87.2495,343
7386,The Talos Principle,Adventure,106,NULL,87.3333,12,87.2495,343
7386,The Talos Principle,Indie,106,NULL,87.3333,12,87.2495,343
205201,Crisis Core: Final Fantasy VII - Reunion,Role-playing (RPG),2,5,81.5000,10,75.2650,19
18425,Urban Empire,Simulator,18,5,67.0000,3,59.4662,13
18425,Urban Empire,Strategy,18,5,67.0000,3,59.4662,13
11613,BlazBlue: Central Fiction,Arcade,6,3,85.6000,6,65.9395,18
25263,The Playroom VR,Platform,2,NULL,NULL,NULL,60.4725,11
221,Phantasmagoria,Adventure,13,NULL,60.0000,1,77.4884,37
3856,Chibi-Robo!,Platform,3,NULL,80.0000,1,79.5283,24
3856,Chibi-Robo!,Adventure,3,NULL,80.0000,1,79.5283,24
54486,We Were Here Too,Puzzle,4,NULL,90.0000,1,66.5384,30
54486,We Were Here Too,Adventure,4,NULL,90.0000,1,66.5384,30
54486,We Were Here Too,Indie,4,NULL,90.0000,1,66.5384,30
22778,Outward,Role-playing (RPG),13,7,56.5000,8,78.5555,30
22778,Outward,Indie,13,7,56.5000,8,78.5555,30
204360,Goat Simulator 3,Simulator,1,1,70.0000,6,99.4217,13
204360,Goat Simulator 3,Adventure,1,1,70.0000,6,99.4217,13
115276,Super Mario Maker 2,Platform,35,12,87.1667,13,81.0983,158
8188,Realm of the Mad God,Role-playing (RPG),10,NULL,85.0000,2,73.9542,33
8188,Realm of the Mad God,Indie,10,NULL,85.0000,2,73.9542,33
116419,Cadence of Hyrule: Crypt of the NecroDancer Featuring the Legend of Zelda,Adventure,4,2,81.8571,9,75.2080,43
24781,PlayStation VR Worlds,Adventure,NULL,NULL,59.5000,12,69.1709,9
127344,Bravely Default II,Role-playing (RPG),5,7,79.7273,14,73.0208,14
127344,Bravely Default II,Adventure,5,7,79.7273,14,73.0208,14
42856,Kingdom Hearts Birth by Sleep Final Mix,Role-playing (RPG),4,NULL,NULL,NULL,75.1581,25
3218,Vanquish,Shooter,66,NULL,80.6000,16,79.6453,197
3218,Vanquish,Adventure,66,NULL,80.6000,16,79.6453,197
2273,No More Heroes 2: Desperate Struggle,Adventure,12,NULL,78.6250,9,80.5103,57
25252,Crush Crush,Indie,5,NULL,60.0000,1,65.9840,14
135818,Pizza Tower,Platform,2,2,90.0000,1,84.7611,26
135818,Pizza Tower,Indie,2,2,90.0000,1,84.7611,26
27024,A Normal Lost Phone,Puzzle,9,NULL,88.0000,2,70.4731,31
27024,A Normal Lost Phone,Adventure,9,NULL,88.0000,2,70.4731,31
27024,A Normal Lost Phone,Indie,9,NULL,88.0000,2,70.4731,31
323,The 7th Guest,Puzzle,5,NULL,NULL,NULL,72.9374,19
323,The 7th Guest,Adventure,5,NULL,NULL,NULL,72.9374,19
4,Thief,Shooter,95,13,63.6429,17,70.5662,270
4,Thief,Adventure,95,13,63.6429,17,70.5662,270
75239,Spelunky 2,Platform,8,14,87.0000,13,80.9058,34
75239,Spelunky 2,Adventure,8,14,87.0000,13,80.9058,34
75239,Spelunky 2,Indie,8,14,87.0000,13,80.9058,34
13232,Technobabylon,Role-playing (RPG),18,NULL,81.0000,3,76.6896,37
13232,Technobabylon,Adventure,18,NULL,81.0000,3,76.6896,37
13232,Technobabylon,Indie,18,NULL,81.0000,3,76.6896,37
152765,Castlevania Advance Collection,Platform,1,NULL,94.0000,2,97.9794,11
152765,Castlevania Advance Collection,Role-playing (RPG),1,NULL,94.0000,2,97.9794,11
152765,Castlevania Advance Collection,Adventure,1,NULL,94.0000,2,97.9794,11
6748,Killing Floor 2,Shooter,83,20,80.7692,15,72.6919,124
3100,Wasteland,Role-playing (RPG),7,NULL,100.0000,1,79.7822,21
3100,Wasteland,Adventure,7,NULL,100.0000,1,79.7822,21
3100,Wasteland,Indie,7,NULL,100.0000,1,79.7822,21
1757,Mega Man Battle Network 3 White,Role-playing (RPG),2,NULL,NULL,NULL,88.8859,25
2264,Zack & Wiki: Quest for Barbaros' Treasure,Puzzle,10,NULL,85.0000,3,77.1584,16
2264,Zack & Wiki: Quest for Barbaros' Treasure,Adventure,10,NULL,85.0000,3,77.1584,16
9280,Wakfu,Role-playing (RPG),4,1,NULL,NULL,73.1880,23
9280,Wakfu,Strategy,4,1,NULL,NULL,73.1880,23
9280,Wakfu,Adventure,4,1,NULL,NULL,73.1880,23
9280,Wakfu,Indie,4,1,NULL,NULL,73.1880,23
1756,Mega Man Battle Network 2,Role-playing (RPG),6,NULL,NULL,NULL,80.3364,34
1756,Mega Man Battle Network 2,Adventure,6,NULL,NULL,NULL,80.3364,34
1762,Mega Man Battle Network 5: Team Colonel,Role-playing (RPG),NULL,NULL,NULL,NULL,70.4804,12
1762,Mega Man Battle Network 5: Team Colonel,Adventure,NULL,NULL,NULL,NULL,70.4804,12
14404,Kona,Puzzle,29,6,76.6667,4,72.7498,45
14404,Kona,Adventure,29,6,76.6667,4,72.7498,45
14404,Kona,Indie,29,6,76.6667,4,72.7498,45
11176,Crossing Souls,Role-playing (RPG),16,4,71.3333,10,77.9113,19
11176,Crossing Souls,Adventure,16,4,71.3333,10,77.9113,19
11176,Crossing Souls,Indie,16,4,71.3333,10,77.9113,19
11176,Crossing Souls,Arcade,16,4,71.3333,10,77.9113,19
107141,Spirit of the North,Puzzle,3,1,70.0000,3,76.6424,17
107141,Spirit of the North,Adventure,3,1,70.0000,3,76.6424,17
107141,Spirit of the North,Indie,3,1,70.0000,3,76.6424,17
4847,Lords of the Fallen,Role-playing (RPG),55,8,69.3333,13,68.7470,127
1812,Dragon Quest,Role-playing (RPG),14,NULL,NULL,NULL,70.3825,69
1812,Dragon Quest,Adventure,14,NULL,NULL,NULL,70.3825,69
20740,The Witcher 2: Assassins of Kings - Enhanced Edition,Role-playing (RPG),89,NULL,88.2000,6,86.5308,174
20740,The Witcher 2: Assassins of Kings - Enhanced Edition,Adventure,89,NULL,88.2000,6,86.5308,174
6804,One Piece: Pirate Warriors 3,Adventure,9,NULL,76.4286,8,69.9554,42
144153,Aliens: Fireteam Elite,Shooter,3,3,73.8000,12,63.7606,22
144153,Aliens: Fireteam Elite,Role-playing (RPG),3,3,73.8000,12,63.7606,22
144153,Aliens: Fireteam Elite,Adventure,3,3,73.8000,12,63.7606,22
7888,Defender's Quest: Valley of the Forgotten,Role-playing (RPG),4,NULL,NULL,NULL,73.9747,11
7888,Defender's Quest: Valley of the Forgotten,Strategy,4,NULL,NULL,NULL,73.9747,11
7888,Defender's Quest: Valley of the Forgotten,Indie,4,NULL,NULL,NULL,73.9747,11
92589,Club Penguin,Adventure,6,NULL,NULL,NULL,86.2187,47
92589,Club Penguin,Arcade,6,NULL,NULL,NULL,86.2187,47
22703,Metal Gear Survive,Shooter,17,5,59.7857,17,31.7684,17
22703,Metal Gear Survive,Strategy,17,5,59.7857,17,31.7684,17
22703,Metal Gear Survive,Adventure,17,5,59.7857,17,31.7684,17
138244,Midnight Fight Express,Shooter,4,7,79.0000,5,70.1159,20
138244,Midnight Fight Express,Adventure,4,7,79.0000,5,70.1159,20
138244,Midnight Fight Express,Indie,4,7,79.0000,5,70.1159,20
7641,Teslagrad,Platform,13,NULL,79.3333,7,72.8015,44
7641,Teslagrad,Puzzle,13,NULL,79.3333,7,72.8015,44
7641,Teslagrad,Adventure,13,NULL,79.3333,7,72.8015,44
7641,Teslagrad,Indie,13,NULL,79.3333,7,72.8015,44
1966,Rayman 3: Hoodlum Havoc,Platform,34,NULL,65.0000,2,78.4963,106
119161,Need for Speed: Heat,Sport,35,7,69.8000,11,70.4950,132
119161,Need for Speed: Heat,Adventure,35,7,69.8000,11,70.4950,132
121731,Humankind,Simulator,6,21,79.2000,5,79.1718,26
121731,Humankind,Strategy,6,21,79.2000,5,79.1718,26
18090,Shakes and Fidget,Role-playing (RPG),8,NULL,NULL,NULL,79.6749,23
18090,Shakes and Fidget,Strategy,8,NULL,NULL,NULL,79.6749,23
18090,Shakes and Fidget,Adventure,8,NULL,NULL,NULL,79.6749,23
18090,Shakes and Fidget,Indie,8,NULL,NULL,NULL,79.6749,23
8756,NEO Scavenger,Role-playing (RPG),4,NULL,72.5000,2,74.6871,13
8756,NEO Scavenger,Indie,4,NULL,72.5000,2,74.6871,13
23596,Duke Nukem 3D: 20th Anniversary World Tour,Shooter,10,1,80.7778,10,82.5574,22
23596,Duke Nukem 3D: 20th Anniversary World Tour,Puzzle,10,1,80.7778,10,82.5574,22
23596,Duke Nukem 3D: 20th Anniversary World Tour,Adventure,10,1,80.7778,10,82.5574,22
13620,Guilty Gear Xrd: Revelator,Arcade,10,5,85.5714,9,89.2766,28
24838,Shu,Platform,2,NULL,73.7000,11,70.0000,1
24838,Shu,Adventure,2,NULL,73.7000,11,70.0000,1
24838,Shu,Indie,2,NULL,73.7000,11,70.0000,1
24838,Shu,Arcade,2,NULL,73.7000,11,70.0000,1
7087,Beatbuddy: Tale of the Guardians,Platform,2,NULL,73.3333,3,62.3362,11
7087,Beatbuddy: Tale of the Guardians,Puzzle,2,NULL,73.3333,3,62.3362,11
7087,Beatbuddy: Tale of the Guardians,Adventure,2,NULL,73.3333,3,62.3362,11
7087,Beatbuddy: Tale of the Guardians,Indie,2,NULL,73.3333,3,62.3362,11
21762,Dying Light: The Following - Enhanced Edition,Role-playing (RPG),32,NULL,89.0000,2,86.0985,70
21762,Dying Light: The Following - Enhanced Edition,Adventure,32,NULL,89.0000,2,86.0985,70
7642,Among the Sleep,Puzzle,23,NULL,66.1818,11,70.0522,65
7642,Among the Sleep,Adventure,23,NULL,66.1818,11,70.0522,65
7642,Among the Sleep,Indie,23,NULL,66.1818,11,70.0522,65
1122,Call of Duty: Black Ops II,Shooter,186,NULL,78.4706,19,73.3281,678
1337,Torchlight II,Role-playing (RPG),89,NULL,85.6154,14,77.7406,256
1337,Torchlight II,Adventure,89,NULL,85.6154,14,77.7406,256
1337,Torchlight II,Indie,89,NULL,85.6154,14,77.7406,256
141544,Evil Dead: The Game,Shooter,7,7,63.5000,7,55.1295,13
1389,Dead or Alive 3,Arcade,11,NULL,80.0000,2,80.8918,33
111717,One Step From Eden,Shooter,2,NULL,0.0000,1,64.0491,12
111717,One Step From Eden,Role-playing (RPG),2,NULL,0.0000,1,64.0491,12
111717,One Step From Eden,Strategy,2,NULL,0.0000,1,64.0491,12
111717,One Step From Eden,Adventure,2,NULL,0.0000,1,64.0491,12
111717,One Step From Eden,Indie,2,NULL,0.0000,1,64.0491,12
55041,Metal Gear Solid 2: Sons of Liberty - HD Edition,Shooter,7,NULL,NULL,NULL,83.9728,21
55041,Metal Gear Solid 2: Sons of Liberty - HD Edition,Adventure,7,NULL,NULL,NULL,83.9728,21
24985,Golf With Your Friends,Simulator,11,NULL,72.2500,5,72.8304,68
24985,Golf With Your Friends,Sport,11,NULL,72.2500,5,72.8304,68
24985,Golf With Your Friends,Strategy,11,NULL,72.2500,5,72.8304,68
24985,Golf With Your Friends,Indie,11,NULL,72.2500,5,72.8304,68
6656,Ultra Street Fighter IV,Arcade,17,NULL,79.4286,16,71.0221,89
15414,Monster Loves You!,Puzzle,3,NULL,NULL,NULL,67.0715,14
15414,Monster Loves You!,Role-playing (RPG),3,NULL,NULL,NULL,67.0715,14
15414,Monster Loves You!,Simulator,3,NULL,NULL,NULL,67.0715,14
15414,Monster Loves You!,Adventure,3,NULL,NULL,NULL,67.0715,14
15414,Monster Loves You!,Indie,3,NULL,NULL,NULL,67.0715,14
8036,Verdun,Shooter,20,1,57.5000,9,61.2317,26
8036,Verdun,Simulator,20,1,57.5000,9,61.2317,26
8036,Verdun,Strategy,20,1,57.5000,9,61.2317,26
8036,Verdun,Indie,20,1,57.5000,9,61.2317,26
1301,Tom Clancy's Ghost Recon Advanced Warfighter 2,Shooter,12,NULL,83.7500,6,73.3028,46
1301,Tom Clancy's Ghost Recon Advanced Warfighter 2,Simulator,12,NULL,83.7500,6,73.3028,46
1301,Tom Clancy's Ghost Recon Advanced Warfighter 2,Strategy,12,NULL,83.7500,6,73.3028,46
3803,The Bard's Tale,Role-playing (RPG),10,NULL,76.5000,5,68.8749,26
3803,The Bard's Tale,Adventure,10,NULL,76.5000,5,68.8749,26
18182,Momodora: Reverie Under the Moonlight,Platform,23,NULL,82.8333,7,89.8704,93
18182,Momodora: Reverie Under the Moonlight,Role-playing (RPG),23,NULL,82.8333,7,89.8704,93
18182,Momodora: Reverie Under the Moonlight,Adventure,23,NULL,82.8333,7,89.8704,93
18182,Momodora: Reverie Under the Moonlight,Indie,23,NULL,82.8333,7,89.8704,93
7330,LittleBigPlanet 3,Platform,40,2,77.9000,12,73.6341,92
7330,LittleBigPlanet 3,Adventure,40,2,77.9000,12,73.6341,92
56870,"Guns, Gore and Cannoli 2",Shooter,7,1,78.5000,2,74.8262,17
56870,"Guns, Gore and Cannoli 2",Platform,7,1,78.5000,2,74.8262,17
56870,"Guns, Gore and Cannoli 2",Adventure,7,1,78.5000,2,74.8262,17
56870,"Guns, Gore and Cannoli 2",Indie,7,1,78.5000,2,74.8262,17
56870,"Guns, Gore and Cannoli 2",Arcade,7,1,78.5000,2,74.8262,17
116634,Beyond a Steel Sky,Puzzle,7,2,76.2000,6,68.7935,16
116634,Beyond a Steel Sky,Adventure,7,2,76.2000,6,68.7935,16
116634,Beyond a Steel Sky,Indie,7,2,76.2000,6,68.7935,16
27324,The Gardens Between,Puzzle,18,4,81.0000,10,76.6247,75
27324,The Gardens Between,Adventure,18,4,81.0000,10,76.6247,75
27324,The Gardens Between,Indie,18,4,81.0000,10,76.6247,75
1267,Sleeping Dogs,Shooter,181,NULL,82.0000,15,80.8972,529
1267,Sleeping Dogs,Adventure,181,NULL,82.0000,15,80.8972,529
141545,Ghosts 'n Goblins Resurrection,Platform,NULL,NULL,69.2000,12,80.0104,7
141545,Ghosts 'n Goblins Resurrection,Adventure,NULL,NULL,69.2000,12,80.0104,7
122659,Bad North: Jotunn Edition,Simulator,5,NULL,NULL,NULL,69.5885,12
122659,Bad North: Jotunn Edition,Strategy,5,NULL,NULL,NULL,69.5885,12
122659,Bad North: Jotunn Edition,Indie,5,NULL,NULL,NULL,69.5885,12
2630,Bubble Bobble,Platform,22,NULL,80.0000,0,77.5156,109
2630,Bubble Bobble,Puzzle,22,NULL,80.0000,0,77.5156,109
2630,Bubble Bobble,Strategy,22,NULL,80.0000,0,77.5156,109
2630,Bubble Bobble,Arcade,22,NULL,80.0000,0,77.5156,109
28391,Bust-A-Move,Platform,NULL,NULL,NULL,NULL,76.0411,24
28391,Bust-A-Move,Puzzle,NULL,NULL,NULL,NULL,76.0411,24
28391,Bust-A-Move,Adventure,NULL,NULL,NULL,NULL,76.0411,24
28391,Bust-A-Move,Arcade,NULL,NULL,NULL,NULL,76.0411,24
4405,Rainbow Islands: The Story of Bubble Bobble 2,Platform,4,NULL,NULL,NULL,79.0591,27
4405,Rainbow Islands: The Story of Bubble Bobble 2,Puzzle,4,NULL,NULL,NULL,79.0591,27
4405,Rainbow Islands: The Story of Bubble Bobble 2,Arcade,4,NULL,NULL,NULL,79.0591,27
503,FIFA Soccer 11,Simulator,22,1,84.3333,7,73.3097,108
503,FIFA Soccer 11,Sport,22,1,84.3333,7,73.3097,108
30225,Kenshi,Role-playing (RPG),7,3,84.0000,1,82.4944,40
30225,Kenshi,Simulator,7,3,84.0000,1,82.4944,40
30225,Kenshi,Strategy,7,3,84.0000,1,82.4944,40
30225,Kenshi,Indie,7,3,84.0000,1,82.4944,40
1377,Spec Ops: The Line,Shooter,225,NULL,76.6667,10,82.2054,731
1377,Spec Ops: The Line,Adventure,225,NULL,76.6667,10,82.2054,731
4211,James Cameron's Avatar: The Game,Shooter,14,NULL,60.6667,9,71.3092,43
4211,James Cameron's Avatar: The Game,Adventure,14,NULL,60.6667,9,71.3092,43
343,Battlefield 3,Shooter,280,NULL,85.0000,14,80.2159,840
625,Call of Duty: World at War,Shooter,164,NULL,80.0000,9,75.5450,721
625,Call of Duty: World at War,Adventure,164,NULL,80.0000,9,75.5450,721
2920,FIFA 14,Sport,55,2,81.6429,14,75.3283,225
8566,Pro Evolution Soccer 2015,Simulator,12,NULL,81.1667,14,69.6128,64
8566,Pro Evolution Soccer 2015,Sport,12,NULL,81.1667,14,69.6128,64
4650,Pro Evolution Soccer 2011,Simulator,16,NULL,74.6667,6,74.6238,76
4650,Pro Evolution Soccer 2011,Sport,16,NULL,74.6667,6,74.6238,76
11071,FIFA 16,Sport,56,NULL,83.2308,16,71.9193,195
5058,NBA 2K13,Simulator,8,NULL,74.5000,11,78.1510,41
5058,NBA 2K13,Sport,8,NULL,74.5000,11,78.1510,41
5058,NBA 2K13,Strategy,8,NULL,74.5000,11,78.1510,41
6822,Pac-Land,Platform,3,NULL,NULL,NULL,69.9272,15
6822,Pac-Land,Adventure,3,NULL,NULL,NULL,69.9272,15
6822,Pac-Land,Arcade,3,NULL,NULL,NULL,69.9272,15
21004,Jet Set Radio,Platform,6,NULL,75.0000,2,81.8679,33
1716,Mega Man 3,Platform,31,NULL,NULL,NULL,81.0344,160
1716,Mega Man 3,Adventure,31,NULL,NULL,NULL,81.0344,160
1719,Mega Man 6,Platform,14,NULL,NULL,NULL,80.6190,75
1719,Mega Man 6,Adventure,14,NULL,NULL,NULL,80.6190,75
1719,Mega Man 6,Arcade,14,NULL,NULL,NULL,80.6190,75
7858,Sonic Adventure 2,Platform,23,NULL,79.0000,2,74.1714,146
7858,Sonic Adventure 2,Adventure,23,NULL,79.0000,2,74.1714,146
5181,Spider-Man: Web of Shadows,Platform,37,NULL,69.6667,8,75.1584,102
5181,Spider-Man: Web of Shadows,Adventure,37,NULL,69.6667,8,75.1584,102
12860,Super Street Fighter II: The New Challengers,Arcade,8,NULL,NULL,NULL,80.9012,47
6840,R-Type,Shooter,11,NULL,NULL,NULL,75.5960,48
6840,R-Type,Arcade,11,NULL,NULL,NULL,75.5960,48
28384,Solomon's Key,Platform,2,NULL,NULL,NULL,71.8525,18
28384,Solomon's Key,Puzzle,2,NULL,NULL,NULL,71.8525,18
28384,Solomon's Key,Arcade,2,NULL,NULL,NULL,71.8525,18
4499,Dr. Robotnik's Mean Bean Machine,Puzzle,3,NULL,NULL,NULL,61.5499,40
4499,Dr. Robotnik's Mean Bean Machine,Strategy,3,NULL,NULL,NULL,61.5499,40
4499,Dr. Robotnik's Mean Bean Machine,Arcade,3,NULL,NULL,NULL,61.5499,40
2136,Bayonetta,Shooter,152,NULL,90.8667,20,82.2966,462
39306,Street Fighter II: The World Warrior,Arcade,3,NULL,NULL,NULL,81.2675,15
4610,City Connection,Platform,2,NULL,49.0000,1,60.0308,19
4610,City Connection,Puzzle,2,NULL,49.0000,1,60.0308,19
4610,City Connection,Adventure,2,NULL,49.0000,1,60.0308,19
112884,Sonic the Hedgehog 2,Platform,2,NULL,NULL,NULL,88.1365,24
112884,Sonic the Hedgehog 2,Adventure,2,NULL,NULL,NULL,88.1365,24
112884,Sonic the Hedgehog 2,Arcade,2,NULL,NULL,NULL,88.1365,24
1743,Mega Man X3,Shooter,20,NULL,NULL,NULL,77.5800,103
1743,Mega Man X3,Platform,20,NULL,NULL,NULL,77.5800,103
1743,Mega Man X3,Adventure,20,NULL,NULL,NULL,77.5800,103
1759,Mega Man Battle Network 4: Red Sun,Platform,1,NULL,NULL,NULL,68.7669,13
1759,Mega Man Battle Network 4: Red Sun,Role-playing (RPG),1,NULL,NULL,NULL,68.7669,13
1759,Mega Man Battle Network 4: Red Sun,Adventure,1,NULL,NULL,NULL,68.7669,13
1755,Mega Man Battle Network,Role-playing (RPG),8,NULL,NULL,NULL,82.2662,52
1755,Mega Man Battle Network,Adventure,8,NULL,NULL,NULL,82.2662,52
1760,Mega Man Battle Network 4: Blue Moon,Role-playing (RPG),3,NULL,68.0000,1,69.0838,14
2736,Dig Dug II: Trouble in Paradise,Puzzle,4,NULL,NULL,NULL,67.8312,18
2736,Dig Dug II: Trouble in Paradise,Strategy,4,NULL,NULL,NULL,67.8312,18
1761,Mega Man Battle Network 5: Team Protoman,Role-playing (RPG),NULL,NULL,NULL,NULL,77.6597,15
1764,Mega Man Battle Network 6: Cybeast Falzar,Role-playing (RPG),1,NULL,NULL,NULL,71.4080,13
1221,Kingdom Hearts II,Role-playing (RPG),183,NULL,90.0000,4,88.3529,604
1221,Kingdom Hearts II,Adventure,183,NULL,90.0000,4,88.3529,604
24017,The Bunker,Simulator,5,1,70.3636,14,59.2085,23
24017,The Bunker,Adventure,5,1,70.3636,14,59.2085,23
24017,The Bunker,Indie,5,1,70.3636,14,59.2085,23
36792,Pokémon Ultra Sun,Role-playing (RPG),77,36,84.1000,12,73.7945,74
36792,Pokémon Ultra Sun,Adventure,77,36,84.1000,12,73.7945,74
960,Max Payne 3,Shooter,269,1,89.3333,13,82.4391,873
18484,Clustertruck,Platform,14,1,74.1000,10,68.5147,66
18484,Clustertruck,Indie,14,1,74.1000,10,68.5147,66
55048,Another Lost Phone: Laura's Story,Puzzle,3,NULL,75.0000,1,72.3485,12
55048,Another Lost Phone: Laura's Story,Simulator,3,NULL,75.0000,1,72.3485,12
55048,Another Lost Phone: Laura's Story,Adventure,3,NULL,75.0000,1,72.3485,12
55048,Another Lost Phone: Laura's Story,Indie,3,NULL,75.0000,1,72.3485,12
12192,Pac-Mania,Arcade,2,NULL,NULL,NULL,52.9512,12
6875,Rastan,Platform,1,NULL,NULL,NULL,69.9938,12
6875,Rastan,Arcade,1,NULL,NULL,NULL,69.9938,12
99,Need for Speed: Carbon,Simulator,130,NULL,70.5000,4,72.3237,431
12190,Operation Wolf,Shooter,2,NULL,NULL,NULL,65.4676,23
12190,Operation Wolf,Arcade,2,NULL,NULL,NULL,65.4676,23
5613,Baldur's Gate II: Enhanced Edition,Role-playing (RPG),32,NULL,NULL,NULL,87.7617,48
5613,Baldur's Gate II: Enhanced Edition,Strategy,32,NULL,NULL,NULL,87.7617,48
5613,Baldur's Gate II: Enhanced Edition,Adventure,32,NULL,NULL,NULL,87.7617,48
3150,LEGO Harry Potter: Years 5-7,Platform,26,NULL,76.1429,7,74.5732,88
3150,LEGO Harry Potter: Years 5-7,Puzzle,26,NULL,76.1429,7,74.5732,88
3150,LEGO Harry Potter: Years 5-7,Adventure,26,NULL,76.1429,7,74.5732,88
6844,LEGO Star Wars III: The Clone Wars,Platform,24,NULL,70.0000,4,73.2496,87
6844,LEGO Star Wars III: The Clone Wars,Adventure,24,NULL,70.0000,4,73.2496,87
2437,Prince of Persia: The Two Thrones,Platform,120,NULL,80.0000,3,80.4821,365
2437,Prince of Persia: The Two Thrones,Adventure,120,NULL,80.0000,3,80.4821,365
76253,Devil May Cry 5,Adventure,83,41,90.3333,19,83.4711,365
19082,The Jackbox Party Pack 3,Puzzle,23,5,77.5000,6,82.3121,47
19082,The Jackbox Party Pack 3,Strategy,23,5,77.5000,6,82.3121,47
19082,The Jackbox Party Pack 3,Indie,23,5,77.5000,6,82.3121,47
1070,Super Mario World,Platform,544,NULL,100.0000,1,92.7314,1440
1070,Super Mario World,Adventure,544,NULL,100.0000,1,92.7314,1440
37066,Starlink: Battle for Atlas,Shooter,16,2,76.4000,11,70.3583,11
37066,Starlink: Battle for Atlas,Role-playing (RPG),16,2,76.4000,11,70.3583,11
37066,Starlink: Battle for Atlas,Simulator,16,2,76.4000,11,70.3583,11
37066,Starlink: Battle for Atlas,Strategy,16,2,76.4000,11,70.3583,11
37066,Starlink: Battle for Atlas,Adventure,16,2,76.4000,11,70.3583,11
37066,Starlink: Battle for Atlas,Arcade,16,2,76.4000,11,70.3583,11
28067,The Fall Part 2: Unbound,Puzzle,8,5,70.0000,6,70.1575,11
28067,The Fall Part 2: Unbound,Role-playing (RPG),8,5,70.0000,6,70.1575,11
28067,The Fall Part 2: Unbound,Adventure,8,5,70.0000,6,70.1575,11
28067,The Fall Part 2: Unbound,Indie,8,5,70.0000,6,70.1575,11
8067,Disney's TaleSpin,Shooter,2,NULL,NULL,NULL,77.1507,19
748,Hitman 2: Silent Assassin,Shooter,112,NULL,77.0000,2,81.2950,350
6067,Decap Attack,Platform,4,NULL,NULL,NULL,66.4277,15
787,Serious Sam II,Shooter,29,NULL,78.3333,5,70.4618,135
787,Serious Sam II,Indie,29,NULL,78.3333,5,70.4618,135
13181,Serious Sam HD: The Second Encounter,Shooter,24,NULL,76.7500,4,72.4474,53
13181,Serious Sam HD: The Second Encounter,Indie,24,NULL,76.7500,4,72.4474,53
12329,Fate/hollow ataraxia,Adventure,5,NULL,NULL,NULL,96.4694,14
26381,TheHunter: Call of the Wild,Shooter,22,2,73.6000,5,73.6485,43
26381,TheHunter: Call of the Wild,Simulator,22,2,73.6000,5,73.6485,43
26381,TheHunter: Call of the Wild,Sport,22,2,73.6000,5,73.6485,43
26381,TheHunter: Call of the Wild,Strategy,22,2,73.6000,5,73.6485,43
26381,TheHunter: Call of the Wild,Adventure,22,2,73.6000,5,73.6485,43
26855,Dead Cells,Platform,89,7,90.0833,17,83.6415,429
26855,Dead Cells,Adventure,89,7,90.0833,17,83.6415,429
26855,Dead Cells,Indie,89,7,90.0833,17,83.6415,429
1872,Descent,Shooter,22,NULL,75.0000,2,74.0202,56
1872,Descent,Simulator,22,NULL,75.0000,2,74.0202,56
1049,Hitman: Contracts,Shooter,70,NULL,70.0000,3,77.2914,242
13180,Serious Sam HD: The First Encounter,Shooter,15,NULL,74.0000,3,75.0003,61
13180,Serious Sam HD: The First Encounter,Indie,15,NULL,74.0000,3,75.0003,61
11753,Sheltered,Role-playing (RPG),17,NULL,60.0000,5,69.5187,29
11753,Sheltered,Simulator,17,NULL,60.0000,5,69.5187,29
11753,Sheltered,Strategy,17,NULL,60.0000,5,69.5187,29
11753,Sheltered,Indie,17,NULL,60.0000,5,69.5187,29
11157,Hitman,Shooter,176,23,78.5897,36,81.3541,442
11157,Hitman,Adventure,176,23,78.5897,36,81.3541,442
3071,Comix Zone,Puzzle,27,NULL,NULL,NULL,75.2400,102
3071,Comix Zone,Arcade,27,NULL,NULL,NULL,75.2400,102
5637,Costume Quest,Role-playing (RPG),14,1,80.0000,3,76.3181,75
5637,Costume Quest,Adventure,14,1,80.0000,3,76.3181,75
43178,Idle Champions of the Forgotten Realms,Strategy,6,1,NULL,NULL,43.6607,11
43178,Idle Champions of the Forgotten Realms,Adventure,6,1,NULL,NULL,43.6607,11
43178,Idle Champions of the Forgotten Realms,Indie,6,1,NULL,NULL,43.6607,11
134582,Ratchet & Clank: Rift Apart,Shooter,20,15,90.6667,18,87.6589,139
134582,Ratchet & Clank: Rift Apart,Platform,20,15,90.6667,18,87.6589,139
134582,Ratchet & Clank: Rift Apart,Adventure,20,15,90.6667,18,87.6589,139
11409,Submerged,Platform,9,NULL,57.2222,10,60.1508,32
11409,Submerged,Puzzle,9,NULL,57.2222,10,60.1508,32
11409,Submerged,Adventure,9,NULL,57.2222,10,60.1508,32
11409,Submerged,Indie,9,NULL,57.2222,10,60.1508,32
527,Serious Sam 3: BFE,Shooter,33,NULL,70.8333,7,70.1261,129
527,Serious Sam 3: BFE,Puzzle,33,NULL,70.8333,7,70.1261,129
527,Serious Sam 3: BFE,Indie,33,NULL,70.8333,7,70.1261,129
21767,The Count Lucanor,Role-playing (RPG),2,NULL,83.3333,3,77.2539,17
21767,The Count Lucanor,Adventure,2,NULL,83.3333,3,77.2539,17
21767,The Count Lucanor,Indie,2,NULL,83.3333,3,77.2539,17
1050,Hitman: Codename 47,Shooter,72,NULL,60.0000,2,75.4888,244
1050,Hitman: Codename 47,Adventure,72,NULL,60.0000,2,75.4888,244
1022,The Legend of Zelda,Adventure,212,NULL,NULL,NULL,81.2214,595
10718,Prehistorik 2,Platform,4,NULL,NULL,NULL,80.4461,26
10718,Prehistorik 2,Role-playing (RPG),4,NULL,NULL,NULL,80.4461,26
10718,Prehistorik 2,Adventure,4,NULL,NULL,NULL,80.4461,26
858,Serious Sam: The Second Encounter,Shooter,49,1,90.5000,2,79.7872,139
858,Serious Sam: The Second Encounter,Indie,49,1,90.5000,2,79.7872,139
6073,Hitman GO,Puzzle,26,NULL,74.8750,9,73.8556,82
6073,Hitman GO,Strategy,26,NULL,74.8750,9,73.8556,82
19488,Hitman: Sniper,Shooter,10,NULL,NULL,NULL,77.7054,23
19488,Hitman: Sniper,Strategy,10,NULL,NULL,NULL,77.7054,23
694,Fable: The Lost Chapters,Role-playing (RPG),61,NULL,84.3333,5,84.1529,161
694,Fable: The Lost Chapters,Adventure,61,NULL,84.3333,5,84.1529,161
21580,Hitman Go: Definitive Edition,Puzzle,3,NULL,77.6250,8,71.0342,14
21580,Hitman Go: Definitive Edition,Strategy,3,NULL,77.6250,8,71.0342,14
68461,Nioh: Complete Edition,Role-playing (RPG),34,1,82.8000,7,82.4963,37
5567,Hitman: Sniper Challenge,Shooter,9,1,81.6667,3,71.6750,31
1066,Super Mario Bros.: The Lost Levels,Platform,18,NULL,NULL,NULL,74.4784,108
1066,Super Mario Bros.: The Lost Levels,Adventure,18,NULL,NULL,NULL,74.4784,108
119061,Atelier Ryza: Ever Darkness & the Secret Hideout,Role-playing (RPG),2,3,77.2857,7,80.0027,14
119061,Atelier Ryza: Ever Darkness & the Secret Hideout,Adventure,2,3,77.2857,7,80.0027,14
12511,Battle Chasers: Nightwar,Role-playing (RPG),19,4,77.9091,13,78.8998,50
12511,Battle Chasers: Nightwar,Strategy,19,4,77.9091,13,78.8998,50
12511,Battle Chasers: Nightwar,Indie,19,4,77.9091,13,78.8998,50
103210,Hitman 2,Shooter,65,16,82.4286,17,82.3495,217
103210,Hitman 2,Adventure,65,16,82.4286,17,82.3495,217
134595,Hitman 3,Shooter,18,11,85.2500,18,86.7001,97
134595,Hitman 3,Adventure,18,11,85.2500,18,86.7001,97
69721,Monster Hunter,Role-playing (RPG),4,NULL,NULL,NULL,60.3920,12
69721,Monster Hunter,Strategy,4,NULL,NULL,NULL,60.3920,12
2269,Monster Hunter Freedom,Role-playing (RPG),5,NULL,NULL,NULL,69.8284,15
2269,Monster Hunter Freedom,Strategy,5,NULL,NULL,NULL,69.8284,15
18068,Dirge of Cerberus: Final Fantasy VII,Shooter,13,NULL,61.0000,3,64.5066,35
18068,Dirge of Cerberus: Final Fantasy VII,Role-playing (RPG),13,NULL,61.0000,3,64.5066,35
20427,Monster Hunter Freedom Unite,Role-playing (RPG),11,NULL,80.0000,6,80.2377,25
23066,Monster Hunter Freedom 2,Role-playing (RPG),5,NULL,71.6667,3,76.8917,11
23066,Monster Hunter Freedom 2,Strategy,5,NULL,71.6667,3,76.8917,11
2268,Monster Hunter Tri,Role-playing (RPG),10,NULL,82.5000,6,79.7295,35
2271,Monster Hunter 3 Ultimate,Role-playing (RPG),18,NULL,80.9091,13,83.6850,41
2271,Monster Hunter 3 Ultimate,Adventure,18,NULL,80.9091,13,83.6850,41
42759,Monster Hunter Portable 3rd,Role-playing (RPG),2,NULL,NULL,NULL,80.3137,14
165067,Call of Duty: Vanguard,Shooter,67,1,74.7500,12,62.6087,43
6440,Monster Hunter 4 Ultimate,Role-playing (RPG),17,1,87.6429,16,90.9916,41
6440,Monster Hunter 4 Ultimate,Adventure,17,1,87.6429,16,90.9916,41
138951,Monster Hunter Stories 2: Wings of Ruin,Role-playing (RPG),2,1,85.4000,12,78.0626,15
138951,Monster Hunter Stories 2: Wings of Ruin,Adventure,2,1,85.4000,12,78.0626,15
18181,Monster Hunter Generations,Role-playing (RPG),16,NULL,86.7895,20,79.6854,25
18181,Monster Hunter Generations,Adventure,16,NULL,86.7895,20,79.6854,25
5840,Full Spectrum Warrior,Shooter,11,NULL,81.3333,6,76.7947,11
5840,Full Spectrum Warrior,Simulator,11,NULL,81.3333,6,76.7947,11
5840,Full Spectrum Warrior,Strategy,11,NULL,81.3333,6,76.7947,11
5652,Age of Wonders III,Role-playing (RPG),23,2,79.6000,5,61.1054,43
5652,Age of Wonders III,Strategy,23,2,79.6000,5,61.1054,43
2853,Braid,Platform,192,NULL,86.6667,4,85.3349,520
2853,Braid,Puzzle,192,NULL,86.6667,4,85.3349,520
2853,Braid,Strategy,192,NULL,86.6667,4,85.3349,520
2853,Braid,Adventure,192,NULL,86.6667,4,85.3349,520
2853,Braid,Indie,192,NULL,86.6667,4,85.3349,520
851,Robin Hood: The Legend of Sherwood,Strategy,21,NULL,80.0000,1,86.0727,49
15931,Punch Club,Role-playing (RPG),20,NULL,68.2000,6,76.2849,68
15931,Punch Club,Simulator,20,NULL,68.2000,6,76.2849,68
15931,Punch Club,Sport,20,NULL,68.2000,6,76.2849,68
15931,Punch Club,Strategy,20,NULL,68.2000,6,76.2849,68
15931,Punch Club,Indie,20,NULL,68.2000,6,76.2849,68
3152,Don't Starve,Simulator,105,1,78.5714,8,76.0407,305
3152,Don't Starve,Adventure,105,1,78.5714,8,76.0407,305
3152,Don't Starve,Indie,105,1,78.5714,8,76.0407,305
44516,West of Loathing,Role-playing (RPG),6,NULL,82.0000,6,82.7270,31
44516,West of Loathing,Adventure,6,NULL,82.0000,6,82.7270,31
44516,West of Loathing,Indie,6,NULL,82.0000,6,82.7270,31
7578,"I Have No Mouth, and I Must Scream",Puzzle,23,NULL,NULL,NULL,80.1503,56
7578,"I Have No Mouth, and I Must Scream",Adventure,23,NULL,NULL,NULL,80.1503,56
7893,Legacy of Kain: Soul Reaver 2,Adventure,25,NULL,95.0000,2,83.9352,82
4164,Sphinx and the Cursed Mummy,Platform,2,NULL,70.5000,3,79.8787,12
4164,Sphinx and the Cursed Mummy,Puzzle,2,NULL,70.5000,3,79.8787,12
4164,Sphinx and the Cursed Mummy,Role-playing (RPG),2,NULL,70.5000,3,79.8787,12
4164,Sphinx and the Cursed Mummy,Adventure,2,NULL,70.5000,3,79.8787,12
67,Master of Orion,Strategy,11,NULL,84.3333,2,87.7686,42
24051,Dear Esther: Landmark Edition,Adventure,18,NULL,64.4545,11,72.4163,64
24051,Dear Esther: Landmark Edition,Indie,18,NULL,64.4545,11,72.4163,64
947,Worms 2,Shooter,22,NULL,NULL,NULL,81.6817,69
947,Worms 2,Platform,22,NULL,NULL,NULL,81.6817,69
947,Worms 2,Strategy,22,NULL,NULL,NULL,81.6817,69
207,The Dig,Puzzle,41,NULL,45.0000,1,85.1780,85
207,The Dig,Adventure,41,NULL,45.0000,1,85.1780,85
15276,Retro City Rampage DX,Shooter,5,NULL,90.0000,1,69.5039,13
15276,Retro City Rampage DX,Adventure,5,NULL,90.0000,1,69.5039,13
15276,Retro City Rampage DX,Indie,5,NULL,90.0000,1,69.5039,13
15276,Retro City Rampage DX,Arcade,5,NULL,90.0000,1,69.5039,13
222,Phantasmagoria 2: A Puzzle of Flesh,Puzzle,6,NULL,NULL,NULL,84.9487,26
222,Phantasmagoria 2: A Puzzle of Flesh,Adventure,6,NULL,NULL,NULL,84.9487,26
6057,Shadow Warrior,Shooter,66,NULL,70.6250,9,77.6940,168
6057,Shadow Warrior,Puzzle,66,NULL,70.6250,9,77.6940,168
6057,Shadow Warrior,Adventure,66,NULL,70.6250,9,77.6940,168
18645,Hand of Fate 2,Role-playing (RPG),18,7,76.0909,13,70.0527,24
18645,Hand of Fate 2,Adventure,18,7,76.0909,13,70.0527,24
18645,Hand of Fate 2,Indie,18,7,76.0909,13,70.0527,24
6812,Sherlock Holmes: The Silver Earring,Puzzle,3,NULL,NULL,NULL,71.2566,23
6812,Sherlock Holmes: The Silver Earring,Adventure,3,NULL,NULL,NULL,71.2566,23
25081,Darksiders: Warmastered Edition,Role-playing (RPG),32,NULL,81.0000,12,78.3465,82
25081,Darksiders: Warmastered Edition,Adventure,32,NULL,81.0000,12,78.3465,82
9691,Tzar: The Burden of the Crown,Strategy,8,NULL,60.0000,1,88.8189,21
8456,Legend of Grimrock 2,Puzzle,20,NULL,87.5000,3,84.8736,47
8456,Legend of Grimrock 2,Role-playing (RPG),20,NULL,87.5000,3,84.8736,47
8456,Legend of Grimrock 2,Adventure,20,NULL,87.5000,3,84.8736,47
8456,Legend of Grimrock 2,Indie,20,NULL,87.5000,3,84.8736,47
3232,Back to the Future: The Game,Puzzle,30,NULL,68.0000,5,69.1657,94
3232,Back to the Future: The Game,Adventure,30,NULL,68.0000,5,69.1657,94
336,Crysis Warhead,Shooter,59,NULL,76.6667,5,74.9270,198
336,Crysis Warhead,Adventure,59,NULL,76.6667,5,74.9270,198
24775,The Elder Scrolls III: Morrowind - Game of the Year Edition,Role-playing (RPG),7,NULL,NULL,NULL,76.6402,35
24775,The Elder Scrolls III: Morrowind - Game of the Year Edition,Adventure,7,NULL,NULL,NULL,76.6402,35
7667,The Raven: Legacy of a Master Thief,Adventure,3,NULL,68.8000,6,50.4752,15
55106,Reigns: Her Majesty,Role-playing (RPG),4,1,83.0000,5,68.9440,15
55106,Reigns: Her Majesty,Simulator,4,1,83.0000,5,68.9440,15
55106,Reigns: Her Majesty,Strategy,4,1,83.0000,5,68.9440,15
55106,Reigns: Her Majesty,Adventure,4,1,83.0000,5,68.9440,15
55106,Reigns: Her Majesty,Indie,4,1,83.0000,5,68.9440,15
8796,Tales of Maj'Eyal,Role-playing (RPG),5,NULL,NULL,NULL,77.6484,18
8796,Tales of Maj'Eyal,Adventure,5,NULL,NULL,NULL,77.6484,18
8796,Tales of Maj'Eyal,Indie,5,NULL,NULL,NULL,77.6484,18
11203,Galak-Z: The Dimensional,Shooter,5,NULL,81.5000,12,79.6343,12
11203,Galak-Z: The Dimensional,Simulator,5,NULL,81.5000,12,79.6343,12
11203,Galak-Z: The Dimensional,Strategy,5,NULL,81.5000,12,79.6343,12
11203,Galak-Z: The Dimensional,Indie,5,NULL,81.5000,12,79.6343,12
11203,Galak-Z: The Dimensional,Arcade,5,NULL,81.5000,12,79.6343,12
916,Toonstruck,Adventure,15,NULL,NULL,NULL,90.6666,31
5892,The Swapper,Platform,66,NULL,88.0000,10,79.1589,154
5892,The Swapper,Puzzle,66,NULL,88.0000,10,79.1589,154
5892,The Swapper,Strategy,66,NULL,88.0000,10,79.1589,154
5892,The Swapper,Adventure,66,NULL,88.0000,10,79.1589,154
5892,The Swapper,Indie,66,NULL,88.0000,10,79.1589,154
9868,Hyperdimension Neptunia Re;Birth2: Sisters Generation,Role-playing (RPG),7,NULL,71.2500,5,69.8704,11
9868,Hyperdimension Neptunia Re;Birth2: Sisters Generation,Strategy,7,NULL,71.2500,5,69.8704,11
9174,Little Nightmares,Platform,174,8,77.7222,21,81.2215,440
9174,Little Nightmares,Puzzle,174,8,77.7222,21,81.2215,440
9174,Little Nightmares,Adventure,174,8,77.7222,21,81.2215,440
5778,Lucius,Puzzle,6,NULL,45.0000,1,58.3522,51
5778,Lucius,Adventure,6,NULL,45.0000,1,58.3522,51
5778,Lucius,Indie,6,NULL,45.0000,1,58.3522,51
19394,Blackwood Crossing,Adventure,5,NULL,78.0000,8,88.7923,24
19394,Blackwood Crossing,Indie,5,NULL,78.0000,8,88.7923,24
15736,Edna & Harvey: The Breakout,Adventure,11,NULL,75.0000,2,80.1973,30
15736,Edna & Harvey: The Breakout,Indie,11,NULL,75.0000,2,80.1973,30
9245,Deadly Premonition: Director's Cut,Shooter,13,NULL,74.1667,8,59.3999,25
9245,Deadly Premonition: Director's Cut,Adventure,13,NULL,74.1667,8,59.3999,25
2130,Dust: An Elysian Tail,Platform,39,NULL,82.0000,10,77.0942,139
2130,Dust: An Elysian Tail,Role-playing (RPG),39,NULL,82.0000,10,77.0942,139
2130,Dust: An Elysian Tail,Adventure,39,NULL,82.0000,10,77.0942,139
2130,Dust: An Elysian Tail,Indie,39,NULL,82.0000,10,77.0942,139
1001,Oddworld: Munch's Oddysee,Platform,8,NULL,55.2500,4,69.4140,25
1001,Oddworld: Munch's Oddysee,Puzzle,8,NULL,55.2500,4,69.4140,25
1001,Oddworld: Munch's Oddysee,Strategy,8,NULL,55.2500,4,69.4140,25
1001,Oddworld: Munch's Oddysee,Adventure,8,NULL,55.2500,4,69.4140,25
5049,King's Bounty: Warriors of the North,Role-playing (RPG),4,NULL,NULL,NULL,67.5372,20
5049,King's Bounty: Warriors of the North,Strategy,4,NULL,NULL,NULL,67.5372,20
5049,King's Bounty: Warriors of the North,Adventure,4,NULL,NULL,NULL,67.5372,20
8904,Westerado: Double Barreled,Role-playing (RPG),12,1,78.0000,5,76.7780,22
8904,Westerado: Double Barreled,Adventure,12,1,78.0000,5,76.7780,22
8904,Westerado: Double Barreled,Indie,12,1,78.0000,5,76.7780,22
27910,Everything,Role-playing (RPG),22,1,72.0000,10,71.7931,52
27910,Everything,Simulator,22,1,72.0000,10,71.7931,52
27910,Everything,Adventure,22,1,72.0000,10,71.7931,52
27910,Everything,Indie,22,1,72.0000,10,71.7931,52
6701,Edna & Harvey: Harvey's New Eyes,Puzzle,14,NULL,63.3333,3,86.8882,35
6701,Edna & Harvey: Harvey's New Eyes,Adventure,14,NULL,63.3333,3,86.8882,35
6701,Edna & Harvey: Harvey's New Eyes,Indie,14,NULL,63.3333,3,86.8882,35
2030,TimeShift,Shooter,23,NULL,75.4000,6,71.0087,72
2030,TimeShift,Puzzle,23,NULL,75.4000,6,71.0087,72
11590,The Surge,Role-playing (RPG),46,11,72.0909,12,70.4679,83
11590,The Surge,Adventure,46,11,72.0909,12,70.4679,83
24396,Big Pharma,Puzzle,4,NULL,87.5000,2,43.8687,11
24396,Big Pharma,Simulator,4,NULL,87.5000,2,43.8687,11
24396,Big Pharma,Strategy,4,NULL,87.5000,2,43.8687,11
24396,Big Pharma,Indie,4,NULL,87.5000,2,43.8687,11
151,Star Wars: Rebellion,Strategy,3,NULL,NULL,NULL,70.0548,14
169,Star Wars: X-Wing Alliance,Shooter,9,NULL,84.0000,1,88.1117,31
169,Star Wars: X-Wing Alliance,Simulator,9,NULL,84.0000,1,88.1117,31
9722,Long Live the Queen,Role-playing (RPG),11,NULL,70.0000,1,66.4840,34
9722,Long Live the Queen,Simulator,11,NULL,70.0000,1,66.4840,34
9722,Long Live the Queen,Strategy,11,NULL,70.0000,1,66.4840,34
9722,Long Live the Queen,Adventure,11,NULL,70.0000,1,66.4840,34
9722,Long Live the Queen,Indie,11,NULL,70.0000,1,66.4840,34
36,Dungeon Keeper 2,Strategy,52,NULL,NULL,NULL,87.1305,124
12520,Lovers in a Dangerous Spacetime,Shooter,23,NULL,83.3571,16,72.7060,57
12520,Lovers in a Dangerous Spacetime,Simulator,23,NULL,83.3571,16,72.7060,57
12520,Lovers in a Dangerous Spacetime,Adventure,23,NULL,83.3571,16,72.7060,57
12520,Lovers in a Dangerous Spacetime,Indie,23,NULL,83.3571,16,72.7060,57
12520,Lovers in a Dangerous Spacetime,Arcade,23,NULL,83.3571,16,72.7060,57
10148,Night in the Woods,Platform,98,5,88.3333,16,82.1526,240
10148,Night in the Woods,Adventure,98,5,88.3333,16,82.1526,240
10148,Night in the Woods,Indie,98,5,88.3333,16,82.1526,240
122563,Arise: A Simple Story,Platform,2,NULL,85.6667,6,82.5823,23
122563,Arise: A Simple Story,Puzzle,2,NULL,85.6667,6,82.5823,23
122563,Arise: A Simple Story,Adventure,2,NULL,85.6667,6,82.5823,23
122563,Arise: A Simple Story,Indie,2,NULL,85.6667,6,82.5823,23
21604,Old Man's Journey,Puzzle,16,2,NULL,NULL,67.2861,68
21604,Old Man's Journey,Adventure,16,2,NULL,NULL,67.2861,68
21604,Old Man's Journey,Indie,16,2,NULL,NULL,67.2861,68
104522,My Brother Rabbit,Puzzle,2,1,0.0000,1,74.1121,11
104522,My Brother Rabbit,Adventure,2,1,0.0000,1,74.1121,11
104522,My Brother Rabbit,Indie,2,1,0.0000,1,74.1121,11
28952,Timespinner,Platform,7,1,80.0000,3,77.4649,36
28952,Timespinner,Role-playing (RPG),7,1,80.0000,3,77.4649,36
28952,Timespinner,Adventure,7,1,80.0000,3,77.4649,36
28952,Timespinner,Indie,7,1,80.0000,3,77.4649,36
19319,Curious Expedition,Role-playing (RPG),6,NULL,75.7500,5,78.0061,19
19319,Curious Expedition,Simulator,6,NULL,75.7500,5,78.0061,19
19319,Curious Expedition,Strategy,6,NULL,75.7500,5,78.0061,19
19319,Curious Expedition,Adventure,6,NULL,75.7500,5,78.0061,19
19319,Curious Expedition,Indie,6,NULL,75.7500,5,78.0061,19
55190,Pikuniku,Platform,9,1,74.8000,6,66.0791,73
55190,Pikuniku,Puzzle,9,1,74.8000,6,66.0791,73
55190,Pikuniku,Adventure,9,1,74.8000,6,66.0791,73
55190,Pikuniku,Indie,9,1,74.8000,6,66.0791,73
127816,Paradise Killer,Puzzle,2,NULL,79.1111,11,87.4550,30
127816,Paradise Killer,Role-playing (RPG),2,NULL,79.1111,11,87.4550,30
127816,Paradise Killer,Adventure,2,NULL,79.1111,11,87.4550,30
127816,Paradise Killer,Indie,2,NULL,79.1111,11,87.4550,30
20125,Replica,Puzzle,4,NULL,75.0000,3,70.8744,12
20125,Replica,Adventure,4,NULL,75.0000,3,70.8744,12
20125,Replica,Indie,4,NULL,75.0000,3,70.8744,12
129097,Norco,Puzzle,1,2,92.0000,3,75.9534,23
129097,Norco,Adventure,1,2,92.0000,3,75.9534,23
129097,Norco,Indie,1,2,92.0000,3,75.9534,23
64957,Mutazione,Role-playing (RPG),6,2,90.0000,1,63.9303,20
64957,Mutazione,Adventure,6,2,90.0000,1,63.9303,20
64957,Mutazione,Indie,6,2,90.0000,1,63.9303,20
23275,Streets of Rogue,Shooter,14,6,84.0000,3,51.6345,29
23275,Streets of Rogue,Role-playing (RPG),14,6,84.0000,3,51.6345,29
23275,Streets of Rogue,Adventure,14,6,84.0000,3,51.6345,29
23275,Streets of Rogue,Indie,14,6,84.0000,3,51.6345,29
74878,Hitman: Game of the Year Edition,Shooter,6,NULL,NULL,NULL,96.8218,29
74878,Hitman: Game of the Year Edition,Adventure,6,NULL,NULL,NULL,96.8218,29
2240,Pikmin 2,Adventure,25,NULL,87.0000,2,88.3489,84
2239,Pikmin,Adventure,40,NULL,80.0000,1,82.3866,131
23891,Daymare: 1998,Adventure,5,2,55.0000,3,71.6990,14
23891,Daymare: 1998,Indie,5,2,55.0000,3,71.6990,14
59843,Pikmin 4,Strategy,2,8,87.5000,6,89.8861,14
59843,Pikmin 4,Adventure,2,8,87.5000,6,89.8861,14
2241,Pikmin 3,Adventure,25,NULL,86.2222,12,79.4389,67
136498,Pikmin 3 Deluxe,Adventure,2,1,86.0909,13,80.2537,17
121763,Syberia: The World Before,Puzzle,2,3,82.7500,4,78.3295,15
121763,Syberia: The World Before,Adventure,2,3,82.7500,4,78.3295,15
46,Overlord II,Role-playing (RPG),18,NULL,78.7500,6,77.5914,54
46,Overlord II,Strategy,18,NULL,78.7500,6,77.5914,54
46,Overlord II,Adventure,18,NULL,78.7500,6,77.5914,54
28124,Hey! Pikmin,Platform,3,NULL,66.5833,13,67.7437,5
28124,Hey! Pikmin,Puzzle,3,NULL,66.5833,13,67.7437,5
28124,Hey! Pikmin,Adventure,3,NULL,66.5833,13,67.7437,5
102057,Age of Wonders: Planetfall,Simulator,5,9,83.7500,9,72.1152,22
102057,Age of Wonders: Planetfall,Strategy,5,9,83.7500,9,72.1152,22
115036,Ring of Pain,Role-playing (RPG),NULL,NULL,NULL,NULL,52.6869,12
115036,Ring of Pain,Strategy,NULL,NULL,NULL,NULL,52.6869,12
115036,Ring of Pain,Adventure,NULL,NULL,NULL,NULL,52.6869,12
115036,Ring of Pain,Indie,NULL,NULL,NULL,NULL,52.6869,12
619,Brothers in Arms: Road to Hill 30,Shooter,14,NULL,91.5000,7,72.0535,68
619,Brothers in Arms: Road to Hill 30,Simulator,14,NULL,91.5000,7,72.0535,68
619,Brothers in Arms: Road to Hill 30,Strategy,14,NULL,91.5000,7,72.0535,68
132051,Windbound,Role-playing (RPG),11,6,57.6000,5,40.0448,13
132051,Windbound,Adventure,11,6,57.6000,5,40.0448,13
132051,Windbound,Indie,11,6,57.6000,5,40.0448,13
13178,Divinity II: The Dragon Knight Saga,Role-playing (RPG),6,NULL,80.0000,1,89.1796,11
13178,Divinity II: The Dragon Knight Saga,Adventure,6,NULL,80.0000,1,89.1796,11
24426,Forgotton Anne,Platform,24,8,80.0000,8,72.7118,43
24426,Forgotton Anne,Puzzle,24,8,80.0000,8,72.7118,43
24426,Forgotton Anne,Role-playing (RPG),24,8,80.0000,8,72.7118,43
24426,Forgotton Anne,Adventure,24,8,80.0000,8,72.7118,43
24426,Forgotton Anne,Indie,24,8,80.0000,8,72.7118,43
27509,Heaven's Vault,Puzzle,2,1,81.8571,9,69.8890,18
27509,Heaven's Vault,Adventure,2,1,81.8571,9,69.8890,18
27509,Heaven's Vault,Indie,2,1,81.8571,9,69.8890,18
79999,Lamplight City,Puzzle,3,2,80.0000,5,80.6960,11
79999,Lamplight City,Adventure,3,2,80.0000,5,80.6960,11
79999,Lamplight City,Indie,3,2,80.0000,5,80.6960,11
27862,Batman: Arkham Asylum - Game of the Year Edition,Adventure,14,NULL,NULL,NULL,86.1798,120
110807,Observation,Puzzle,20,7,82.0000,14,76.6389,64
110807,Observation,Simulator,20,7,82.0000,14,76.6389,64
110807,Observation,Adventure,20,7,82.0000,14,76.6389,64
110807,Observation,Indie,20,7,82.0000,14,76.6389,64
7789,The Binding of Isaac: Rebirth,Shooter,142,2,95.0000,2,87.2652,436
7789,The Binding of Isaac: Rebirth,Puzzle,142,2,95.0000,2,87.2652,436
7789,The Binding of Isaac: Rebirth,Role-playing (RPG),142,2,95.0000,2,87.2652,436
7789,The Binding of Isaac: Rebirth,Adventure,142,2,95.0000,2,87.2652,436
7789,The Binding of Isaac: Rebirth,Indie,142,2,95.0000,2,87.2652,436
7789,The Binding of Isaac: Rebirth,Arcade,142,2,95.0000,2,87.2652,436
200611,Dome Keeper,Indie,1,2,80.0000,2,77.5353,18
200611,Dome Keeper,Arcade,1,2,80.0000,2,77.5353,18
8603,Advanced Dungeons & Dragons: Heroes of the Lance,Role-playing (RPG),1,NULL,NULL,NULL,30.8982,12
8603,Advanced Dungeons & Dragons: Heroes of the Lance,Adventure,1,NULL,NULL,NULL,30.8982,12
14605,Haunting Ground,Adventure,9,1,70.0000,2,75.9932,38
135478,Hrot,Shooter,2,NULL,87.0000,1,99.5562,15
135478,Hrot,Indie,2,NULL,87.0000,1,99.5562,15
140556,South of the Circle,Adventure,2,NULL,90.0000,4,79.7654,12
103016,Yakuza 4 Remastered,Role-playing (RPG),1,NULL,NULL,NULL,79.4813,30
103016,Yakuza 4 Remastered,Simulator,1,NULL,NULL,NULL,79.4813,30
103016,Yakuza 4 Remastered,Sport,1,NULL,NULL,NULL,79.4813,30
103016,Yakuza 4 Remastered,Adventure,1,NULL,NULL,NULL,79.4813,30
11597,Poly Bridge,Puzzle,11,NULL,75.0000,2,71.4612,39
11597,Poly Bridge,Simulator,11,NULL,75.0000,2,71.4612,39
11597,Poly Bridge,Indie,11,NULL,75.0000,2,71.4612,39
94085,Battlefield 1: Revolution,Shooter,2,NULL,NULL,NULL,79.4247,20
119234,Zombie Army 4: Dead War,Shooter,3,4,72.7778,11,64.6007,19
119234,Zombie Army 4: Dead War,Arcade,3,4,72.7778,11,64.6007,19
1216,Dead Space 3,Shooter,98,NULL,73.6667,16,72.8169,311
1216,Dead Space 3,Puzzle,98,NULL,73.6667,16,72.8169,311
1216,Dead Space 3,Adventure,98,NULL,73.6667,16,72.8169,311
11198,Rocket League,Sport,295,2,88.7059,20,82.4496,875
11198,Rocket League,Indie,295,2,88.7059,20,82.4496,875
122235,Rogue Company,Shooter,21,1,85.0000,1,57.5434,38
122235,Rogue Company,Strategy,21,1,85.0000,1,57.5434,38
979,Call of Duty: Modern Warfare 3,Shooter,185,NULL,89.4545,12,73.4626,891
979,Call of Duty: Modern Warfare 3,Adventure,185,NULL,89.4545,12,73.4626,891
26179,Full Throttle Remastered,Adventure,16,1,77.7000,12,81.4067,66
9254,Subnautica,Adventure,113,4,83.9091,14,84.2480,368
9254,Subnautica,Indie,113,4,83.9091,14,84.2480,368
212,Brütal Legend,Simulator,51,NULL,80.3333,9,73.1741,195
212,Brütal Legend,Strategy,51,NULL,80.3333,9,73.1741,195
212,Brütal Legend,Adventure,51,NULL,80.3333,9,73.1741,195
10184,Defense Grid 2,Simulator,10,NULL,78.8000,5,87.1017,19
10184,Defense Grid 2,Strategy,10,NULL,78.8000,5,87.1017,19
10184,Defense Grid 2,Indie,10,NULL,78.8000,5,87.1017,19
134560,Metal: Hellsinger,Shooter,11,8,86.1667,7,78.9040,47
134560,Metal: Hellsinger,Adventure,11,8,86.1667,7,78.9040,47
118218,Tom Clancy's Ghost Recon: Breakpoint,Shooter,54,10,53.3846,15,61.2659,59
118218,Tom Clancy's Ghost Recon: Breakpoint,Adventure,54,10,53.3846,15,61.2659,59
6005,Kingdom Rush,Strategy,19,NULL,75.0000,1,74.1217,72
6005,Kingdom Rush,Indie,19,NULL,75.0000,1,74.1217,72
141338,Red Dead Online,Shooter,3,NULL,NULL,NULL,74.1508,14
141338,Red Dead Online,Simulator,3,NULL,NULL,NULL,74.1508,14
141338,Red Dead Online,Adventure,3,NULL,NULL,NULL,74.1508,14
26848,Shovel Knight: Treasure Trove,Platform,51,1,90.0000,1,85.3884,103
26848,Shovel Knight: Treasure Trove,Adventure,51,1,90.0000,1,85.3884,103
26848,Shovel Knight: Treasure Trove,Indie,51,1,90.0000,1,85.3884,103
1318,XCOM: Enemy Unknown,Role-playing (RPG),194,NULL,88.5000,14,83.0049,459
1318,XCOM: Enemy Unknown,Simulator,194,NULL,88.5000,14,83.0049,459
1318,XCOM: Enemy Unknown,Strategy,194,NULL,88.5000,14,83.0049,459
1466,Perfect Dark,Shooter,11,NULL,70.0000,1,84.0871,25
7685,LEGO Batman 3: Beyond Gotham,Platform,25,NULL,75.5833,13,71.7226,57
7685,LEGO Batman 3: Beyond Gotham,Puzzle,25,NULL,75.5833,13,71.7226,57
7685,LEGO Batman 3: Beyond Gotham,Adventure,25,NULL,75.5833,13,71.7226,57
6159,Star Wars: Episode III - Revenge of the Sith,Adventure,14,NULL,64.3333,4,65.0782,61
6913,Binary Domain,Shooter,34,NULL,72.3333,7,78.0546,88
6913,Binary Domain,Puzzle,34,NULL,72.3333,7,78.0546,88
352,Battlefield: Bad Company 2,Shooter,174,NULL,89.5000,7,80.7145,541
352,Battlefield: Bad Company 2,Simulator,174,NULL,89.5000,7,80.7145,541
352,Battlefield: Bad Company 2,Strategy,174,NULL,89.5000,7,80.7145,541
352,Battlefield: Bad Company 2,Adventure,174,NULL,89.5000,7,80.7145,541
23954,Assassin's Creed: The Ezio Collection,Puzzle,28,NULL,69.7500,9,89.3137,40
23954,Assassin's Creed: The Ezio Collection,Adventure,28,NULL,69.7500,9,89.3137,40
115278,Rune Factory 4 Special,Role-playing (RPG),36,1,86.6667,4,87.8289,11
115278,Rune Factory 4 Special,Simulator,36,1,86.6667,4,87.8289,11
21600,Silent Hill HD Collection,Adventure,7,NULL,59.5000,4,60.0756,16
25580,Forager,Puzzle,8,5,70.5000,4,74.9069,57
25580,Forager,Role-playing (RPG),8,5,70.5000,4,74.9069,57
25580,Forager,Simulator,8,5,70.5000,4,74.9069,57
25580,Forager,Strategy,8,5,70.5000,4,74.9069,57
25580,Forager,Adventure,8,5,70.5000,4,74.9069,57
25580,Forager,Indie,8,5,70.5000,4,74.9069,57
3730,Pajama Sam In: No Need to Hide When It's Dark Outside,Puzzle,5,NULL,NULL,NULL,84.1015,20
3730,Pajama Sam In: No Need to Hide When It's Dark Outside,Adventure,5,NULL,NULL,NULL,84.1015,20
51525,Batman: The Enemy Within,Adventure,44,2,76.3235,3,77.2444,124
16515,Pac-Man: Championship Edition DX+,Puzzle,5,NULL,NULL,NULL,82.1188,23
16515,Pac-Man: Championship Edition DX+,Arcade,5,NULL,NULL,NULL,82.1188,23
13187,"Guns, Gore & Cannoli",Shooter,14,NULL,63.3333,3,81.8860,36
13187,"Guns, Gore & Cannoli",Platform,14,NULL,63.3333,3,81.8860,36
13187,"Guns, Gore & Cannoli",Indie,14,NULL,63.3333,3,81.8860,36
13187,"Guns, Gore & Cannoli",Arcade,14,NULL,63.3333,3,81.8860,36
538,BioShock Infinite,Shooter,660,NULL,93.2143,16,86.0365,2165
538,BioShock Infinite,Adventure,660,NULL,93.2143,16,86.0365,2165
17207,Pit People,Role-playing (RPG),18,4,76.8333,7,54.3244,15
17207,Pit People,Simulator,18,4,76.8333,7,54.3244,15
17207,Pit People,Strategy,18,4,76.8333,7,54.3244,15
17207,Pit People,Adventure,18,4,76.8333,7,54.3244,15
17207,Pit People,Indie,18,4,76.8333,7,54.3244,15
25773,Middle-earth: Shadow of Mordor - Game of the Year Edition,Role-playing (RPG),9,NULL,NULL,NULL,77.2764,23
25773,Middle-earth: Shadow of Mordor - Game of the Year Edition,Adventure,9,NULL,NULL,NULL,77.2764,23
471,Crysis 2,Shooter,153,NULL,86.5000,12,77.3788,499
471,Crysis 2,Adventure,153,NULL,86.5000,12,77.3788,499
138765,Scott Pilgrim vs. the World: The Game - Complete Edition,Adventure,5,2,78.5714,10,75.9117,15
115851,F.I.S.T.: Forged In Shadow Torch,Platform,2,3,86.8333,7,61.3742,18
115851,F.I.S.T.: Forged In Shadow Torch,Adventure,2,3,86.8333,7,61.3742,18
9728,Trove,Platform,8,2,62.0000,4,59.0372,46
9728,Trove,Role-playing (RPG),8,2,62.0000,4,59.0372,46
9728,Trove,Adventure,8,2,62.0000,4,59.0372,46
9072,The Last Door,Adventure,7,NULL,75.0000,1,84.3779,26
9072,The Last Door,Indie,7,NULL,75.0000,1,84.3779,26
15072,Landstalker: The Treasures of King Nole,Role-playing (RPG),1,NULL,NULL,NULL,89.7279,16
152358,WarioWare: Get It Together!,Arcade,NULL,1,80.8333,9,77.6079,16
18397,Event[0],Puzzle,20,4,75.1250,10,67.5776,28
18397,Event[0],Adventure,20,4,75.1250,10,67.5776,28
18397,Event[0],Indie,20,4,75.1250,10,67.5776,28
114795,Apex Legends,Shooter,74,NULL,88.0000,15,76.9986,416
139090,Inscryption,Puzzle,12,1,82.2500,5,87.5598,155
139090,Inscryption,Strategy,12,1,82.2500,5,87.5598,155
139090,Inscryption,Adventure,12,1,82.2500,5,87.5598,155
139090,Inscryption,Indie,12,1,82.2500,5,87.5598,155
11642,Geometry Dash,Platform,25,NULL,NULL,NULL,76.7731,96
11642,Geometry Dash,Adventure,25,NULL,NULL,NULL,76.7731,96
11642,Geometry Dash,Indie,25,NULL,NULL,NULL,76.7731,96
11642,Geometry Dash,Arcade,25,NULL,NULL,NULL,76.7731,96
578,"Warhammer 40,000: Space Marine",Shooter,39,NULL,78.0000,9,75.7316,115
578,"Warhammer 40,000: Space Marine",Role-playing (RPG),39,NULL,78.0000,9,75.7316,115
2903,Warframe,Shooter,97,NULL,73.4545,13,75.6185,301
2903,Warframe,Role-playing (RPG),97,NULL,73.4545,13,75.6185,301
2903,Warframe,Adventure,97,NULL,73.4545,13,75.6185,301
2058,Payday 2,Shooter,98,NULL,74.7647,19,73.3734,362
2058,Payday 2,Role-playing (RPG),98,NULL,74.7647,19,73.3734,362
16611,Scrap Mechanic,Simulator,35,NULL,NULL,NULL,60.8374,18
16611,Scrap Mechanic,Adventure,35,NULL,NULL,NULL,60.8374,18
16611,Scrap Mechanic,Indie,35,NULL,NULL,NULL,60.8374,18
74701,Star Wars Jedi: Fallen Order,Adventure,153,64,82.8462,18,81.1684,660
138,LEGO Indiana Jones 2: The Adventure Continues,Platform,19,NULL,75.0000,5,65.9503,61
138,LEGO Indiana Jones 2: The Adventure Continues,Puzzle,19,NULL,75.0000,5,65.9503,61
138,LEGO Indiana Jones 2: The Adventure Continues,Adventure,19,NULL,75.0000,5,65.9503,61
19698,Albion Online,Role-playing (RPG),11,2,87.5000,4,75.6502,33
148397,Muck,Adventure,5,NULL,NULL,NULL,64.8342,30
148397,Muck,Indie,5,NULL,NULL,NULL,64.8342,30
189,LEGO Indiana Jones: The Original Adventures,Platform,39,NULL,69.0000,8,73.8486,162
189,LEGO Indiana Jones: The Original Adventures,Puzzle,39,NULL,69.0000,8,73.8486,162
189,LEGO Indiana Jones: The Original Adventures,Adventure,39,NULL,69.0000,8,73.8486,162
10832,Sine Mora,Shooter,9,NULL,85.0000,8,69.0693,16
10832,Sine Mora,Indie,9,NULL,85.0000,8,69.0693,16
10832,Sine Mora,Arcade,9,NULL,85.0000,8,69.0693,16
23215,Resident Evil 5 Remastered,Shooter,3,NULL,80.0000,1,82.3674,14
23215,Resident Evil 5 Remastered,Adventure,3,NULL,80.0000,1,82.3674,14
10919,XCOM 2,Role-playing (RPG),151,17,85.2069,33,84.0274,313
10919,XCOM 2,Simulator,151,17,85.2069,33,84.0274,313
10919,XCOM 2,Strategy,151,17,85.2069,33,84.0274,313
13554,Styx: Shards of Darkness,Role-playing (RPG),28,7,70.7143,16,81.9486,23
13554,Styx: Shards of Darkness,Adventure,28,7,70.7143,16,81.9486,23
191402,Disney Speedstorm,Simulator,NULL,1,65.5000,2,65.2865,11
191402,Disney Speedstorm,Sport,NULL,1,65.5000,2,65.2865,11
191402,Disney Speedstorm,Adventure,NULL,1,65.5000,2,65.2865,11
191402,Disney Speedstorm,Arcade,NULL,1,65.5000,2,65.2865,11
1911,Path of Exile,Role-playing (RPG),108,3,78.0000,6,82.2416,316
1911,Path of Exile,Adventure,108,3,78.0000,6,82.2416,316
154986,FIFA 22,Simulator,27,3,79.2857,9,77.0905,54
154986,FIFA 22,Sport,27,3,79.2857,9,77.0905,54
9101,Hand of Fate,Role-playing (RPG),21,NULL,82.6000,5,72.6272,61
9101,Hand of Fate,Strategy,21,NULL,82.6000,5,72.6272,61
9101,Hand of Fate,Adventure,21,NULL,82.6000,5,72.6272,61
9101,Hand of Fate,Indie,21,NULL,82.6000,5,72.6272,61
11495,Castle of Illusion Starring Mickey Mouse,Platform,12,NULL,68.0000,5,74.7445,42
11495,Castle of Illusion Starring Mickey Mouse,Role-playing (RPG),12,NULL,68.0000,5,74.7445,42
11495,Castle of Illusion Starring Mickey Mouse,Adventure,12,NULL,68.0000,5,74.7445,42
41025,Somerville,Puzzle,7,19,67.5000,8,72.8086,29
41025,Somerville,Adventure,7,19,67.5000,8,72.8086,29
6782,Ninja Gaiden II,Adventure,18,NULL,75.0000,5,84.4384,43
43,Deus Ex: Human Revolution,Shooter,331,NULL,92.1111,13,84.1733,868
43,Deus Ex: Human Revolution,Puzzle,331,NULL,92.1111,13,84.1733,868
43,Deus Ex: Human Revolution,Role-playing (RPG),331,NULL,92.1111,13,84.1733,868
107317,Gato Roboto,Platform,4,NULL,75.8000,6,74.7651,42
107317,Gato Roboto,Adventure,4,NULL,75.8000,6,74.7651,42
107317,Gato Roboto,Indie,4,NULL,75.8000,6,74.7651,42
107317,Gato Roboto,Arcade,4,NULL,75.8000,6,74.7651,42
145028,Thymesia,Role-playing (RPG),4,7,72.0000,5,66.4244,24
145028,Thymesia,Adventure,4,7,72.0000,5,66.4244,24
115427,Haven,Role-playing (RPG),7,11,74.5000,9,73.6014,29
115427,Haven,Adventure,7,11,74.5000,9,73.6014,29
115427,Haven,Indie,7,11,74.5000,9,73.6014,29
125174,Overwatch 2,Shooter,20,17,83.0000,6,69.9617,136
1147,Castlevania: Harmony of Despair,Platform,3,NULL,68.3333,4,70.0780,13
1147,Castlevania: Harmony of Despair,Adventure,3,NULL,68.3333,4,70.0780,13
109287,Hollow Knight: Voidheart Edition,Platform,11,2,NULL,NULL,93.0344,85
109287,Hollow Knight: Voidheart Edition,Adventure,11,2,NULL,NULL,93.0344,85
109287,Hollow Knight: Voidheart Edition,Indie,11,2,NULL,NULL,93.0344,85
28512,Risk of Rain 2,Shooter,36,5,87.3333,6,82.6507,121
28512,Risk of Rain 2,Adventure,36,5,87.3333,6,82.6507,121
28512,Risk of Rain 2,Indie,36,5,87.3333,6,82.6507,121
165206,Doom,Shooter,NULL,NULL,NULL,NULL,90.9254,18
96394,Record of Lodoss War: Deedlit in Wonder Labyrinth,Platform,4,3,77.3333,3,79.9617,19
96394,Record of Lodoss War: Deedlit in Wonder Labyrinth,Role-playing (RPG),4,3,77.3333,3,79.9617,19
96394,Record of Lodoss War: Deedlit in Wonder Labyrinth,Adventure,4,3,77.3333,3,79.9617,19
96394,Record of Lodoss War: Deedlit in Wonder Labyrinth,Indie,4,3,77.3333,3,79.9617,19
122120,The Dark Pictures Anthology: Little Hope,Adventure,8,3,76.4000,10,68.8381,93
4848,Max: The Curse of Brotherhood,Platform,21,NULL,73.6000,16,69.9482,43
4848,Max: The Curse of Brotherhood,Puzzle,21,NULL,73.6000,16,69.9482,43
4848,Max: The Curse of Brotherhood,Adventure,21,NULL,73.6000,16,69.9482,43
27011,Serious Sam 4,Shooter,8,12,72.4444,11,68.1084,23
27011,Serious Sam 4,Adventure,8,12,72.4444,11,68.1084,23
27011,Serious Sam 4,Indie,8,12,72.4444,11,68.1084,23
28210,Dark Souls III: The Fire Fades Edition,Role-playing (RPG),18,NULL,85.0000,1,90.6660,45
28210,Dark Souls III: The Fire Fades Edition,Adventure,18,NULL,85.0000,1,90.6660,45
119244,Darksiders Genesis,Role-playing (RPG),21,8,74.6364,12,72.4826,56
119244,Darksiders Genesis,Adventure,21,8,74.6364,12,72.4826,56
19874,Mega Man Legacy Collection,Shooter,9,NULL,79.4286,16,91.7728,31
19874,Mega Man Legacy Collection,Platform,9,NULL,79.4286,16,91.7728,31
19874,Mega Man Legacy Collection,Adventure,9,NULL,79.4286,16,91.7728,31
19874,Mega Man Legacy Collection,Arcade,9,NULL,79.4286,16,91.7728,31
36515,Sword Art Online: Fatal Bullet,Shooter,22,2,60.5000,9,67.6012,19
36515,Sword Art Online: Fatal Bullet,Role-playing (RPG),22,2,60.5000,9,67.6012,19
77175,Street Fighter 30th Anniversary Collection,Arcade,16,1,80.2857,8,80.8354,20
39044,Assassin's Creed: Origins - Gold Edition,Role-playing (RPG),11,3,NULL,NULL,82.9586,11
39044,Assassin's Creed: Origins - Gold Edition,Adventure,11,3,NULL,NULL,82.9586,11
54548,Dragon Quest Builders 2,Role-playing (RPG),7,2,85.3000,14,71.2161,22
54548,Dragon Quest Builders 2,Adventure,7,2,85.3000,14,71.2161,22
150010,Sonic Frontiers,Platform,14,4,71.7500,12,70.9777,33
150010,Sonic Frontiers,Adventure,14,4,71.7500,12,70.9777,33
45178,Metal Gear Solid: Peace Walker - HD Edition,Shooter,4,NULL,NULL,NULL,84.7151,16
131660,No One Lives Under the Lighthouse,Puzzle,NULL,NULL,NULL,NULL,70.4787,13
131660,No One Lives Under the Lighthouse,Adventure,NULL,NULL,NULL,NULL,70.4787,13
131660,No One Lives Under the Lighthouse,Indie,NULL,NULL,NULL,NULL,70.4787,13
107315,Subnautica: Below Zero,Adventure,32,1,85.2000,6,75.7609,62
107315,Subnautica: Below Zero,Indie,32,1,85.2000,6,75.7609,62
18311,The Turing Test,Puzzle,29,10,76.3750,10,70.2597,97
18311,The Turing Test,Adventure,29,10,76.3750,10,70.2597,97
153808,AI: The Somnium Files - Nirvana Initiative,Puzzle,NULL,1,87.0000,5,86.2359,28
153808,AI: The Somnium Files - Nirvana Initiative,Adventure,NULL,1,87.0000,5,86.2359,28
2126,Hotline Miami 2: Wrong Number,Shooter,115,18,71.3077,16,78.3227,336
2126,Hotline Miami 2: Wrong Number,Indie,115,18,71.3077,16,78.3227,336
7533,Tera,Role-playing (RPG),28,NULL,72.8000,7,64.9129,79
7533,Tera,Adventure,28,NULL,72.8000,7,64.9129,79
58597,Hungry Shark World,Adventure,NULL,NULL,NULL,NULL,74.5557,11
58597,Hungry Shark World,Arcade,NULL,NULL,NULL,NULL,74.5557,11
7348,Halo: The Master Chief Collection,Shooter,85,4,86.0000,17,86.0875,195
1547,Virtua Fighter 2,Simulator,8,NULL,NULL,NULL,83.0308,47
1547,Virtua Fighter 2,Arcade,8,NULL,NULL,NULL,83.0308,47
22439,The Witcher 3: Wild Hunt - Game of the Year Edition,Role-playing (RPG),208,NULL,NULL,NULL,98.6597,490
22439,The Witcher 3: Wild Hunt - Game of the Year Edition,Adventure,208,NULL,NULL,NULL,98.6597,490
134438,Kingdoms of Amalur: Re-Reckoning,Role-playing (RPG),3,15,78.3333,8,69.5187,13
134438,Kingdoms of Amalur: Re-Reckoning,Adventure,3,15,78.3333,8,69.5187,13
13205,Astroneer,Simulator,63,17,80.7500,4,75.5980,94
13205,Astroneer,Adventure,63,17,80.7500,4,75.5980,94
13205,Astroneer,Indie,63,17,80.7500,4,75.5980,94
194404,The Quarry,Adventure,14,5,83.2500,12,75.1515,106
119305,LEGO Star Wars: The Skywalker Saga,Puzzle,18,37,82.2222,12,79.5537,49
119305,LEGO Star Wars: The Skywalker Saga,Adventure,18,37,82.2222,12,79.5537,49
5638,Costume Quest 2,Role-playing (RPG),17,4,65.0000,6,71.2628,27
5638,Costume Quest 2,Adventure,17,4,65.0000,6,71.2628,27
6292,Black Desert,Role-playing (RPG),48,4,75.0000,6,66.6539,98
6292,Black Desert,Adventure,48,4,75.0000,6,66.6539,98
12198,Umineko no Naku Koro ni,Adventure,20,NULL,80.0000,1,91.1609,31
33967,Higurashi When They Cry Hou: Ch.1 Onikakushi,Adventure,2,NULL,NULL,NULL,69.7501,11
45181,Mass Effect Trilogy,Shooter,20,NULL,NULL,NULL,95.8303,217
45181,Mass Effect Trilogy,Role-playing (RPG),20,NULL,NULL,NULL,95.8303,217
19164,Borderlands 3,Shooter,141,53,81.0000,20,77.7409,306
19164,Borderlands 3,Role-playing (RPG),141,53,81.0000,20,77.7409,306
44076,Last Day on Earth: Survival,Shooter,21,NULL,NULL,NULL,67.0342,25
44076,Last Day on Earth: Survival,Role-playing (RPG),21,NULL,NULL,NULL,67.0342,25
44076,Last Day on Earth: Survival,Simulator,21,NULL,NULL,NULL,67.0342,25
44076,Last Day on Earth: Survival,Strategy,21,NULL,NULL,NULL,67.0342,25
44076,Last Day on Earth: Survival,Adventure,21,NULL,NULL,NULL,67.0342,25
125166,Battlefield 2042,Shooter,21,24,69.1111,13,55.5770,50
125166,Battlefield 2042,Adventure,21,24,69.1111,13,55.5770,50
127044,Marvel's Spider-Man 2,Adventure,8,18,92.2857,10,88.3134,38
565,Uncharted 2: Among Thieves,Shooter,560,NULL,95.3750,10,88.8713,1719
565,Uncharted 2: Among Thieves,Platform,560,NULL,95.3750,10,88.8713,1719
565,Uncharted 2: Among Thieves,Adventure,560,NULL,95.3750,10,88.8713,1719
233585,Hi-Fi Rush,Platform,7,1,85.0000,10,89.4982,64
233585,Hi-Fi Rush,Adventure,7,1,85.0000,10,89.4982,64
512,Uncharted 3: Drake's Deception,Shooter,406,NULL,93.2500,10,84.6880,1242
512,Uncharted 3: Drake's Deception,Platform,406,NULL,93.2500,10,84.6880,1242
512,Uncharted 3: Drake's Deception,Adventure,406,NULL,93.2500,10,84.6880,1242
36662,Need for Speed: Payback,Sport,138,11,54.1250,20,62.2798,164
431,Uncharted: Drake's Fortune,Shooter,278,NULL,89.7500,6,76.3357,999
431,Uncharted: Drake's Fortune,Platform,278,NULL,89.7500,6,76.3357,999
431,Uncharted: Drake's Fortune,Adventure,278,NULL,89.7500,6,76.3357,999
23331,Rise of the Tomb Raider: 20 Year Celebration,Shooter,59,NULL,91.4286,9,82.3827,75
23331,Rise of the Tomb Raider: 20 Year Celebration,Role-playing (RPG),59,NULL,91.4286,9,82.3827,75
23331,Rise of the Tomb Raider: 20 Year Celebration,Adventure,59,NULL,91.4286,9,82.3827,75
3759,Feeding Frenzy,Puzzle,9,NULL,55.0000,2,72.7089,22
3759,Feeding Frenzy,Arcade,9,NULL,55.0000,2,72.7089,22
37016,Metro Exodus,Shooter,240,110,83.2500,15,83.2042,432
37016,Metro Exodus,Adventure,240,110,83.2500,15,83.2042,432
103015,Yakuza 3 Remastered,Role-playing (RPG),1,NULL,NULL,NULL,70.0020,37
103015,Yakuza 3 Remastered,Simulator,1,NULL,NULL,NULL,70.0020,37
103015,Yakuza 3 Remastered,Adventure,1,NULL,NULL,NULL,70.0020,37
75297,EA Sports UFC 3,Sport,12,1,80.0000,8,63.6393,20
1465,Perfect Dark Zero,Shooter,5,NULL,71.6667,4,66.4717,34
37001,Ori and the Will of the Wisps,Platform,99,66,90.7500,16,87.1405,382
37001,Ori and the Will of the Wisps,Adventure,99,66,90.7500,16,87.1405,382
18538,Zoo Tycoon,Simulator,8,NULL,62.5000,5,66.0614,13
18538,Zoo Tycoon,Strategy,8,NULL,62.5000,5,66.0614,13
14741,Psychonauts 2,Platform,59,67,87.1111,11,89.0108,112
14741,Psychonauts 2,Adventure,59,67,87.1111,11,89.0108,112
207393,NBA 2K23,Simulator,2,NULL,79.7500,7,71.3253,13
207393,NBA 2K23,Sport,2,NULL,79.7500,7,71.3253,13
204628,Wo Long: Fallen Dynasty,Role-playing (RPG),7,22,83.8333,10,73.5996,26
204628,Wo Long: Fallen Dynasty,Adventure,7,22,83.8333,10,73.5996,26
20392,Portal Knights,Role-playing (RPG),14,2,73.7500,4,67.9017,19
20392,Portal Knights,Adventure,14,2,73.7500,4,67.9017,19
20392,Portal Knights,Indie,14,2,73.7500,4,67.9017,19
3239,Space Engineers,Shooter,20,5,80.0000,1,63.2339,37
3239,Space Engineers,Simulator,20,5,80.0000,1,63.2339,37
3239,Space Engineers,Strategy,20,5,80.0000,1,63.2339,37
3239,Space Engineers,Adventure,20,5,80.0000,1,63.2339,37
3239,Space Engineers,Indie,20,5,80.0000,1,63.2339,37
95062,Call of Duty: Modern Warfare 2 Campaign Remastered,Shooter,22,NULL,74.0000,6,80.2019,56
89594,Monster Sanctuary,Platform,1,1,85.0000,1,89.1092,20
89594,Monster Sanctuary,Role-playing (RPG),1,1,85.0000,1,89.1092,20
89594,Monster Sanctuary,Strategy,1,1,85.0000,1,89.1092,20
89594,Monster Sanctuary,Adventure,1,1,85.0000,1,89.1092,20
89594,Monster Sanctuary,Indie,1,1,85.0000,1,89.1092,20
14390,Outlast II,Adventure,74,20,77.8824,20,70.1911,142
14390,Outlast II,Indie,74,20,77.8824,20,70.1911,142
475,Star Wars: The Force Unleashed,Role-playing (RPG),90,NULL,62.2222,11,73.9894,370
475,Star Wars: The Force Unleashed,Adventure,90,NULL,62.2222,11,73.9894,370
137001,Call of Duty: Black Ops Cold War,Shooter,16,3,76.8889,12,72.4922,85
83727,Call of Duty: Black Ops 4,Shooter,63,7,83.5000,21,67.1672,136
8944,Penumbra: Overture,Puzzle,25,NULL,74.0000,4,76.2824,63
8944,Penumbra: Overture,Adventure,25,NULL,74.0000,4,76.2824,63
8944,Penumbra: Overture,Indie,25,NULL,74.0000,4,76.2824,63
119177,Call of Duty: Modern Warfare,Shooter,85,20,78.6667,17,80.4404,270
2045,Penumbra: Black Plague,Puzzle,30,NULL,80.0000,2,80.0913,60
2045,Penumbra: Black Plague,Adventure,30,NULL,80.0000,2,80.0913,60
2045,Penumbra: Black Plague,Indie,30,NULL,80.0000,2,80.0913,60
204623,Pentiment,Role-playing (RPG),1,5,83.8000,8,88.5948,39
204623,Pentiment,Adventure,1,5,83.8000,8,88.5948,39
8652,Axiom Verge,Platform,42,1,83.8667,18,75.5272,117
8652,Axiom Verge,Adventure,42,1,83.8667,18,75.5272,117
8652,Axiom Verge,Indie,42,1,83.8667,18,75.5272,117
2368,Dark Souls II,Role-playing (RPG),217,6,90.2500,22,79.0949,642
2368,Dark Souls II,Adventure,217,6,90.2500,22,79.0949,642
111,Amnesia: The Dark Descent,Puzzle,173,NULL,89.0000,3,78.5713,390
111,Amnesia: The Dark Descent,Adventure,173,NULL,89.0000,3,78.5713,390
111,Amnesia: The Dark Descent,Indie,173,NULL,89.0000,3,78.5713,390
19456,Ori and the Blind Forest: Definitive Edition,Platform,59,1,86.2857,7,85.4896,222
19456,Ori and the Blind Forest: Definitive Edition,Adventure,59,1,86.2857,7,85.4896,222
5793,Crimson Skies: High Road to Revenge,Simulator,5,NULL,94.0000,3,77.6489,13
5793,Crimson Skies: High Road to Revenge,Arcade,5,NULL,94.0000,3,77.6489,13
131888,Hotshot Racing,Indie,4,3,66.2500,6,70.6377,16
131888,Hotshot Racing,Arcade,4,3,66.2500,6,70.6377,16
7329,Dead Island 2,Shooter,158,150,74.3333,11,67.2879,24
7329,Dead Island 2,Role-playing (RPG),158,150,74.3333,11,67.2879,24
7329,Dead Island 2,Adventure,158,150,74.3333,11,67.2879,24
545,Call of Duty: Black Ops,Shooter,234,NULL,81.4167,17,79.5727,997
142076,Cruelty Squad,Shooter,1,1,93.0000,1,89.1060,14
142076,Cruelty Squad,Simulator,1,1,93.0000,1,89.1060,14
142076,Cruelty Squad,Indie,1,1,93.0000,1,89.1060,14
135655,Shadow Warrior 3,Shooter,5,9,55.8333,9,63.4027,25
135655,Shadow Warrior 3,Role-playing (RPG),5,9,55.8333,9,63.4027,25
135655,Shadow Warrior 3,Adventure,5,9,55.8333,9,63.4027,25
135655,Shadow Warrior 3,Indie,5,9,55.8333,9,63.4027,25
135655,Shadow Warrior 3,Arcade,5,9,55.8333,9,63.4027,25
12595,Yakuza Kiwami,Role-playing (RPG),43,2,82.1667,20,80.6900,191
12595,Yakuza Kiwami,Adventure,43,2,82.1667,20,80.6900,191
119298,Blair Witch,Adventure,21,7,72.0909,14,75.0434,75
119298,Blair Witch,Indie,21,7,72.0909,14,75.0434,75
1314,Medal of Honor: Airborne,Shooter,40,NULL,82.0000,6,72.3688,151
111837,Cloudpunk,Role-playing (RPG),10,7,75.7143,8,70.6386,34
111837,Cloudpunk,Simulator,10,7,75.7143,8,70.6386,34
111837,Cloudpunk,Adventure,10,7,75.7143,8,70.6386,34
111837,Cloudpunk,Indie,10,7,75.7143,8,70.6386,34
120436,One Piece: Pirate Warriors 4,Adventure,11,3,75.1429,8,89.1198,15
120560,60 Seconds! Reatomized,Role-playing (RPG),3,NULL,NULL,NULL,75.7873,15
120560,60 Seconds! Reatomized,Simulator,3,NULL,NULL,NULL,75.7873,15
120560,60 Seconds! Reatomized,Strategy,3,NULL,NULL,NULL,75.7873,15
120560,60 Seconds! Reatomized,Adventure,3,NULL,NULL,NULL,75.7873,15
120560,60 Seconds! Reatomized,Indie,3,NULL,NULL,NULL,75.7873,15
17479,The Wild Eight,Role-playing (RPG),16,11,70.0000,1,70.0746,11
17479,The Wild Eight,Simulator,16,11,70.0000,1,70.0746,11
17479,The Wild Eight,Adventure,16,11,70.0000,1,70.0746,11
17479,The Wild Eight,Indie,16,11,70.0000,1,70.0746,11
430,Call of Juarez: Bound In Blood,Shooter,62,NULL,78.5714,10,76.6174,150
430,Call of Juarez: Bound In Blood,Adventure,62,NULL,78.5714,10,76.6174,150
9196,Five Nights at Freddy's 3,Simulator,8,NULL,75.0000,1,66.1998,59
9196,Five Nights at Freddy's 3,Strategy,8,NULL,75.0000,1,66.1998,59
9196,Five Nights at Freddy's 3,Adventure,8,NULL,75.0000,1,66.1998,59
9196,Five Nights at Freddy's 3,Indie,8,NULL,75.0000,1,66.1998,59
116238,Sniper Elite 5,Shooter,9,1,80.5714,9,70.8067,22
116238,Sniper Elite 5,Simulator,9,1,80.5714,9,70.8067,22
116238,Sniper Elite 5,Adventure,9,1,80.5714,9,70.8067,22
44545,Dragon Age: Inquisition - Game of the Year Edition,Role-playing (RPG),5,NULL,NULL,NULL,87.9144,20
44545,Dragon Age: Inquisition - Game of the Year Edition,Adventure,5,NULL,NULL,NULL,87.9144,20
2682,LEGO Star Wars: The Complete Saga,Platform,59,NULL,85.0000,2,82.3640,299
2682,LEGO Star Wars: The Complete Saga,Adventure,59,NULL,85.0000,2,82.3640,299
547,Gears of War,Shooter,114,NULL,83.7500,5,81.0295,429
27270,Payday 3,Shooter,7,10,64.4000,7,59.9821,13
1081,The Elder Scrolls Online,Role-playing (RPG),130,13,70.4375,20,72.0432,245
1081,The Elder Scrolls Online,Adventure,130,13,70.4375,20,72.0432,245
28380,Darksiders III,Role-playing (RPG),88,41,64.9375,16,71.1949,101
28380,Darksiders III,Adventure,88,41,64.9375,16,71.1949,101
6574,Bully: Scholarship Edition,Adventure,54,NULL,80.0000,6,79.0655,158
9475,Sonic & Knuckles,Platform,26,NULL,NULL,NULL,80.4742,157
7431,Ristar,Platform,5,NULL,NULL,NULL,71.7082,34
7431,Ristar,Adventure,5,NULL,NULL,NULL,71.7082,34
28540,Assassin's Creed Origins,Role-playing (RPG),440,88,85.9333,19,82.4687,770
28540,Assassin's Creed Origins,Adventure,440,88,85.9333,19,82.4687,770
18866,Dead by Daylight,Strategy,365,NULL,67.1111,11,71.7656,213
18866,Dead by Daylight,Indie,365,NULL,67.1111,11,71.7656,213
11177,Gang Beasts,Indie,65,NULL,64.6000,9,73.0691,81
186725,Vampire Survivors,Role-playing (RPG),9,NULL,89.2500,5,80.4828,131
186725,Vampire Survivors,Adventure,9,NULL,89.2500,5,80.4828,131
186725,Vampire Survivors,Indie,9,NULL,89.2500,5,80.4828,131
186725,Vampire Survivors,Arcade,9,NULL,89.2500,5,80.4828,131
2062,Yakuza 4,Role-playing (RPG),26,NULL,80.3333,9,83.4003,52
2062,Yakuza 4,Simulator,26,NULL,80.3333,9,83.4003,52
2062,Yakuza 4,Sport,26,NULL,80.3333,9,83.4003,52
2062,Yakuza 4,Adventure,26,NULL,80.3333,9,83.4003,52
15734,Pony Island,Puzzle,29,NULL,92.0000,3,74.9009,108
15734,Pony Island,Simulator,29,NULL,92.0000,3,74.9009,108
15734,Pony Island,Adventure,29,NULL,92.0000,3,74.9009,108
15734,Pony Island,Indie,29,NULL,92.0000,3,74.9009,108
730,Grand Theft Auto III,Shooter,372,1,95.0000,4,85.0619,1253
730,Grand Theft Auto III,Simulator,372,1,95.0000,4,85.0619,1253
730,Grand Theft Auto III,Adventure,372,1,95.0000,4,85.0619,1253
8075,The Lost World: Jurassic Park,Shooter,2,NULL,NULL,NULL,67.8490,12
11076,Drawn to Death,Shooter,7,1,60.0000,10,58.4421,16
187,Indiana Jones and the Emperor's Tomb,Adventure,13,NULL,59.3333,6,73.5890,38
254339,Super Mario Bros. Wonder,Platform,9,NULL,95.0000,10,90.3815,33
31551,Final Fantasy XVI,Role-playing (RPG),NULL,27,95.0000,10,88.6267,48
7331,Uncharted 4: A Thief's End,Shooter,639,64,93.2400,26,90.9445,1852
7331,Uncharted 4: A Thief's End,Adventure,639,64,93.2400,26,90.9445,1852
11392,Chaos;Head,Adventure,2,NULL,NULL,NULL,79.4114,14
8195,RoboCop Versus the Terminator,Shooter,2,NULL,NULL,NULL,87.2647,15
8195,RoboCop Versus the Terminator,Platform,2,NULL,NULL,NULL,87.2647,15
3076,Guns of Icarus Online,Shooter,10,NULL,NULL,NULL,53.0804,36
3076,Guns of Icarus Online,Simulator,10,NULL,NULL,NULL,53.0804,36
3076,Guns of Icarus Online,Adventure,10,NULL,NULL,NULL,53.0804,36
3076,Guns of Icarus Online,Indie,10,NULL,NULL,NULL,53.0804,36
6076,1943: The Battle of Midway,Shooter,2,NULL,NULL,NULL,67.1518,34
6076,1943: The Battle of Midway,Arcade,2,NULL,NULL,NULL,67.1518,34
1058,LittleBigPlanet,Platform,72,NULL,96.0000,12,78.7303,227
7860,Sonic Adventure,Platform,27,NULL,55.0000,1,66.1248,162
7860,Sonic Adventure,Adventure,27,NULL,55.0000,1,66.1248,162
204849,The Looker,Puzzle,NULL,NULL,NULL,NULL,69.9478,23
204849,The Looker,Indie,NULL,NULL,NULL,NULL,69.9478,23
79994,Night Call,Simulator,6,5,60.0000,4,67.3968,18
79994,Night Call,Adventure,6,5,60.0000,4,67.3968,18
79994,Night Call,Indie,6,5,60.0000,4,67.3968,18
36651,Extinction,Adventure,29,3,51.7000,11,50.0000,4
16741,Blade & Soul,Role-playing (RPG),12,NULL,65.5000,4,63.8626,27
145099,Death's Door,Role-playing (RPG),10,7,87.0000,13,81.8086,91
145099,Death's Door,Adventure,10,7,87.0000,13,81.8086,91
145099,Death's Door,Indie,10,7,87.0000,13,81.8086,91
11821,Fran Bow,Puzzle,23,NULL,75.0000,1,70.0499,72
11821,Fran Bow,Adventure,23,NULL,75.0000,1,70.0499,72
11821,Fran Bow,Indie,23,NULL,75.0000,1,70.0499,72
11821,Fran Bow,Arcade,23,NULL,75.0000,1,70.0499,72
6078,19XX: The War Against Destiny,Shooter,2,NULL,NULL,NULL,78.6186,11
6078,19XX: The War Against Destiny,Arcade,2,NULL,NULL,NULL,78.6186,11
9078,Liero,Shooter,8,NULL,NULL,NULL,86.3663,15
116,Star Wars: Knights of the Old Republic,Role-playing (RPG),402,2,93.6667,12,90.7655,1086
116,Star Wars: Knights of the Old Republic,Adventure,402,2,93.6667,12,90.7655,1086
472,The Elder Scrolls V: Skyrim,Role-playing (RPG),1053,NULL,96.1111,12,87.7620,3070
472,The Elder Scrolls V: Skyrim,Adventure,1053,NULL,96.1111,12,87.7620,3070
15240,Kick Off,Sport,2,NULL,NULL,NULL,69.9719,16
15241,Kick Off 2,Sport,4,NULL,NULL,NULL,70.1793,13
138590,PowerWash Simulator,Simulator,1,1,78.6667,4,70.3863,24
138590,PowerWash Simulator,Indie,1,1,78.6667,4,70.3863,24
14593,Hollow Knight,Platform,198,3,91.2500,10,92.6528,1211
14593,Hollow Knight,Adventure,198,3,91.2500,10,92.6528,1211
14593,Hollow Knight,Indie,198,3,91.2500,10,92.6528,1211
769,Lara Croft and the Guardian of Light,Shooter,29,NULL,78.8750,10,74.6869,91
769,Lara Croft and the Guardian of Light,Platform,29,NULL,78.8750,10,74.6869,91
769,Lara Croft and the Guardian of Light,Puzzle,29,NULL,78.8750,10,74.6869,91
769,Lara Croft and the Guardian of Light,Adventure,29,NULL,78.8750,10,74.6869,91
11582,Stellaris,Simulator,75,3,78.5455,12,78.2099,193
11582,Stellaris,Strategy,75,3,78.5455,12,78.2099,193
1409,Metal Slug 4,Shooter,14,NULL,64.0000,2,80.5018,79
1409,Metal Slug 4,Adventure,14,NULL,64.0000,2,80.5018,79
9047,Besiege,Puzzle,24,7,85.0000,1,75.3338,56
9047,Besiege,Simulator,24,7,85.0000,1,75.3338,56
9047,Besiege,Strategy,24,7,85.0000,1,75.3338,56
9047,Besiege,Indie,24,7,85.0000,1,75.3338,56
119171,Baldur's Gate 3,Role-playing (RPG),24,39,94.7778,16,95.3470,145
119171,Baldur's Gate 3,Strategy,24,39,94.7778,16,95.3470,145
119171,Baldur's Gate 3,Adventure,24,39,94.7778,16,95.3470,145
78,Dragon Age II,Role-playing (RPG),144,NULL,76.2857,11,74.2730,556
78,Dragon Age II,Adventure,144,NULL,76.2857,11,74.2730,556
119308,Ghostwire: Tokyo,Adventure,7,55,76.7143,14,76.9379,103
38408,WWF Royal Rumble,Sport,NULL,NULL,NULL,NULL,81.9315,13
4081,Ratatouille,Platform,6,NULL,59.7500,8,60.7705,26
4081,Ratatouille,Adventure,6,NULL,59.7500,8,60.7705,26
4157,Sonic Mega Collection,Platform,9,NULL,70.0000,2,88.8264,27
4157,Sonic Mega Collection,Puzzle,9,NULL,70.0000,2,88.8264,27
2623,Shinobi III: Return of the Ninja Master,Platform,10,NULL,NULL,NULL,79.5133,42
2604,Altered Beast,Platform,18,NULL,45.0000,0,64.7202,100
3217,Alex Kidd in the Enchanted Castle,Platform,3,NULL,NULL,NULL,62.3461,26
3217,Alex Kidd in the Enchanted Castle,Adventure,3,NULL,NULL,NULL,62.3461,26
6802,Chase H.Q.,Arcade,1,NULL,NULL,NULL,66.5387,15
4511,Bonanza Bros.,Arcade,NULL,NULL,NULL,NULL,62.1603,13
17000,Stardew Valley,Role-playing (RPG),252,1,90.5385,17,86.7207,1061
17000,Stardew Valley,Simulator,252,1,90.5385,17,86.7207,1061
17000,Stardew Valley,Strategy,252,1,90.5385,17,86.7207,1061
17000,Stardew Valley,Indie,252,1,90.5385,17,86.7207,1061
103017,Yakuza 5 Remastered,Adventure,4,NULL,NULL,NULL,75.7296,24
7082,Worms Clan Wars,Platform,3,NULL,NULL,NULL,68.1311,11
7082,Worms Clan Wars,Strategy,3,NULL,NULL,NULL,68.1311,11
134014,The Legend of Zelda: Twilight Princess,Role-playing (RPG),2,NULL,97.5000,2,78.8753,35
134014,The Legend of Zelda: Twilight Princess,Adventure,2,NULL,97.5000,2,78.8753,35
123,World of Warcraft,Role-playing (RPG),251,NULL,86.2500,10,84.5052,637
123,World of Warcraft,Adventure,251,NULL,86.2500,10,84.5052,637
205780,FIFA 23,Simulator,6,1,80.6667,5,64.3947,39
205780,FIFA 23,Sport,6,1,80.6667,5,64.3947,39
7349,Mass Effect: Andromeda,Shooter,388,177,73.2174,30,70.7019,422
7349,Mass Effect: Andromeda,Role-playing (RPG),388,177,73.2174,30,70.7019,422
7349,Mass Effect: Andromeda,Adventure,388,177,73.2174,30,70.7019,422
8083,The Smurfs,Platform,4,NULL,NULL,NULL,64.3565,19
23248,Frostpunk,Simulator,84,14,86.2222,10,85.5286,272
23248,Frostpunk,Strategy,84,14,86.2222,10,85.5286,272
23248,Frostpunk,Indie,84,14,86.2222,10,85.5286,272
121998,Medieval Dynasty,Role-playing (RPG),6,1,74.0000,1,66.3011,18
121998,Medieval Dynasty,Simulator,6,1,74.0000,1,66.3011,18
121998,Medieval Dynasty,Adventure,6,1,74.0000,1,66.3011,18
126290,Far Cry 6,Shooter,36,31,81.8182,14,71.5408,113
126290,Far Cry 6,Adventure,36,31,81.8182,14,71.5408,113
134070,Mafia: Definitive Edition,Shooter,27,9,74.7273,13,79.1068,226
134070,Mafia: Definitive Edition,Adventure,27,9,74.7273,13,79.1068,226
7291,Hunt: Showdown,Shooter,51,18,74.8000,6,73.6897,65
7291,Hunt: Showdown,Simulator,51,18,74.8000,6,73.6897,65
34951,Dead Island: Definitive Edition,Shooter,11,NULL,NULL,NULL,79.9509,33
103289,Battletoads,Platform,11,8,67.6250,9,67.8113,19
103289,Battletoads,Adventure,11,8,67.6250,9,67.8113,19
4477,Eternal Champions,Simulator,1,NULL,NULL,NULL,67.6277,18
4477,Eternal Champions,Sport,1,NULL,NULL,NULL,67.6277,18
195517,Return to Monkey Island,Puzzle,6,11,91.7500,10,82.1808,42
195517,Return to Monkey Island,Adventure,6,11,91.7500,10,82.1808,42
4481,Wonder Boy III: Monster Lair,Shooter,2,NULL,NULL,NULL,70.4163,11
4481,Wonder Boy III: Monster Lair,Platform,2,NULL,NULL,NULL,70.4163,11
4481,Wonder Boy III: Monster Lair,Arcade,2,NULL,NULL,NULL,70.4163,11
4498,Space Harrier II,Shooter,2,NULL,NULL,NULL,69.5909,15
4498,Space Harrier II,Simulator,2,NULL,NULL,NULL,69.5909,15
4498,Space Harrier II,Strategy,2,NULL,NULL,NULL,69.5909,15
4498,Space Harrier II,Arcade,2,NULL,NULL,NULL,69.5909,15
15299,Beyond Oasis,Puzzle,4,NULL,NULL,NULL,77.0395,25
15299,Beyond Oasis,Role-playing (RPG),4,NULL,NULL,NULL,77.0395,25
15299,Beyond Oasis,Adventure,4,NULL,NULL,NULL,77.0395,25
3327,The Revenge of Shinobi,Platform,8,NULL,NULL,NULL,74.0018,40
4490,Alien Soldier,Shooter,2,NULL,NULL,NULL,79.4779,27
4490,Alien Soldier,Platform,2,NULL,NULL,NULL,79.4779,27
4490,Alien Soldier,Arcade,2,NULL,NULL,NULL,79.4779,27
9476,Sonic 3D Blast,Platform,10,NULL,NULL,NULL,60.9806,74
1727,Mega Man: The Wily Wars,Shooter,2,NULL,NULL,NULL,70.8381,11
1727,Mega Man: The Wily Wars,Platform,2,NULL,NULL,NULL,70.8381,11
24958,.Flow,Adventure,3,NULL,NULL,NULL,82.2145,11
24958,.Flow,Indie,3,NULL,NULL,NULL,82.2145,11
2031,Wolfenstein: The New Order,Shooter,342,11,77.3125,19,81.7738,1014
2031,Wolfenstein: The New Order,Puzzle,342,11,77.3125,19,81.7738,1014
2031,Wolfenstein: The New Order,Adventure,342,11,77.3125,19,81.7738,1014
119403,New Super Lucky's Tale,Platform,10,2,78.1667,7,79.9659,18
119403,New Super Lucky's Tale,Adventure,10,2,78.1667,7,79.9659,18
119403,New Super Lucky's Tale,Indie,10,2,78.1667,7,79.9659,18
119403,New Super Lucky's Tale,Arcade,10,2,78.1667,7,79.9659,18
29144,Lonely Mountains: Downhill,Simulator,4,5,88.0000,5,70.6805,36
29144,Lonely Mountains: Downhill,Sport,4,5,88.0000,5,70.6805,36
29144,Lonely Mountains: Downhill,Indie,4,5,88.0000,5,70.6805,36
29144,Lonely Mountains: Downhill,Arcade,4,5,88.0000,5,70.6805,36
7238,Viva Piñata: Trouble in Paradise,Simulator,8,NULL,75.0000,5,83.7774,19
1086,Donkey Kong,Platform,37,NULL,NULL,NULL,71.1055,182
1086,Donkey Kong,Arcade,37,NULL,NULL,NULL,71.1055,182
103281,Halo Infinite,Shooter,49,151,87.8889,11,82.1076,157
103281,Halo Infinite,Adventure,49,151,87.8889,11,82.1076,157
1026,The Legend of Zelda: A Link to the Past,Puzzle,453,NULL,100.0000,1,92.7500,1281
1026,The Legend of Zelda: A Link to the Past,Adventure,453,NULL,100.0000,1,92.7500,1281
185246,Alan Wake II,Shooter,9,16,90.7500,7,86.4736,15
185246,Alan Wake II,Adventure,9,16,90.7500,7,86.4736,15
87,Dune 2000,Strategy,24,NULL,NULL,NULL,79.6760,68
51267,Umineko no Naku Koro ni Chiru,Adventure,2,NULL,NULL,NULL,96.6275,24
6969,Strider,Platform,10,NULL,NULL,NULL,67.4226,37
6969,Strider,Arcade,10,NULL,NULL,NULL,67.4226,37
6794,Forgotten Worlds,Shooter,2,NULL,NULL,NULL,69.4410,17
6794,Forgotten Worlds,Arcade,2,NULL,NULL,NULL,69.4410,17
2753,Zaxxon,Shooter,5,NULL,80.0000,1,74.9304,14
2753,Zaxxon,Arcade,5,NULL,80.0000,1,74.9304,14
7189,Sonic's Ultimate Genesis Collection,Platform,3,NULL,77.4000,6,85.7334,18
7189,Sonic's Ultimate Genesis Collection,Arcade,3,NULL,77.4000,6,85.7334,18
14903,Assassin's Creed Chronicles: Russia,Platform,32,1,55.5000,10,68.0221,44
14903,Assassin's Creed Chronicles: Russia,Adventure,32,1,55.5000,10,68.0221,44
7360,Tom Clancy's Rainbow Six Siege,Shooter,228,27,74.1667,19,79.6291,381
103320,The Forgotten City,Role-playing (RPG),11,7,90.0000,6,83.3173,101
103320,The Forgotten City,Adventure,11,7,90.0000,6,83.3173,101
103320,The Forgotten City,Indie,11,7,90.0000,6,83.3173,101
19083,Drawful 2,Strategy,13,1,77.5000,2,79.8707,26
19083,Drawful 2,Indie,13,1,77.5000,2,79.8707,26
36402,Shantae: Risky's Revenge - Director's Cut,Platform,2,NULL,78.0000,1,78.3798,15
36402,Shantae: Risky's Revenge - Director's Cut,Adventure,2,NULL,78.0000,1,78.3798,15
36402,Shantae: Risky's Revenge - Director's Cut,Indie,2,NULL,78.0000,1,78.3798,15
3160,From Dust,Simulator,19,NULL,80.0000,9,74.7973,48
3160,From Dust,Strategy,19,NULL,80.0000,9,74.7973,48
3160,From Dust,Adventure,19,NULL,80.0000,9,74.7973,48
144072,Hot Wheels Unleashed,Arcade,8,4,68.3750,10,73.0608,29
96213,The Jackbox Party Pack 5,Puzzle,NULL,1,78.6667,6,79.6430,17
96213,The Jackbox Party Pack 5,Strategy,NULL,1,78.6667,6,79.6430,17
96213,The Jackbox Party Pack 5,Indie,NULL,1,78.6667,6,79.6430,17
19686,Resident Evil 2,Shooter,132,46,92.8333,16,88.2169,814
19686,Resident Evil 2,Adventure,132,46,92.8333,16,88.2169,814
20313,Monopoly Plus,Simulator,11,NULL,60.0000,1,63.1613,22
20313,Monopoly Plus,Strategy,11,NULL,60.0000,1,63.1613,22
20313,Monopoly Plus,Arcade,11,NULL,60.0000,1,63.1613,22
19452,Wonder Boy: The Dragon's Trap,Platform,14,1,81.4615,14,72.0562,40
19452,Wonder Boy: The Dragon's Trap,Adventure,14,1,81.4615,14,72.0562,40
19452,Wonder Boy: The Dragon's Trap,Indie,14,1,81.4615,14,72.0562,40
26972,Death Squared,Platform,8,NULL,70.4286,7,76.1484,12
26972,Death Squared,Puzzle,8,NULL,70.4286,7,76.1484,12
26972,Death Squared,Strategy,8,NULL,70.4286,7,76.1484,12
26972,Death Squared,Indie,8,NULL,70.4286,7,76.1484,12
8263,Assassin's Creed Syndicate,Adventure,242,20,72.1579,22,74.5466,607
13182,Far Cry: Primal,Shooter,136,11,76.1500,23,72.1787,335
13182,Far Cry: Primal,Adventure,136,11,76.1500,23,72.1787,335
55042,Blazing Chrome,Shooter,9,3,77.2500,10,79.1195,34
55042,Blazing Chrome,Platform,9,3,77.2500,10,79.1195,34
55042,Blazing Chrome,Indie,9,3,77.2500,10,79.1195,34
55042,Blazing Chrome,Arcade,9,3,77.2500,10,79.1195,34
36856,The Mummy: Demastered,Shooter,12,1,74.0000,6,73.0164,18
36856,The Mummy: Demastered,Platform,12,1,74.0000,6,73.0164,18
36856,The Mummy: Demastered,Puzzle,12,1,74.0000,6,73.0164,18
36856,The Mummy: Demastered,Adventure,12,1,74.0000,6,73.0164,18
8430,Shantae and the Pirate's Curse,Platform,32,NULL,82.2000,5,81.7004,77
8430,Shantae and the Pirate's Curse,Role-playing (RPG),32,NULL,82.2000,5,81.7004,77
8430,Shantae and the Pirate's Curse,Adventure,32,NULL,82.2000,5,81.7004,77
8430,Shantae and the Pirate's Curse,Indie,32,NULL,82.2000,5,81.7004,77
116138,Castlevania Anniversary Collection,Role-playing (RPG),2,NULL,81.0000,5,79.8990,11
116138,Castlevania Anniversary Collection,Simulator,2,NULL,81.0000,5,79.8990,11
116138,Castlevania Anniversary Collection,Sport,2,NULL,81.0000,5,79.8990,11
116138,Castlevania Anniversary Collection,Adventure,2,NULL,81.0000,5,79.8990,11
116138,Castlevania Anniversary Collection,Arcade,2,NULL,81.0000,5,79.8990,11
1905,Fortnite,Shooter,332,16,82.6000,10,70.3669,632
1905,Fortnite,Role-playing (RPG),332,16,82.6000,10,70.3669,632
1905,Fortnite,Strategy,332,16,82.6000,10,70.3669,632
1905,Fortnite,Adventure,332,16,82.6000,10,70.3669,632
20089,Kung Fu Panda: Showdown of Legendary Legends,Adventure,6,NULL,60.0000,1,43.0919,11
119388,The Legend of Zelda: Tears of the Kingdom,Role-playing (RPG),1,79,95.3333,9,95.1898,221
119388,The Legend of Zelda: Tears of the Kingdom,Adventure,1,79,95.3333,9,95.1898,221
214790,BioShock,Shooter,NULL,NULL,NULL,NULL,94.9559,20
214790,BioShock,Role-playing (RPG),NULL,NULL,NULL,NULL,94.9559,20
214790,BioShock,Adventure,NULL,NULL,NULL,NULL,94.9559,20
38967,Cooking Simulator,Simulator,94,84,NULL,NULL,71.6356,39
38967,Cooking Simulator,Indie,94,84,NULL,NULL,71.6356,39
38967,Cooking Simulator,Arcade,94,84,NULL,NULL,71.6356,39
8773,Homeworld: Remastered Collection,Simulator,36,2,87.5000,5,93.3477,58
8773,Homeworld: Remastered Collection,Strategy,36,2,87.5000,5,93.3477,58
8773,Homeworld: Remastered Collection,Adventure,36,2,87.5000,5,93.3477,58
107178,The Textorcist: The Story of Ray Bibbia,Shooter,2,NULL,82.5000,2,65.4270,12
107178,The Textorcist: The Story of Ray Bibbia,Adventure,2,NULL,82.5000,2,65.4270,12
107178,The Textorcist: The Story of Ray Bibbia,Indie,2,NULL,82.5000,2,65.4270,12
10591,NecroVisioN,Shooter,4,NULL,60.0000,1,60.2962,20
18375,System Shock,Shooter,64,59,77.5000,5,80.2722,21
18375,System Shock,Role-playing (RPG),64,59,77.5000,5,80.2722,21
18375,System Shock,Adventure,64,59,77.5000,5,80.2722,21
11172,TrackMania Turbo,Arcade,31,5,80.0909,13,79.7682,67
24463,Wheels of Aurelia,Puzzle,7,NULL,60.0000,1,46.1613,15
24463,Wheels of Aurelia,Adventure,7,NULL,60.0000,1,46.1613,15
24463,Wheels of Aurelia,Indie,7,NULL,60.0000,1,46.1613,15
72870,Horizon Zero Dawn: Complete Edition,Shooter,50,NULL,92.5000,2,89.4123,141
72870,Horizon Zero Dawn: Complete Edition,Role-playing (RPG),50,NULL,92.5000,2,89.4123,141
72870,Horizon Zero Dawn: Complete Edition,Adventure,50,NULL,92.5000,2,89.4123,141
7570,Assassin's Creed Rogue,Role-playing (RPG),152,2,70.9167,13,72.8110,418
7570,Assassin's Creed Rogue,Adventure,152,2,70.9167,13,72.8110,418
46800,Maneater,Role-playing (RPG),15,11,72.8571,18,72.8755,58
46800,Maneater,Adventure,15,11,72.8571,18,72.8755,58
46800,Maneater,Indie,15,11,72.8571,18,72.8755,58
204385,Pac-Man,Arcade,NULL,NULL,NULL,NULL,70.4502,11
131705,Sludge Life,Adventure,7,1,NULL,NULL,61.8773,15
131705,Sludge Life,Indie,7,1,NULL,NULL,61.8773,15
11560,AER: Memories of Old,Puzzle,25,6,68.0000,4,66.6864,52
11560,AER: Memories of Old,Adventure,25,6,68.0000,4,66.6864,52
11560,AER: Memories of Old,Indie,25,6,68.0000,4,66.6864,52
2750,Pac-Man,Arcade,39,NULL,78.6667,3,78.1208,231
9066,Cities: Skylines,Simulator,247,2,76.2308,16,80.8921,517
9066,Cities: Skylines,Strategy,247,2,76.2308,16,80.8921,517
2636,Dig Dug,Arcade,14,NULL,70.0000,1,79.3146,69
12846,Rolling Thunder,Shooter,2,NULL,NULL,NULL,67.2918,16
12846,Rolling Thunder,Platform,2,NULL,NULL,NULL,67.2918,16
1339,Psychonauts,Platform,101,NULL,84.8333,7,83.7577,312
1339,Psychonauts,Puzzle,101,NULL,84.8333,7,83.7577,312
1339,Psychonauts,Adventure,101,NULL,84.8333,7,83.7577,312
107215,SnowRunner,Simulator,40,16,81.0000,4,73.2665,34
107215,SnowRunner,Adventure,40,16,81.0000,4,73.2665,34
107215,SnowRunner,Arcade,40,16,81.0000,4,73.2665,34
11452,Revelations: Persona,Role-playing (RPG),10,NULL,NULL,NULL,70.0019,24
135,Devil May Cry 2,Adventure,28,NULL,49.6000,7,54.9728,176
11453,Persona 2: Innocent Sin,Role-playing (RPG),20,NULL,69.7500,5,79.1467,59
20545,Devil May Cry 3: Dante's Awakening - Special Edition,Shooter,17,NULL,90.0000,1,87.0326,98
20545,Devil May Cry 3: Dante's Awakening - Special Edition,Adventure,17,NULL,90.0000,1,87.0326,98
9600,Persona 4,Role-playing (RPG),112,NULL,92.7500,7,87.8582,233
9600,Persona 4,Simulator,112,NULL,92.7500,7,87.8582,233
113112,Hades,Role-playing (RPG),91,3,94.0625,20,91.7743,807
113112,Hades,Adventure,91,3,94.0625,20,91.7743,807
113112,Hades,Indie,91,3,94.0625,20,91.7743,807
21842,Shin Megami Tensei: Persona,Role-playing (RPG),8,NULL,90.0000,2,79.4050,32
2985,Persona 4 Golden,Role-playing (RPG),112,1,85.9167,17,95.2512,387
2985,Persona 4 Golden,Adventure,112,1,85.9167,17,95.2512,387
9927,Persona 5,Role-playing (RPG),250,34,93.5714,23,92.9538,765
9927,Persona 5,Adventure,250,34,93.5714,23,92.9538,765
9538,Original War,Strategy,8,1,80.0000,1,90.2522,11
9538,Original War,Indie,8,1,80.0000,1,90.2522,11
11454,Persona 2: Eternal Punishment,Role-playing (RPG),16,NULL,NULL,NULL,79.7949,43
11454,Persona 2: Eternal Punishment,Adventure,16,NULL,NULL,NULL,79.7949,43
11416,Persona 3 Portable,Role-playing (RPG),28,NULL,87.8889,12,84.4155,103
11416,Persona 3 Portable,Strategy,28,NULL,87.8889,12,84.4155,103
11416,Persona 3 Portable,Adventure,28,NULL,87.8889,12,84.4155,103
117731,Persona 5 Strikers,Role-playing (RPG),17,3,81.2308,16,79.4615,53
117731,Persona 5 Strikers,Adventure,17,3,81.2308,16,79.4615,53
21032,Ys I & II Chronicles+,Role-playing (RPG),5,1,60.0000,1,70.7340,16
21032,Ys I & II Chronicles+,Adventure,5,1,60.0000,1,70.7340,16
2934,Knights of Pen and Paper +1 Edition,Role-playing (RPG),6,NULL,85.0000,2,79.1869,13
2934,Knights of Pen and Paper +1 Edition,Strategy,6,NULL,85.0000,2,79.1869,13
2934,Knights of Pen and Paper +1 Edition,Indie,6,NULL,85.0000,2,79.1869,13
2002,Banished,Simulator,53,6,68.3333,3,71.6887,158
2002,Banished,Strategy,53,6,68.3333,3,71.6887,158
2002,Banished,Indie,53,6,68.3333,3,71.6887,158
19474,Gwent: The Witcher Card Game,Role-playing (RPG),66,13,85.0000,3,78.2509,126
19474,Gwent: The Witcher Card Game,Strategy,66,13,85.0000,3,78.2509,126
9646,Time Commando,Adventure,2,NULL,NULL,NULL,69.1650,19
9646,Time Commando,Arcade,2,NULL,NULL,NULL,69.1650,19
2935,"Papers, Please",Puzzle,150,NULL,82.4000,5,81.6636,512
2935,"Papers, Please",Simulator,150,NULL,82.4000,5,81.6636,512
2935,"Papers, Please",Indie,150,NULL,82.4000,5,81.6636,512
9806,Hyper Light Drifter,Shooter,113,10,88.9091,12,81.9245,208
9806,Hyper Light Drifter,Role-playing (RPG),113,10,88.9091,12,81.9245,208
9806,Hyper Light Drifter,Adventure,113,10,88.9091,12,81.9245,208
9806,Hyper Light Drifter,Indie,113,10,88.9091,12,81.9245,208
9241,The Escapists,Puzzle,39,2,68.9091,12,55.4703,69
9241,The Escapists,Role-playing (RPG),39,2,68.9091,12,55.4703,69
9241,The Escapists,Simulator,39,2,68.9091,12,55.4703,69
9241,The Escapists,Strategy,39,2,68.9091,12,55.4703,69
9241,The Escapists,Adventure,39,2,68.9091,12,55.4703,69
9241,The Escapists,Indie,39,2,68.9091,12,55.4703,69
6611,Botanicula,Puzzle,39,NULL,82.3333,3,77.0810,110
6611,Botanicula,Adventure,39,NULL,82.3333,3,77.0810,110
6611,Botanicula,Indie,39,NULL,82.3333,3,77.0810,110
11437,Persona 3 FES,Role-playing (RPG),36,NULL,91.5000,2,87.7533,109
11437,Persona 3 FES,Simulator,36,NULL,91.5000,2,87.7533,109
11657,Epistory: Typing Chronicles,Puzzle,9,1,82.5000,3,70.0176,24
11657,Epistory: Typing Chronicles,Role-playing (RPG),9,1,82.5000,3,70.0176,24
11657,Epistory: Typing Chronicles,Adventure,9,1,82.5000,3,70.0176,24
11657,Epistory: Typing Chronicles,Indie,9,1,82.5000,3,70.0176,24
16665,The Legend of Heroes: Trails in the Sky SC,Role-playing (RPG),9,NULL,80.0000,2,90.0425,33
8587,Uplink,Simulator,10,NULL,70.0000,2,80.0444,20
8587,Uplink,Strategy,10,NULL,70.0000,2,80.0444,20
8587,Uplink,Indie,10,NULL,70.0000,2,80.0444,20
16493,Another World: 20th Anniversary Edition,Platform,8,NULL,60.0000,1,78.1845,19
16493,Another World: 20th Anniversary Edition,Adventure,8,NULL,60.0000,1,78.1845,19
16493,Another World: 20th Anniversary Edition,Arcade,8,NULL,60.0000,1,78.1845,19
27094,Stories Untold,Puzzle,28,1,78.3333,6,79.1692,69
27094,Stories Untold,Adventure,28,1,78.3333,6,79.1692,69
27094,Stories Untold,Indie,28,1,78.3333,6,79.1692,69
3077,Sniper Elite,Shooter,25,NULL,80.5000,3,69.7218,59
3077,Sniper Elite,Simulator,25,NULL,80.5000,3,69.7218,59
3077,Sniper Elite,Strategy,25,NULL,80.5000,3,69.7218,59
26175,Wuppo,Platform,5,NULL,77.2000,5,73.3752,12
26175,Wuppo,Role-playing (RPG),5,NULL,77.2000,5,73.3752,12
26175,Wuppo,Adventure,5,NULL,77.2000,5,73.3752,12
26175,Wuppo,Indie,5,NULL,77.2000,5,73.3752,12
1961,Dreamfall: The Longest Journey,Puzzle,44,NULL,62.0000,2,81.2628,138
1961,Dreamfall: The Longest Journey,Role-playing (RPG),44,NULL,62.0000,2,81.2628,138
1961,Dreamfall: The Longest Journey,Adventure,44,NULL,62.0000,2,81.2628,138
5039,King's Bounty: The Legend,Role-playing (RPG),20,NULL,87.2500,5,87.3087,66
5039,King's Bounty: The Legend,Simulator,20,NULL,87.2500,5,87.3087,66
5039,King's Bounty: The Legend,Strategy,20,NULL,87.2500,5,87.3087,66
54220,Persona Q2: New Cinema Labyrinth,Role-playing (RPG),4,3,79.2500,10,96.6060,17
54220,Persona Q2: New Cinema Labyrinth,Strategy,4,3,79.2500,10,96.6060,17
54220,Persona Q2: New Cinema Labyrinth,Adventure,4,3,79.2500,10,96.6060,17
127254,Pathfinder: Wrath of the Righteous,Role-playing (RPG),4,1,84.6667,3,89.4992,23
127254,Pathfinder: Wrath of the Righteous,Strategy,4,1,84.6667,3,89.4992,23
127254,Pathfinder: Wrath of the Righteous,Adventure,4,1,84.6667,3,89.4992,23
127254,Pathfinder: Wrath of the Righteous,Indie,4,1,84.6667,3,89.4992,23
6887,Persona Q: Shadow of the Labyrinth,Role-playing (RPG),17,NULL,82.2500,9,89.2069,37
27911,Dragon Age: Origins - Ultimate Edition,Role-playing (RPG),10,NULL,NULL,NULL,86.1999,45
27911,Dragon Age: Origins - Ultimate Edition,Strategy,10,NULL,NULL,NULL,86.1999,45
27911,Dragon Age: Origins - Ultimate Edition,Adventure,10,NULL,NULL,NULL,86.1999,45
29190,Sacred Gold,Role-playing (RPG),4,NULL,NULL,NULL,72.1996,13
8138,Neverending Nightmares,Adventure,10,NULL,67.0000,3,72.8979,26
8138,Neverending Nightmares,Indie,10,NULL,67.0000,3,72.8979,26
22726,TIS-100,Puzzle,6,NULL,NULL,NULL,70.3854,13
22726,TIS-100,Simulator,6,NULL,NULL,NULL,70.3854,13
22726,TIS-100,Indie,6,NULL,NULL,NULL,70.3854,13
10049,Black Mirror III: Final Fear,Adventure,6,NULL,NULL,NULL,75.2168,26
2419,Albion,Puzzle,4,NULL,NULL,NULL,80.9468,12
2419,Albion,Role-playing (RPG),4,NULL,NULL,NULL,80.9468,12
2419,Albion,Adventure,4,NULL,NULL,NULL,80.9468,12
9376,Death to Spies,Shooter,6,NULL,70.0000,2,69.9036,11
9376,Death to Spies,Adventure,6,NULL,70.0000,2,69.9036,11
34783,Call of Cthulhu: Shadow of the Comet,Puzzle,3,NULL,NULL,NULL,60.9609,11
34783,Call of Cthulhu: Shadow of the Comet,Adventure,3,NULL,NULL,NULL,60.9609,11
1151,Broken Sword: The Sleeping Dragon,Puzzle,16,NULL,60.0000,2,71.1884,68
1151,Broken Sword: The Sleeping Dragon,Adventure,16,NULL,60.0000,2,71.1884,68
27860,Broken Sword: The Smoking Mirror - Remastered,Puzzle,6,NULL,NULL,NULL,84.1422,37
27860,Broken Sword: The Smoking Mirror - Remastered,Adventure,6,NULL,NULL,NULL,84.1422,37
186,Indiana Jones and the Last Crusade: The Graphic Adventure,Puzzle,17,NULL,NULL,NULL,83.9682,51
186,Indiana Jones and the Last Crusade: The Graphic Adventure,Adventure,17,NULL,NULL,NULL,83.9682,51
1000,Oddworld: Abe's Exoddus,Platform,28,NULL,80.0000,2,83.1096,88
1000,Oddworld: Abe's Exoddus,Puzzle,28,NULL,80.0000,2,83.1096,88
1000,Oddworld: Abe's Exoddus,Adventure,28,NULL,80.0000,2,83.1096,88
9349,Delta Force 2,Shooter,13,NULL,80.0000,1,78.0175,38
86652,Stronghold HD,Simulator,3,NULL,NULL,NULL,80.0358,15
86652,Stronghold HD,Strategy,3,NULL,NULL,NULL,80.0358,15
837,Prince of Persia: Warrior Within,Platform,149,NULL,79.6000,7,82.8984,424
837,Prince of Persia: Warrior Within,Adventure,149,NULL,79.6000,7,82.8984,424
26674,The Lion's Song,Adventure,2,NULL,80.0000,5,79.8927,12
26674,The Lion's Song,Indie,2,NULL,80.0000,5,79.8927,12
20048,Darksiders II: Deathinitive Edition,Puzzle,34,NULL,74.9167,13,75.4507,62
20048,Darksiders II: Deathinitive Edition,Role-playing (RPG),34,NULL,74.9167,13,75.4507,62
20048,Darksiders II: Deathinitive Edition,Adventure,34,NULL,74.9167,13,75.4507,62
11272,Chaser,Shooter,1,NULL,69.5000,2,64.3261,19
1404,Metal Slug,Shooter,41,NULL,NULL,NULL,81.6845,207
1404,Metal Slug,Platform,41,NULL,NULL,NULL,81.6845,207
1404,Metal Slug,Arcade,41,NULL,NULL,NULL,81.6845,207
3022,Transistor,Role-playing (RPG),142,4,85.2500,14,83.0129,402
3022,Transistor,Strategy,142,4,85.2500,14,83.0129,402
3022,Transistor,Adventure,142,4,85.2500,14,83.0129,402
3022,Transistor,Indie,142,4,85.2500,14,83.0129,402
27988,Planescape: Torment - Enhanced Edition,Role-playing (RPG),21,1,79.7500,6,79.8039,22
27988,Planescape: Torment - Enhanced Edition,Strategy,21,1,79.7500,6,79.8039,22
27988,Planescape: Torment - Enhanced Edition,Adventure,21,1,79.7500,6,79.8039,22
8732,Dungeons & Dragons: Pool of Radiance,Role-playing (RPG),6,NULL,NULL,NULL,79.2828,19
8732,Dungeons & Dragons: Pool of Radiance,Strategy,6,NULL,NULL,NULL,79.2828,19
8732,Dungeons & Dragons: Pool of Radiance,Adventure,6,NULL,NULL,NULL,79.2828,19
5628,Luftrausers,Simulator,17,NULL,80.4545,11,78.9220,46
5628,Luftrausers,Strategy,17,NULL,80.4545,11,78.9220,46
5628,Luftrausers,Indie,17,NULL,80.4545,11,78.9220,46
5628,Luftrausers,Arcade,17,NULL,80.4545,11,78.9220,46
14326,Lovely Planet,Shooter,4,NULL,76.6667,3,62.9004,15
14326,Lovely Planet,Platform,4,NULL,76.6667,3,62.9004,15
14326,Lovely Planet,Puzzle,4,NULL,76.6667,3,62.9004,15
14326,Lovely Planet,Indie,4,NULL,76.6667,3,62.9004,15
12519,Tooth and Tail,Strategy,12,4,82.0000,8,90.8106,19
12519,Tooth and Tail,Indie,12,4,82.0000,8,90.8106,19
12519,Tooth and Tail,Arcade,12,4,82.0000,8,90.8106,19
7876,Race the Sun,Indie,14,NULL,86.0000,2,71.9594,55
7876,Race the Sun,Arcade,14,NULL,86.0000,2,71.9594,55
6441,BlazBlue: Calamity Trigger,Arcade,14,NULL,73.3333,6,76.7138,43
8792,Mount & Blade: With Fire and Sword,Role-playing (RPG),6,NULL,80.0000,3,69.3323,42
8792,Mount & Blade: With Fire and Sword,Strategy,6,NULL,80.0000,3,69.3323,42
9143,Guilty Gear X2 #Reload,Arcade,4,NULL,60.0000,2,91.9558,24
152124,Bramble: The Mountain King,Platform,NULL,8,68.0000,1,76.1050,20
152124,Bramble: The Mountain King,Puzzle,NULL,8,68.0000,1,76.1050,20
152124,Bramble: The Mountain King,Adventure,NULL,8,68.0000,1,76.1050,20
152124,Bramble: The Mountain King,Indie,NULL,8,68.0000,1,76.1050,20
8259,Tacoma,Adventure,47,10,78.1875,19,71.2660,102
8259,Tacoma,Indie,47,10,78.1875,19,71.2660,102
8762,Lumino City,Puzzle,12,NULL,70.0000,2,83.6761,24
8762,Lumino City,Adventure,12,NULL,70.0000,2,83.6761,24
8762,Lumino City,Indie,12,NULL,70.0000,2,83.6761,24
9730,Firewatch,Adventure,283,27,79.2778,21,79.1719,858
9730,Firewatch,Indie,283,27,79.2778,21,79.1719,858
356,Quake 4,Shooter,45,NULL,74.5000,7,74.6038,169
14,Fallout 2,Puzzle,242,NULL,NULL,NULL,89.7160,646
14,Fallout 2,Role-playing (RPG),242,NULL,NULL,NULL,89.7160,646
1341,Beyond Good & Evil,Shooter,157,NULL,90.6000,6,86.0907,310
1341,Beyond Good & Evil,Puzzle,157,NULL,90.6000,6,86.0907,310
1341,Beyond Good & Evil,Adventure,157,NULL,90.6000,6,86.0907,310
3251,Super Hexagon,Indie,36,NULL,83.3333,3,79.2772,111
3251,Super Hexagon,Arcade,36,NULL,83.3333,3,79.2772,111
14740,The Deadly Tower of Monsters,Shooter,16,1,75.4000,6,75.8962,43
14740,The Deadly Tower of Monsters,Adventure,16,1,75.4000,6,75.8962,43
14740,The Deadly Tower of Monsters,Indie,16,1,75.4000,6,75.8962,43
9833,Warlords Battlecry II,Role-playing (RPG),6,NULL,82.0000,2,88.9639,11
9833,Warlords Battlecry II,Simulator,6,NULL,82.0000,2,88.9639,11
9833,Warlords Battlecry II,Strategy,6,NULL,82.0000,2,88.9639,11
25577,Oh...Sir!! The Insult Simulator,Simulator,4,NULL,62.2500,4,67.0875,14
25577,Oh...Sir!! The Insult Simulator,Strategy,4,NULL,62.2500,4,67.0875,14
25577,Oh...Sir!! The Insult Simulator,Indie,4,NULL,62.2500,4,67.0875,14
25577,Oh...Sir!! The Insult Simulator,Arcade,4,NULL,62.2500,4,67.0875,14
1878,War for the Overworld,Simulator,16,4,60.0000,3,77.3870,22
1878,War for the Overworld,Strategy,16,4,60.0000,3,77.3870,22
1878,War for the Overworld,Indie,16,4,60.0000,3,77.3870,22
26129,The Incredible Adventures of Van Helsing: Final Cut,Role-playing (RPG),9,NULL,NULL,NULL,73.8203,13
26129,The Incredible Adventures of Van Helsing: Final Cut,Adventure,9,NULL,NULL,NULL,73.8203,13
26129,The Incredible Adventures of Van Helsing: Final Cut,Indie,9,NULL,NULL,NULL,73.8203,13
23294,realMyst: Masterpiece Edition,Puzzle,8,NULL,66.0000,1,87.3581,14
23294,realMyst: Masterpiece Edition,Adventure,8,NULL,66.0000,1,87.3581,14
23294,realMyst: Masterpiece Edition,Indie,8,NULL,66.0000,1,87.3581,14
27667,Cosmic Star Heroine,Role-playing (RPG),3,NULL,77.3333,7,83.8188,12
27667,Cosmic Star Heroine,Adventure,3,NULL,77.3333,7,83.8188,12
27667,Cosmic Star Heroine,Indie,3,NULL,77.3333,7,83.8188,12
11587,Absolute Drift,Simulator,22,NULL,60.0000,1,69.7545,16
11587,Absolute Drift,Sport,22,NULL,60.0000,1,69.7545,16
11587,Absolute Drift,Indie,22,NULL,60.0000,1,69.7545,16
11587,Absolute Drift,Arcade,22,NULL,60.0000,1,69.7545,16
8508,Xenonauts,Simulator,13,NULL,70.0000,1,75.5520,11
8508,Xenonauts,Strategy,13,NULL,70.0000,1,75.5520,11
8508,Xenonauts,Indie,13,NULL,70.0000,1,75.5520,11
149,Star Wars: Starfighter,Shooter,5,NULL,78.5000,2,63.8339,26
149,Star Wars: Starfighter,Simulator,5,NULL,78.5000,2,63.8339,26
2906,Leisure Suit Larry in the Land of the Lounge Lizards,Adventure,11,NULL,NULL,NULL,75.0847,44
248,Populous,Simulator,8,NULL,NULL,NULL,67.7293,34
248,Populous,Strategy,8,NULL,NULL,NULL,67.7293,34
16018,Zombie Shooter 2,Shooter,2,NULL,NULL,NULL,70.0409,11
16018,Zombie Shooter 2,Platform,2,NULL,NULL,NULL,70.0409,11
16018,Zombie Shooter 2,Role-playing (RPG),2,NULL,NULL,NULL,70.0409,11
16018,Zombie Shooter 2,Indie,2,NULL,NULL,NULL,70.0409,11
8073,King's Bounty: Dark Side,Role-playing (RPG),1,NULL,NULL,NULL,54.5839,14
8073,King's Bounty: Dark Side,Strategy,1,NULL,NULL,NULL,54.5839,14
8073,King's Bounty: Dark Side,Adventure,1,NULL,NULL,NULL,54.5839,14
3050,Capsized,Platform,4,NULL,63.2000,5,69.9720,19
3050,Capsized,Puzzle,4,NULL,63.2000,5,69.9720,19
3050,Capsized,Indie,4,NULL,63.2000,5,69.9720,19
150,Star Wars: Jedi Knight - Dark Forces II,Shooter,24,NULL,NULL,NULL,83.2966,85
20329,Figment,Platform,18,NULL,88.6667,3,78.8250,35
20329,Figment,Puzzle,18,NULL,88.6667,3,78.8250,35
20329,Figment,Adventure,18,NULL,88.6667,3,78.8250,35
20329,Figment,Indie,18,NULL,88.6667,3,78.8250,35
116539,Blood: Fresh Supply,Shooter,2,NULL,80.0000,3,80.7849,18
110875,Lorelai,Adventure,1,NULL,NULL,NULL,86.5150,17
99071,Hypnospace Outlaw,Puzzle,3,NULL,84.3333,6,88.5353,26
99071,Hypnospace Outlaw,Role-playing (RPG),3,NULL,84.3333,6,88.5353,26
99071,Hypnospace Outlaw,Simulator,3,NULL,84.3333,6,88.5353,26
99071,Hypnospace Outlaw,Adventure,3,NULL,84.3333,6,88.5353,26
99071,Hypnospace Outlaw,Indie,3,NULL,84.3333,6,88.5353,26
6072,Styx: Master of Shadows,Role-playing (RPG),32,2,74.2222,9,73.3970,61
6072,Styx: Master of Shadows,Strategy,32,2,74.2222,9,73.3970,61
6072,Styx: Master of Shadows,Adventure,32,2,74.2222,9,73.3970,61
5614,Kentucky Route Zero,Adventure,42,NULL,88.0000,11,69.3283,78
5614,Kentucky Route Zero,Indie,42,NULL,88.0000,11,69.3283,78
141543,Road 96,Puzzle,7,4,83.0000,9,74.6453,51
141543,Road 96,Adventure,7,4,83.0000,9,74.6453,51
141543,Road 96,Indie,7,4,83.0000,9,74.6453,51
100667,Cube Escape: Paradox,Puzzle,1,NULL,NULL,NULL,59.4482,27
100667,Cube Escape: Paradox,Adventure,1,NULL,NULL,NULL,59.4482,27
100667,Cube Escape: Paradox,Indie,1,NULL,NULL,NULL,59.4482,27
23181,OneShot,Puzzle,16,NULL,NULL,NULL,83.3435,87
23181,OneShot,Role-playing (RPG),16,NULL,NULL,NULL,83.3435,87
23181,OneShot,Adventure,16,NULL,NULL,NULL,83.3435,87
23181,OneShot,Indie,16,NULL,NULL,NULL,83.3435,87
25849,Off-Peak,Adventure,3,NULL,NULL,NULL,62.0137,11
25849,Off-Peak,Indie,3,NULL,NULL,NULL,62.0137,11
1991,Fez,Platform,136,NULL,85.5000,15,80.5715,368
1991,Fez,Puzzle,136,NULL,85.5000,15,80.5715,368
1991,Fez,Adventure,136,NULL,85.5000,15,80.5715,368
1991,Fez,Indie,136,NULL,85.5000,15,80.5715,368
11092,Anodyne,Platform,4,NULL,69.8000,5,66.8405,30
11092,Anodyne,Adventure,4,NULL,69.8000,5,66.8405,30
11092,Anodyne,Indie,4,NULL,69.8000,5,66.8405,30
120552,The White Door,Puzzle,NULL,NULL,77.0000,1,72.2840,19
120552,The White Door,Adventure,NULL,NULL,77.0000,1,72.2840,19
120552,The White Door,Indie,NULL,NULL,77.0000,1,72.2840,19
51524,The Walking Dead: The Final Season,Adventure,42,6,71.2500,7,79.1487,156
19637,Star Wars: The Force Unleashed - Ultimate Sith Edition,Role-playing (RPG),7,NULL,63.7500,4,77.2119,23
19637,Star Wars: The Force Unleashed - Ultimate Sith Edition,Adventure,7,NULL,63.7500,4,77.2119,23
92919,Eliza,Adventure,NULL,NULL,NULL,NULL,62.2827,13
92919,Eliza,Indie,NULL,NULL,NULL,NULL,62.2827,13
27448,SuperHot: Mind Control Delete,Shooter,20,2,83.9000,12,77.9016,66
27448,SuperHot: Mind Control Delete,Puzzle,20,2,83.9000,12,77.9016,66
27448,SuperHot: Mind Control Delete,Indie,20,2,83.9000,12,77.9016,66
7205,SuperHot,Shooter,264,26,84.7222,19,76.7579,426
7205,SuperHot,Puzzle,264,26,84.7222,19,76.7579,426
7205,SuperHot,Indie,264,26,84.7222,19,76.7579,426
5442,Dracula: Origin,Puzzle,5,NULL,60.0000,2,78.2936,11
5442,Dracula: Origin,Adventure,5,NULL,60.0000,2,78.2936,11
5442,Dracula: Origin,Indie,5,NULL,60.0000,2,78.2936,11
14587,Oxenfree,Role-playing (RPG),128,NULL,78.5625,17,76.0955,352
14587,Oxenfree,Adventure,128,NULL,78.5625,17,76.0955,352
14587,Oxenfree,Indie,128,NULL,78.5625,17,76.0955,352
14678,A Good Snowman is Hard to Build,Puzzle,1,NULL,76.5000,2,69.3479,15
14678,A Good Snowman is Hard to Build,Indie,1,NULL,76.5000,2,69.3479,15
14678,A Good Snowman is Hard to Build,Arcade,1,NULL,76.5000,2,69.3479,15
54678,Rusty Lake Paradise,Puzzle,10,2,NULL,NULL,68.3962,35
54678,Rusty Lake Paradise,Adventure,10,2,NULL,NULL,68.3962,35
54678,Rusty Lake Paradise,Indie,10,2,NULL,NULL,68.3962,35
78547,The Council,Role-playing (RPG),16,3,69.5385,6,78.8569,57
78547,The Council,Adventure,16,3,69.5385,6,78.8569,57
24856,Conarium,Puzzle,19,3,72.0000,2,65.8628,28
24856,Conarium,Adventure,19,3,72.0000,2,65.8628,28
24856,Conarium,Indie,19,3,72.0000,2,65.8628,28
14760,Death's Gambit,Role-playing (RPG),33,19,67.0909,12,70.3818,30
14760,Death's Gambit,Adventure,33,19,67.0909,12,70.3818,30
14760,Death's Gambit,Indie,33,19,67.0909,12,70.3818,30
8729,Vampyr,Role-playing (RPG),247,89,68.2941,21,72.5506,207
8729,Vampyr,Adventure,247,89,68.2941,21,72.5506,207
93,Need for Speed: High Stakes,Simulator,12,NULL,NULL,NULL,72.9513,71
118645,She Sees Red,Adventure,2,NULL,NULL,NULL,64.0488,21
118645,She Sees Red,Indie,2,NULL,NULL,NULL,64.0488,21
26970,Minit,Puzzle,24,1,77.8571,8,71.8607,100
26970,Minit,Role-playing (RPG),24,1,77.8571,8,71.8607,100
26970,Minit,Adventure,24,1,77.8571,8,71.8607,100
26970,Minit,Indie,24,1,77.8571,8,71.8607,100
25260,Dusk,Shooter,18,4,89.5000,5,83.4041,55
25260,Dusk,Adventure,18,4,89.5000,5,83.4041,55
25260,Dusk,Indie,18,4,89.5000,5,83.4041,55
124333,Ultrakill,Shooter,3,1,NULL,NULL,85.3356,28
124333,Ultrakill,Platform,3,1,NULL,NULL,85.3356,28
124333,Ultrakill,Indie,3,1,NULL,NULL,85.3356,28
124333,Ultrakill,Arcade,3,1,NULL,NULL,85.3356,28
244,The Bureau: XCOM Declassified,Shooter,25,NULL,69.2000,11,59.0194,79
244,The Bureau: XCOM Declassified,Strategy,25,NULL,69.2000,11,59.0194,79
95032,Crying Suns,Role-playing (RPG),5,2,79.5000,2,59.3261,14
95032,Crying Suns,Simulator,5,2,79.5000,2,59.3261,14
95032,Crying Suns,Strategy,5,2,79.5000,2,59.3261,14
95032,Crying Suns,Indie,5,2,79.5000,2,59.3261,14
113998,Dysmantle,Puzzle,4,2,83.0000,1,60.4074,20
113998,Dysmantle,Role-playing (RPG),4,2,83.0000,1,60.4074,20
113998,Dysmantle,Simulator,4,2,83.0000,1,60.4074,20
113998,Dysmantle,Adventure,4,2,83.0000,1,60.4074,20
113998,Dysmantle,Indie,4,2,83.0000,1,60.4074,20
10637,Offworld Trading Company,Simulator,23,NULL,89.3333,4,68.4694,23
10637,Offworld Trading Company,Strategy,23,NULL,89.3333,4,68.4694,23
10637,Offworld Trading Company,Indie,23,NULL,89.3333,4,68.4694,23
18918,Northgard,Role-playing (RPG),84,3,81.0000,5,71.9109,84
18918,Northgard,Simulator,84,3,81.0000,5,71.9109,84
18918,Northgard,Strategy,84,3,81.0000,5,71.9109,84
18918,Northgard,Indie,84,3,81.0000,5,71.9109,84
2974,Surgeon Simulator 2013,Puzzle,8,NULL,80.8000,7,68.5243,39
2974,Surgeon Simulator 2013,Role-playing (RPG),8,NULL,80.8000,7,68.5243,39
2974,Surgeon Simulator 2013,Simulator,8,NULL,80.8000,7,68.5243,39
2974,Surgeon Simulator 2013,Indie,8,NULL,80.8000,7,68.5243,39
11542,Shenmue III,Role-playing (RPG),87,32,67.5455,15,64.9386,20
11542,Shenmue III,Adventure,87,32,67.5455,15,64.9386,20
116100,Neon Abyss,Shooter,7,4,90.0000,2,72.3060,21
116100,Neon Abyss,Platform,7,4,90.0000,2,72.3060,21
116100,Neon Abyss,Role-playing (RPG),7,4,90.0000,2,72.3060,21
116100,Neon Abyss,Adventure,7,4,90.0000,2,72.3060,21
116100,Neon Abyss,Indie,7,4,90.0000,2,72.3060,21
21704,Batman: Arkham City - Game of the Year Edition,Adventure,20,NULL,94.0000,1,93.5199,108
27719,Ape Out,Adventure,15,5,81.8333,14,77.1986,76
27719,Ape Out,Indie,15,5,81.8333,14,77.1986,76
27719,Ape Out,Arcade,15,5,81.8333,14,77.1986,76
36597,Cat Quest,Role-playing (RPG),7,NULL,82.6250,8,69.9244,44
36597,Cat Quest,Adventure,7,NULL,82.6250,8,69.9244,44
36597,Cat Quest,Indie,7,NULL,82.6250,8,69.9244,44
135919,Alba: A Wildlife Adventure,Adventure,2,NULL,81.6667,3,84.4254,19
135919,Alba: A Wildlife Adventure,Indie,2,NULL,81.6667,3,84.4254,19
2003,Batman: Arkham Origins,Adventure,208,11,71.1176,20,75.0361,630
134161,Sherlock Holmes: Chapter One,Adventure,1,3,76.8889,9,80.8960,19
134161,Sherlock Holmes: Chapter One,Indie,1,3,76.8889,9,80.8960,19
36813,The Evil Within 2,Shooter,115,14,81.2000,19,82.5282,184
36813,The Evil Within 2,Role-playing (RPG),115,14,81.2000,19,82.5282,184
36813,The Evil Within 2,Adventure,115,14,81.2000,19,82.5282,184
8214,Cave Story+,Shooter,37,NULL,81.0000,1,87.3409,79
8214,Cave Story+,Platform,37,NULL,81.0000,1,87.3409,79
8214,Cave Story+,Adventure,37,NULL,81.0000,1,87.3409,79
8214,Cave Story+,Indie,37,NULL,81.0000,1,87.3409,79
75855,Project Hospital,Simulator,5,3,NULL,NULL,72.9793,12
75855,Project Hospital,Strategy,5,3,NULL,NULL,72.9793,12
75855,Project Hospital,Indie,5,3,NULL,NULL,72.9793,12
152424,Terra Nil,Puzzle,2,6,80.0000,2,79.2424,20
152424,Terra Nil,Simulator,2,6,80.0000,2,79.2424,20
152424,Terra Nil,Strategy,2,6,80.0000,2,79.2424,20
152424,Terra Nil,Indie,2,6,80.0000,2,79.2424,20
166722,The Case of the Golden Idol,Puzzle,2,1,89.0000,3,94.6236,15
166722,The Case of the Golden Idol,Adventure,2,1,89.0000,3,94.6236,15
166722,The Case of the Golden Idol,Indie,2,1,89.0000,3,94.6236,15
9964,Alien Breed: Impact,Shooter,4,NULL,60.0000,1,67.1352,12
9964,Alien Breed: Impact,Arcade,4,NULL,60.0000,1,67.1352,12
122522,Gas Station Simulator,Simulator,2,NULL,NULL,NULL,71.9145,12
122522,Gas Station Simulator,Indie,2,NULL,NULL,NULL,71.9145,12
11397,Yakuza 0,Role-playing (RPG),74,NULL,86.0000,22,87.7221,342
11397,Yakuza 0,Simulator,74,NULL,86.0000,22,87.7221,342
11397,Yakuza 0,Adventure,74,NULL,86.0000,22,87.7221,342
164867,Dredge,Role-playing (RPG),NULL,5,85.6000,7,80.9079,39
164867,Dredge,Simulator,NULL,5,85.6000,7,80.9079,39
164867,Dredge,Adventure,NULL,5,85.6000,7,80.9079,39
514,F.E.A.R. 3,Shooter,42,NULL,75.8000,9,68.1104,163
514,F.E.A.R. 3,Adventure,42,NULL,75.8000,9,68.1104,163
10795,Detective Grimoire: Secret of the Swamp,Puzzle,3,NULL,NULL,NULL,70.4695,15
10795,Detective Grimoire: Secret of the Swamp,Adventure,3,NULL,NULL,NULL,70.4695,15
10795,Detective Grimoire: Secret of the Swamp,Indie,3,NULL,NULL,NULL,70.4695,15
19820,Fat Princess,Strategy,5,NULL,75.0000,4,70.0258,12
6094,Choplifter,Shooter,2,NULL,NULL,NULL,69.9438,18
6094,Choplifter,Arcade,2,NULL,NULL,NULL,69.9438,18
126835,Death and Taxes,Puzzle,2,NULL,75.0000,1,78.9243,15
126835,Death and Taxes,Role-playing (RPG),2,NULL,75.0000,1,78.9243,15
126835,Death and Taxes,Simulator,2,NULL,75.0000,1,78.9243,15
126835,Death and Taxes,Strategy,2,NULL,75.0000,1,78.9243,15
126835,Death and Taxes,Adventure,2,NULL,75.0000,1,78.9243,15
126835,Death and Taxes,Indie,2,NULL,75.0000,1,78.9243,15
157176,Dagon,Adventure,2,1,NULL,NULL,54.3235,24
157176,Dagon,Indie,2,1,NULL,NULL,54.3235,24
133152,Helltaker,Puzzle,2,NULL,NULL,NULL,73.4793,104
133152,Helltaker,Adventure,2,NULL,NULL,NULL,73.4793,104
133152,Helltaker,Indie,2,NULL,NULL,NULL,73.4793,104
14762,Emily is Away,Simulator,21,NULL,NULL,NULL,66.5054,115
14762,Emily is Away,Adventure,21,NULL,NULL,NULL,66.5054,115
14762,Emily is Away,Indie,21,NULL,NULL,NULL,66.5054,115
27409,Narita Boy,Platform,14,13,76.7500,5,78.5366,14
27409,Narita Boy,Role-playing (RPG),14,13,76.7500,5,78.5366,14
27409,Narita Boy,Strategy,14,13,76.7500,5,78.5366,14
27409,Narita Boy,Adventure,14,13,76.7500,5,78.5366,14
27409,Narita Boy,Indie,14,13,76.7500,5,78.5366,14
27409,Narita Boy,Arcade,14,13,76.7500,5,78.5366,14
133887,Tony Hawk's Pro Skater 1+2,Simulator,14,3,88.5625,21,83.8283,55
133887,Tony Hawk's Pro Skater 1+2,Sport,14,3,88.5625,21,83.8283,55
2174,Sonic & All-Stars Racing Transformed,Sport,37,NULL,79.1111,12,80.0691,134
103331,Trover Saves the Universe,Platform,9,1,75.8000,5,80.7367,18
103331,Trover Saves the Universe,Puzzle,9,1,75.8000,5,80.7367,18
103331,Trover Saves the Universe,Adventure,9,1,75.8000,5,80.7367,18
103331,Trover Saves the Universe,Indie,9,1,75.8000,5,80.7367,18
9178,Pneuma: Breath of Life,Puzzle,5,NULL,65.0000,3,65.5916,18
9178,Pneuma: Breath of Life,Adventure,5,NULL,65.0000,3,65.5916,18
9178,Pneuma: Breath of Life,Indie,5,NULL,65.0000,3,65.5916,18
17026,Furi,Shooter,50,2,79.0000,23,78.5220,151
17026,Furi,Adventure,50,2,79.0000,23,78.5220,151
17026,Furi,Indie,50,2,79.0000,23,78.5220,151
13210,How to Survive 2,Role-playing (RPG),11,NULL,78.5000,4,57.0154,18
13210,How to Survive 2,Adventure,11,NULL,78.5000,4,57.0154,18
141540,Disco Elysium: The Final Cut,Role-playing (RPG),8,5,90.8333,7,92.0314,110
141540,Disco Elysium: The Final Cut,Adventure,8,5,90.8333,7,92.0314,110
141540,Disco Elysium: The Final Cut,Indie,8,5,90.8333,7,92.0314,110
11737,Outer Wilds,Puzzle,33,2,84.7143,7,89.4845,377
11737,Outer Wilds,Simulator,33,2,84.7143,7,89.4845,377
11737,Outer Wilds,Adventure,33,2,84.7143,7,89.4845,377
11737,Outer Wilds,Indie,33,2,84.7143,7,89.4845,377
118871,Grid,Simulator,44,2,72.5000,10,73.4606,28
118871,Grid,Sport,44,2,72.5000,10,73.4606,28
10032,Ancestors: The Humankind Odyssey,Role-playing (RPG),19,15,65.0000,14,72.3649,39
10032,Ancestors: The Humankind Odyssey,Adventure,19,15,65.0000,14,72.3649,39
10032,Ancestors: The Humankind Odyssey,Indie,19,15,65.0000,14,72.3649,39
6558,River City Ransom,Role-playing (RPG),11,NULL,71.0000,1,79.5950,41
6558,River City Ransom,Adventure,11,NULL,71.0000,1,79.5950,41
13192,Paint the Town Red,Shooter,8,1,70.0000,2,67.8682,16
13192,Paint the Town Red,Role-playing (RPG),8,1,70.0000,2,67.8682,16
13192,Paint the Town Red,Adventure,8,1,70.0000,2,67.8682,16
13192,Paint the Town Red,Indie,8,1,70.0000,2,67.8682,16
13192,Paint the Town Red,Arcade,8,1,70.0000,2,67.8682,16
10745,Ticket to Ride: Classic Edition,Strategy,7,NULL,63.3333,3,79.3498,20
10745,Ticket to Ride: Classic Edition,Adventure,7,NULL,63.3333,3,79.3498,20
10745,Ticket to Ride: Classic Edition,Indie,7,NULL,63.3333,3,79.3498,20
24417,Eastward,Role-playing (RPG),8,25,81.0000,4,88.9584,21
24417,Eastward,Adventure,8,25,81.0000,4,88.9584,21
24417,Eastward,Indie,8,25,81.0000,4,88.9584,21
102095,Sagebrush,Adventure,NULL,NULL,0.0000,1,77.0990,12
102095,Sagebrush,Indie,NULL,NULL,0.0000,1,77.0990,12
10760,Bloodstained: Ritual of the Night,Platform,59,29,82.4545,14,86.5223,140
10760,Bloodstained: Ritual of the Night,Role-playing (RPG),59,29,82.4545,14,86.5223,140
10760,Bloodstained: Ritual of the Night,Adventure,59,29,82.4545,14,86.5223,140
58042,Agent A: A Puzzle In Disguise,Puzzle,1,NULL,75.0000,1,77.8443,19
58042,Agent A: A Puzzle In Disguise,Adventure,1,NULL,75.0000,1,77.8443,19
58042,Agent A: A Puzzle In Disguise,Indie,1,NULL,75.0000,1,77.8443,19
133306,Call of the Sea,Puzzle,4,4,72.5000,8,72.9169,69
133306,Call of the Sea,Adventure,4,4,72.5000,8,72.9169,69
133306,Call of the Sea,Indie,4,4,72.5000,8,72.9169,69
117514,The Walking Dead: The Telltale Definitive Series,Adventure,16,2,75.0000,4,82.7245,33
127,Assassin's Creed II,Platform,781,NULL,90.2500,11,87.1032,2336
127,Assassin's Creed II,Adventure,781,NULL,90.2500,11,87.1032,2336
31194,Just Shapes & Beats,Indie,7,1,85.0000,2,82.4134,15
31194,Just Shapes & Beats,Arcade,7,1,85.0000,2,82.4134,15
103341,Overcooked! 2,Simulator,26,6,80.4545,12,80.4181,193
103341,Overcooked! 2,Strategy,26,6,80.4545,12,80.4181,193
103341,Overcooked! 2,Indie,26,6,80.4545,12,80.4181,193
103341,Overcooked! 2,Arcade,26,6,80.4545,12,80.4181,193
522,Fable II,Role-playing (RPG),61,NULL,85.8333,8,78.4385,208
522,Fable II,Adventure,61,NULL,85.8333,8,78.4385,208
1011,Borderlands 2,Shooter,472,1,80.7059,18,84.5295,1519
1011,Borderlands 2,Role-playing (RPG),472,1,80.7059,18,84.5295,1519
204780,Cult of the Lamb: Cultist Edition,Strategy,7,NULL,NULL,NULL,67.9110,19
204780,Cult of the Lamb: Cultist Edition,Adventure,7,NULL,NULL,NULL,67.9110,19
204780,Cult of the Lamb: Cultist Edition,Indie,7,NULL,NULL,NULL,67.9110,19
228542,Armored Core VI: Fires of Rubicon,Shooter,1,5,86.5714,9,89.4652,24
228542,Armored Core VI: Fires of Rubicon,Adventure,1,5,86.5714,9,89.4652,24
19965,Tomb Raider: Definitive Edition,Shooter,43,NULL,88.7500,15,84.5119,105
19965,Tomb Raider: Definitive Edition,Platform,43,NULL,88.7500,15,84.5119,105
19965,Tomb Raider: Definitive Edition,Puzzle,43,NULL,88.7500,15,84.5119,105
19965,Tomb Raider: Definitive Edition,Adventure,43,NULL,88.7500,15,84.5119,105
8322,Zuma's Revenge!,Puzzle,11,NULL,74.5000,7,72.6478,26
8322,Zuma's Revenge!,Arcade,11,NULL,74.5000,7,72.6478,26
9547,The Fall,Shooter,19,NULL,77.5000,3,78.2520,48
9547,The Fall,Platform,19,NULL,77.5000,3,78.2520,48
9547,The Fall,Puzzle,19,NULL,77.5000,3,78.2520,48
9547,The Fall,Adventure,19,NULL,77.5000,3,78.2520,48
9547,The Fall,Indie,19,NULL,77.5000,3,78.2520,48
24920,Call of Duty: Modern Warfare Remastered,Shooter,43,NULL,86.8889,10,78.9046,173
25812,Lost Ember,Adventure,16,15,80.0000,4,79.0957,24
25812,Lost Ember,Indie,16,15,80.0000,4,79.0957,24
1970,Assassin's Creed IV Black Flag,Platform,449,13,84.5714,23,82.9633,1372
1970,Assassin's Creed IV Black Flag,Adventure,449,13,84.5714,23,82.9633,1372
1384,Hotline Miami,Shooter,352,NULL,86.2000,13,83.7520,1002
1384,Hotline Miami,Indie,352,NULL,86.2000,13,83.7520,1002
1384,Hotline Miami,Arcade,352,NULL,86.2000,13,83.7520,1002
62151,Life is Strange 2,Adventure,61,15,81.7500,8,77.1313,196
2175,The Cave,Platform,26,NULL,70.3636,11,71.8582,62
2175,The Cave,Puzzle,26,NULL,70.3636,11,71.8582,62
2175,The Cave,Adventure,26,NULL,70.3636,11,71.8582,62
136560,EA Sports UFC 4,Sport,6,1,79.1429,9,70.0223,13
3092,The Lord of the Rings Online,Role-playing (RPG),36,NULL,89.6667,6,75.2548,89
3092,The Lord of the Rings Online,Adventure,36,NULL,89.6667,6,75.2548,89
72,Portal 2,Shooter,973,NULL,92.4444,13,91.7624,3129
72,Portal 2,Platform,973,NULL,92.4444,13,91.7624,3129
72,Portal 2,Puzzle,973,NULL,92.4444,13,91.7624,3129
72,Portal 2,Adventure,973,NULL,92.4444,13,91.7624,3129
418,Final Fantasy X,Role-playing (RPG),242,NULL,95.0000,2,87.7711,756
418,Final Fantasy X,Adventure,242,NULL,95.0000,2,87.7711,756
379,Metal Gear Solid 3: Snake Eater,Shooter,311,NULL,85.5000,4,92.5364,974
379,Metal Gear Solid 3: Snake Eater,Adventure,311,NULL,85.5000,4,92.5364,974
71,Portal,Shooter,907,NULL,80.0000,2,86.9005,2823
71,Portal,Platform,907,NULL,80.0000,2,86.9005,2823
71,Portal,Puzzle,907,NULL,80.0000,2,86.9005,2823
1009,The Last of Us,Shooter,853,NULL,91.5385,16,93.3181,2483
1009,The Last of Us,Adventure,853,NULL,91.5385,16,93.3181,2483
2207,Shadow of the Colossus,Platform,369,1,88.5000,4,89.8290,1002
2207,Shadow of the Colossus,Puzzle,369,1,88.5000,4,89.8290,1002
2207,Shadow of the Colossus,Adventure,369,1,88.5000,4,89.8290,1002
247,Half-Life 2: Episode Two,Shooter,401,NULL,70.0000,2,87.5682,1194
247,Half-Life 2: Episode Two,Puzzle,401,NULL,70.0000,2,87.5682,1194
75235,Ghost of Tsushima,Role-playing (RPG),165,117,91.7273,14,89.8335,362
75235,Ghost of Tsushima,Adventure,165,117,91.7273,14,89.8335,362
132,Warcraft III: Reign of Chaos,Strategy,403,NULL,93.0000,4,88.6759,1202
376,Metal Gear Solid 2: Sons of Liberty,Adventure,215,NULL,90.0000,2,88.8041,752
8995,NBA Jam,Sport,10,NULL,69.0000,2,80.2926,62
1090,Donkey Kong Country,Platform,127,NULL,79.6667,1,85.1709,472
1090,Donkey Kong Country,Adventure,127,NULL,79.6667,1,85.1709,472
699,FIFA 99,Simulator,24,NULL,NULL,NULL,79.2669,95
699,FIFA 99,Sport,24,NULL,NULL,NULL,79.2669,95
3619,Toy Story 2: Buzz Lightyear to the Rescue!,Platform,24,NULL,65.0000,1,76.6731,95
3619,Toy Story 2: Buzz Lightyear to the Rescue!,Adventure,24,NULL,65.0000,1,76.6731,95
6797,Sonic the Hedgehog 3,Platform,46,NULL,NULL,NULL,81.9834,222
6797,Sonic the Hedgehog 3,Adventure,46,NULL,NULL,NULL,81.9834,222
6692,Tony Hawk's Pro Skater,Sport,45,NULL,70.0000,1,83.5344,181
5418,Super Mario RPG: Legend of the Seven Stars,Platform,49,NULL,90.0000,1,86.9120,190
5418,Super Mario RPG: Legend of the Seven Stars,Role-playing (RPG),49,NULL,90.0000,1,86.9120,190
5418,Super Mario RPG: Legend of the Seven Stars,Adventure,49,NULL,90.0000,1,86.9120,190
3480,Earthworm Jim,Shooter,33,NULL,75.5000,2,77.0886,174
3480,Earthworm Jim,Platform,33,NULL,75.5000,2,77.0886,174
358,Super Mario Bros.,Platform,377,NULL,NULL,NULL,83.9537,1062
358,Super Mario Bros.,Adventure,377,NULL,NULL,NULL,83.9537,1062
2473,Disney's Aladdin,Platform,30,NULL,NULL,NULL,80.8839,160
2473,Disney's Aladdin,Adventure,30,NULL,NULL,NULL,80.8839,160
2473,Disney's Aladdin,Arcade,30,NULL,NULL,NULL,80.8839,160
5199,Super Mario All-Stars,Platform,61,NULL,80.0000,0,87.0030,201
15,Fallout 3,Shooter,539,1,89.1000,12,83.5345,1396
15,Fallout 3,Role-playing (RPG),539,1,89.1000,12,83.5345,1396
7967,Colin McRae Rally,Sport,21,NULL,50.0000,0,82.5483,85
5378,Ecco the Dolphin,Adventure,15,NULL,30.0000,1,74.1711,69
152288,Immortality,Simulator,2,3,91.6667,4,85.0746,35
152288,Immortality,Indie,2,3,91.6667,4,85.0746,35
8020,Disney's Toy Story,Platform,6,NULL,NULL,NULL,63.8900,58
1157,Tomb Raider III: Adventures of Lara Croft,Shooter,46,NULL,NULL,NULL,77.5265,140
1157,Tomb Raider III: Adventures of Lara Croft,Puzzle,46,NULL,NULL,NULL,77.5265,140
1157,Tomb Raider III: Adventures of Lara Croft,Adventure,46,NULL,NULL,NULL,77.5265,140
3166,The Lion King,Platform,34,NULL,80.0000,1,76.8071,188
3166,The Lion King,Puzzle,34,NULL,80.0000,1,76.8071,188
1594,Gran Turismo,Simulator,58,NULL,73.3333,4,82.4083,215
675,Driver,Simulator,52,NULL,95.0000,2,76.8068,162
16036,Sonic the Hedgehog: Spinball,Platform,3,NULL,NULL,NULL,68.2896,56
16036,Sonic the Hedgehog: Spinball,Puzzle,3,NULL,NULL,NULL,68.2896,56
740,Halo: Combat Evolved,Shooter,208,NULL,86.6667,4,83.9500,700
1963,Rayman,Platform,58,NULL,77.6667,2,78.9014,169
1963,Rayman,Adventure,58,NULL,77.6667,2,78.9014,169
1653,Streets of Rage 2,Arcade,30,NULL,80.0000,1,83.8449,142
1069,Super Mario Land,Platform,57,NULL,NULL,NULL,74.0887,241
1187,Crash Bandicoot: Warped,Platform,112,NULL,NULL,NULL,83.2946,410
1187,Crash Bandicoot: Warped,Adventure,112,NULL,NULL,NULL,83.2946,410
3762,Ape Escape,Platform,11,NULL,NULL,NULL,78.1027,67
913,Tony Hawk's Pro Skater 2,Sport,94,NULL,86.6667,1,86.0412,319
3053,Bugs Bunny: Lost in Time,Platform,23,NULL,NULL,NULL,79.9327,74
3053,Bugs Bunny: Lost in Time,Adventure,23,NULL,NULL,NULL,79.9327,74
642,Colin McRae Rally 2.0,Simulator,36,NULL,NULL,NULL,81.9375,111
642,Colin McRae Rally 2.0,Sport,36,NULL,NULL,NULL,81.9375,111
1517,Pokémon Emerald Version,Role-playing (RPG),119,NULL,60.0000,1,85.8504,466
1517,Pokémon Emerald Version,Adventure,119,NULL,60.0000,1,85.8504,466
1518,Pokémon Pearl Version,Role-playing (RPG),36,NULL,NULL,NULL,82.2907,172
1518,Pokémon Pearl Version,Adventure,36,NULL,NULL,NULL,82.2907,172
1512,Pokémon Yellow Version: Special Pikachu Edition,Role-playing (RPG),106,NULL,80.0000,2,82.8595,415
1512,Pokémon Yellow Version: Special Pikachu Edition,Adventure,106,NULL,80.0000,2,82.8595,415
382,Metal Gear Solid: Peace Walker,Shooter,70,NULL,93.2500,7,79.3367,192
382,Metal Gear Solid: Peace Walker,Strategy,70,NULL,93.2500,7,79.3367,192
1557,Pokémon Ruby Version,Role-playing (RPG),90,NULL,NULL,NULL,81.9001,274
1557,Pokémon Ruby Version,Adventure,90,NULL,NULL,NULL,81.9001,274
2699,Tony Hawk's Underground 2,Sport,32,NULL,81.7500,5,78.2907,123
1516,Pokémon LeafGreen Version,Role-playing (RPG),59,NULL,70.0000,1,83.7697,212
1516,Pokémon LeafGreen Version,Adventure,59,NULL,70.0000,1,83.7697,212
1521,Pokémon Black Version,Role-playing (RPG),63,NULL,88.0000,6,81.4919,270
1521,Pokémon Black Version,Adventure,63,NULL,88.0000,6,81.4919,270
1703,"WarioWare, Inc.: Mega Microgames!",Arcade,12,NULL,91.0000,1,84.6656,68
1561,Pokémon Red Version,Role-playing (RPG),139,NULL,75.0000,1,84.9525,463
1561,Pokémon Red Version,Adventure,139,NULL,75.0000,1,84.9525,463
1519,Pokémon Platinum Version,Role-playing (RPG),66,NULL,78.6000,6,83.1315,309
1519,Pokémon Platinum Version,Adventure,66,NULL,78.6000,6,83.1315,309
1556,Pokémon HeartGold Version,Role-playing (RPG),71,NULL,85.7500,5,87.5361,270
1556,Pokémon HeartGold Version,Adventure,71,NULL,85.7500,5,87.5361,270
1071,Super Mario Land 2: 6 Golden Coins,Platform,30,NULL,NULL,NULL,80.6169,159
1511,Pokémon Blue Version,Role-playing (RPG),113,NULL,NULL,NULL,85.8824,373
1511,Pokémon Blue Version,Adventure,113,NULL,NULL,NULL,85.8824,373
3270,Grand Theft Auto: Chinatown Wars,Shooter,52,NULL,89.0000,12,77.9344,129
3270,Grand Theft Auto: Chinatown Wars,Adventure,52,NULL,89.0000,12,77.9344,129
1076,New Super Mario Bros.,Platform,62,NULL,95.0000,3,81.5533,297
1076,New Super Mario Bros.,Adventure,62,NULL,95.0000,3,81.5533,297
86490,Tetris,Puzzle,4,NULL,NULL,NULL,82.1810,84
1515,Pokémon Sapphire Version,Role-playing (RPG),67,1,NULL,NULL,82.5347,237
1515,Pokémon Sapphire Version,Adventure,67,1,NULL,NULL,82.5347,237
1560,Pokémon Diamond Version,Role-playing (RPG),58,NULL,83.3333,3,80.1780,255
1560,Pokémon Diamond Version,Adventure,58,NULL,83.3333,3,80.1780,255
7219,Tony Hawk's American Wasteland,Sport,25,NULL,75.0000,6,75.7181,90
7219,Tony Hawk's American Wasteland,Adventure,25,NULL,75.0000,6,75.7181,90
1705,WarioWare: Touched!,Arcade,7,NULL,70.0000,2,79.8333,70
1271,Ōkami,Puzzle,83,NULL,89.6000,8,87.2688,211
1271,Ōkami,Role-playing (RPG),83,NULL,89.6000,8,87.2688,211
1271,Ōkami,Adventure,83,NULL,89.6000,8,87.2688,211
3262,Grand Theft Auto: Vice City Stories,Adventure,51,NULL,73.3333,3,75.7623,160
1865,Killzone,Shooter,35,NULL,70.0000,3,74.8775,89
874,Tom Clancy's Splinter Cell: Pandora Tomorrow,Shooter,60,NULL,77.8571,8,82.4068,193
6285,Spider-Man 2,Adventure,60,NULL,68.3333,6,76.1465,213
1601,Gran Turismo 4,Simulator,35,NULL,86.6667,4,85.7551,132
987,Halo 3,Shooter,197,1,90.7500,6,85.4311,640
911,Tom Clancy's Splinter Cell: Chaos Theory,Shooter,98,NULL,77.5714,6,84.8662,266
339,The Orange Box,Shooter,37,NULL,90.0000,5,90.1553,110
339,The Orange Box,Puzzle,37,NULL,90.0000,5,90.1553,110
3263,Grand Theft Auto: Liberty City Stories,Adventure,53,NULL,83.7500,4,73.4005,159
4065,Peter Jackson's King Kong: The Official Game of the Movie,Shooter,23,NULL,80.0000,5,72.3446,105
4065,Peter Jackson's King Kong: The Official Game of the Movie,Puzzle,23,NULL,80.0000,5,72.3446,105
4065,Peter Jackson's King Kong: The Official Game of the Movie,Adventure,23,NULL,80.0000,5,72.3446,105
700,FIFA Soccer 06,Sport,11,NULL,70.0000,1,71.6271,66
1791,Ratchet & Clank: Size Matters,Shooter,17,NULL,60.3333,7,68.9988,71
1791,Ratchet & Clank: Size Matters,Platform,17,NULL,60.3333,7,68.9988,71
1791,Ratchet & Clank: Size Matters,Adventure,17,NULL,60.3333,7,68.9988,71
1968,Rayman Legends,Platform,228,1,80.8750,15,85.1634,548
1968,Rayman Legends,Adventure,228,1,80.8750,15,85.1634,548
18,Max Payne,Shooter,495,NULL,73.8000,3,85.9692,1441
1262,South Park: The Stick of Truth,Role-playing (RPG),365,16,80.3571,17,83.9235,976
1262,South Park: The Stick of Truth,Strategy,365,16,80.3571,17,83.9235,976
1262,South Park: The Stick of Truth,Adventure,365,16,80.3571,17,83.9235,976
1983,Bastion,Role-playing (RPG),203,NULL,90.2500,11,82.9640,630
1983,Bastion,Adventure,203,NULL,90.2500,11,82.9640,630
1983,Bastion,Indie,203,NULL,90.2500,11,82.9640,630
28015,Kamiko,Puzzle,4,NULL,80.0000,1,69.9231,20
28015,Kamiko,Adventure,4,NULL,80.0000,1,69.9231,20
28015,Kamiko,Indie,4,NULL,80.0000,1,69.9231,20
28015,Kamiko,Arcade,4,NULL,80.0000,1,69.9231,20
990,Halo: Reach,Shooter,141,NULL,89.0000,12,85.1258,502
981,Rayman Origins,Platform,117,NULL,89.3750,9,82.9101,322
981,Rayman Origins,Adventure,117,NULL,89.3750,9,82.9101,322
1062,Alan Wake,Shooter,270,NULL,83.0000,10,81.4712,733
1062,Alan Wake,Adventure,270,NULL,83.0000,10,81.4712,733
124,Left 4 Dead 2,Shooter,268,1,88.6000,7,81.7638,878
12517,Undertale,Role-playing (RPG),367,NULL,96.3846,16,86.6242,1337
12517,Undertale,Adventure,367,NULL,96.3846,16,86.6242,1337
12517,Undertale,Indie,367,NULL,96.3846,16,86.6242,1337
37094,Shadow of the Colossus,Platform,223,18,93.2308,16,84.2939,283
37094,Shadow of the Colossus,Puzzle,223,18,93.2308,16,84.2939,283
37094,Shadow of the Colossus,Adventure,223,18,93.2308,16,84.2939,283
19455,Final Fantasy XII: The Zodiac Age,Role-playing (RPG),38,5,87.8421,24,83.8572,60
19455,Final Fantasy XII: The Zodiac Age,Adventure,38,5,87.8421,24,83.8572,60
121295,Grime,Platform,3,4,95.0000,2,68.5580,11
121295,Grime,Role-playing (RPG),3,4,95.0000,2,68.5580,11
121295,Grime,Adventure,3,4,95.0000,2,68.5580,11
121295,Grime,Indie,3,4,95.0000,2,68.5580,11
327,Age of Empires II: The Age of Kings,Strategy,310,NULL,80.0000,4,86.1356,867
71628,The Messenger,Platform,21,4,87.0000,9,81.1126,136
71628,The Messenger,Adventure,21,4,87.0000,9,81.1126,136
71628,The Messenger,Indie,21,4,87.0000,9,81.1126,136
71628,The Messenger,Arcade,21,4,87.0000,9,81.1126,136
20734,Devil May Cry HD Collection,Platform,24,1,81.5000,4,89.6182,44
492,Gears of War 3,Shooter,67,NULL,96.6667,8,82.2585,260
152061,Tiny Tina's Wonderlands,Shooter,7,8,75.7143,11,75.0606,33
152061,Tiny Tina's Wonderlands,Role-playing (RPG),7,8,75.7143,11,75.0606,33
152061,Tiny Tina's Wonderlands,Adventure,7,8,75.7143,11,75.0606,33
1392,Dead or Alive 4,Arcade,10,NULL,79.5000,4,82.1606,29
23240,Pac-Man Championship Edition 2,Puzzle,5,2,77.4286,16,71.2591,14
23240,Pac-Man Championship Edition 2,Arcade,5,2,77.4286,16,71.2591,14
125431,I Am Fish,Platform,1,2,NULL,NULL,67.7924,12
125431,I Am Fish,Puzzle,1,2,NULL,NULL,67.7924,12
125431,I Am Fish,Simulator,1,2,NULL,NULL,67.7924,12
125431,I Am Fish,Adventure,1,2,NULL,NULL,67.7924,12
6880,Metro Redux,Shooter,78,2,83.4000,11,83.4190,114
6880,Metro Redux,Role-playing (RPG),78,2,83.4000,11,83.4190,114
83,Baldur's Gate: Dark Alliance,Role-playing (RPG),19,NULL,85.3333,3,82.0018,59
37024,Super Lucky's Tale,Platform,13,1,70.5000,8,69.7850,20
37024,Super Lucky's Tale,Adventure,13,1,70.5000,8,69.7850,20
389,Final Fantasy XIII,Role-playing (RPG),89,NULL,81.3636,14,72.2281,341
389,Final Fantasy XIII,Adventure,89,NULL,81.3636,14,72.2281,341
7342,Inside,Platform,321,11,92.4872,41,86.1752,1269
7342,Inside,Puzzle,321,11,92.4872,41,86.1752,1269
7342,Inside,Adventure,321,11,92.4872,41,86.1752,1269
7342,Inside,Indie,321,11,92.4872,41,86.1752,1269
136604,Control: Ultimate Edition,Shooter,8,NULL,92.4000,6,85.8931,57
136604,Control: Ultimate Edition,Adventure,8,NULL,92.4000,6,85.8931,57
11233,What Remains of Edith Finch,Puzzle,189,8,86.9524,24,83.8536,729
11233,What Remains of Edith Finch,Adventure,189,8,86.9524,24,83.8536,729
11233,What Remains of Edith Finch,Indie,189,8,86.9524,24,83.8536,729
7725,Resident Evil: Revelations 2,Shooter,50,NULL,72.8800,13,72.2880,157
7725,Resident Evil: Revelations 2,Adventure,50,NULL,72.8800,13,72.2880,157
16,Fallout: New Vegas,Shooter,543,2,81.9000,15,87.0432,1650
16,Fallout: New Vegas,Role-playing (RPG),543,2,81.9000,15,87.0432,1650
26298,Sea of Solitude,Adventure,28,19,70.3333,10,64.8743,48
26298,Sea of Solitude,Indie,28,19,70.3333,10,64.8743,48
114058,Totally Reliable Delivery Service,Simulator,5,1,50.0000,1,53.9703,19
114058,Totally Reliable Delivery Service,Adventure,5,1,50.0000,1,53.9703,19
114058,Totally Reliable Delivery Service,Indie,5,1,50.0000,1,53.9703,19
83728,Battlefield V,Shooter,122,31,77.4118,20,70.9956,265
57692,Resident Evil 7: Biohazard - Gold Edition,Adventure,1,NULL,NULL,NULL,90.8776,17
87499,The Missing: J.J. Macfield and the Island of Memories,Platform,4,1,70.0000,5,79.8258,20
87499,The Missing: J.J. Macfield and the Island of Memories,Puzzle,4,1,70.0000,5,79.8258,20
87499,The Missing: J.J. Macfield and the Island of Memories,Adventure,4,1,70.0000,5,79.8258,20
87499,The Missing: J.J. Macfield and the Island of Memories,Indie,4,1,70.0000,5,79.8258,20
25343,Zero Escape: The Nonary Games,Puzzle,17,4,89.0909,12,83.7425,51
25343,Zero Escape: The Nonary Games,Adventure,17,4,89.0909,12,83.7425,51
116753,A Short Hike,Adventure,14,NULL,77.5000,2,72.7050,180
116753,A Short Hike,Indie,14,NULL,77.5000,2,72.7050,180
51528,Telling Lies,Simulator,2,7,85.2857,9,63.0257,42
51528,Telling Lies,Indie,2,7,85.2857,9,63.0257,42
132097,Saints Row: The Third Remastered,Shooter,11,NULL,72.0000,6,78.1781,18
132097,Saints Row: The Third Remastered,Adventure,11,NULL,72.0000,6,78.1781,18
27316,A Plague Tale: Innocence,Role-playing (RPG),75,31,80.8667,18,81.6389,529
27316,A Plague Tale: Innocence,Adventure,75,31,80.8667,18,81.6389,529
122133,Not For Broadcast,Simulator,2,2,85.0000,2,79.8049,13
122133,Not For Broadcast,Adventure,2,2,85.0000,2,79.8049,13
122133,Not For Broadcast,Indie,2,2,85.0000,2,79.8049,13
9182,We Happy Few,Shooter,79,37,63.0000,13,61.0909,69
9182,We Happy Few,Adventure,79,37,63.0000,13,61.0909,69
9182,We Happy Few,Indie,79,37,63.0000,13,61.0909,69
54996,Jurassic World Evolution,Simulator,84,15,74.1538,15,69.0626,79
54996,Jurassic World Evolution,Strategy,84,15,74.1538,15,69.0626,79
41595,BioShock Infinite: The Complete Edition,Shooter,3,NULL,NULL,NULL,89.4820,31
41595,BioShock Infinite: The Complete Edition,Adventure,3,NULL,NULL,NULL,89.4820,31
14144,Final Fantasy X/X-2 HD Remaster,Role-playing (RPG),48,NULL,86.4444,18,84.1230,68
14144,Final Fantasy X/X-2 HD Remaster,Strategy,48,NULL,86.4444,18,84.1230,68
21758,Borderlands: Game of the Year Edition,Shooter,13,NULL,80.6667,4,80.6765,40
21758,Borderlands: Game of the Year Edition,Role-playing (RPG),13,NULL,80.6667,4,80.6765,40
224522,Doom 64,Shooter,NULL,NULL,NULL,NULL,88.7919,14
36950,Anthem,Shooter,274,161,60.1333,18,64.8462,99
36950,Anthem,Role-playing (RPG),274,161,60.1333,18,64.8462,99
36950,Anthem,Adventure,274,161,60.1333,18,64.8462,99
55163,Resident Evil Village,Shooter,39,31,86.9286,16,83.9002,254
55163,Resident Evil Village,Adventure,39,31,86.9286,16,83.9002,254
103380,Bloons TD 6,Strategy,3,NULL,NULL,NULL,81.7945,70
152249,Marvel's Guardians of the Galaxy,Shooter,14,8,81.1000,13,81.0924,210
152249,Marvel's Guardians of the Galaxy,Role-playing (RPG),14,8,81.1000,13,81.0924,210
152249,Marvel's Guardians of the Galaxy,Adventure,14,8,81.1000,13,81.0924,210
26841,Fire Emblem Heroes,Role-playing (RPG),36,1,74.8750,8,62.7931,65
26841,Fire Emblem Heroes,Simulator,36,1,74.8750,8,62.7931,65
26841,Fire Emblem Heroes,Strategy,36,1,74.8750,8,62.7931,65
7764,Bases Loaded,Sport,3,NULL,NULL,NULL,79.2628,14
1183,Guild Wars 2,Role-playing (RPG),90,NULL,89.7500,11,80.3266,224
1183,Guild Wars 2,Adventure,90,NULL,89.7500,11,80.3266,224
36198,Children of Morta,Role-playing (RPG),25,15,83.0000,14,70.9005,83
36198,Children of Morta,Adventure,25,15,83.0000,14,70.9005,83
36198,Children of Morta,Indie,25,15,83.0000,14,70.9005,83
386,Final Fantasy XIV Online,Role-playing (RPG),45,NULL,85.3333,13,81.3881,159
386,Final Fantasy XIV Online,Strategy,45,NULL,85.3333,13,81.3881,159
386,Final Fantasy XIV Online,Adventure,45,NULL,85.3333,13,81.3881,159
58630,Animal Crossing: Pocket Camp,Simulator,9,NULL,77.5000,3,61.6564,46
234,Guild Wars,Role-playing (RPG),26,NULL,90.3333,4,79.7472,83
234,Guild Wars,Strategy,26,NULL,90.3333,4,79.7472,83
234,Guild Wars,Adventure,26,NULL,90.3333,4,79.7472,83
8947,Guild Wars: Nightfall,Puzzle,14,1,80.0000,3,82.6790,31
8947,Guild Wars: Nightfall,Role-playing (RPG),14,1,80.0000,3,82.6790,31
8947,Guild Wars: Nightfall,Strategy,14,1,80.0000,3,82.6790,31
8947,Guild Wars: Nightfall,Adventure,14,1,80.0000,3,82.6790,31
106819,Final Fantasy XIV: Complete Edition,Role-playing (RPG),1,NULL,NULL,NULL,97.0224,17
106819,Final Fantasy XIV: Complete Edition,Adventure,1,NULL,NULL,NULL,97.0224,17
3247,Sunset Overdrive,Shooter,50,3,81.7500,19,81.0713,135
3247,Sunset Overdrive,Platform,50,3,81.7500,19,81.0713,135
3247,Sunset Overdrive,Adventure,50,3,81.7500,19,81.0713,135
2955,Elite: Dangerous,Shooter,72,3,81.9524,22,80.2457,121
2955,Elite: Dangerous,Role-playing (RPG),72,3,81.9524,22,80.2457,121
2955,Elite: Dangerous,Simulator,72,3,81.9524,22,80.2457,121
2955,Elite: Dangerous,Strategy,72,3,81.9524,22,80.2457,121
2955,Elite: Dangerous,Adventure,72,3,81.9524,22,80.2457,121
2955,Elite: Dangerous,Indie,72,3,81.9524,22,80.2457,121
3105,Mario Bros.,Platform,17,NULL,NULL,NULL,71.8764,95
3105,Mario Bros.,Arcade,17,NULL,NULL,NULL,71.8764,95
1477,Salamander,Shooter,5,NULL,72.0000,0,69.9288,26
1477,Salamander,Arcade,5,NULL,72.0000,0,69.9288,26
203722,Dave the Diver,Role-playing (RPG),2,NULL,92.8571,7,82.1014,16
203722,Dave the Diver,Simulator,2,NULL,92.8571,7,82.1014,16
203722,Dave the Diver,Adventure,2,NULL,92.8571,7,82.1014,16
107262,Streets of Rage 4,Indie,26,9,82.5833,14,80.8621,137
107262,Streets of Rage 4,Arcade,26,9,82.5833,14,80.8621,137
17447,Titanfall 2,Shooter,167,19,88.9130,29,83.0852,580
17447,Titanfall 2,Adventure,167,19,88.9130,29,83.0852,580
623,Call of Duty 4: Modern Warfare,Shooter,476,NULL,87.8571,9,84.5600,1464
623,Call of Duty 4: Modern Warfare,Simulator,476,NULL,87.8571,9,84.5600,1464
90628,Diablo III: Eternal Collection,Role-playing (RPG),3,NULL,85.7500,5,83.3590,62
90628,Diablo III: Eternal Collection,Adventure,3,NULL,85.7500,5,83.3590,62
21642,Totally Accurate Battle Simulator,Simulator,421,282,NULL,NULL,75.0273,67
21642,Totally Accurate Battle Simulator,Strategy,421,282,NULL,NULL,75.0273,67
21642,Totally Accurate Battle Simulator,Indie,421,282,NULL,NULL,75.0273,67
116794,Kingdom Come: Deliverance - Royal Edition,Role-playing (RPG),2,NULL,NULL,NULL,91.4518,15
116794,Kingdom Come: Deliverance - Royal Edition,Adventure,2,NULL,NULL,NULL,91.4518,15
136625,Hogwarts Legacy,Role-playing (RPG),39,141,85.5714,11,82.2762,192
136625,Hogwarts Legacy,Adventure,39,141,85.5714,11,82.2762,192
11179,Skullgirls: 2nd Encore,Arcade,4,NULL,86.0000,6,73.7098,23
26226,Celeste,Platform,125,2,91.3000,13,87.1588,915
26226,Celeste,Adventure,125,2,91.3000,13,87.1588,915
26226,Celeste,Indie,125,2,91.3000,13,87.1588,915
1082,Resident Evil 6,Shooter,75,NULL,63.9167,14,66.6680,395
1082,Resident Evil 6,Adventure,75,NULL,63.9167,14,66.6680,395
1300,Tom Clancy's Ghost Recon Advanced Warfighter,Shooter,18,NULL,92.7500,6,66.9655,63
1300,Tom Clancy's Ghost Recon Advanced Warfighter,Simulator,18,NULL,92.7500,6,66.9655,63
1300,Tom Clancy's Ghost Recon Advanced Warfighter,Strategy,18,NULL,92.7500,6,66.9655,63
506,Sonic Generations,Platform,38,NULL,75.1000,13,77.2018,196
506,Sonic Generations,Adventure,38,NULL,75.1000,13,77.2018,196
120619,Tribes of Midgard,Role-playing (RPG),4,6,77.5000,3,60.1303,17
120619,Tribes of Midgard,Adventure,4,6,77.5000,3,60.1303,17
120619,Tribes of Midgard,Indie,4,6,77.5000,3,60.1303,17
37,Dead Space,Shooter,356,NULL,88.1667,8,85.7167,984
37,Dead Space,Puzzle,356,NULL,88.1667,8,85.7167,984
78153,Burnout Paradise Remastered,Adventure,22,2,83.9091,14,69.3747,38
133301,Dirt 5,Simulator,6,3,80.8333,13,72.4212,31
133301,Dirt 5,Sport,6,3,80.8333,13,72.4212,31
133301,Dirt 5,Adventure,6,3,80.8333,13,72.4212,31
3772,Wreckfest,Simulator,64,31,77.7692,13,72.5332,75
3772,Wreckfest,Sport,64,31,77.7692,13,72.5332,75
3772,Wreckfest,Indie,64,31,77.7692,13,72.5332,75
1672,Panzer Dragoon Orta,Shooter,4,NULL,87.0000,3,81.4766,21
121760,Little Nightmares II,Platform,23,10,82.2308,20,83.8268,151
121760,Little Nightmares II,Puzzle,23,10,82.2308,20,83.8268,151
121760,Little Nightmares II,Adventure,23,10,82.2308,20,83.8268,151
6356,Fight Night Champion,Simulator,12,NULL,83.2000,8,81.7711,34
6356,Fight Night Champion,Sport,12,NULL,83.2000,8,81.7711,34
55047,The Dark Pictures Anthology: Man of Medan,Adventure,19,18,71.4615,16,68.0805,162
81085,Dark Souls: Remastered,Role-playing (RPG),84,2,87.0000,16,86.7791,300
81085,Dark Souls: Remastered,Adventure,84,2,87.0000,16,86.7791,300
194464,Escape Academy,Puzzle,3,2,75.0000,3,75.4501,18
194464,Escape Academy,Adventure,3,2,75.0000,3,75.4501,18
72813,Untitled Goose Game,Puzzle,18,12,82.2222,11,78.6675,169
72813,Untitled Goose Game,Simulator,18,12,82.2222,11,78.6675,169
72813,Untitled Goose Game,Adventure,18,12,82.2222,11,78.6675,169
72813,Untitled Goose Game,Indie,18,12,82.2222,11,78.6675,169
134073,Mafia III: Definitive Edition,Shooter,2,NULL,71.0000,1,47.1221,17
134073,Mafia III: Definitive Edition,Adventure,2,NULL,71.0000,1,47.1221,17
102584,Dying Light 2: Stay Human,Role-playing (RPG),57,181,76.8182,14,73.8935,82
102584,Dying Light 2: Stay Human,Adventure,57,181,76.8182,14,73.8935,82
2074,Need for Speed: Rivals,Adventure,61,1,80.2308,15,67.5849,194
22747,Book of Demons,Role-playing (RPG),6,NULL,90.0000,1,78.5664,23
22747,Book of Demons,Adventure,6,NULL,90.0000,1,78.5664,23
22747,Book of Demons,Indie,6,NULL,90.0000,1,78.5664,23
559,Call of Duty: Modern Warfare 2,Shooter,323,NULL,85.2727,13,81.6796,1192
133308,The Medium,Adventure,14,13,75.3529,19,71.3242,101
8864,Shadowrun: Dragonfall - Director's Cut,Role-playing (RPG),23,NULL,80.0000,4,85.1632,48
8864,Shadowrun: Dragonfall - Director's Cut,Strategy,23,NULL,80.0000,4,85.1632,48
8864,Shadowrun: Dragonfall - Director's Cut,Adventure,23,NULL,80.0000,4,85.1632,48
8864,Shadowrun: Dragonfall - Director's Cut,Indie,23,NULL,80.0000,4,85.1632,48
221288,Phoenix Wright: Ace Attorney Trilogy,Simulator,NULL,NULL,NULL,NULL,75.9021,15
221288,Phoenix Wright: Ace Attorney Trilogy,Adventure,NULL,NULL,NULL,NULL,75.9021,15
138766,Riders Republic,Simulator,3,12,77.1667,9,24.0799,13
138766,Riders Republic,Sport,3,12,77.1667,9,24.0799,13
1293,Tom Clancy's Ghost Recon: Future Soldier,Shooter,35,NULL,74.6000,11,72.2618,82
1293,Tom Clancy's Ghost Recon: Future Soldier,Adventure,35,NULL,74.6000,11,72.2618,82
11131,ReCore,Platform,36,14,59.0000,24,71.8675,44
11131,ReCore,Adventure,36,14,59.0000,24,71.8675,44
20041,Payday 2: Crimewave Edition,Shooter,2,NULL,71.8889,11,80.0000,2
20041,Payday 2: Crimewave Edition,Arcade,2,NULL,71.8889,11,80.0000,2
2602,Alan Wake's American Nightmare,Shooter,41,NULL,79.2857,8,67.5339,184
2602,Alan Wake's American Nightmare,Adventure,41,NULL,79.2857,8,67.5339,184
167611,Alan Wake Remastered,Shooter,2,5,81.6667,6,77.1893,50
167611,Alan Wake Remastered,Adventure,2,5,81.6667,6,77.1893,50
614,Bejeweled 2,Puzzle,2,NULL,53.3333,2,71.1506,14
614,Bejeweled 2,Arcade,2,NULL,53.3333,2,71.1506,14
1305,Tom Clancy's Splinter Cell: Blacklist,Shooter,112,NULL,78.3846,17,82.3844,264
1305,Tom Clancy's Splinter Cell: Blacklist,Adventure,112,NULL,78.3846,17,82.3844,264
55056,Age of Empires II: Definitive Edition,Strategy,26,5,77.6667,4,88.7923,110
143114,Total War: Warhammer III,Strategy,6,3,78.3333,3,79.0435,20
1985,Metal Gear Solid V: The Phantom Pain,Shooter,359,57,95.7368,24,85.3515,879
1985,Metal Gear Solid V: The Phantom Pain,Adventure,359,57,95.7368,24,85.3515,879
26820,Blasphemous,Platform,35,21,78.2500,5,81.7735,160
26820,Blasphemous,Role-playing (RPG),35,21,78.2500,5,81.7735,160
26820,Blasphemous,Adventure,35,21,78.2500,5,81.7735,160
26820,Blasphemous,Indie,35,21,78.2500,5,81.7735,160
15563,Clicker Heroes,Role-playing (RPG),17,NULL,NULL,NULL,71.5076,45
15563,Clicker Heroes,Simulator,17,NULL,NULL,NULL,71.5076,45
15563,Clicker Heroes,Strategy,17,NULL,NULL,NULL,71.5076,45
15563,Clicker Heroes,Adventure,17,NULL,NULL,NULL,71.5076,45
15563,Clicker Heroes,Indie,17,NULL,NULL,NULL,71.5076,45
29004,Life is Strange: Before the Storm,Adventure,157,20,77.0541,11,74.0375,369
29004,Life is Strange: Before the Storm,Indie,157,20,77.0541,11,74.0375,369
9898,Total War: Warhammer,Role-playing (RPG),35,7,85.1304,25,85.4537,91
9898,Total War: Warhammer,Strategy,35,7,85.1304,25,85.4537,91
1937,Killzone: Shadow Fall,Shooter,46,1,70.0000,15,69.5176,131
1887,Dragon Age: Inquisition,Role-playing (RPG),345,9,87.9375,19,82.9234,887
1887,Dragon Age: Inquisition,Adventure,345,9,87.9375,19,82.9234,887
19531,Prey,Shooter,259,49,75.8125,19,80.5342,480
19531,Prey,Puzzle,259,49,75.8125,19,80.5342,480
19531,Prey,Adventure,259,49,75.8125,19,80.5342,480
20863,Dishonored: Definitive Edition,Shooter,28,NULL,79.8571,7,84.8828,82
20863,Dishonored: Definitive Edition,Adventure,28,NULL,79.8571,7,84.8828,82
27732,Yonder: The Cloud Catcher Chronicles,Puzzle,17,1,68.3000,13,78.8221,16
27732,Yonder: The Cloud Catcher Chronicles,Adventure,17,1,68.3000,13,78.8221,16
27732,Yonder: The Cloud Catcher Chronicles,Indie,17,1,68.3000,13,78.8221,16
119386,Empire of Sin,Role-playing (RPG),9,7,58.0000,4,57.5042,11
119386,Empire of Sin,Strategy,9,7,58.0000,4,57.5042,11
119386,Empire of Sin,Adventure,9,7,58.0000,4,57.5042,11
3211,Tropico 5,Role-playing (RPG),49,6,72.3571,14,72.7163,92
3211,Tropico 5,Simulator,49,6,72.3571,14,72.7163,92
3211,Tropico 5,Strategy,49,6,72.3571,14,72.7163,92
76,Dragon Age: Origins,Role-playing (RPG),445,NULL,90.2000,14,86.5688,1362
26183,Halo Wars: Definitive Edition,Role-playing (RPG),7,NULL,77.5000,2,76.9908,16
26183,Halo Wars: Definitive Edition,Simulator,7,NULL,77.5000,2,76.9908,16
26183,Halo Wars: Definitive Edition,Strategy,7,NULL,77.5000,2,76.9908,16
8465,Volgarr the Viking,Platform,10,NULL,80.0000,1,70.4943,25
8465,Volgarr the Viking,Adventure,10,NULL,80.0000,1,70.4943,25
8465,Volgarr the Viking,Indie,10,NULL,80.0000,1,70.4943,25
9180,Victor Vran,Role-playing (RPG),11,2,72.0000,7,64.2516,36
9180,Victor Vran,Adventure,11,2,72.0000,7,64.2516,36
9180,Victor Vran,Indie,11,2,72.0000,7,64.2516,36
9369,Whispering Willows,Platform,9,NULL,68.6667,3,74.0798,16
9369,Whispering Willows,Puzzle,9,NULL,68.6667,3,74.0798,16
9369,Whispering Willows,Role-playing (RPG),9,NULL,68.6667,3,74.0798,16
9369,Whispering Willows,Adventure,9,NULL,68.6667,3,74.0798,16
9369,Whispering Willows,Indie,9,NULL,68.6667,3,74.0798,16
125628,Tell Me Why,Adventure,44,5,80.8889,12,75.6565,90
5317,Ninja Gaiden 3: Razor's Edge,Adventure,6,NULL,70.2727,13,70.3278,14
106985,The Procession to Calvary,Adventure,NULL,1,NULL,NULL,75.8076,11
106985,The Procession to Calvary,Indie,NULL,1,NULL,NULL,75.8076,11
9192,Wolfenstein: The Old Blood,Shooter,142,12,76.4000,17,77.7780,325
9192,Wolfenstein: The Old Blood,Adventure,142,12,76.4000,17,77.7780,325
118193,Toem,Puzzle,1,2,95.0000,2,84.0111,26
118193,Toem,Adventure,1,2,95.0000,2,84.0111,26
118193,Toem,Indie,1,2,95.0000,2,84.0111,26
115201,Unrailed!,Indie,9,1,NULL,NULL,71.9790,16
115201,Unrailed!,Arcade,9,1,NULL,NULL,71.9790,16
76045,The Last Blade 2,Arcade,3,NULL,NULL,NULL,87.9051,13
111846,Void Bastards,Shooter,10,3,81.3750,9,74.2221,46
111846,Void Bastards,Strategy,10,3,81.3750,9,74.2221,46
111846,Void Bastards,Arcade,10,3,81.3750,9,74.2221,46
121748,The Touryst,Platform,4,3,82.7500,4,66.1270,20
121748,The Touryst,Puzzle,4,3,82.7500,4,66.1270,20
121748,The Touryst,Adventure,4,3,82.7500,4,66.1270,20
121748,The Touryst,Indie,4,3,82.7500,4,66.1270,20
121748,The Touryst,Arcade,4,3,82.7500,4,66.1270,20
11842,Sword Art Online: Lost Song,Role-playing (RPG),15,NULL,67.5000,6,78.0170,13
19301,The Long Journey Home,Role-playing (RPG),19,5,70.0000,5,56.1757,11
19301,The Long Journey Home,Simulator,19,5,70.0000,5,56.1757,11
19301,The Long Journey Home,Strategy,19,5,70.0000,5,56.1757,11
19301,The Long Journey Home,Adventure,19,5,70.0000,5,56.1757,11
19301,The Long Journey Home,Indie,19,5,70.0000,5,56.1757,11
11213,Star Ocean: Integrity and Faithlessness,Role-playing (RPG),10,2,59.8421,20,54.4171,9
11213,Star Ocean: Integrity and Faithlessness,Adventure,10,2,59.8421,20,54.4171,9
6452,Tales of Zestiria,Role-playing (RPG),26,NULL,76.9167,13,69.5732,72
201156,Star Wars Jedi: Survivor,Adventure,NULL,24,85.1429,12,81.5998,50
115840,Silence,Puzzle,3,NULL,75.3333,4,70.0362,12
115840,Silence,Adventure,3,NULL,75.3333,4,70.0362,12
115840,Silence,Indie,3,NULL,75.3333,4,70.0362,12
11562,Skyhill,Role-playing (RPG),4,NULL,67.3333,3,64.0667,11
11562,Skyhill,Simulator,4,NULL,67.3333,3,64.0667,11
11562,Skyhill,Strategy,4,NULL,67.3333,3,64.0667,11
11562,Skyhill,Adventure,4,NULL,67.3333,3,64.0667,11
11562,Skyhill,Indie,4,NULL,67.3333,3,64.0667,11
15490,Shiness: The Lightning Kingdom,Role-playing (RPG),8,2,67.6667,12,80.0000,2
15490,Shiness: The Lightning Kingdom,Adventure,8,2,67.6667,12,80.0000,2
15490,Shiness: The Lightning Kingdom,Indie,8,2,67.6667,12,80.0000,2
19220,Snake Pass,Platform,27,1,72.1667,15,73.4952,48
19220,Snake Pass,Puzzle,27,1,72.1667,15,73.4952,48
19220,Snake Pass,Simulator,27,1,72.1667,15,73.4952,48
19220,Snake Pass,Adventure,27,1,72.1667,15,73.4952,48
19220,Snake Pass,Indie,27,1,72.1667,15,73.4952,48
19220,Snake Pass,Arcade,27,1,72.1667,15,73.4952,48
54775,Shadows: Awakening,Role-playing (RPG),12,1,71.2500,6,69.9108,13
96391,Shenmue I & II,Role-playing (RPG),23,2,75.7500,5,72.9455,26
96391,Shenmue I & II,Adventure,23,2,75.7500,5,72.9455,26
65832,Stick Fight: The Game,Shooter,30,NULL,NULL,NULL,74.1583,72
65832,Stick Fight: The Game,Simulator,30,NULL,NULL,NULL,74.1583,72
65832,Stick Fight: The Game,Strategy,30,NULL,NULL,NULL,74.1583,72
65832,Stick Fight: The Game,Indie,30,NULL,NULL,NULL,74.1583,72
27433,SteamWorld Dig 2,Platform,41,3,89.0000,12,83.9230,147
27433,SteamWorld Dig 2,Puzzle,41,3,89.0000,12,83.9230,147
27433,SteamWorld Dig 2,Adventure,41,3,89.0000,12,83.9230,147
27433,SteamWorld Dig 2,Indie,41,3,89.0000,12,83.9230,147
19407,Rock of Ages 2: Bigger & Boulder,Simulator,5,4,74.7500,6,57.3065,19
19407,Rock of Ages 2: Bigger & Boulder,Strategy,5,4,74.7500,6,57.3065,19
19407,Rock of Ages 2: Bigger & Boulder,Indie,5,4,74.7500,6,57.3065,19
96392,Sakura Wars,Role-playing (RPG),1,1,76.8889,10,70.1839,13
96392,Sakura Wars,Simulator,1,1,76.8889,10,70.1839,13
96392,Sakura Wars,Adventure,1,1,76.8889,10,70.1839,13
15852,Roundabout,Puzzle,4,NULL,78.3333,3,63.6396,17
15852,Roundabout,Adventure,4,NULL,78.3333,3,63.6396,17
15852,Roundabout,Indie,4,NULL,78.3333,3,63.6396,17
112613,Prodeus,Shooter,7,5,85.0000,3,72.4230,16
112613,Prodeus,Adventure,7,5,85.0000,3,72.4230,16
112613,Prodeus,Indie,7,5,85.0000,3,72.4230,16
20454,Pinstripe,Platform,12,1,81.6667,3,72.9400,30
20454,Pinstripe,Puzzle,12,1,81.6667,3,72.9400,30
20454,Pinstripe,Adventure,12,1,81.6667,3,72.9400,30
20454,Pinstripe,Indie,12,1,81.6667,3,72.9400,30
33747,My Name is Mayo,Simulator,2,NULL,NULL,NULL,62.2403,18
33747,My Name is Mayo,Adventure,2,NULL,NULL,NULL,62.2403,18
9523,OlliOlli2: Welcome to Olliwood,Platform,5,NULL,86.6667,11,70.2629,28
9523,OlliOlli2: Welcome to Olliwood,Sport,5,NULL,86.6667,11,70.2629,28
9523,OlliOlli2: Welcome to Olliwood,Indie,5,NULL,86.6667,11,70.2629,28
12597,Owlboy,Platform,80,9,88.5385,17,79.1503,108
12597,Owlboy,Puzzle,80,9,88.5385,17,79.1503,108
12597,Owlboy,Adventure,80,9,88.5385,17,79.1503,108
12597,Owlboy,Indie,80,9,88.5385,17,79.1503,108
89560,Mutant Year Zero: Road to Eden,Role-playing (RPG),27,11,81.2500,13,81.2769,68
89560,Mutant Year Zero: Road to Eden,Strategy,27,11,81.2500,13,81.2769,68
89560,Mutant Year Zero: Road to Eden,Adventure,27,11,81.2500,13,81.2769,68
26653,Nekopara Vol. 1,Simulator,11,NULL,NULL,NULL,72.9910,29
26653,Nekopara Vol. 1,Adventure,11,NULL,NULL,NULL,72.9910,29
26653,Nekopara Vol. 1,Indie,11,NULL,NULL,NULL,72.9910,29
13172,Mad Games Tycoon,Simulator,10,NULL,90.0000,1,69.9024,16
13172,Mad Games Tycoon,Strategy,10,NULL,90.0000,1,69.9024,16
13172,Mad Games Tycoon,Indie,10,NULL,90.0000,1,69.9024,16
1408,Metal Slug 3,Shooter,41,NULL,82.3333,7,81.9903,158
1408,Metal Slug 3,Platform,41,NULL,82.3333,7,81.9903,158
1408,Metal Slug 3,Arcade,41,NULL,82.3333,7,81.9903,158
7084,Marvel Puzzle Quest,Puzzle,2,NULL,40.0000,1,57.3525,14
7084,Marvel Puzzle Quest,Role-playing (RPG),2,NULL,40.0000,1,57.3525,14
11052,Kung Fury: Street Rage,Indie,7,NULL,39.0000,1,61.5205,27
11052,Kung Fury: Street Rage,Arcade,7,NULL,39.0000,1,61.5205,27
30099,Golf It!,Simulator,3,NULL,NULL,NULL,70.1270,16
30099,Golf It!,Sport,3,NULL,NULL,NULL,70.1270,16
30099,Golf It!,Indie,3,NULL,NULL,NULL,70.1270,16
19002,Gonner,Shooter,11,NULL,82.7500,6,69.8612,18
19002,Gonner,Platform,11,NULL,82.7500,6,69.8612,18
19002,Gonner,Adventure,11,NULL,82.7500,6,69.8612,18
19002,Gonner,Indie,11,NULL,82.7500,6,69.8612,18
19002,Gonner,Arcade,11,NULL,82.7500,6,69.8612,18
9649,Infinifactory,Puzzle,11,NULL,75.3333,4,83.1651,24
9649,Infinifactory,Simulator,11,NULL,75.3333,4,83.1651,24
9649,Infinifactory,Indie,11,NULL,75.3333,4,83.1651,24
7891,Hammerwatch,Role-playing (RPG),4,NULL,70.0000,1,69.9574,27
7891,Hammerwatch,Adventure,4,NULL,70.0000,1,69.9574,27
7891,Hammerwatch,Indie,4,NULL,70.0000,1,69.9574,27
25871,Glass Masquerade,Puzzle,4,NULL,70.0000,2,71.6213,15
25871,Glass Masquerade,Indie,4,NULL,70.0000,2,71.6213,15
11540,Exist Archive: The Other Side of the Sky,Role-playing (RPG),1,NULL,67.4000,11,NULL,NULL
4759,Divekick,Indie,3,NULL,61.6667,5,62.9566,19
34667,Distrust,Strategy,10,1,80.0000,1,56.4417,11
34667,Distrust,Adventure,10,1,80.0000,1,56.4417,11
34667,Distrust,Indie,10,1,80.0000,1,56.4417,11
18389,Deadbolt,Shooter,10,NULL,75.0000,2,79.8871,23
18389,Deadbolt,Indie,10,NULL,75.0000,2,79.8871,23
2637,de Blob,Platform,4,NULL,82.0000,9,66.5184,21
2637,de Blob,Puzzle,4,NULL,82.0000,9,66.5184,21
2637,de Blob,Adventure,4,NULL,82.0000,9,66.5184,21
2637,de Blob,Indie,4,NULL,82.0000,9,66.5184,21
6632,Call of Duty: Advanced Warfare,Shooter,123,2,80.2000,23,71.9000,483
4796,de Blob 2,Platform,8,NULL,75.3750,11,70.1691,17
4796,de Blob 2,Puzzle,8,NULL,75.3750,11,70.1691,17
4796,de Blob 2,Adventure,8,NULL,75.3750,11,70.1691,17
4796,de Blob 2,Indie,8,NULL,75.3750,11,70.1691,17
44122,City of Brass,Shooter,13,2,68.1250,9,40.0106,11
44122,City of Brass,Adventure,13,2,68.1250,9,40.0106,11
44122,City of Brass,Indie,13,2,68.1250,9,40.0106,11
3222,Chasm,Platform,32,21,70.0000,9,75.3806,39
3222,Chasm,Role-playing (RPG),32,21,70.0000,9,75.3806,39
3222,Chasm,Adventure,32,21,70.0000,9,75.3806,39
3222,Chasm,Indie,32,21,70.0000,9,75.3806,39
24501,Burly Men at Sea,Role-playing (RPG),3,NULL,75.0000,3,67.3965,30
24501,Burly Men at Sea,Adventure,3,NULL,75.0000,3,67.3965,30
24501,Burly Men at Sea,Indie,3,NULL,75.0000,3,67.3965,30
118607,Art of Rally,Simulator,4,1,83.3333,3,81.4720,21
118607,Art of Rally,Sport,4,1,83.3333,3,81.4720,21
118607,Art of Rally,Indie,4,1,83.3333,3,81.4720,21
118607,Art of Rally,Arcade,4,1,83.3333,3,81.4720,21
8634,Alien Shooter,Shooter,12,NULL,NULL,NULL,71.6690,39
8634,Alien Shooter,Role-playing (RPG),12,NULL,NULL,NULL,71.6690,39
8634,Alien Shooter,Indie,12,NULL,NULL,NULL,71.6690,39
8634,Alien Shooter,Arcade,12,NULL,NULL,NULL,71.6690,39
103484,Akane,Indie,3,1,NULL,NULL,70.3429,13
103484,Akane,Arcade,3,1,NULL,NULL,70.3429,13
11367,Anna's Quest,Puzzle,10,NULL,65.0000,2,69.6224,20
11367,Anna's Quest,Adventure,10,NULL,65.0000,2,69.6224,20
11367,Anna's Quest,Indie,10,NULL,65.0000,2,69.6224,20
14758,Ace Combat 7: Skies Unknown,Shooter,32,23,81.4545,13,80.7661,59
14758,Ace Combat 7: Skies Unknown,Simulator,32,23,81.4545,13,80.7661,59
78152,Afterparty,Adventure,21,12,74.8571,8,60.1920,30
78152,Afterparty,Indie,21,12,74.8571,8,60.1920,30
7171,Aaru's Awakening,Platform,3,NULL,68.0000,1,50.2784,17
7171,Aaru's Awakening,Adventure,3,NULL,68.0000,1,50.2784,17
7171,Aaru's Awakening,Indie,3,NULL,68.0000,1,50.2784,17
4656,A Boy and His Blob,Platform,2,NULL,53.3333,3,68.2995,15
4656,A Boy and His Blob,Puzzle,2,NULL,53.3333,3,68.2995,15
4656,A Boy and His Blob,Adventure,2,NULL,53.3333,3,68.2995,15
17480,Eastshade,Adventure,6,2,76.5000,2,77.9083,28
17480,Eastshade,Indie,6,2,76.5000,2,77.9083,28
28337,13 Sentinels: Aegis Rim,Simulator,12,4,83.8889,10,92.6978,69
28337,13 Sentinels: Aegis Rim,Strategy,12,4,83.8889,10,92.6978,69
28337,13 Sentinels: Aegis Rim,Adventure,12,4,83.8889,10,92.6978,69
11049,Crawl,Role-playing (RPG),13,1,60.0000,2,67.9387,35
11049,Crawl,Indie,13,1,60.0000,2,67.9387,35
11049,Crawl,Arcade,13,1,60.0000,2,67.9387,35
19489,Leo's Fortune,Platform,4,NULL,74.0000,7,70.3468,13
19489,Leo's Fortune,Puzzle,4,NULL,74.0000,7,70.3468,13
19489,Leo's Fortune,Adventure,4,NULL,74.0000,7,70.3468,13
19489,Leo's Fortune,Indie,4,NULL,74.0000,7,70.3468,13
19396,35MM,Shooter,11,NULL,NULL,NULL,56.6958,17
19396,35MM,Puzzle,11,NULL,NULL,NULL,56.6958,17
19396,35MM,Adventure,11,NULL,NULL,NULL,56.6958,17
19396,35MM,Indie,11,NULL,NULL,NULL,56.6958,17
18686,10 Second Ninja X,Platform,14,NULL,77.3333,9,65.3674,29
18686,10 Second Ninja X,Puzzle,14,NULL,77.3333,9,65.3674,29
18686,10 Second Ninja X,Indie,14,NULL,77.3333,9,65.3674,29
18686,10 Second Ninja X,Arcade,14,NULL,77.3333,9,65.3674,29
9497,140,Platform,13,NULL,71.0000,2,70.7384,34
9497,140,Puzzle,13,NULL,71.0000,2,70.7384,34
9497,140,Strategy,13,NULL,71.0000,2,70.7384,34
9497,140,Indie,13,NULL,71.0000,2,70.7384,34
23851,Wandersong,Platform,4,1,88.6000,5,93.3712,30
23851,Wandersong,Adventure,4,1,88.6000,5,93.3712,30
23851,Wandersong,Indie,4,1,88.6000,5,93.3712,30
134574,Paradise Lost,Simulator,2,7,61.6667,3,61.6837,13
134574,Paradise Lost,Adventure,2,7,61.6667,3,61.6837,13
134574,Paradise Lost,Indie,2,7,61.6667,3,61.6837,13
9181,Warhammer: End Times - Vermintide,Shooter,24,1,80.0000,13,72.6976,48
9181,Warhammer: End Times - Vermintide,Role-playing (RPG),24,1,80.0000,13,72.6976,48
9181,Warhammer: End Times - Vermintide,Strategy,24,1,80.0000,13,72.6976,48
9181,Warhammer: End Times - Vermintide,Adventure,24,1,80.0000,13,72.6976,48
9181,Warhammer: End Times - Vermintide,Indie,24,1,80.0000,13,72.6976,48
25599,Monster Boy and the Cursed Kingdom,Platform,8,5,79.0000,4,87.9287,26
25599,Monster Boy and the Cursed Kingdom,Role-playing (RPG),8,5,79.0000,4,87.9287,26
25599,Monster Boy and the Cursed Kingdom,Adventure,8,5,79.0000,4,87.9287,26
25599,Monster Boy and the Cursed Kingdom,Indie,8,5,79.0000,4,87.9287,26
7684,Ghost of a Tale,Puzzle,24,1,65.0000,3,87.0057,27
7684,Ghost of a Tale,Role-playing (RPG),24,1,65.0000,3,87.0057,27
7684,Ghost of a Tale,Adventure,24,1,65.0000,3,87.0057,27
7684,Ghost of a Tale,Indie,24,1,65.0000,3,87.0057,27
11710,60 Parsecs!,Role-playing (RPG),2,NULL,NULL,NULL,59.6666,11
11710,60 Parsecs!,Simulator,2,NULL,NULL,NULL,59.6666,11
11710,60 Parsecs!,Strategy,2,NULL,NULL,NULL,59.6666,11
11710,60 Parsecs!,Adventure,2,NULL,NULL,NULL,59.6666,11
11710,60 Parsecs!,Indie,2,NULL,NULL,NULL,59.6666,11
11347,Necropolis,Puzzle,14,3,60.2000,20,69.8699,13
11347,Necropolis,Adventure,14,3,60.2000,20,69.8699,13
11347,Necropolis,Indie,14,3,60.2000,20,69.8699,13
9723,Cinders,Role-playing (RPG),3,NULL,60.0000,1,58.2379,15
9723,Cinders,Adventure,3,NULL,60.0000,1,58.2379,15
9723,Cinders,Indie,3,NULL,60.0000,1,58.2379,15
17138,Enigmatis 2: The Mists of Ravenwood,Puzzle,3,NULL,NULL,NULL,72.9774,13
17138,Enigmatis 2: The Mists of Ravenwood,Adventure,3,NULL,NULL,NULL,72.9774,13
19297,Ken Follett's The Pillars of the Earth,Puzzle,17,3,78.0000,12,82.2827,31
19297,Ken Follett's The Pillars of the Earth,Adventure,17,3,78.0000,12,82.2827,31
19297,Ken Follett's The Pillars of the Earth,Indie,17,3,78.0000,12,82.2827,31
11398,Dead Synchronicity: Tomorrow Comes Today,Puzzle,11,NULL,73.2500,4,79.7332,23
11398,Dead Synchronicity: Tomorrow Comes Today,Adventure,11,NULL,73.2500,4,79.7332,23
11398,Dead Synchronicity: Tomorrow Comes Today,Indie,11,NULL,73.2500,4,79.7332,23
28323,Mega Man Legacy Collection 2,Shooter,7,NULL,71.4000,11,95.0936,11
28323,Mega Man Legacy Collection 2,Platform,7,NULL,71.4000,11,95.0936,11
28323,Mega Man Legacy Collection 2,Adventure,7,NULL,71.4000,11,95.0936,11
28323,Mega Man Legacy Collection 2,Arcade,7,NULL,71.4000,11,95.0936,11
18860,Beat Cop,Puzzle,11,1,70.0000,9,62.9697,25
18860,Beat Cop,Simulator,11,1,70.0000,9,62.9697,25
18860,Beat Cop,Adventure,11,1,70.0000,9,62.9697,25
18860,Beat Cop,Indie,11,1,70.0000,9,62.9697,25
9683,Dungeon of the Endless,Platform,13,NULL,79.4444,10,76.4793,42
9683,Dungeon of the Endless,Role-playing (RPG),13,NULL,79.4444,10,76.4793,42
9683,Dungeon of the Endless,Strategy,13,NULL,79.4444,10,76.4793,42
9683,Dungeon of the Endless,Adventure,13,NULL,79.4444,10,76.4793,42
9683,Dungeon of the Endless,Indie,13,NULL,79.4444,10,76.4793,42
146075,The Great Ace Attorney Chronicles,Puzzle,3,NULL,85.6250,10,90.0439,16
146075,The Great Ace Attorney Chronicles,Adventure,3,NULL,85.6250,10,90.0439,16
107198,UnderMine,Role-playing (RPG),NULL,3,NULL,NULL,66.2625,21
107198,UnderMine,Adventure,NULL,3,NULL,NULL,66.2625,21
107198,UnderMine,Indie,NULL,3,NULL,NULL,66.2625,21
19009,Shadow Complex Remastered,Shooter,7,NULL,78.2000,5,86.3178,18
19009,Shadow Complex Remastered,Platform,7,NULL,78.2000,5,86.3178,18
19009,Shadow Complex Remastered,Adventure,7,NULL,78.2000,5,86.3178,18
11549,Zero Escape: Zero Time Dilemma,Puzzle,26,6,79.9091,24,79.2301,91
11549,Zero Escape: Zero Time Dilemma,Role-playing (RPG),26,6,79.9091,24,79.2301,91
11549,Zero Escape: Zero Time Dilemma,Strategy,26,6,79.9091,24,79.2301,91
11549,Zero Escape: Zero Time Dilemma,Adventure,26,6,79.9091,24,79.2301,91
117533,River City Girls,Adventure,8,4,77.0000,7,74.1263,43
117533,River City Girls,Arcade,8,4,77.0000,7,74.1263,43
22917,Gris,Platform,33,6,81.2500,14,79.9966,356
22917,Gris,Puzzle,33,6,81.2500,14,79.9966,356
22917,Gris,Adventure,33,6,81.2500,14,79.9966,356
22917,Gris,Indie,33,6,81.2500,14,79.9966,356
1354,Flower,Simulator,54,NULL,83.1667,8,75.0662,197
1354,Flower,Adventure,54,NULL,83.1667,8,75.0662,197
15465,VA-11 Hall-A: Cyberpunk Bartender Action,Simulator,31,2,83.8889,9,84.1975,114
15465,VA-11 Hall-A: Cyberpunk Bartender Action,Adventure,31,2,83.8889,9,84.1975,114
15465,VA-11 Hall-A: Cyberpunk Bartender Action,Indie,31,2,83.8889,9,84.1975,114
4005,MediEvil: Resurrection,Platform,7,NULL,61.6667,3,68.8924,17
4005,MediEvil: Resurrection,Adventure,7,NULL,61.6667,3,68.8924,17
7380,Entwined,Arcade,4,NULL,69.1429,7,57.4183,27
26564,The Legend of Heroes: Trails of Cold Steel III,Role-playing (RPG),13,NULL,83.5000,9,85.8327,18
26564,The Legend of Heroes: Trails of Cold Steel III,Adventure,13,NULL,83.5000,9,85.8327,18
37057,Griftlands,Role-playing (RPG),14,11,83.5000,2,84.9389,29
37057,Griftlands,Strategy,14,11,83.5000,2,84.9389,29
37057,Griftlands,Indie,14,11,83.5000,2,84.9389,29
1014,APB Reloaded,Shooter,7,NULL,60.4000,6,62.5056,22
1014,APB Reloaded,Adventure,7,NULL,60.4000,6,62.5056,22
19469,Sky Force Reloaded,Shooter,6,NULL,NULL,NULL,81.8650,13
19469,Sky Force Reloaded,Indie,6,NULL,NULL,NULL,81.8650,13
19469,Sky Force Reloaded,Arcade,6,NULL,NULL,NULL,81.8650,13
26202,Nex Machina,Shooter,19,2,90.6875,18,80.1890,27
26202,Nex Machina,Indie,19,2,90.6875,18,80.1890,27
26202,Nex Machina,Arcade,19,2,90.6875,18,80.1890,27
117023,Jump King,Platform,3,NULL,75.0000,1,79.6331,23
117023,Jump King,Adventure,3,NULL,75.0000,1,79.6331,23
117023,Jump King,Indie,3,NULL,75.0000,1,79.6331,23
113107,Sayonara Wild Hearts,Adventure,3,3,81.4286,8,78.1316,81
113107,Sayonara Wild Hearts,Indie,3,3,81.4286,8,78.1316,81
113107,Sayonara Wild Hearts,Arcade,3,3,81.4286,8,78.1316,81
20927,911 Operator,Simulator,11,1,76.0000,2,70.2111,37
20927,911 Operator,Strategy,11,1,76.0000,2,70.2111,37
20927,911 Operator,Indie,11,1,76.0000,2,70.2111,37
21993,Seum: Speedrunners from Hell,Shooter,5,NULL,65.0000,1,59.9265,13
21993,Seum: Speedrunners from Hell,Platform,5,NULL,65.0000,1,59.9265,13
21993,Seum: Speedrunners from Hell,Indie,5,NULL,65.0000,1,59.9265,13
21993,Seum: Speedrunners from Hell,Arcade,5,NULL,65.0000,1,59.9265,13
8255,Trine 3: The Artifacts of Power,Platform,27,3,62.0000,6,64.2717,78
8255,Trine 3: The Artifacts of Power,Puzzle,27,3,62.0000,6,64.2717,78
8255,Trine 3: The Artifacts of Power,Adventure,27,3,62.0000,6,64.2717,78
8255,Trine 3: The Artifacts of Power,Indie,27,3,62.0000,6,64.2717,78
18822,Pyre,Role-playing (RPG),84,8,86.0556,22,80.2063,107
18822,Pyre,Adventure,84,8,86.0556,22,80.2063,107
18822,Pyre,Indie,84,8,86.0556,22,80.2063,107
24482,Nidhogg 2,Indie,8,NULL,76.8824,21,70.0073,21
24482,Nidhogg 2,Arcade,8,NULL,76.8824,21,70.0073,21
27729,Mordhau,Indie,11,NULL,82.2500,4,74.9486,43
5541,Sherlock Holmes: Crimes & Punishments,Puzzle,55,5,74.7143,15,80.1160,135
5541,Sherlock Holmes: Crimes & Punishments,Adventure,55,5,74.7143,15,80.1160,135
55198,Kentucky Route Zero: TV Edition,Adventure,3,2,85.0000,3,45.6497,15
55198,Kentucky Route Zero: TV Edition,Indie,3,2,85.0000,3,45.6497,15
27435,Dandara,Platform,9,NULL,69.2000,6,59.7523,19
27435,Dandara,Adventure,9,NULL,69.2000,6,59.7523,19
27435,Dandara,Indie,9,NULL,69.2000,6,59.7523,19
27435,Dandara,Arcade,9,NULL,69.2000,6,59.7523,19
153,Star Wars: Jedi Knight - Jedi Academy,Shooter,140,NULL,69.4000,5,83.8688,348
153,Star Wars: Jedi Knight - Jedi Academy,Adventure,140,NULL,69.4000,5,83.8688,348
11594,Disgaea 5: Alliance of Vengeance,Role-playing (RPG),10,NULL,78.8889,10,89.9690,13
11594,Disgaea 5: Alliance of Vengeance,Simulator,10,NULL,78.8889,10,89.9690,13
11594,Disgaea 5: Alliance of Vengeance,Strategy,10,NULL,78.8889,10,89.9690,13
14314,TerraTech,Simulator,35,NULL,60.0000,1,70.1439,13
14314,TerraTech,Strategy,35,NULL,60.0000,1,70.1439,13
14314,TerraTech,Adventure,35,NULL,60.0000,1,70.1439,13
14314,TerraTech,Indie,35,NULL,60.0000,1,70.1439,13
27804,Phoenix Point,Role-playing (RPG),16,12,82.0000,5,60.3335,13
27804,Phoenix Point,Simulator,16,12,82.0000,5,60.3335,13
27804,Phoenix Point,Strategy,16,12,82.0000,5,60.3335,13
28794,Ancestors Legacy,Strategy,10,4,77.8000,5,70.9295,12
88116,The Beast Inside,Adventure,2,3,NULL,NULL,79.6421,20
88116,The Beast Inside,Indie,2,3,NULL,NULL,79.6421,20
399,Final Fantasy IV,Role-playing (RPG),27,NULL,82.5000,3,81.9748,78
399,Final Fantasy IV,Adventure,27,NULL,82.5000,3,81.9748,78
14172,Everspace,Shooter,18,3,82.5000,6,76.2141,31
14172,Everspace,Simulator,18,3,82.5000,6,76.2141,31
14172,Everspace,Indie,18,3,82.5000,6,76.2141,31
55322,Pathologic 2,Role-playing (RPG),19,4,63.2000,5,93.9918,59
55322,Pathologic 2,Adventure,19,4,63.2000,5,93.9918,59
55322,Pathologic 2,Indie,19,4,63.2000,5,93.9918,59
12632,Sword Art Online: Hollow Realization,Role-playing (RPG),23,3,69.1000,11,72.2667,8
12632,Sword Art Online: Hollow Realization,Adventure,23,3,69.1000,11,72.2667,8
122666,Teardown,Puzzle,3,5,83.3333,3,79.3546,23
122666,Teardown,Simulator,3,5,83.3333,3,79.3546,23
122666,Teardown,Strategy,3,5,83.3333,3,79.3546,23
122666,Teardown,Indie,3,5,83.3333,3,79.3546,23
11064,Shadow Warrior 2,Shooter,46,7,77.7647,21,75.1767,96
11064,Shadow Warrior 2,Puzzle,46,7,77.7647,21,75.1767,96
11064,Shadow Warrior 2,Role-playing (RPG),46,7,77.7647,21,75.1767,96
11064,Shadow Warrior 2,Adventure,46,7,77.7647,21,75.1767,96
44129,Super Meat Boy Forever,Platform,9,12,70.1429,11,78.2259,13
44129,Super Meat Boy Forever,Puzzle,9,12,70.1429,11,78.2259,13
44129,Super Meat Boy Forever,Adventure,9,12,70.1429,11,78.2259,13
44129,Super Meat Boy Forever,Indie,9,12,70.1429,11,78.2259,13
125373,Curse of the Dead Gods,Role-playing (RPG),9,2,84.2500,4,69.5176,33
125373,Curse of the Dead Gods,Adventure,9,2,84.2500,4,69.5176,33
125373,Curse of the Dead Gods,Indie,9,2,84.2500,4,69.5176,33
18020,Visage,Puzzle,36,13,87.0000,2,81.6992,45
18020,Visage,Simulator,36,13,87.0000,2,81.6992,45
18020,Visage,Adventure,36,13,87.0000,2,81.6992,45
18020,Visage,Indie,36,13,87.0000,2,81.6992,45
9214,Dragon Quest Heroes: The World Tree's Woe and the Blight Below,Role-playing (RPG),10,NULL,78.0833,14,75.7584,16
24069,Dragon Quest Builders,Role-playing (RPG),21,1,82.0000,25,79.7198,23
24069,Dragon Quest Builders,Adventure,21,1,82.0000,25,79.7198,23
121754,Orcs Must Die! 3,Shooter,3,4,76.0000,6,79.5759,14
121754,Orcs Must Die! 3,Puzzle,3,4,76.0000,6,79.5759,14
121754,Orcs Must Die! 3,Strategy,3,4,76.0000,6,79.5759,14
121754,Orcs Must Die! 3,Adventure,3,4,76.0000,6,79.5759,14
121754,Orcs Must Die! 3,Indie,3,4,76.0000,6,79.5759,14
34294,BioShock 2 Remastered,Shooter,18,NULL,NULL,NULL,81.2049,80
34294,BioShock 2 Remastered,Role-playing (RPG),18,NULL,NULL,NULL,81.2049,80
11204,The Walking Dead: Michonne,Adventure,42,3,68.3333,5,67.4155,159
84486,This Is the Police 2,Simulator,10,4,63.0000,7,73.9036,20
84486,This Is the Police 2,Strategy,10,4,63.0000,7,73.9036,20
84486,This Is the Police 2,Adventure,10,4,63.0000,7,73.9036,20
84486,This Is the Police 2,Indie,10,4,63.0000,7,73.9036,20
26167,Bulletstorm: Full Clip Edition,Shooter,19,2,76.7857,18,75.0683,60
26167,Bulletstorm: Full Clip Edition,Adventure,19,2,76.7857,18,75.0683,60
28311,Bendy and the Ink Machine,Puzzle,12,NULL,86.5000,3,70.2719,35
28311,Bendy and the Ink Machine,Strategy,12,NULL,86.5000,3,70.2719,35
28311,Bendy and the Ink Machine,Adventure,12,NULL,86.5000,3,70.2719,35
28311,Bendy and the Ink Machine,Indie,12,NULL,86.5000,3,70.2719,35
11423,This Is the Police,Simulator,29,4,60.5714,15,69.5064,90
11423,This Is the Police,Strategy,29,4,60.5714,15,69.5064,90
11423,This Is the Police,Adventure,29,4,60.5714,15,69.5064,90
11423,This Is the Police,Indie,29,4,60.5714,15,69.5064,90
18853,Aragami,Adventure,28,1,69.5556,11,74.1256,61
18853,Aragami,Indie,28,1,69.5556,11,74.1256,61
27741,Darwin Project,Indie,11,1,NULL,NULL,68.4905,16
12529,Gravity Rush Remastered,Platform,32,1,78.6667,15,75.0188,59
12529,Gravity Rush Remastered,Role-playing (RPG),32,1,78.6667,15,75.0188,59
12529,Gravity Rush Remastered,Adventure,32,1,78.6667,15,75.0188,59
115304,Five Nights at Freddy's: Help Wanted,Puzzle,2,4,90.0000,1,71.5683,12
115304,Five Nights at Freddy's: Help Wanted,Adventure,2,4,90.0000,1,71.5683,12
216178,Football Manager 2023,Simulator,2,NULL,82.5000,2,61.1975,17
216178,Football Manager 2023,Sport,2,NULL,82.5000,2,61.1975,17
19081,The Jackbox Party Pack 2,Puzzle,7,NULL,78.2500,5,61.5305,24
19081,The Jackbox Party Pack 2,Strategy,7,NULL,78.2500,5,61.5305,24
19081,The Jackbox Party Pack 2,Indie,7,NULL,78.2500,5,61.5305,24
132165,Observer: System Redux,Adventure,2,4,86.2000,5,89.0442,16
132165,Observer: System Redux,Indie,2,4,86.2000,5,89.0442,16
8751,Stranded Deep,Simulator,42,4,NULL,NULL,62.3437,39
8751,Stranded Deep,Adventure,42,4,NULL,NULL,62.3437,39
8751,Stranded Deep,Indie,42,4,NULL,NULL,62.3437,39
75238,Concrete Genie,Adventure,14,3,81.8571,8,71.1124,40
178361,The Dark Pictures Anthology: The Devil in Me,Adventure,3,3,74.4000,8,69.0750,24
16300,Dragon's Dogma: Dark Arisen,Role-playing (RPG),39,NULL,78.3810,25,81.9226,127
16300,Dragon's Dogma: Dark Arisen,Adventure,39,NULL,78.3810,25,81.9226,127
14548,Borderlands: The Handsome Collection,Shooter,28,NULL,84.0000,10,76.3195,43
14548,Borderlands: The Handsome Collection,Role-playing (RPG),28,NULL,84.0000,10,76.3195,43
239392,Mortal Kombat 1,Adventure,1,NULL,83.8333,10,74.1977,12
191692,Street Fighter 6,Arcade,1,7,93.1429,11,87.0846,33
8173,Overwatch,Shooter,447,41,89.0833,30,81.9204,958
8173,Overwatch,Strategy,447,41,89.0833,30,81.9204,958
134071,Mafia II: Definitive Edition,Shooter,3,NULL,61.0000,4,70.7016,54
134071,Mafia II: Definitive Edition,Adventure,3,NULL,61.0000,4,70.7016,54
172771,eFootball 2022,Simulator,4,NULL,30.0000,2,65.4765,15
172771,eFootball 2022,Sport,4,NULL,30.0000,2,65.4765,15
27789,PUBG: Battlegrounds,Shooter,231,27,75.0625,21,73.2358,368
6803,Halo 5: Guardians,Shooter,92,17,84.0526,22,75.9326,196
7333,Crackdown 3,Shooter,37,26,62.2727,14,69.9901,32
10605,Garou: Mark of the Wolves,Arcade,6,NULL,80.0000,1,78.1259,49
132164,Crysis Remastered,Shooter,8,3,68.4286,8,77.7895,24
132164,Crysis Remastered,Adventure,8,3,68.4286,8,77.7895,24
10965,Need for Speed,Simulator,60,7,62.4706,20,63.5099,169
10965,Need for Speed,Adventure,60,7,62.4706,20,63.5099,169
10965,Need for Speed,Arcade,60,7,62.4706,20,63.5099,169
119304,Spiritfarer,Platform,16,8,87.8571,8,89.9386,95
119304,Spiritfarer,Simulator,16,8,87.8571,8,89.9386,95
119304,Spiritfarer,Adventure,16,8,87.8571,8,89.9386,95
119304,Spiritfarer,Indie,16,8,87.8571,8,89.9386,95
11155,Dreams,Adventure,33,14,92.8571,9,89.5845,26
493,Heavy Rain,Adventure,267,NULL,80.2500,15,81.9357,849
8223,Assassin's Creed Chronicles: China,Platform,79,8,70.3750,8,70.0046,99
8223,Assassin's Creed Chronicles: China,Role-playing (RPG),79,8,70.3750,8,70.0046,99
8223,Assassin's Creed Chronicles: China,Adventure,79,8,70.3750,8,70.0046,99
11394,Steins;Gate 0,Adventure,13,2,87.1818,12,88.6263,33
87210,Farming Simulator 19,Simulator,115,3,68.2000,5,79.9556,23
87210,Farming Simulator 19,Strategy,115,3,68.2000,5,79.9556,23
6866,Puyo Puyo Tetris,Puzzle,13,NULL,84.3846,16,78.3979,38
6866,Puyo Puyo Tetris,Strategy,13,NULL,84.3846,16,78.3979,38
133302,Scarlet Nexus,Role-playing (RPG),11,12,80.8000,12,76.7827,68
133302,Scarlet Nexus,Adventure,11,12,80.8000,12,76.7827,68
7350,Get Even,Shooter,39,10,73.8000,12,70.2769,29
7350,Get Even,Adventure,39,10,73.8000,12,70.2769,29
75245,Avicii Invector,Indie,5,NULL,80.0000,2,82.3511,12
75245,Avicii Invector,Arcade,5,NULL,80.0000,2,82.3511,12
26624,Spirit Hunter: Death Mark,Adventure,3,NULL,NULL,NULL,70.2661,12
11565,JoJo's Bizarre Adventure: Eyes of Heaven,Arcade,7,NULL,63.5000,10,89.7149,15
145780,WWE 2K22,Simulator,4,3,77.3333,9,79.4760,13
145780,WWE 2K22,Sport,4,3,77.3333,9,79.4760,13
25837,The Pedestrian,Platform,6,4,72.5000,2,78.7884,38
25837,The Pedestrian,Puzzle,6,4,72.5000,2,78.7884,38
25837,The Pedestrian,Adventure,6,4,72.5000,2,78.7884,38
25837,The Pedestrian,Indie,6,4,72.5000,2,78.7884,38
135254,Crash Bandicoot 4: It's About Time,Platform,15,5,85.8750,20,82.1047,80
78497,Catherine: Full Body,Platform,6,6,85.0000,8,78.2566,23
78497,Catherine: Full Body,Puzzle,6,6,85.0000,8,78.2566,23
78497,Catherine: Full Body,Simulator,6,6,85.0000,8,78.2566,23
78497,Catherine: Full Body,Strategy,6,6,85.0000,8,78.2566,23
78497,Catherine: Full Body,Adventure,6,6,85.0000,8,78.2566,23
133149,Post Void,Shooter,NULL,NULL,85.0000,1,85.1840,14
133149,Post Void,Indie,NULL,NULL,85.0000,1,85.1840,14
133149,Post Void,Arcade,NULL,NULL,85.0000,1,85.1840,14
18148,Wolcen: Lords of Mayhem,Role-playing (RPG),20,10,58.0000,1,43.3636,27
18148,Wolcen: Lords of Mayhem,Adventure,20,10,58.0000,1,43.3636,27
18148,Wolcen: Lords of Mayhem,Indie,20,10,58.0000,1,43.3636,27
26879,Werewolf: The Apocalypse - Earthblood,Role-playing (RPG),6,19,52.3333,13,47.6642,7
26879,Werewolf: The Apocalypse - Earthblood,Adventure,6,19,52.3333,13,47.6642,7
11180,Robinson: The Journey,Adventure,19,11,63.0000,10,62.9953,12
23582,Lost Castle,Role-playing (RPG),3,NULL,70.0000,1,57.6734,12
23582,Lost Castle,Adventure,3,NULL,70.0000,1,57.6734,12
23582,Lost Castle,Indie,3,NULL,70.0000,1,57.6734,12
23582,Lost Castle,Arcade,3,NULL,70.0000,1,57.6734,12
68287,Left Alive,Shooter,18,12,30.5000,9,33.6342,12
11703,The Incredible Adventures of Van Helsing III,Role-playing (RPG),6,NULL,70.7500,4,61.3261,12
11703,The Incredible Adventures of Van Helsing III,Adventure,6,NULL,70.7500,4,61.3261,12
11703,The Incredible Adventures of Van Helsing III,Indie,6,NULL,70.7500,4,61.3261,12
27192,My Memory of Us,Platform,3,1,70.2500,5,73.3627,12
27192,My Memory of Us,Puzzle,3,1,70.2500,5,73.3627,12
27192,My Memory of Us,Adventure,3,1,70.2500,5,73.3627,12
27192,My Memory of Us,Indie,3,1,70.2500,5,73.3627,12
119259,Yooka-Laylee and the Impossible Lair,Platform,13,1,86.1111,11,70.8359,31
119259,Yooka-Laylee and the Impossible Lair,Adventure,13,1,86.1111,11,70.8359,31
119259,Yooka-Laylee and the Impossible Lair,Indie,13,1,86.1111,11,70.8359,31
135337,Bloodstained: Curse of the Moon 2,Platform,3,1,79.1667,7,86.2405,12
18263,Moon Hunters,Role-playing (RPG),16,NULL,67.5714,8,54.9128,24
18263,Moon Hunters,Adventure,16,NULL,67.5714,8,54.9128,24
18263,Moon Hunters,Indie,16,NULL,67.5714,8,54.9128,24
23431,PixelJunk Shooter Ultimate,Shooter,3,NULL,NULL,NULL,75.1984,13
23431,PixelJunk Shooter Ultimate,Puzzle,3,NULL,NULL,NULL,75.1984,13
23431,PixelJunk Shooter Ultimate,Adventure,3,NULL,NULL,NULL,75.1984,13
100,Need for Speed: ProStreet,Simulator,44,NULL,60.7500,5,69.5702,194
100,Need for Speed: ProStreet,Sport,44,NULL,60.7500,5,69.5702,194
26102,Gnog,Puzzle,8,NULL,75.0000,5,75.2291,31
26102,Gnog,Adventure,8,NULL,75.0000,5,75.2291,31
26102,Gnog,Indie,8,NULL,75.0000,5,75.2291,31
19563,Batman: Arkham VR,Puzzle,13,7,73.2857,16,73.8131,21
19563,Batman: Arkham VR,Adventure,13,7,73.2857,16,73.8131,21
3132,Neighbours from Hell,Strategy,37,NULL,72.0000,2,79.2164,114
3132,Neighbours from Hell,Adventure,37,NULL,72.0000,2,79.2164,114
21623,Tricky Towers,Puzzle,11,NULL,67.5714,8,75.6377,48
21623,Tricky Towers,Indie,11,NULL,67.5714,8,75.6377,48
21623,Tricky Towers,Arcade,11,NULL,67.5714,8,75.6377,48
152203,Trek to Yomi,Adventure,7,8,68.2857,9,70.9798,47
152203,Trek to Yomi,Indie,7,8,68.2857,9,70.9798,47
16925,Dex,Platform,11,NULL,69.3750,8,75.9948,37
16925,Dex,Role-playing (RPG),11,NULL,69.3750,8,75.9948,37
16925,Dex,Adventure,11,NULL,69.3750,8,75.9948,37
16925,Dex,Indie,11,NULL,69.3750,8,75.9948,37
6164,The Testament of Sherlock Holmes,Puzzle,19,NULL,76.0000,4,76.9028,99
6164,The Testament of Sherlock Holmes,Adventure,19,NULL,76.0000,4,76.9028,99
1530,Jak 3,Shooter,42,NULL,70.0000,3,75.5777,156
1530,Jak 3,Platform,42,NULL,70.0000,3,75.5777,156
1530,Jak 3,Adventure,42,NULL,70.0000,3,75.5777,156
27666,Sine Mora EX,Shooter,6,NULL,77.4000,5,70.8379,14
27666,Sine Mora EX,Arcade,6,NULL,77.4000,5,70.8379,14
2638,The Incredible Adventures of Van Helsing,Role-playing (RPG),22,NULL,64.0000,6,67.5756,55
2638,The Incredible Adventures of Van Helsing,Strategy,22,NULL,64.0000,6,67.5756,55
2638,The Incredible Adventures of Van Helsing,Adventure,22,NULL,64.0000,6,67.5756,55
2638,The Incredible Adventures of Van Helsing,Indie,22,NULL,64.0000,6,67.5756,55
22783,The Sexy Brutale,Puzzle,29,3,80.0000,15,75.4671,40
22783,The Sexy Brutale,Adventure,29,3,80.0000,15,75.4671,40
22783,The Sexy Brutale,Indie,29,3,80.0000,15,75.4671,40
3839,Contrast,Platform,18,NULL,56.6667,6,57.8794,77
3839,Contrast,Puzzle,18,NULL,56.6667,6,57.8794,77
3839,Contrast,Adventure,18,NULL,56.6667,6,57.8794,77
3839,Contrast,Indie,18,NULL,56.6667,6,57.8794,77
10255,Kero Blaster,Shooter,2,NULL,76.2500,5,74.0300,16
10255,Kero Blaster,Platform,2,NULL,76.2500,5,74.0300,16
10255,Kero Blaster,Adventure,2,NULL,76.2500,5,74.0300,16
10255,Kero Blaster,Indie,2,NULL,76.2500,5,74.0300,16
10255,Kero Blaster,Arcade,2,NULL,76.2500,5,74.0300,16
23322,The Legend of Heroes: Trails From Zero,Role-playing (RPG),2,NULL,86.5000,3,89.6783,20
23322,The Legend of Heroes: Trails From Zero,Strategy,2,NULL,86.5000,3,89.6783,20
23322,The Legend of Heroes: Trails From Zero,Adventure,2,NULL,86.5000,3,89.6783,20
9136,Gorogoa,Puzzle,31,NULL,82.1429,12,80.1624,129
9136,Gorogoa,Adventure,31,NULL,82.1429,12,80.1624,129
9136,Gorogoa,Indie,31,NULL,82.1429,12,80.1624,129
18452,Grip,Shooter,9,NULL,50.0000,3,62.5041,18
18452,Grip,Indie,9,NULL,50.0000,3,62.5041,18
101461,Green Hell,Simulator,10,1,85.0000,3,84.4726,30
101461,Green Hell,Strategy,10,1,85.0000,3,84.4726,30
101461,Green Hell,Adventure,10,1,85.0000,3,84.4726,30
101461,Green Hell,Indie,10,1,85.0000,3,84.4726,30
13226,Keep Talking and Nobody Explodes,Puzzle,18,NULL,84.3333,7,85.7448,78
13226,Keep Talking and Nobody Explodes,Simulator,18,NULL,84.3333,7,85.7448,78
13226,Keep Talking and Nobody Explodes,Indie,18,NULL,84.3333,7,85.7448,78
1352,Journey,Platform,297,NULL,93.8571,15,85.7751,915
1352,Journey,Adventure,297,NULL,93.8571,15,85.7751,915
19440,Agents of Mayhem,Shooter,27,10,72.7895,22,67.7244,31
19440,Agents of Mayhem,Adventure,27,10,72.7895,22,67.7244,31
23188,Immortal Redneck,Shooter,4,NULL,80.3333,6,54.2468,14
23188,Immortal Redneck,Indie,4,NULL,80.3333,6,54.2468,14
23188,Immortal Redneck,Arcade,4,NULL,80.3333,6,54.2468,14
18303,Arizona Sunshine,Shooter,10,1,63.6000,6,61.6003,17
18303,Arizona Sunshine,Adventure,10,1,63.6000,6,61.6003,17
18303,Arizona Sunshine,Indie,10,1,63.6000,6,61.6003,17
18158,Ultimate Chicken Horse,Platform,10,NULL,79.4000,5,77.6447,72
18158,Ultimate Chicken Horse,Adventure,10,NULL,79.4000,5,77.6447,72
18158,Ultimate Chicken Horse,Indie,10,NULL,79.4000,5,77.6447,72
18158,Ultimate Chicken Horse,Arcade,10,NULL,79.4000,5,77.6447,72
3018,Unepic,Platform,14,NULL,67.5000,4,73.9636,32
3018,Unepic,Puzzle,14,NULL,67.5000,4,73.9636,32
3018,Unepic,Role-playing (RPG),14,NULL,67.5000,4,73.9636,32
3018,Unepic,Adventure,14,NULL,67.5000,4,73.9636,32
3018,Unepic,Indie,14,NULL,67.5000,4,73.9636,32
3018,Unepic,Arcade,14,NULL,67.5000,4,73.9636,32
14673,Valkyria Revolution,Role-playing (RPG),10,2,56.2727,15,NULL,NULL
14673,Valkyria Revolution,Strategy,10,2,56.2727,15,NULL,NULL
11260,Armello,Role-playing (RPG),10,NULL,73.3333,8,73.0072,41
11260,Armello,Simulator,10,NULL,73.3333,8,73.0072,41
11260,Armello,Strategy,10,NULL,73.3333,8,73.0072,41
11260,Armello,Adventure,10,NULL,73.3333,8,73.0072,41
11260,Armello,Indie,10,NULL,73.3333,8,73.0072,41
14550,Action Henk,Platform,3,NULL,69.8750,8,76.4529,11
14550,Action Henk,Sport,3,NULL,69.8750,8,76.4529,11
14550,Action Henk,Indie,3,NULL,69.8750,8,76.4529,11
104971,AI: The Somnium Files,Puzzle,6,2,86.0000,3,84.8090,85
104971,AI: The Somnium Files,Adventure,6,2,86.0000,3,84.8090,85
17001,Ashen,Role-playing (RPG),66,28,82.8571,8,79.4246,43
17001,Ashen,Adventure,66,28,82.8571,8,79.4246,43
17001,Ashen,Indie,66,28,82.8571,8,79.4246,43
132707,Madden NFL 21,Simulator,3,1,67.2222,11,70.1028,6
132707,Madden NFL 21,Sport,3,1,67.2222,11,70.1028,6
132707,Madden NFL 21,Strategy,3,1,67.2222,11,70.1028,6
1052,The Lord of the Rings: War in the North,Role-playing (RPG),30,NULL,66.1250,9,70.7229,124
1052,The Lord of the Rings: War in the North,Strategy,30,NULL,66.1250,9,70.7229,124
1052,The Lord of the Rings: War in the North,Adventure,30,NULL,66.1250,9,70.7229,124
139458,Webbed,Platform,1,1,NULL,NULL,79.8810,12
139458,Webbed,Puzzle,1,1,NULL,NULL,79.8810,12
139458,Webbed,Adventure,1,1,NULL,NULL,79.8810,12
139458,Webbed,Indie,1,1,NULL,NULL,79.8810,12
28528,Röki,Platform,3,7,87.2857,8,72.2778,14
28528,Röki,Puzzle,3,7,87.2857,8,72.2778,14
28528,Röki,Adventure,3,7,87.2857,8,72.2778,14
28528,Röki,Indie,3,7,87.2857,8,72.2778,14
165127,Crysis 3 Remastered,Shooter,2,NULL,NULL,NULL,69.8521,11
19553,Trials of the Blood Dragon,Shooter,7,NULL,52.8824,19,65.1589,12
19553,Trials of the Blood Dragon,Platform,7,NULL,52.8824,19,65.1589,12
19553,Trials of the Blood Dragon,Arcade,7,NULL,52.8824,19,65.1589,12
7965,Kholat,Adventure,23,3,66.0000,9,60.9130,46
7965,Kholat,Indie,23,3,66.0000,9,60.9130,46
134587,Destruction AllStars,Sport,3,6,67.2857,7,56.4713,12
7936,La-Mulana,Platform,8,NULL,NULL,NULL,89.3826,12
7936,La-Mulana,Puzzle,8,NULL,NULL,NULL,89.3826,12
7936,La-Mulana,Adventure,8,NULL,NULL,NULL,89.3826,12
7936,La-Mulana,Indie,8,NULL,NULL,NULL,89.3826,12
103249,11-11: Memories Retold,Adventure,10,2,74.0000,3,77.3571,17
89326,Breathedge,Role-playing (RPG),16,1,82.0000,3,70.5066,26
89326,Breathedge,Simulator,16,1,82.0000,3,70.5066,26
89326,Breathedge,Adventure,16,1,82.0000,3,70.5066,26
89326,Breathedge,Indie,16,1,82.0000,3,70.5066,26
113118,The Pathless,Role-playing (RPG),2,19,80.6667,11,81.2045,33
113118,The Pathless,Adventure,2,19,80.6667,11,81.2045,33
113118,The Pathless,Indie,2,19,80.6667,11,81.2045,33
127358,Ruined King: A League of Legends Story,Role-playing (RPG),2,3,77.5000,5,84.5574,17
127358,Ruined King: A League of Legends Story,Adventure,2,3,77.5000,5,84.5574,17
127358,Ruined King: A League of Legends Story,Indie,2,3,77.5000,5,84.5574,17
59849,L.A. Noire,Shooter,15,1,73.3333,6,91.7958,39
59849,L.A. Noire,Strategy,15,1,73.3333,6,91.7958,39
59849,L.A. Noire,Adventure,15,1,73.3333,6,91.7958,39
19815,Game Dev Story,Role-playing (RPG),5,NULL,NULL,NULL,69.7142,20
19815,Game Dev Story,Simulator,5,NULL,NULL,NULL,69.7142,20
19815,Game Dev Story,Strategy,5,NULL,NULL,NULL,69.7142,20
19815,Game Dev Story,Adventure,5,NULL,NULL,NULL,69.7142,20
19815,Game Dev Story,Indie,5,NULL,NULL,NULL,69.7142,20
204363,Layers of Fear,Puzzle,NULL,3,71.4000,5,77.6535,12
27353,Dungeons 3,Role-playing (RPG),12,NULL,74.0000,3,78.2608,16
27353,Dungeons 3,Simulator,12,NULL,74.0000,3,78.2608,16
27353,Dungeons 3,Strategy,12,NULL,74.0000,3,78.2608,16
27353,Dungeons 3,Adventure,12,NULL,74.0000,3,78.2608,16
25901,My Friend Pedro,Shooter,33,13,73.4444,12,75.1462,138
25901,My Friend Pedro,Platform,33,13,73.4444,12,75.1462,138
25901,My Friend Pedro,Adventure,33,13,73.4444,12,75.1462,138
25901,My Friend Pedro,Indie,33,13,73.4444,12,75.1462,138
25901,My Friend Pedro,Arcade,33,13,73.4444,12,75.1462,138
111661,Omno,Platform,19,4,82.6667,3,87.0463,28
111661,Omno,Puzzle,19,4,82.6667,3,87.0463,28
111661,Omno,Adventure,19,4,82.6667,3,87.0463,28
111661,Omno,Indie,19,4,82.6667,3,87.0463,28
10910,LEGO Worlds,Puzzle,20,5,70.6667,7,71.9707,34
10910,LEGO Worlds,Adventure,20,5,70.6667,7,71.9707,34
36929,Pathfinder: Kingmaker,Role-playing (RPG),14,8,65.6667,3,87.1254,64
14761,Rain World,Platform,29,5,62.0909,13,65.0198,37
14761,Rain World,Role-playing (RPG),29,5,62.0909,13,65.0198,37
14761,Rain World,Adventure,29,5,62.0909,13,65.0198,37
14761,Rain World,Indie,29,5,62.0909,13,65.0198,37
20065,Resident Evil 4,Shooter,46,1,85.2500,23,87.8349,119
20065,Resident Evil 4,Adventure,46,1,85.2500,23,87.8349,119
212584,Tactics Ogre: Reborn,Role-playing (RPG),NULL,3,85.2000,6,89.4101,11
212584,Tactics Ogre: Reborn,Simulator,NULL,3,85.2000,6,89.4101,11
212584,Tactics Ogre: Reborn,Strategy,NULL,3,85.2000,6,89.4101,11
134585,Sackboy: A Big Adventure,Platform,7,1,85.3000,13,78.3957,39
134585,Sackboy: A Big Adventure,Adventure,7,1,85.3000,13,78.3957,39
11857,God Eater 2: Rage Burst,Role-playing (RPG),14,NULL,75.5455,11,59.4076,11
3775,Assassin's Creed: Freedom Cry,Adventure,56,NULL,75.0000,3,70.8571,169
34894,Crossout,Shooter,22,NULL,65.0000,2,59.7009,32
34894,Crossout,Simulator,22,NULL,65.0000,2,59.7009,32
115280,Oninaki,Role-playing (RPG),4,6,67.0000,11,60.0353,6
115280,Oninaki,Adventure,4,6,67.0000,11,60.0353,6
144465,Teenage Mutant Ninja Turtles: Shredder's Revenge,Indie,9,10,85.3750,10,78.5082,84
144465,Teenage Mutant Ninja Turtles: Shredder's Revenge,Arcade,9,10,85.3750,10,78.5082,84
37777,Shadow of the Tomb Raider,Shooter,196,43,80.0000,19,77.7831,443
37777,Shadow of the Tomb Raider,Adventure,196,43,80.0000,19,77.7831,443
8254,Resident Evil,Shooter,99,3,82.2500,17,87.6639,316
8254,Resident Evil,Adventure,99,3,82.2500,17,87.6639,316
11212,Star Ocean: Till the End of Time,Role-playing (RPG),13,1,75.0000,2,92.6300,30
11212,Star Ocean: Till the End of Time,Adventure,13,1,75.0000,2,92.6300,30
7399,Final Fantasy Type-0 HD,Role-playing (RPG),25,1,75.2727,15,72.2978,50
7399,Final Fantasy Type-0 HD,Adventure,25,1,75.2727,15,72.2978,50
204350,The Last of Us Part I,Shooter,22,7,77.3333,17,94.9590,189
204350,The Last of Us Part I,Adventure,22,7,77.3333,17,94.9590,189
13669,Dynasty Warriors 8: Empires,Strategy,NULL,NULL,64.8182,12,70.1038,10
19449,Dragon Ball: Xenoverse 2,Role-playing (RPG),52,3,73.5000,24,73.6970,84
19449,Dragon Ball: Xenoverse 2,Simulator,52,3,73.5000,24,73.6970,84
19449,Dragon Ball: Xenoverse 2,Adventure,52,3,73.5000,24,73.6970,84
131999,NieR Replicant ver.1.22474487139...,Role-playing (RPG),12,31,82.1667,14,84.1640,105
131999,NieR Replicant ver.1.22474487139...,Adventure,12,31,82.1667,14,84.1640,105
198506,Disney Dreamlight Valley,Role-playing (RPG),3,1,90.0000,4,79.7588,12
198506,Disney Dreamlight Valley,Simulator,3,1,90.0000,4,79.7588,12
198506,Disney Dreamlight Valley,Adventure,3,1,90.0000,4,79.7588,12
228535,Remnant II,Shooter,NULL,2,83.5000,8,79.9212,20
228535,Remnant II,Role-playing (RPG),NULL,2,83.5000,8,79.9212,20
228535,Remnant II,Adventure,NULL,2,83.5000,8,79.9212,20
113598,Deathloop,Shooter,13,38,89.7000,12,83.0047,131
113598,Deathloop,Adventure,13,38,89.7000,12,83.0047,131
135243,It Takes Two,Platform,30,5,90.2667,19,88.9495,324
135243,It Takes Two,Puzzle,30,5,90.2667,19,88.9495,324
135243,It Takes Two,Adventure,30,5,90.2667,19,88.9495,324
7029,Kameo: Elements of Power,Adventure,9,NULL,71.6667,4,79.4259,20
7236,Viva Piñata,Simulator,8,NULL,74.6667,3,75.4563,38
7236,Viva Piñata,Strategy,8,NULL,74.6667,3,75.4563,38
103301,Wolfenstein: Youngblood,Shooter,38,49,71.2500,15,60.6713,103
103301,Wolfenstein: Youngblood,Adventure,38,49,71.2500,15,60.6713,103
36831,Dissidia Final Fantasy NT,Role-playing (RPG),13,1,63.1667,14,53.4819,12
36831,Dissidia Final Fantasy NT,Arcade,13,1,63.1667,14,53.4819,12
121404,Shady Part of Me,Platform,3,NULL,NULL,NULL,89.7028,15
121404,Shady Part of Me,Puzzle,3,NULL,NULL,NULL,89.7028,15
121404,Shady Part of Me,Role-playing (RPG),3,NULL,NULL,NULL,89.7028,15
121404,Shady Part of Me,Adventure,3,NULL,NULL,NULL,89.7028,15
121404,Shady Part of Me,Indie,3,NULL,NULL,NULL,89.7028,15
133307,The Ascent,Shooter,8,13,71.2222,11,73.5603,42
133307,The Ascent,Role-playing (RPG),8,13,71.2222,11,73.5603,42
133307,The Ascent,Adventure,8,13,71.2222,11,73.5603,42
133307,The Ascent,Indie,8,13,71.2222,11,73.5603,42
109535,We Were Here Together,Puzzle,1,NULL,70.0000,1,70.1841,20
109535,We Were Here Together,Adventure,1,NULL,70.0000,1,70.1841,20
109535,We Were Here Together,Indie,1,NULL,70.0000,1,70.1841,20
37095,Moss,Platform,19,2,83.5714,9,78.5656,33
37095,Moss,Puzzle,19,2,83.5714,9,78.5656,33
37095,Moss,Adventure,19,2,83.5714,9,78.5656,33
125631,Last Stop,Adventure,1,3,72.5000,7,71.0400,23
125631,Last Stop,Indie,1,3,72.5000,7,71.0400,23
119285,Lost in Random,Role-playing (RPG),2,3,77.4286,7,70.1755,17
119285,Lost in Random,Adventure,2,3,77.4286,7,70.1755,17
2137,The Crew,Adventure,61,8,62.0000,18,66.1200,124
105417,Digimon Survive,Role-playing (RPG),2,35,70.0000,5,65.6519,18
105417,Digimon Survive,Simulator,2,35,70.0000,5,65.6519,18
105417,Digimon Survive,Strategy,2,35,70.0000,5,65.6519,18
105417,Digimon Survive,Adventure,2,35,70.0000,5,65.6519,18
214409,Atlas Fallen,Role-playing (RPG),1,10,71.7500,7,70.5364,11
214409,Atlas Fallen,Adventure,1,10,71.7500,7,70.5364,11
139399,Ragnarock,Sport,4,5,80.0000,3,70.8217,11
139399,Ragnarock,Indie,4,5,80.0000,3,70.8217,11
139399,Ragnarock,Arcade,4,5,80.0000,3,70.8217,11
29173,Startup Company,Simulator,21,1,NULL,NULL,66.0951,14
29173,Startup Company,Strategy,21,1,NULL,NULL,66.0951,14
29173,Startup Company,Indie,21,1,NULL,NULL,66.0951,14
20063,Dead Nation: Apocalypse Edition,Shooter,2,NULL,75.0000,3,79.5332,13
18357,Oddworld: Soulstorm,Platform,10,7,74.8333,13,58.5952,15
18357,Oddworld: Soulstorm,Puzzle,10,7,74.8333,13,58.5952,15
18357,Oddworld: Soulstorm,Adventure,10,7,74.8333,13,58.5952,15
106856,A Memoir Blue,Adventure,2,1,NULL,NULL,67.1219,28
106856,A Memoir Blue,Indie,2,1,NULL,NULL,67.1219,28
119247,Gylt,Role-playing (RPG),6,6,74.0000,6,66.0893,11
119247,Gylt,Adventure,6,6,74.0000,6,66.0893,11
13621,Manifold Garden,Puzzle,13,9,85.8333,7,75.1119,24
13621,Manifold Garden,Adventure,13,9,85.8333,7,75.1119,24
13621,Manifold Garden,Indie,13,9,85.8333,7,75.1119,24
117271,Chained Echoes,Role-playing (RPG),4,5,91.3333,3,83.6139,11
117271,Chained Echoes,Strategy,4,5,91.3333,3,83.6139,11
117271,Chained Echoes,Adventure,4,5,91.3333,3,83.6139,11
117271,Chained Echoes,Indie,4,5,91.3333,3,83.6139,11
82117,Two Point Hospital,Simulator,27,7,86.9000,11,79.4196,94
82117,Two Point Hospital,Strategy,27,7,86.9000,11,79.4196,94
82117,Two Point Hospital,Indie,27,7,86.9000,11,79.4196,94
11214,World of Final Fantasy,Role-playing (RPG),34,7,75.6667,29,70.2496,34
11214,World of Final Fantasy,Adventure,34,7,75.6667,29,70.2496,34
79995,Sable,Platform,9,22,82.7143,8,72.1568,27
79995,Sable,Puzzle,9,22,82.7143,8,72.1568,27
79995,Sable,Role-playing (RPG),9,22,82.7143,8,72.1568,27
79995,Sable,Adventure,9,22,82.7143,8,72.1568,27
79995,Sable,Indie,9,22,82.7143,8,72.1568,27
9647,Volume,Puzzle,10,1,70.4000,12,69.7815,12
9647,Volume,Indie,10,1,70.4000,12,69.7815,12
21429,Vikings: Wolves of Midgard,Role-playing (RPG),16,3,67.5000,6,67.6663,17
11460,Titan Attacks!,Shooter,6,NULL,73.0000,2,67.0532,15
11460,Titan Attacks!,Adventure,6,NULL,73.0000,2,67.0532,15
11460,Titan Attacks!,Indie,6,NULL,73.0000,2,67.0532,15
11460,Titan Attacks!,Arcade,6,NULL,73.0000,2,67.0532,15
10140,Uncanny Valley,Puzzle,7,NULL,63.7500,4,57.9123,12
10140,Uncanny Valley,Adventure,7,NULL,63.7500,4,57.9123,12
10140,Uncanny Valley,Indie,7,NULL,63.7500,4,57.9123,12
11170,Unravel,Platform,82,11,81.2105,20,80.7640,212
11170,Unravel,Puzzle,82,11,81.2105,20,80.7640,212
11170,Unravel,Adventure,82,11,81.2105,20,80.7640,212
9525,Through the Woods,Adventure,10,1,46.0000,1,62.3001,15
9525,Through the Woods,Indie,10,1,46.0000,1,62.3001,15
8467,Velocity 2X,Shooter,12,NULL,80.5000,11,88.2331,27
8467,Velocity 2X,Platform,12,NULL,80.5000,11,88.2331,27
8467,Velocity 2X,Puzzle,12,NULL,80.5000,11,88.2331,27
8467,Velocity 2X,Arcade,12,NULL,80.5000,11,88.2331,27
11225,Typoman,Platform,11,3,69.2857,7,73.5396,11
11225,Typoman,Puzzle,11,3,69.2857,7,73.5396,11
11225,Typoman,Strategy,11,3,69.2857,7,73.5396,11
11225,Typoman,Adventure,11,3,69.2857,7,73.5396,11
11225,Typoman,Indie,11,3,69.2857,7,73.5396,11
13163,Syberia 3,Puzzle,53,17,44.0000,10,64.7863,34
13163,Syberia 3,Adventure,53,17,44.0000,10,64.7863,34
8352,The Unfinished Swan,Puzzle,23,NULL,76.6667,4,76.9736,89
8352,The Unfinished Swan,Adventure,23,NULL,76.6667,4,76.9736,89
95992,Tales of the Neon Sea,Puzzle,12,5,60.0000,1,67.2881,15
95992,Tales of the Neon Sea,Role-playing (RPG),12,5,60.0000,1,67.2881,15
95992,Tales of the Neon Sea,Adventure,12,5,60.0000,1,67.2881,15
95992,Tales of the Neon Sea,Indie,12,5,60.0000,1,67.2881,15
95992,Tales of the Neon Sea,Arcade,12,5,60.0000,1,67.2881,15
123775,Tangle Tower,Puzzle,1,NULL,NULL,NULL,79.8766,16
123775,Tangle Tower,Adventure,1,NULL,NULL,NULL,79.8766,16
123775,Tangle Tower,Indie,1,NULL,NULL,NULL,79.8766,16
78115,The Legend of Heroes: Trails of Cold Steel IV,Role-playing (RPG),6,NULL,83.0000,4,88.7445,15
78115,The Legend of Heroes: Trails of Cold Steel IV,Adventure,6,NULL,83.0000,4,88.7445,15
9865,Sportsfriends,Sport,2,NULL,81.4286,7,62.1541,20
9865,Sportsfriends,Indie,2,NULL,81.4286,7,62.1541,20
9865,Sportsfriends,Arcade,2,NULL,81.4286,7,62.1541,20
10030,Sky Force Anniversary,Shooter,12,NULL,77.0000,2,80.3282,29
10030,Sky Force Anniversary,Indie,12,NULL,77.0000,2,80.3282,29
10030,Sky Force Anniversary,Arcade,12,NULL,77.0000,2,80.3282,29
28489,Ready or Not,Shooter,16,20,NULL,NULL,80.5467,13
28489,Ready or Not,Simulator,16,20,NULL,NULL,80.5467,13
28489,Ready or Not,Indie,16,20,NULL,NULL,80.5467,13
23319,Shutshimi,Shooter,3,NULL,65.0000,2,65.9924,13
23319,Shutshimi,Adventure,3,NULL,65.0000,2,65.9924,13
23319,Shutshimi,Indie,3,NULL,65.0000,2,65.9924,13
23319,Shutshimi,Arcade,3,NULL,65.0000,2,65.9924,13
21062,Sonic Mania,Platform,124,36,85.4375,18,84.0060,251
21062,Sonic Mania,Adventure,124,36,85.4375,18,84.0060,251
36832,Strange Brigade,Shooter,21,11,72.9167,14,69.8047,24
36832,Strange Brigade,Puzzle,21,11,72.9167,14,69.8047,24
36832,Strange Brigade,Adventure,21,11,72.9167,14,69.8047,24
5333,Strider,Platform,22,NULL,78.0625,16,72.5464,51
5333,Strider,Adventure,22,NULL,78.0625,16,72.5464,51
148,Star Wars: Republic Commando,Shooter,50,NULL,80.8000,6,82.1630,188
148,Star Wars: Republic Commando,Adventure,50,NULL,80.8000,6,82.1630,188
7707,Saints Row IV: Re-Elected,Shooter,9,NULL,77.0000,9,75.7245,21
7707,Saints Row IV: Re-Elected,Adventure,9,NULL,77.0000,9,75.7245,21
134584,Returnal,Shooter,17,21,89.8947,21,84.3081,93
6007,Resogun,Shooter,31,NULL,85.9091,11,83.6981,71
6007,Resogun,Arcade,31,NULL,85.9091,11,83.6981,71
115899,ScourgeBringer,Shooter,5,NULL,72.5000,3,73.2157,14
115899,ScourgeBringer,Platform,5,NULL,72.5000,3,73.2157,14
115899,ScourgeBringer,Adventure,5,NULL,72.5000,3,73.2157,14
115899,ScourgeBringer,Indie,5,NULL,72.5000,3,73.2157,14
115899,ScourgeBringer,Arcade,5,NULL,72.5000,3,73.2157,14
12561,Nova-111,Puzzle,4,NULL,74.0000,2,70.3367,12
12561,Nova-111,Strategy,4,NULL,74.0000,2,70.3367,12
12561,Nova-111,Adventure,4,NULL,74.0000,2,70.3367,12
12561,Nova-111,Indie,4,NULL,74.0000,2,70.3367,12
3026,Nihilumbra,Platform,7,NULL,80.0000,1,69.9756,20
3026,Nihilumbra,Puzzle,7,NULL,80.0000,1,69.9756,20
3026,Nihilumbra,Adventure,7,NULL,80.0000,1,69.9756,20
3026,Nihilumbra,Indie,7,NULL,80.0000,1,69.9756,20
145782,OlliOlli World,Shooter,6,5,86.7000,13,79.6263,12
145782,OlliOlli World,Platform,6,5,86.7000,13,79.6263,12
145782,OlliOlli World,Sport,6,5,86.7000,13,79.6263,12
145782,OlliOlli World,Indie,6,5,86.7000,13,79.6263,12
145782,OlliOlli World,Arcade,6,5,86.7000,13,79.6263,12
7618,Never Alone: Kisima Ingitchuna,Platform,44,NULL,70.6000,11,70.2330,145
7618,Never Alone: Kisima Ingitchuna,Puzzle,44,NULL,70.6000,11,70.2330,145
7618,Never Alone: Kisima Ingitchuna,Adventure,44,NULL,70.6000,11,70.2330,145
7618,Never Alone: Kisima Ingitchuna,Indie,44,NULL,70.6000,11,70.2330,145
26194,Knack II,Platform,23,3,71.6923,15,66.3975,18
26194,Knack II,Adventure,23,3,71.6923,15,66.3975,18
11544,Paladins,Shooter,46,NULL,78.8333,7,71.9808,170
11544,Paladins,Strategy,46,NULL,78.8333,7,71.9808,170
2933,Kingdom Hearts III,Role-playing (RPG),220,110,89.8000,15,75.8548,190
2933,Kingdom Hearts III,Adventure,220,110,89.8000,15,75.8548,190
5328,Metal Gear Solid V: Ground Zeroes,Shooter,137,NULL,79.2105,20,75.8890,399
5328,Metal Gear Solid V: Ground Zeroes,Role-playing (RPG),137,NULL,79.2105,20,75.8890,399
5328,Metal Gear Solid V: Ground Zeroes,Strategy,137,NULL,79.2105,20,75.8890,399
5328,Metal Gear Solid V: Ground Zeroes,Adventure,137,NULL,79.2105,20,75.8890,399
22499,Moons of Madness,Puzzle,18,11,69.0000,2,75.0328,17
22499,Moons of Madness,Adventure,18,11,69.0000,2,75.0328,17
12571,Nioh,Role-playing (RPG),118,22,87.6364,27,80.4491,140
2990,Machinarium,Puzzle,117,NULL,87.5000,3,83.2307,325
2990,Machinarium,Adventure,117,NULL,87.5000,3,83.2307,325
2990,Machinarium,Indie,117,NULL,87.5000,3,83.2307,325
96252,Mega Man X: Legacy Collection,Shooter,1,NULL,87.3333,3,87.2448,14
96252,Mega Man X: Legacy Collection,Platform,1,NULL,87.3333,3,87.2448,14
25083,LEGO Harry Potter Collection,Adventure,9,NULL,75.1667,6,64.1291,13
8992,MouseCraft,Puzzle,1,NULL,65.0000,3,70.2053,15
8992,MouseCraft,Strategy,1,NULL,65.0000,3,70.2053,15
8992,MouseCraft,Adventure,1,NULL,65.0000,3,70.2053,15
8992,MouseCraft,Indie,1,NULL,65.0000,3,70.2053,15
8992,MouseCraft,Arcade,1,NULL,65.0000,3,70.2053,15
109,L.A. Noire,Strategy,284,NULL,89.3750,11,82.5940,840
109,L.A. Noire,Adventure,284,NULL,89.3750,11,82.5940,840
94876,LEGO The Incredibles,Platform,12,3,72.2857,7,72.2828,18
94876,LEGO The Incredibles,Puzzle,12,3,72.2857,7,72.2828,18
94876,LEGO The Incredibles,Adventure,12,3,72.2857,7,72.2828,18
103369,Kill la Kill: If,Adventure,5,4,57.0000,3,69.8429,22
103369,Kill la Kill: If,Arcade,5,4,57.0000,3,69.8429,22
2177,LEGO City Undercover,Platform,20,NULL,77.0000,24,73.1247,50
2177,LEGO City Undercover,Adventure,20,NULL,77.0000,24,73.1247,50
134483,Gunfire Reborn,Shooter,4,NULL,NULL,NULL,73.5051,24
134483,Gunfire Reborn,Role-playing (RPG),4,NULL,NULL,NULL,73.5051,24
134483,Gunfire Reborn,Adventure,4,NULL,NULL,NULL,73.5051,24
134483,Gunfire Reborn,Indie,4,NULL,NULL,NULL,73.5051,24
28733,Iron Snout,Indie,1,NULL,NULL,NULL,48.6494,15
28733,Iron Snout,Arcade,1,NULL,NULL,NULL,48.6494,15
75234,Guacamelee! 2,Platform,18,4,84.0000,15,81.1055,71
75234,Guacamelee! 2,Adventure,18,4,84.0000,15,81.1055,71
75234,Guacamelee! 2,Indie,18,4,84.0000,15,81.1055,71
9638,Hero of the Kingdom,Role-playing (RPG),6,NULL,NULL,NULL,70.1332,21
9638,Hero of the Kingdom,Adventure,6,NULL,NULL,NULL,70.1332,21
9638,Hero of the Kingdom,Indie,6,NULL,NULL,NULL,70.1332,21
19572,Here They Lie,Adventure,8,3,59.7500,8,52.7224,13
138858,Ender Lilies: Quietus of the Knights,Platform,7,NULL,79.0000,6,85.8853,30
138858,Ender Lilies: Quietus of the Knights,Role-playing (RPG),7,NULL,79.0000,6,85.8853,30
138858,Ender Lilies: Quietus of the Knights,Adventure,7,NULL,79.0000,6,85.8853,30
138858,Ender Lilies: Quietus of the Knights,Indie,7,NULL,79.0000,6,85.8853,30
4843,Kingdom Come: Deliverance,Role-playing (RPG),353,187,73.7273,17,79.2431,255
4843,Kingdom Come: Deliverance,Adventure,353,187,73.7273,17,79.2431,255
36543,Last Day of June,Puzzle,34,1,76.3333,11,74.8277,55
36543,Last Day of June,Role-playing (RPG),34,1,76.3333,11,74.8277,55
36543,Last Day of June,Adventure,34,1,76.3333,11,74.8277,55
36543,Last Day of June,Indie,34,1,76.3333,11,74.8277,55
14523,Helldivers,Shooter,25,NULL,84.1667,8,73.8465,62
12596,Job Simulator: The 2050 Archives,Simulator,17,3,77.3333,10,77.4239,20
18927,Hue,Platform,31,2,77.8750,17,69.3239,65
18927,Hue,Puzzle,31,2,77.8750,17,69.3239,65
18927,Hue,Adventure,31,2,77.8750,17,69.3239,65
18927,Hue,Indie,31,2,77.8750,17,69.3239,65
12528,Gravity Rush 2,Platform,70,18,81.2632,21,71.2878,61
12528,Gravity Rush 2,Adventure,70,18,81.2632,21,71.2878,61
32969,Ghost 1.0,Platform,1,NULL,78.0000,1,88.1832,11
32969,Ghost 1.0,Puzzle,1,NULL,78.0000,1,88.1832,11
32969,Ghost 1.0,Adventure,1,NULL,78.0000,1,88.1832,11
32969,Ghost 1.0,Indie,1,NULL,78.0000,1,88.1832,11
32969,Ghost 1.0,Arcade,1,NULL,78.0000,1,88.1832,11
1353,flOw,Puzzle,15,NULL,75.0000,6,71.9704,75
1353,flOw,Simulator,15,NULL,75.0000,6,71.9704,75
19409,Farming Simulator 17,Simulator,38,4,63.8571,7,87.3041,15
19409,Farming Simulator 17,Strategy,38,4,63.8571,7,87.3041,15
2117,DayZ,Shooter,87,41,69.0000,4,47.2790,85
2117,DayZ,Role-playing (RPG),87,41,69.0000,4,47.2790,85
2117,DayZ,Simulator,87,41,69.0000,4,47.2790,85
2117,DayZ,Adventure,87,41,69.0000,4,47.2790,85
2117,DayZ,Indie,87,41,69.0000,4,47.2790,85
116650,Cyber Shadow,Platform,2,3,77.2727,12,72.7180,19
116650,Cyber Shadow,Adventure,2,3,77.2727,12,72.7180,19
116650,Cyber Shadow,Indie,2,3,77.2727,12,72.7180,19
116650,Cyber Shadow,Arcade,2,3,77.2727,12,72.7180,19
496,Dead Rising 2,Adventure,62,NULL,80.6667,14,73.5480,180
21634,Death Road to Canada,Role-playing (RPG),11,NULL,76.5714,8,62.9314,24
21634,Death Road to Canada,Adventure,11,NULL,76.5714,8,62.9314,24
21634,Death Road to Canada,Indie,11,NULL,76.5714,8,62.9314,24
27134,Deep Rock Galactic,Shooter,27,5,81.8333,7,81.7367,119
27134,Deep Rock Galactic,Adventure,27,5,81.8333,7,81.7367,119
27134,Deep Rock Galactic,Indie,27,5,81.8333,7,81.7367,119
5639,Ether One,Puzzle,19,NULL,82.0000,1,64.7501,37
5639,Ether One,Adventure,19,NULL,82.0000,1,64.7501,37
5639,Ether One,Indie,19,NULL,82.0000,1,64.7501,37
86389,Far Cry 3: Classic Edition,Shooter,9,1,80.0000,1,84.3418,24
86389,Far Cry 3: Classic Edition,Adventure,9,1,80.0000,1,84.3418,24
120625,Disintegration,Shooter,5,8,64.2500,11,66.9318,9
120625,Disintegration,Strategy,5,8,64.2500,11,66.9318,9
120625,Disintegration,Adventure,5,8,64.2500,11,66.9318,9
55080,Donut County,Puzzle,15,5,80.3077,15,69.3220,143
55080,Donut County,Adventure,15,5,80.3077,15,69.3220,143
55080,Donut County,Indie,15,5,80.3077,15,69.3220,143
127348,Dungeons & Dragons: Dark Alliance,Role-playing (RPG),3,5,68.1429,8,49.9249,14
121894,Black Book,Puzzle,1,5,NULL,NULL,82.6195,16
121894,Black Book,Role-playing (RPG),1,5,NULL,NULL,82.6195,16
121894,Black Book,Strategy,1,5,NULL,NULL,82.6195,16
121894,Black Book,Adventure,1,5,NULL,NULL,82.6195,16
121894,Black Book,Indie,1,5,NULL,NULL,82.6195,16
148499,Behind the Frame: The Finest Scenery,Puzzle,NULL,1,NULL,NULL,77.7507,12
148499,Behind the Frame: The Finest Scenery,Simulator,NULL,1,NULL,NULL,77.7507,12
148499,Behind the Frame: The Finest Scenery,Adventure,NULL,1,NULL,NULL,77.7507,12
148499,Behind the Frame: The Finest Scenery,Indie,NULL,1,NULL,NULL,77.7507,12
23975,Bleach: Brave Souls,Role-playing (RPG),6,NULL,80.0000,1,80.0469,11
65503,Sky: Children of the Light,Puzzle,35,10,81.6000,5,71.1702,29
65503,Sky: Children of the Light,Role-playing (RPG),35,10,81.6000,5,71.1702,29
65503,Sky: Children of the Light,Adventure,35,10,81.6000,5,71.1702,29
65503,Sky: Children of the Light,Indie,35,10,81.6000,5,71.1702,29
7268,Akiba's Trip: Undead & Undressed,Role-playing (RPG),7,NULL,64.1429,9,59.7115,20
7268,Akiba's Trip: Undead & Undressed,Adventure,7,NULL,64.1429,9,59.7115,20
26678,99Vidas,Indie,7,1,59.0000,3,51.7366,18
26678,99Vidas,Arcade,7,1,59.0000,3,51.7366,18
104967,Valheim,Role-playing (RPG),20,NULL,90.0000,2,86.8482,131
104967,Valheim,Adventure,20,NULL,90.0000,2,86.8482,131
104967,Valheim,Indie,20,NULL,90.0000,2,86.8482,131
8222,Dark Souls II: Scholar of the First Sin,Role-playing (RPG),119,5,86.7778,10,82.9879,290
8222,Dark Souls II: Scholar of the First Sin,Adventure,119,5,86.7778,10,82.9879,290
152250,Stranger of Paradise: Final Fantasy Origin,Role-playing (RPG),3,4,72.2500,9,70.3478,17
152250,Stranger of Paradise: Final Fantasy Origin,Adventure,3,4,72.2500,9,70.3478,17
168670,Uncharted: Legacy of Thieves Collection,Shooter,12,3,91.2727,17,89.6763,30
168670,Uncharted: Legacy of Thieves Collection,Adventure,12,3,91.2727,17,89.6763,30
134606,Demon's Souls,Role-playing (RPG),58,8,92.3333,10,87.4390,114
134606,Demon's Souls,Adventure,58,8,92.3333,10,87.4390,114
215060,Assassin's Creed Mirage,Adventure,8,13,74.1429,10,71.7737,24
19564,Death Stranding,Shooter,266,172,84.4118,19,87.0337,505
19564,Death Stranding,Role-playing (RPG),266,172,84.4118,19,87.0337,505
19564,Death Stranding,Adventure,266,172,84.4118,19,87.0337,505
17269,Roblox,Platform,75,NULL,NULL,NULL,72.1036,86
17269,Roblox,Role-playing (RPG),75,NULL,NULL,NULL,72.1036,86
17269,Roblox,Simulator,75,NULL,NULL,NULL,72.1036,86
17269,Roblox,Adventure,75,NULL,NULL,NULL,72.1036,86
17269,Roblox,Arcade,75,NULL,NULL,NULL,72.1036,86
141538,The Callisto Protocol,Shooter,12,27,64.7143,11,68.6755,41
141538,The Callisto Protocol,Adventure,12,27,64.7143,11,68.6755,41
3084,Cry of Fear,Shooter,18,NULL,NULL,NULL,85.4621,44
3084,Cry of Fear,Adventure,18,NULL,NULL,NULL,85.4621,44
3084,Cry of Fear,Indie,18,NULL,NULL,NULL,85.4621,44
1184,World of Tanks,Shooter,54,NULL,72.9091,16,77.0463,134
1184,World of Tanks,Simulator,54,NULL,72.9091,16,77.0463,134
1184,World of Tanks,Strategy,54,NULL,72.9091,16,77.0463,134
1184,World of Tanks,Arcade,54,NULL,72.9091,16,77.0463,134
335,Battlefield Vietnam,Shooter,22,NULL,80.0000,2,73.7365,83
116200,Back 4 Blood,Shooter,19,19,78.8000,15,67.2589,53
240,Battlefield 1942,Shooter,62,NULL,90.0000,1,79.9791,227
5751,Blinx: The Time Sweeper,Platform,2,NULL,60.0000,1,31.7165,12
18320,Battlefield 1,Shooter,305,54,89.0952,27,77.6045,648
965,Stronghold,Simulator,64,NULL,NULL,NULL,82.0140,162
965,Stronghold,Strategy,64,NULL,NULL,NULL,82.0140,162
828,Painkiller,Shooter,39,NULL,82.5000,2,75.8949,107
828,Painkiller,Puzzle,39,NULL,82.5000,2,75.8949,107
857,Serious Sam: The First Encounter,Shooter,82,1,83.3333,3,80.0542,208
857,Serious Sam: The First Encounter,Indie,82,1,83.3333,3,80.0542,208
504,Fable III,Role-playing (RPG),45,NULL,78.0000,14,67.9634,213
504,Fable III,Simulator,45,NULL,78.0000,14,67.9634,213
504,Fable III,Strategy,45,NULL,78.0000,14,67.9634,213
504,Fable III,Adventure,45,NULL,78.0000,14,67.9634,213
68447,Superliminal,Shooter,16,3,78.5714,8,80.5348,129
68447,Superliminal,Puzzle,16,3,78.5714,8,80.5348,129
68447,Superliminal,Adventure,16,3,78.5714,8,80.5348,129
68447,Superliminal,Indie,16,3,78.5714,8,80.5348,129
11137,Sea of Thieves,Simulator,221,102,66.4167,17,69.6316,151
11137,Sea of Thieves,Adventure,221,102,66.4167,17,69.6316,151
234702,Persona 4 Golden,Role-playing (RPG),NULL,NULL,90.0000,1,99.2053,15
234702,Persona 4 Golden,Adventure,NULL,NULL,90.0000,1,99.2053,15
141704,Venba,Puzzle,NULL,1,85.0000,4,73.6934,11
141704,Venba,Simulator,NULL,1,85.0000,4,73.6934,11
141704,Venba,Adventure,NULL,1,85.0000,4,73.6934,11
141704,Venba,Indie,NULL,1,85.0000,4,73.6934,11
36550,Yakuza: Like a Dragon,Role-playing (RPG),6,3,86.0625,18,87.7389,75
36550,Yakuza: Like a Dragon,Adventure,6,3,86.0625,18,87.7389,75
9727,Soma,Puzzle,149,5,81.2500,18,82.7834,494
9727,Soma,Adventure,149,5,81.2500,18,82.7834,494
9727,Soma,Indie,149,5,81.2500,18,82.7834,494
7621,RiME,Platform,107,16,72.6000,17,76.7354,196
7621,RiME,Puzzle,107,16,72.6000,17,76.7354,196
7621,RiME,Adventure,107,16,72.6000,17,76.7354,196
7621,RiME,Indie,107,16,72.6000,17,76.7354,196
70828,Raji: An Ancient Epic,Platform,4,4,77.5000,2,60.0589,25
70828,Raji: An Ancient Epic,Puzzle,4,4,77.5000,2,60.0589,25
70828,Raji: An Ancient Epic,Adventure,4,4,77.5000,2,60.0589,25
70828,Raji: An Ancient Epic,Indie,4,4,77.5000,2,60.0589,25
7543,Gods Will Be Watching,Puzzle,10,NULL,64.0000,5,82.2491,30
7543,Gods Will Be Watching,Strategy,10,NULL,64.0000,5,82.2491,30
7543,Gods Will Be Watching,Adventure,10,NULL,64.0000,5,82.2491,30
7543,Gods Will Be Watching,Indie,10,NULL,64.0000,5,82.2491,30
26974,Heartbound,Puzzle,8,1,NULL,NULL,87.7978,16
26974,Heartbound,Role-playing (RPG),8,1,NULL,NULL,87.7978,16
26974,Heartbound,Adventure,8,1,NULL,NULL,87.7978,16
26974,Heartbound,Indie,8,1,NULL,NULL,87.7978,16
126725,Pumpkin Jack,Platform,1,NULL,77.1667,6,70.1696,14
126725,Pumpkin Jack,Adventure,1,NULL,77.1667,6,70.1696,14
126725,Pumpkin Jack,Indie,1,NULL,77.1667,6,70.1696,14
296,Crysis,Shooter,194,NULL,84.6667,7,80.5831,611
296,Crysis,Adventure,194,NULL,84.6667,7,80.5831,611
131868,Blue Fire,Platform,5,3,73.6250,9,67.9189,15
131868,Blue Fire,Role-playing (RPG),5,3,73.6250,9,67.9189,15
131868,Blue Fire,Adventure,5,3,73.6250,9,67.9189,15
131868,Blue Fire,Indie,5,3,73.6250,9,67.9189,15
5327,Mighty No. 9,Shooter,24,17,52.3500,25,57.3243,37
5327,Mighty No. 9,Platform,24,17,52.3500,25,57.3243,37
5327,Mighty No. 9,Adventure,24,17,52.3500,25,57.3243,37
5327,Mighty No. 9,Arcade,24,17,52.3500,25,57.3243,37
18327,ZanZarah: The Hidden Portal,Role-playing (RPG),3,NULL,NULL,NULL,78.1602,12
18327,ZanZarah: The Hidden Portal,Adventure,3,NULL,NULL,NULL,78.1602,12
5060,Deponia,Puzzle,37,NULL,77.5000,2,75.2574,150
5060,Deponia,Adventure,37,NULL,77.5000,2,75.2574,150
5060,Deponia,Indie,37,NULL,77.5000,2,75.2574,150
5522,Blackguards,Role-playing (RPG),7,NULL,67.4000,5,64.1096,15
5522,Blackguards,Strategy,7,NULL,67.4000,5,64.1096,15
5522,Blackguards,Indie,7,NULL,67.4000,5,64.1096,15
10560,Moto Racer,Arcade,4,NULL,NULL,NULL,80.2170,24
19300,Deponia Doomsday,Puzzle,16,NULL,NULL,NULL,79.0963,47
19300,Deponia Doomsday,Adventure,16,NULL,NULL,NULL,79.0963,47
19300,Deponia Doomsday,Indie,16,NULL,NULL,NULL,79.0963,47
7256,X-Blades,Shooter,6,NULL,47.0000,4,50.5045,24
7256,X-Blades,Role-playing (RPG),6,NULL,47.0000,4,50.5045,24
7256,X-Blades,Adventure,6,NULL,47.0000,4,50.5045,24
7144,The Inner World,Adventure,8,NULL,73.5000,5,72.7865,24
7144,The Inner World,Indie,8,NULL,73.5000,5,72.7865,24
498,Borderlands,Shooter,248,NULL,80.0000,11,79.9797,808
498,Borderlands,Role-playing (RPG),248,NULL,80.0000,11,79.9797,808
7194,Steins;Gate,Adventure,40,NULL,80.0000,4,96.6251,168
2165,War Thunder,Shooter,51,NULL,64.6667,5,74.4270,145
2165,War Thunder,Simulator,51,NULL,64.6667,5,74.4270,145
127346,Sons of the Forest,Simulator,11,19,NULL,NULL,69.9892,12
127346,Sons of the Forest,Adventure,11,19,NULL,NULL,69.9892,12
127346,Sons of the Forest,Indie,11,19,NULL,NULL,69.9892,12
136993,Gotham Knights,Role-playing (RPG),7,34,68.1667,10,67.5591,20
136993,Gotham Knights,Adventure,7,34,68.1667,10,67.5591,20
159119,Dead Space,Shooter,13,26,90.5714,11,85.6748,49
159119,Dead Space,Role-playing (RPG),13,26,90.5714,11,85.6748,49
159119,Dead Space,Adventure,13,26,90.5714,11,85.6748,49
204618,High on Life,Shooter,15,14,69.0000,6,70.6055,87
204618,High on Life,Adventure,15,14,69.0000,6,70.6055,87
4851,Stacking,Puzzle,16,NULL,84.0000,10,64.8383,38
4851,Stacking,Role-playing (RPG),16,NULL,84.0000,10,64.8383,38
4851,Stacking,Adventure,16,NULL,84.0000,10,64.8383,38
4851,Stacking,Indie,16,NULL,84.0000,10,64.8383,38
2603,Battle Chess,Strategy,9,NULL,NULL,NULL,71.7884,48
912,Tomb Raider,Shooter,111,NULL,84.6000,2,80.8086,347
912,Tomb Raider,Platform,111,NULL,84.6000,2,80.8086,347
912,Tomb Raider,Puzzle,111,NULL,84.6000,2,80.8086,347
912,Tomb Raider,Adventure,111,NULL,84.6000,2,80.8086,347
102060,Imperator: Rome,Simulator,5,5,84.0000,3,60.5755,20
102060,Imperator: Rome,Strategy,5,5,84.0000,3,60.5755,20
104,Need for Speed: World,Simulator,11,NULL,63.0000,4,66.6902,62
112104,Command & Conquer Remastered Collection,Strategy,7,2,80.0000,3,85.0132,13
3915,Fight Night Round 2,Sport,2,NULL,92.2500,5,86.2390,11
19565,Marvel's Spider-Man,Adventure,351,68,89.6875,19,87.1830,1279
39,Mafia,Shooter,346,NULL,62.6667,4,87.4393,1059
39,Mafia,Adventure,346,NULL,62.6667,4,87.4393,1059
9166,Spy vs Spy,Strategy,1,NULL,60.0000,2,60.7125,24
9166,Spy vs Spy,Arcade,1,NULL,60.0000,2,60.7125,24
90558,Satisfactory,Simulator,36,11,NULL,NULL,76.0220,86
90558,Satisfactory,Strategy,36,11,NULL,NULL,76.0220,86
90558,Satisfactory,Adventure,36,11,NULL,NULL,76.0220,86
90558,Satisfactory,Indie,36,11,NULL,NULL,76.0220,86
218793,Wild Hearts,Adventure,1,5,81.5000,12,68.9587,6
6787,Double Dragon,Adventure,29,NULL,39.0000,3,75.3956,144
6787,Double Dragon,Arcade,29,NULL,39.0000,3,75.3956,144
119342,Chivalry 2,Platform,2,2,86.3333,4,82.0509,17
119342,Chivalry 2,Indie,2,2,86.3333,4,82.0509,17
23733,Tunic,Puzzle,46,68,89.0000,4,85.2408,96
23733,Tunic,Role-playing (RPG),46,68,89.0000,4,85.2408,96
23733,Tunic,Adventure,46,68,89.0000,4,85.2408,96
23733,Tunic,Indie,46,68,89.0000,4,85.2408,96
4839,Halo: Spartan Assault,Shooter,12,NULL,66.0000,10,61.6163,44
38780,Pillars of Eternity: Complete Edition,Role-playing (RPG),9,1,84.2857,8,79.8378,14
38780,Pillars of Eternity: Complete Edition,Strategy,9,1,84.2857,8,79.8378,14
38780,Pillars of Eternity: Complete Edition,Adventure,9,1,84.2857,8,79.8378,14
38780,Pillars of Eternity: Complete Edition,Indie,9,1,84.2857,8,79.8378,14
13171,2064: Read Only Memories,Role-playing (RPG),21,NULL,82.5714,8,79.9982,35
13171,2064: Read Only Memories,Adventure,21,NULL,82.5714,8,79.9982,35
13171,2064: Read Only Memories,Indie,21,NULL,82.5714,8,79.9982,35
17780,Car Mechanic Simulator 2015,Puzzle,4,NULL,NULL,NULL,63.5769,12
17780,Car Mechanic Simulator 2015,Simulator,4,NULL,NULL,NULL,63.5769,12
17780,Car Mechanic Simulator 2015,Strategy,4,NULL,NULL,NULL,63.5769,12
26764,Mario Kart 8 Deluxe,Arcade,94,7,92.8235,20,84.1351,417
75848,Valkyria Chronicles 4,Role-playing (RPG),19,1,84.0909,13,80.1107,21
75848,Valkyria Chronicles 4,Simulator,19,1,84.0909,13,80.1107,21
75848,Valkyria Chronicles 4,Strategy,19,1,84.0909,13,80.1107,21
121618,Plants vs. Zombies: Battle for Neighborville,Shooter,14,1,70.7500,10,69.8977,18
121618,Plants vs. Zombies: Battle for Neighborville,Strategy,14,1,70.7500,10,69.8977,18
26401,Star Wars Battlefront II,Shooter,195,51,71.8235,23,69.7685,412
26401,Star Wars Battlefront II,Adventure,195,51,71.8235,23,69.7685,412
12527,Yakuza 6: The Song of Life,Role-playing (RPG),40,9,82.4444,20,85.1582,42
12527,Yakuza 6: The Song of Life,Adventure,40,9,82.4444,20,85.1582,42
2108,Sanctum 2,Shooter,23,NULL,80.0000,3,74.8860,38
2108,Sanctum 2,Strategy,23,NULL,80.0000,3,74.8860,38
2108,Sanctum 2,Indie,23,NULL,80.0000,3,74.8860,38
3951,I-Ninja,Platform,2,NULL,78.3333,4,68.1753,13
6105,Flicky,Platform,2,NULL,NULL,NULL,51.7672,15
9509,Call of Duty: Black Ops III,Shooter,161,7,76.7778,20,66.4411,454
9509,Call of Duty: Black Ops III,Adventure,161,7,76.7778,20,66.4411,454
3070,Euro Truck Simulator 2,Simulator,132,1,87.5000,2,79.8727,262
3070,Euro Truck Simulator 2,Indie,132,1,87.5000,2,79.8727,262
27771,Moonlighter,Role-playing (RPG),44,6,81.9286,14,69.9174,101
27771,Moonlighter,Simulator,44,6,81.9286,14,69.9174,101
27771,Moonlighter,Adventure,44,6,81.9286,14,69.9174,101
27771,Moonlighter,Indie,44,6,81.9286,14,69.9174,101
11790,The Last of Us: Left Behind,Shooter,85,NULL,87.3333,10,83.4998,275
11790,The Last of Us: Left Behind,Adventure,85,NULL,87.3333,10,83.4998,275
26761,Splatoon 2,Shooter,77,14,82.4706,20,82.4640,152
26761,Splatoon 2,Platform,77,14,82.4706,20,82.4640,152
126098,Half-Life: Alyx,Shooter,24,5,92.7778,11,93.4457,84
126098,Half-Life: Alyx,Puzzle,24,5,92.7778,11,93.4457,84
126098,Half-Life: Alyx,Adventure,24,5,92.7778,11,93.4457,84
103020,Fallout 76,Shooter,191,60,51.3571,18,57.5428,171
103020,Fallout 76,Role-playing (RPG),191,60,51.3571,18,57.5428,171
5574,7 Days to Die,Shooter,35,NULL,36.1250,9,72.9018,115
5574,7 Days to Die,Role-playing (RPG),35,NULL,36.1250,9,72.9018,115
5574,7 Days to Die,Simulator,35,NULL,36.1250,9,72.9018,115
5574,7 Days to Die,Strategy,35,NULL,36.1250,9,72.9018,115
5574,7 Days to Die,Adventure,35,NULL,36.1250,9,72.9018,115
5574,7 Days to Die,Indie,35,NULL,36.1250,9,72.9018,115
18088,Insurgency: Sandstorm,Shooter,52,12,77.3333,7,74.5845,25
18088,Insurgency: Sandstorm,Simulator,52,12,77.3333,7,74.5845,25
18088,Insurgency: Sandstorm,Strategy,52,12,77.3333,7,74.5845,25
37030,Dishonored: Death of the Outsider,Puzzle,68,5,81.9091,14,81.1381,150
37030,Dishonored: Death of the Outsider,Role-playing (RPG),68,5,81.9091,14,81.1381,150
37030,Dishonored: Death of the Outsider,Adventure,68,5,81.9091,14,81.1381,150
228258,Amnesia: The Bunker,Shooter,NULL,2,84.5000,7,79.9738,19
228258,Amnesia: The Bunker,Puzzle,NULL,2,84.5000,7,79.9738,19
228258,Amnesia: The Bunker,Adventure,NULL,2,84.5000,7,79.9738,19
228258,Amnesia: The Bunker,Indie,NULL,2,84.5000,7,79.9738,19
7385,Ninja Gaiden Sigma 2,Adventure,14,NULL,80.0000,6,80.9971,27
3112,Soldier of Fortune II: Double Helix,Shooter,13,NULL,68.0000,4,70.5194,54
6112,H.E.R.O.,Platform,2,NULL,65.0000,1,79.7811,18
6112,H.E.R.O.,Adventure,2,NULL,65.0000,1,79.7811,18
6112,H.E.R.O.,Arcade,2,NULL,65.0000,1,79.7811,18
17112,Creativerse,Role-playing (RPG),6,NULL,80.0000,1,72.6446,15
17112,Creativerse,Simulator,6,NULL,80.0000,1,72.6446,15
17112,Creativerse,Adventure,6,NULL,80.0000,1,72.6446,15
17112,Creativerse,Indie,6,NULL,80.0000,1,72.6446,15
3202,Dungeon Defenders II,Role-playing (RPG),4,2,NULL,NULL,65.8071,22
3202,Dungeon Defenders II,Strategy,4,2,NULL,NULL,65.8071,22
3202,Dungeon Defenders II,Indie,4,2,NULL,NULL,65.8071,22
198499,Chants of Sennaar,Puzzle,NULL,1,80.0000,3,94.9803,11
198499,Chants of Sennaar,Role-playing (RPG),NULL,1,80.0000,3,94.9803,11
198499,Chants of Sennaar,Adventure,NULL,1,80.0000,3,94.9803,11
198499,Chants of Sennaar,Indie,NULL,1,80.0000,3,94.9803,11
113111,Far Cry New Dawn,Shooter,25,12,72.3636,14,67.0563,163
113111,Far Cry New Dawn,Adventure,25,12,72.3636,14,67.0563,163
14902,Assassin's Creed Chronicles: India,Platform,46,1,60.2222,9,68.6403,56
14902,Assassin's Creed Chronicles: India,Adventure,46,1,60.2222,9,68.6403,56
37145,Valfaris,Shooter,2,5,85.0000,4,79.8396,20
37145,Valfaris,Platform,2,5,85.0000,4,79.8396,20
37145,Valfaris,Indie,2,5,85.0000,4,79.8396,20
37145,Valfaris,Arcade,2,5,85.0000,4,79.8396,20
125021,The Jackbox Party Pack 6,Puzzle,NULL,NULL,80.0000,3,83.1802,12
125021,The Jackbox Party Pack 6,Strategy,NULL,NULL,80.0000,3,83.1802,12
125021,The Jackbox Party Pack 6,Indie,NULL,NULL,80.0000,3,83.1802,12
5503,Batman: Arkham Knight,Adventure,444,84,91.8125,21,85.1711,1138
96476,Horizon Chase Turbo,Sport,17,NULL,85.0000,5,80.5250,54
96476,Horizon Chase Turbo,Indie,17,NULL,85.0000,5,80.5250,54
96476,Horizon Chase Turbo,Arcade,17,NULL,85.0000,5,80.5250,54
107203,Windjammers 2,Sport,3,3,77.5714,8,54.9422,16
107203,Windjammers 2,Strategy,3,3,77.5714,8,54.9422,16
107203,Windjammers 2,Indie,3,3,77.5714,8,54.9422,16
107203,Windjammers 2,Arcade,3,3,77.5714,8,54.9422,16
2114,Tom Clancy's The Division,Shooter,393,163,79.8182,29,73.6427,325
2114,Tom Clancy's The Division,Role-playing (RPG),393,163,79.8182,29,73.6427,325
2114,Tom Clancy's The Division,Strategy,393,163,79.8182,29,73.6427,325
2114,Tom Clancy's The Division,Adventure,393,163,79.8182,29,73.6427,325
114415,SteamWorld Quest: Hand of Gilgamech,Role-playing (RPG),7,3,79.8333,7,80.8516,30
114415,SteamWorld Quest: Hand of Gilgamech,Strategy,7,3,79.8333,7,80.8516,30
114415,SteamWorld Quest: Hand of Gilgamech,Adventure,7,3,79.8333,7,80.8516,30
3195,Assassin's Creed III: Liberation,Strategy,52,NULL,69.1667,8,60.1525,142
3195,Assassin's Creed III: Liberation,Adventure,52,NULL,69.1667,8,60.1525,142
103054,Assassin's Creed Odyssey,Role-playing (RPG),162,43,88.3571,17,81.4285,654
103054,Assassin's Creed Odyssey,Adventure,162,43,88.3571,17,81.4285,654
89354,Supraland,Platform,4,NULL,80.0000,3,88.1375,42
89354,Supraland,Puzzle,4,NULL,80.0000,3,88.1375,42
89354,Supraland,Adventure,4,NULL,80.0000,3,88.1375,42
89354,Supraland,Indie,4,NULL,80.0000,3,88.1375,42
6635,Tactics Ogre: The Knight of Lodis,Role-playing (RPG),4,NULL,NULL,NULL,80.0935,15
6635,Tactics Ogre: The Knight of Lodis,Strategy,4,NULL,NULL,NULL,80.0935,15
6635,Tactics Ogre: The Knight of Lodis,Adventure,4,NULL,NULL,NULL,80.0935,15
117717,Planet Zoo,Simulator,34,12,77.4444,11,78.2292,37
117717,Planet Zoo,Strategy,34,12,77.4444,11,78.2292,37
1108,Metroid Prime 2: Echoes,Shooter,50,NULL,80.0000,2,86.6521,159
1108,Metroid Prime 2: Echoes,Platform,50,NULL,80.0000,2,86.6521,159
1108,Metroid Prime 2: Echoes,Puzzle,50,NULL,80.0000,2,86.6521,159
1108,Metroid Prime 2: Echoes,Adventure,50,NULL,80.0000,2,86.6521,159
1111,Metroid Prime 3: Corruption,Shooter,37,NULL,86.2500,5,89.7136,113
1111,Metroid Prime 3: Corruption,Platform,37,NULL,86.2500,5,89.7136,113
1111,Metroid Prime 3: Corruption,Adventure,37,NULL,86.2500,5,89.7136,113
1112,Metroid Prime: Trilogy,Shooter,22,NULL,88.5000,5,94.3031,36
1112,Metroid Prime: Trilogy,Platform,22,NULL,88.5000,5,94.3031,36
1112,Metroid Prime: Trilogy,Puzzle,22,NULL,88.5000,5,94.3031,36
1112,Metroid Prime: Trilogy,Adventure,22,NULL,88.5000,5,94.3031,36
2468,Prince of Persia: The Forgotten Sands,Platform,55,NULL,80.8000,6,68.0806,203
2468,Prince of Persia: The Forgotten Sands,Adventure,55,NULL,80.8000,6,68.0806,203
1851,Tom Clancy's Rainbow Six: Lockdown,Shooter,10,NULL,67.3333,4,71.4825,26
109234,Marvel's Spider-Man: The City That Never Sleeps,Adventure,2,NULL,80.0000,1,79.8921,11
122766,Pilgrims,Puzzle,NULL,NULL,NULL,NULL,75.0182,32
122766,Pilgrims,Adventure,NULL,NULL,NULL,NULL,75.0182,32
122766,Pilgrims,Indie,NULL,NULL,NULL,NULL,75.0182,32
7587,Crimsonland,Shooter,15,NULL,60.7500,9,72.7037,33
7587,Crimsonland,Role-playing (RPG),15,NULL,60.7500,9,72.7037,33
7587,Crimsonland,Indie,15,NULL,60.7500,9,72.7037,33
7587,Crimsonland,Arcade,15,NULL,60.7500,9,72.7037,33
4786,The Evil Within,Shooter,114,8,75.1176,21,74.8947,317
4786,The Evil Within,Puzzle,114,8,75.1176,21,74.8947,317
4786,The Evil Within,Adventure,114,8,75.1176,21,74.8947,317
2667,FlatOut,Simulator,35,NULL,80.0000,2,74.7169,140
19839,BioShock: The Collection,Shooter,71,8,84.2143,14,86.9921,62
19839,BioShock: The Collection,Puzzle,71,8,84.2143,14,86.9921,62
19839,BioShock: The Collection,Role-playing (RPG),71,8,84.2143,14,86.9921,62
19839,BioShock: The Collection,Adventure,71,8,84.2143,14,86.9921,62
2668,FlatOut 2,Sport,44,NULL,82.5000,5,81.9764,207
2668,FlatOut 2,Arcade,44,NULL,82.5000,5,81.9764,207
5045,King's Bounty: Crossworlds,Role-playing (RPG),3,NULL,74.0000,2,64.3869,21
5045,King's Bounty: Crossworlds,Strategy,3,NULL,74.0000,2,64.3869,21
5045,King's Bounty: Crossworlds,Adventure,3,NULL,74.0000,2,64.3869,21
88461,"Warhammer 40,000: Mechanicus",Role-playing (RPG),6,1,76.5000,5,80.0608,11
88461,"Warhammer 40,000: Mechanicus",Strategy,6,1,76.5000,5,80.0608,11
194210,Ghostwire: Tokyo - Prelude: The Corrupted Casefile,Adventure,NULL,NULL,NULL,NULL,34.0816,36
17224,Deponia: The Complete Journey,Puzzle,10,NULL,NULL,NULL,82.3301,33
17224,Deponia: The Complete Journey,Adventure,10,NULL,NULL,NULL,82.3301,33
17224,Deponia: The Complete Journey,Indie,10,NULL,NULL,NULL,82.3301,33
3191,Trials Fusion,Platform,31,3,79.3636,11,76.6150,92
3191,Trials Fusion,Sport,31,3,79.3636,11,76.6150,92
3191,Trials Fusion,Arcade,31,3,79.3636,11,76.6150,92
20909,The First Tree,Platform,9,2,NULL,NULL,67.9609,48
20909,The First Tree,Simulator,9,2,NULL,NULL,67.9609,48
20909,The First Tree,Adventure,9,2,NULL,NULL,67.9609,48
20909,The First Tree,Indie,9,2,NULL,NULL,67.9609,48
91477,Before Your Eyes,Adventure,1,NULL,86.3333,6,85.7350,37
91477,Before Your Eyes,Indie,1,NULL,86.3333,6,85.7350,37
8925,Sunless Sea,Role-playing (RPG),35,1,85.0000,4,69.0649,65
8925,Sunless Sea,Strategy,35,1,85.0000,4,69.0649,65
8925,Sunless Sea,Adventure,35,1,85.0000,4,69.0649,65
8925,Sunless Sea,Indie,35,1,85.0000,4,69.0649,65
7709,Salt and Sanctuary,Platform,52,2,85.2000,11,81.4472,85
7709,Salt and Sanctuary,Role-playing (RPG),52,2,85.2000,11,81.4472,85
7709,Salt and Sanctuary,Adventure,52,2,85.2000,11,81.4472,85
7709,Salt and Sanctuary,Indie,52,2,85.2000,11,81.4472,85
14159,Kingdom Hearts HD 2.8 Final Chapter Prologue,Role-playing (RPG),39,11,77.7778,19,72.1277,33
14159,Kingdom Hearts HD 2.8 Final Chapter Prologue,Adventure,39,11,77.7778,19,72.1277,33
54574,Orwell: Ignorance is Strength,Puzzle,8,1,80.0000,3,75.9035,27
54574,Orwell: Ignorance is Strength,Simulator,8,1,80.0000,3,75.9035,27
54574,Orwell: Ignorance is Strength,Adventure,8,1,80.0000,3,75.9035,27
54574,Orwell: Ignorance is Strength,Indie,8,1,80.0000,3,75.9035,27
26765,Octopath Traveler,Role-playing (RPG),44,14,85.4444,11,79.9600,113
26765,Octopath Traveler,Adventure,44,14,85.4444,11,79.9600,113
138871,The Life and Suffering of Sir Brante,Role-playing (RPG),2,NULL,85.0000,1,79.8361,16
138871,The Life and Suffering of Sir Brante,Simulator,2,NULL,85.0000,1,79.8361,16
138871,The Life and Suffering of Sir Brante,Strategy,2,NULL,85.0000,1,79.8361,16
138871,The Life and Suffering of Sir Brante,Adventure,2,NULL,85.0000,1,79.8361,16
138871,The Life and Suffering of Sir Brante,Indie,2,NULL,85.0000,1,79.8361,16
86477,The Surge 2,Role-playing (RPG),55,15,74.0000,14,72.7177,34
86477,The Surge 2,Adventure,55,15,74.0000,14,72.7177,34
84,Baldur's Gate: Dark Alliance II,Role-playing (RPG),14,NULL,76.0000,3,77.3196,38
84,Baldur's Gate: Dark Alliance II,Adventure,14,NULL,76.0000,3,77.3196,38
5,Baldur's Gate,Role-playing (RPG),119,NULL,NULL,NULL,86.0028,289
6,Baldur's Gate II: Shadows of Amn,Role-playing (RPG),156,NULL,90.0000,1,88.1680,413
552,God of War: Chains of Olympus,Adventure,62,NULL,87.5000,5,77.8668,263
499,God of War III,Adventure,186,NULL,96.0000,11,85.8514,625
551,God of War II,Platform,234,NULL,92.7500,6,85.5763,859
551,God of War II,Adventure,234,NULL,92.7500,6,85.5763,859
117883,God of War,Adventure,4,NULL,NULL,NULL,71.3700,26
117882,God of War II,Adventure,4,NULL,NULL,NULL,80.0312,26
1291,God of War: Ascension,Adventure,53,NULL,75.5455,14,73.8284,189
7261,Desperados 2: Cooper's Revenge,Strategy,5,NULL,70.0000,1,65.4985,16
19959,God of War III: Remastered,Adventure,33,NULL,79.4444,10,87.5028,109
20579,God of War: Origins Collection,Adventure,3,NULL,87.8000,6,75.3342,13
20068,God of War Collection,Adventure,5,NULL,80.3333,10,88.7771,31
902,Sid Meier's Civilization,Strategy,45,NULL,NULL,NULL,92.3383,156
293,Sid Meier's Civilization IV,Simulator,89,NULL,95.0000,3,86.1482,246
293,Sid Meier's Civilization IV,Strategy,89,NULL,95.0000,3,86.1482,246
6038,Sid Meier's Civilization: Beyond Earth,Simulator,36,8,82.4545,13,70.6697,92
6038,Sid Meier's Civilization: Beyond Earth,Strategy,36,8,82.4545,13,70.6697,92
2152,Sid Meier's Civilization Revolution,Simulator,4,NULL,80.6250,10,70.0624,29
2152,Sid Meier's Civilization Revolution,Strategy,4,NULL,80.6250,10,70.0624,29
289,Age of Empires,Strategy,247,NULL,NULL,NULL,83.5325,576
129797,Age of Empires II: Gold Edition,Strategy,NULL,NULL,NULL,NULL,88.7507,14
37059,Age of Empires: Definitive Edition,Simulator,41,8,70.0000,5,83.8876,46
37059,Age of Empires: Definitive Edition,Strategy,41,8,70.0000,5,83.8876,46
37059,Age of Empires: Definitive Edition,Adventure,41,8,70.0000,5,83.8876,46
5571,Age of Empires Online,Role-playing (RPG),7,NULL,68.7500,6,77.6563,19
5571,Age of Empires Online,Strategy,7,NULL,68.7500,6,77.6563,19
21221,Age of Empires: Mythologies,Strategy,4,NULL,60.0000,1,82.2411,19
45131,Grand Theft Auto V: Special Edition,Shooter,4,NULL,NULL,NULL,99.5328,39
45131,Grand Theft Auto V: Special Edition,Sport,4,NULL,NULL,NULL,99.5328,39
819,Grand Theft Auto 2,Shooter,151,NULL,70.0000,1,79.2665,464
3265,Grand Theft Auto IV: The Lost and Damned,Shooter,78,NULL,85.6667,4,79.8106,194
3265,Grand Theft Auto IV: The Lost and Damned,Adventure,78,NULL,85.6667,4,79.8106,194
26116,Batman: Arkham City - Catwoman Bundle,Adventure,2,NULL,NULL,NULL,84.0981,12
134710,Grand Theft Auto Online,Shooter,13,6,94.0000,1,63.4777,22
134710,Grand Theft Auto Online,Adventure,13,6,94.0000,1,63.4777,22
7003,Grand Theft Auto: Episodes from Liberty City,Adventure,47,NULL,83.7500,9,80.1991,113
27912,Grand Theft Auto IV: Complete Edition,Shooter,5,NULL,NULL,NULL,87.9992,54
27912,Grand Theft Auto IV: Complete Edition,Adventure,5,NULL,NULL,NULL,87.9992,54
975,Resident Evil: The Umbrella Chronicles,Shooter,10,NULL,70.0000,4,68.0707,50
23377,Resident Evil: Director's Cut,Shooter,3,NULL,80.0000,1,81.6833,40
23377,Resident Evil: Director's Cut,Adventure,3,NULL,80.0000,1,81.6833,40
976,Resident Evil: The Mercenaries 3D,Shooter,2,NULL,63.6000,9,50.7025,13
976,Resident Evil: The Mercenaries 3D,Adventure,2,NULL,63.6000,9,50.7025,13
977,Resident Evil: Operation Raccoon City,Shooter,14,NULL,44.3333,10,52.7357,69
977,Resident Evil: Operation Raccoon City,Adventure,14,NULL,44.3333,10,52.7357,69
497,Resident Evil: The Darkside Chronicles,Shooter,7,NULL,66.5000,5,67.0943,37
971,Resident Evil: Dead Aim,Shooter,7,NULL,71.3333,3,57.7511,26
970,Resident Evil Zero,Shooter,18,NULL,70.0000,5,78.7182,92
970,Resident Evil Zero,Adventure,18,NULL,70.0000,5,78.7182,92
424,Resident Evil,Puzzle,101,NULL,79.0000,3,77.4826,347
424,Resident Evil,Adventure,101,NULL,79.0000,3,77.4826,347
41858,Resident Evil 6 Remastered,Shooter,3,NULL,70.0000,1,71.2225,16
41858,Resident Evil 6 Remastered,Adventure,3,NULL,70.0000,1,71.2225,16
23251,Resident Evil Archives: Resident Evil Zero,Shooter,1,NULL,60.0000,1,71.9199,13
23251,Resident Evil Archives: Resident Evil Zero,Puzzle,1,NULL,60.0000,1,71.9199,13
23251,Resident Evil Archives: Resident Evil Zero,Adventure,1,NULL,60.0000,1,71.9199,13
968,Resident Evil Code: Veronica,Shooter,27,NULL,NULL,NULL,64.4584,60
968,Resident Evil Code: Veronica,Puzzle,27,NULL,NULL,NULL,64.4584,60
968,Resident Evil Code: Veronica,Adventure,27,NULL,NULL,NULL,64.4584,60
3479,Earthworm Jim 3D,Platform,4,NULL,NULL,NULL,53.2532,11
3479,Earthworm Jim 3D,Adventure,4,NULL,NULL,NULL,53.2532,11
24369,Resident Evil Code: Veronica X,Shooter,31,NULL,NULL,NULL,73.3738,102
24369,Resident Evil Code: Veronica X,Puzzle,31,NULL,NULL,NULL,73.3738,102
24369,Resident Evil Code: Veronica X,Adventure,31,NULL,NULL,NULL,73.3738,102
15167,SteamWorld Heist,Role-playing (RPG),32,NULL,87.5833,15,83.9004,82
15167,SteamWorld Heist,Strategy,32,NULL,87.5833,15,83.9004,82
15167,SteamWorld Heist,Adventure,32,NULL,87.5833,15,83.9004,82
15167,SteamWorld Heist,Indie,32,NULL,87.5833,15,83.9004,82
8768,Drakensang: The Dark Eye,Role-playing (RPG),11,NULL,70.0000,4,73.0070,28
8768,Drakensang: The Dark Eye,Adventure,11,NULL,70.0000,4,73.0070,28
4123,KKnD2: Krossfire,Strategy,3,NULL,NULL,NULL,73.5652,13
2012,Darkest Hour: A Hearts of Iron Game,Strategy,2,NULL,NULL,NULL,85.4666,11
1982,Omikron: The Nomad Soul,Shooter,12,NULL,70.0000,1,77.5698,24
1982,Omikron: The Nomad Soul,Puzzle,12,NULL,70.0000,1,77.5698,24
1982,Omikron: The Nomad Soul,Role-playing (RPG),12,NULL,70.0000,1,77.5698,24
1982,Omikron: The Nomad Soul,Adventure,12,NULL,70.0000,1,77.5698,24
3149,LEGO Harry Potter: Years 1-4,Platform,45,NULL,80.6667,10,75.6310,159
3149,LEGO Harry Potter: Years 1-4,Puzzle,45,NULL,80.6667,10,75.6310,159
3149,LEGO Harry Potter: Years 1-4,Adventure,45,NULL,80.6667,10,75.6310,159
9043,The Blackwell Legacy,Puzzle,12,NULL,70.0000,3,80.9543,56
9043,The Blackwell Legacy,Adventure,12,NULL,70.0000,3,80.9543,56
9043,The Blackwell Legacy,Indie,12,NULL,70.0000,3,80.9543,56
8074,Pathologic,Shooter,4,NULL,60.0000,1,84.4833,28
8074,Pathologic,Role-playing (RPG),4,NULL,60.0000,1,84.4833,28
8074,Pathologic,Adventure,4,NULL,60.0000,1,84.4833,28
8074,Pathologic,Indie,4,NULL,60.0000,1,84.4833,28
9227,Thief Gold,Simulator,11,NULL,90.0000,1,80.7473,47
9227,Thief Gold,Adventure,11,NULL,90.0000,1,80.7473,47
2129,Mark of the Ninja,Platform,95,NULL,91.4286,7,84.2887,272
2129,Mark of the Ninja,Adventure,95,NULL,91.4286,7,84.2887,272
2129,Mark of the Ninja,Indie,95,NULL,91.4286,7,84.2887,272
847,Resident Evil 5,Shooter,144,NULL,78.4000,18,74.2290,603
847,Resident Evil 5,Adventure,144,NULL,78.4000,18,74.2290,603
23212,Aven Colony,Simulator,21,3,72.7143,8,61.9591,26
23212,Aven Colony,Strategy,21,3,72.7143,8,61.9591,26
23212,Aven Colony,Indie,21,3,72.7143,8,61.9591,26
7719,Eador: Masters of the Broken World,Role-playing (RPG),2,NULL,NULL,NULL,47.4891,11
7719,Eador: Masters of the Broken World,Strategy,2,NULL,NULL,NULL,47.4891,11
7719,Eador: Masters of the Broken World,Indie,2,NULL,NULL,NULL,47.4891,11
24347,Resident Evil 5: Gold Edition,Shooter,4,NULL,NULL,NULL,74.5517,24
24347,Resident Evil 5: Gold Edition,Role-playing (RPG),4,NULL,NULL,NULL,74.5517,24
24347,Resident Evil 5: Gold Edition,Strategy,4,NULL,NULL,NULL,74.5517,24
24347,Resident Evil 5: Gold Edition,Adventure,4,NULL,NULL,NULL,74.5517,24
895,The Longest Journey,Puzzle,62,NULL,90.0000,1,84.0556,167
895,The Longest Journey,Adventure,62,NULL,90.0000,1,84.0556,167
14685,Thea: The Awakening,Role-playing (RPG),5,NULL,76.7500,4,84.5681,12
14685,Thea: The Awakening,Simulator,5,NULL,76.7500,4,84.5681,12
14685,Thea: The Awakening,Strategy,5,NULL,76.7500,4,84.5681,12
14685,Thea: The Awakening,Adventure,5,NULL,76.7500,4,84.5681,12
14685,Thea: The Awakening,Indie,5,NULL,76.7500,4,84.5681,12
8902,Hyperdimension Neptunia Re;Birth1,Role-playing (RPG),12,NULL,75.0000,4,69.3047,26
8902,Hyperdimension Neptunia Re;Birth1,Strategy,12,NULL,75.0000,4,69.3047,26
13,Fallout,Role-playing (RPG),207,NULL,NULL,NULL,85.8974,511
17,Fallout Tactics: Brotherhood of Steel,Role-playing (RPG),23,NULL,NULL,NULL,70.2303,79
17,Fallout Tactics: Brotherhood of Steel,Strategy,23,NULL,NULL,NULL,70.2303,79
18398,Tyranny,Role-playing (RPG),57,7,81.2000,14,82.1032,95
18398,Tyranny,Strategy,57,7,81.2000,14,82.1032,95
18398,Tyranny,Adventure,57,7,81.2000,14,82.1032,95
26651,Kingdoms and Castles,Simulator,18,3,67.0000,2,70.0032,18
26651,Kingdoms and Castles,Strategy,18,3,67.0000,2,70.0032,18
26651,Kingdoms and Castles,Indie,18,3,67.0000,2,70.0032,18
1,Thief II: The Metal Age,Shooter,51,NULL,90.0000,1,86.5457,122
1,Thief II: The Metal Age,Simulator,51,NULL,90.0000,1,86.5457,122
1,Thief II: The Metal Age,Adventure,51,NULL,90.0000,1,86.5457,122
5552,Oddworld: New 'n' Tasty,Platform,39,3,75.8333,13,80.0076,58
5552,Oddworld: New 'n' Tasty,Puzzle,39,3,75.8333,13,80.0076,58
5552,Oddworld: New 'n' Tasty,Adventure,39,3,75.8333,13,80.0076,58
5552,Oddworld: New 'n' Tasty,Indie,39,3,75.8333,13,80.0076,58
24427,Sunless Skies,Role-playing (RPG),9,2,83.5000,7,85.7536,12
24427,Sunless Skies,Adventure,9,2,83.5000,7,85.7536,12
24427,Sunless Skies,Indie,9,2,83.5000,7,85.7536,12
21599,Virginia,Adventure,42,5,68.1765,20,67.6762,81
21599,Virginia,Indie,42,5,68.1765,20,67.6762,81
3732,Pajama Sam 3: You are What You Eat from Your Head to Your Feet,Puzzle,1,NULL,NULL,NULL,74.1123,12
3732,Pajama Sam 3: You are What You Eat from Your Head to Your Feet,Adventure,1,NULL,NULL,NULL,74.1123,12
2381,Rise of the Triad,Shooter,7,NULL,66.5000,5,77.4445,24
14801,RollerCoaster Tycoon 3: Platinum,Simulator,4,NULL,NULL,NULL,78.7189,14
14801,RollerCoaster Tycoon 3: Platinum,Strategy,4,NULL,NULL,NULL,78.7189,14
8879,Super Time Force Ultra,Shooter,10,1,NULL,NULL,84.2362,28
8879,Super Time Force Ultra,Platform,10,1,NULL,NULL,84.2362,28
8879,Super Time Force Ultra,Adventure,10,1,NULL,NULL,84.2362,28
8879,Super Time Force Ultra,Indie,10,1,NULL,NULL,84.2362,28
12510,Renowned Explorers: International Society,Role-playing (RPG),3,NULL,80.0000,3,79.5652,17
12510,Renowned Explorers: International Society,Strategy,3,NULL,80.0000,3,79.5652,17
12510,Renowned Explorers: International Society,Adventure,3,NULL,80.0000,3,79.5652,17
12510,Renowned Explorers: International Society,Indie,3,NULL,80.0000,3,79.5652,17
571,Singularity,Shooter,66,NULL,79.8000,8,76.2191,201
571,Singularity,Puzzle,66,NULL,79.8000,8,76.2191,201
7169,1954 Alcatraz,Adventure,4,NULL,60.0000,2,78.8911,16
7169,1954 Alcatraz,Indie,4,NULL,60.0000,2,78.8911,16
8874,Hatoful Boyfriend,Simulator,12,NULL,75.0000,8,65.6335,40
8874,Hatoful Boyfriend,Adventure,12,NULL,75.0000,8,65.6335,40
8874,Hatoful Boyfriend,Indie,12,NULL,75.0000,8,65.6335,40
27820,Sid Meier's Civilization III: Complete,Simulator,6,NULL,NULL,NULL,91.2541,18
27820,Sid Meier's Civilization III: Complete,Strategy,6,NULL,NULL,NULL,91.2541,18
11719,Rebel Galaxy,Role-playing (RPG),17,NULL,72.1429,8,79.1311,25
11719,Rebel Galaxy,Simulator,17,NULL,72.1429,8,79.1311,25
11719,Rebel Galaxy,Strategy,17,NULL,72.1429,8,79.1311,25
11719,Rebel Galaxy,Adventure,17,NULL,72.1429,8,79.1311,25
11719,Rebel Galaxy,Indie,17,NULL,72.1429,8,79.1311,25
9002,Redneck Rampage,Shooter,3,NULL,NULL,NULL,66.5022,19
9002,Redneck Rampage,Role-playing (RPG),3,NULL,NULL,NULL,66.5022,19
9002,Redneck Rampage,Adventure,3,NULL,NULL,NULL,66.5022,19
51800,Trine Enchanted Edition,Platform,7,NULL,92.0000,1,81.2545,43
51800,Trine Enchanted Edition,Puzzle,7,NULL,92.0000,1,81.2545,43
51800,Trine Enchanted Edition,Role-playing (RPG),7,NULL,92.0000,1,81.2545,43
51800,Trine Enchanted Edition,Adventure,7,NULL,92.0000,1,81.2545,43
51800,Trine Enchanted Edition,Indie,7,NULL,92.0000,1,81.2545,43
3,Thief: Deadly Shadows,Shooter,45,NULL,83.0000,3,82.0039,113
3,Thief: Deadly Shadows,Simulator,45,NULL,83.0000,3,82.0039,113
3,Thief: Deadly Shadows,Adventure,45,NULL,83.0000,3,82.0039,113
238,Riven: The Sequel to Myst,Puzzle,17,NULL,NULL,NULL,83.2714,63
238,Riven: The Sequel to Myst,Adventure,17,NULL,NULL,NULL,83.2714,63
238,Riven: The Sequel to Myst,Indie,17,NULL,NULL,NULL,83.2714,63
21533,Resident Evil 4: Wii Edition,Shooter,4,NULL,83.3333,3,85.6127,23
21533,Resident Evil 4: Wii Edition,Adventure,4,NULL,83.3333,3,85.6127,23
1250,Gabriel Knight: Sins of the Fathers,Puzzle,26,NULL,NULL,NULL,87.1751,47
1250,Gabriel Knight: Sins of the Fathers,Adventure,26,NULL,NULL,NULL,87.1751,47
34705,Iconoclasts,Platform,24,4,85.1250,13,75.6876,78
34705,Iconoclasts,Puzzle,24,4,85.1250,13,75.6876,78
34705,Iconoclasts,Adventure,24,4,85.1250,13,75.6876,78
34705,Iconoclasts,Indie,24,4,85.1250,13,75.6876,78
24223,Resident Evil 4: Ultimate HD Edition,Shooter,4,NULL,80.0000,0,93.7482,23
24223,Resident Evil 4: Ultimate HD Edition,Adventure,4,NULL,80.0000,0,93.7482,23
6217,Tron 2.0,Shooter,14,NULL,74.4000,5,77.6832,32
6217,Tron 2.0,Role-playing (RPG),14,NULL,74.4000,5,77.6832,32
2900,Harvester,Adventure,7,1,NULL,NULL,80.7323,17
1605,Prisoner of Ice,Puzzle,2,NULL,NULL,NULL,72.5189,13
1605,Prisoner of Ice,Adventure,2,NULL,NULL,NULL,72.5189,13
11577,Satellite Reign,Strategy,14,NULL,81.6667,4,81.9168,14
11577,Satellite Reign,Indie,14,NULL,81.6667,4,81.9168,14
8787,Sid Meier's Colonization,Simulator,18,NULL,NULL,NULL,84.6659,45
8787,Sid Meier's Colonization,Strategy,18,NULL,NULL,NULL,84.6659,45
8787,Sid Meier's Colonization,Adventure,18,NULL,NULL,NULL,84.6659,45
3823,Blood Omen 2: Legacy of Kain,Adventure,20,NULL,NULL,NULL,73.8854,33
27519,Rogue Trooper: Redux,Shooter,5,NULL,59.7500,11,70.0276,5
27519,Rogue Trooper: Redux,Adventure,5,NULL,59.7500,11,70.0276,5
27519,Rogue Trooper: Redux,Arcade,5,NULL,59.7500,11,70.0276,5
3171,The Saboteur,Shooter,44,NULL,78.4000,7,71.7884,137
3171,The Saboteur,Role-playing (RPG),44,NULL,78.4000,7,71.7884,137
3171,The Saboteur,Adventure,44,NULL,78.4000,7,71.7884,137
6327,Resonance,Puzzle,13,NULL,80.0000,1,74.2723,23
6327,Resonance,Adventure,13,NULL,80.0000,1,74.2723,23
6327,Resonance,Indie,13,NULL,80.0000,1,74.2723,23
14177,Divinity: Original Sin - Enhanced Edition,Role-playing (RPG),37,NULL,90.1429,8,85.8390,105
14177,Divinity: Original Sin - Enhanced Edition,Strategy,37,NULL,90.1429,8,85.8390,105
14177,Divinity: Original Sin - Enhanced Edition,Adventure,37,NULL,90.1429,8,85.8390,105
14177,Divinity: Original Sin - Enhanced Edition,Indie,37,NULL,90.1429,8,85.8390,105
11404,Disciples II: Rise of the Elves,Role-playing (RPG),4,NULL,NULL,NULL,76.9492,13
11404,Disciples II: Rise of the Elves,Strategy,4,NULL,NULL,NULL,76.9492,13
8391,Port Royale 2,Simulator,5,NULL,NULL,NULL,71.1938,11
8391,Port Royale 2,Strategy,5,NULL,NULL,NULL,71.1938,11
1251,The Beast Within: A Gabriel Knight Mystery,Adventure,15,NULL,83.0000,1,86.3401,41
13227,Runaway 2: The Dream of the Turtle,Puzzle,9,NULL,60.7500,4,74.2260,22
13227,Runaway 2: The Dream of the Turtle,Role-playing (RPG),9,NULL,60.7500,4,74.2260,22
13227,Runaway 2: The Dream of the Turtle,Adventure,9,NULL,60.7500,4,74.2260,22
6185,Syberia II,Puzzle,57,NULL,NULL,NULL,76.7627,151
6185,Syberia II,Adventure,57,NULL,NULL,NULL,76.7627,151
1252,"Gabriel Knight 3: Blood of the Sacred, Blood of the Damned",Adventure,4,NULL,70.0000,1,81.4061,20
14394,Battle Brothers,Role-playing (RPG),8,NULL,80.2500,5,78.5014,41
14394,Battle Brothers,Strategy,8,NULL,80.2500,5,78.5014,41
14394,Battle Brothers,Adventure,8,NULL,80.2500,5,78.5014,41
14394,Battle Brothers,Indie,8,NULL,80.2500,5,78.5014,41
3029,Spelunky,Platform,49,1,90.6000,11,87.1217,142
3029,Spelunky,Adventure,49,1,90.6000,11,87.1217,142
3029,Spelunky,Indie,49,1,90.6000,11,87.1217,142
798,Myst IV: Revelation,Puzzle,12,NULL,88.6667,4,77.2604,35
798,Myst IV: Revelation,Adventure,12,NULL,88.6667,4,77.2604,35
918,Total Annihilation,Strategy,27,NULL,NULL,NULL,82.3717,51
1997,AquaNox,Shooter,4,NULL,60.0000,1,66.0437,16
1997,AquaNox,Simulator,4,NULL,60.0000,1,66.0437,16
11709,60 Seconds!,Simulator,6,NULL,80.0000,1,59.8739,37
11709,60 Seconds!,Strategy,6,NULL,80.0000,1,59.8739,37
11709,60 Seconds!,Adventure,6,NULL,80.0000,1,59.8739,37
11709,60 Seconds!,Indie,6,NULL,80.0000,1,59.8739,37
2964,Call of Cthulhu: Dark Corners of the Earth,Shooter,40,NULL,79.5000,3,79.0812,90
2964,Call of Cthulhu: Dark Corners of the Earth,Puzzle,40,NULL,79.5000,3,79.0812,90
2964,Call of Cthulhu: Dark Corners of the Earth,Adventure,40,NULL,79.5000,3,79.0812,90
16617,Super Mario World: Super Mario Advance 2,Platform,21,NULL,92.0000,2,89.6122,57
16617,Super Mario World: Super Mario Advance 2,Adventure,21,NULL,92.0000,2,89.6122,57
999,Oddworld: Abe's Oddysee,Platform,65,NULL,100.0000,0,82.2646,195
999,Oddworld: Abe's Oddysee,Puzzle,65,NULL,100.0000,0,82.2646,195
999,Oddworld: Abe's Oddysee,Adventure,65,NULL,100.0000,0,82.2646,195
69,Master of Orion III,Strategy,1,NULL,55.0000,2,33.6814,12
7832,Shelter,Simulator,9,NULL,75.0000,3,72.0613,23
7832,Shelter,Adventure,9,NULL,75.0000,3,72.0613,23
7832,Shelter,Indie,9,NULL,75.0000,3,72.0613,23
287,Patrician III: Rise of the Hanse,Role-playing (RPG),4,NULL,90.0000,1,70.0381,12
287,Patrician III: Rise of the Hanse,Simulator,4,NULL,90.0000,1,70.0381,12
287,Patrician III: Rise of the Hanse,Strategy,4,NULL,90.0000,1,70.0381,12
25513,Pilot Brothers,Adventure,1,NULL,NULL,NULL,89.2270,11
590,Age of Wonders II: The Wizard's Throne,Role-playing (RPG),2,NULL,NULL,NULL,84.5261,25
590,Age of Wonders II: The Wizard's Throne,Strategy,2,NULL,NULL,NULL,84.5261,25
35283,The Darkside Detective,Puzzle,18,2,55.0000,3,78.3124,26
35283,The Darkside Detective,Adventure,18,2,55.0000,3,78.3124,26
35283,The Darkside Detective,Indie,18,2,55.0000,3,78.3124,26
166,Star Wars: TIE Fighter,Shooter,12,NULL,NULL,NULL,89.3895,42
166,Star Wars: TIE Fighter,Simulator,12,NULL,NULL,NULL,89.3895,42
589,Age of Wonders,Role-playing (RPG),6,NULL,90.0000,1,79.4359,32
589,Age of Wonders,Strategy,6,NULL,90.0000,1,79.4359,32
145191,Resident Evil 4,Shooter,6,NULL,NULL,NULL,88.9855,87
18727,Transport Fever,Simulator,14,1,87.5000,2,89.4973,20
9534,Sam & Max: The Devil's Playhouse,Adventure,9,NULL,71.8000,1,77.3743,28
1407,Metal Slug 2,Shooter,32,NULL,NULL,NULL,81.6546,130
1407,Metal Slug 2,Platform,32,NULL,NULL,NULL,81.6546,130
1407,Metal Slug 2,Adventure,32,NULL,NULL,NULL,81.6546,130
1407,Metal Slug 2,Arcade,32,NULL,NULL,NULL,81.6546,130
18509,Slain: Back From Hell,Platform,5,NULL,49.9167,14,60.0282,7
18509,Slain: Back From Hell,Adventure,5,NULL,49.9167,14,60.0282,7
18509,Slain: Back From Hell,Indie,5,NULL,49.9167,14,60.0282,7
18509,Slain: Back From Hell,Arcade,5,NULL,49.9167,14,60.0282,7
6006,Kingdom Rush Frontiers,Strategy,4,NULL,80.0000,2,71.2639,25
6006,Kingdom Rush Frontiers,Indie,4,NULL,80.0000,2,71.2639,25
5563,IL-2 Sturmovik: 1946,Shooter,13,1,90.0000,1,94.3269,21
5563,IL-2 Sturmovik: 1946,Simulator,13,1,90.0000,1,94.3269,21
17032,Darkwood,Role-playing (RPG),9,NULL,79.7500,9,79.7690,39
17032,Darkwood,Adventure,9,NULL,79.7500,9,79.7690,39
17032,Darkwood,Indie,9,NULL,79.7500,9,79.7690,39
7706,This War of Mine,Simulator,118,NULL,82.0000,5,80.7514,319
7706,This War of Mine,Strategy,118,NULL,82.0000,5,80.7514,319
7706,This War of Mine,Adventure,118,NULL,82.0000,5,80.7514,319
7706,This War of Mine,Indie,118,NULL,82.0000,5,80.7514,319
25680,The Little Acre,Puzzle,6,NULL,72.8571,8,70.0194,18
25680,The Little Acre,Role-playing (RPG),6,NULL,72.8571,8,70.0194,18
25680,The Little Acre,Adventure,6,NULL,72.8571,8,70.0194,18
25680,The Little Acre,Indie,6,NULL,72.8571,8,70.0194,18
6968,Doom 3: BFG Edition,Shooter,30,NULL,71.3333,4,78.0825,65
1593,Pillars of Eternity,Role-playing (RPG),119,11,81.0000,8,81.4943,252
1593,Pillars of Eternity,Strategy,119,11,81.0000,8,81.4943,252
1593,Pillars of Eternity,Adventure,119,11,81.0000,8,81.4943,252
1593,Pillars of Eternity,Indie,119,11,81.0000,8,81.4943,252
8765,The Witcher: Adventure Game,Role-playing (RPG),10,NULL,73.6667,3,56.1018,22
8765,The Witcher: Adventure Game,Strategy,10,NULL,73.6667,3,56.1018,22
8765,The Witcher: Adventure Game,Adventure,10,NULL,73.6667,3,56.1018,22
18149,Jotun: Valhalla Edition,Adventure,17,3,75.4000,11,69.1230,28
18149,Jotun: Valhalla Edition,Indie,17,3,75.4000,11,69.1230,28
961,Commandos: Beyond the Call of Duty,Strategy,38,NULL,66.0000,1,81.4157,88
20908,Jalopy,Simulator,12,NULL,45.0000,2,61.1961,22
20908,Jalopy,Adventure,12,NULL,45.0000,2,61.1961,22
20908,Jalopy,Indie,12,NULL,45.0000,2,61.1961,22
5941,ObsCure,Adventure,17,NULL,72.2500,4,76.0044,60
7260,Desperados: Wanted Dead or Alive,Strategy,27,NULL,NULL,NULL,81.7753,77
3098,Giana Sisters: Twisted Dreams,Platform,13,NULL,78.5000,4,77.6360,28
3098,Giana Sisters: Twisted Dreams,Puzzle,13,NULL,78.5000,4,77.6360,28
3098,Giana Sisters: Twisted Dreams,Adventure,13,NULL,78.5000,4,77.6360,28
3098,Giana Sisters: Twisted Dreams,Indie,13,NULL,78.5000,4,77.6360,28
24,X-COM: UFO Defense,Strategy,39,NULL,85.0000,3,87.4122,101
23330,Nine Parchments,Role-playing (RPG),7,NULL,65.5714,8,73.7285,11
7740,Might and Magic VIII: Day of the Destroyer,Role-playing (RPG),8,NULL,NULL,NULL,80.6581,19
844,Realms of the Haunting,Shooter,4,NULL,NULL,NULL,71.2238,11
844,Realms of the Haunting,Puzzle,4,NULL,NULL,NULL,71.2238,11
844,Realms of the Haunting,Adventure,4,NULL,NULL,NULL,71.2238,11
7418,Shivah,Adventure,3,NULL,NULL,NULL,72.1250,21
7418,Shivah,Indie,3,NULL,NULL,NULL,72.1250,21
131843,State of Decay 2: Juggernaut Edition,Role-playing (RPG),5,NULL,NULL,NULL,79.8216,15
131843,State of Decay 2: Juggernaut Edition,Simulator,5,NULL,NULL,NULL,79.8216,15
131843,State of Decay 2: Juggernaut Edition,Adventure,5,NULL,NULL,NULL,79.8216,15
11631,Hiveswap: Act 1,Puzzle,11,8,75.0000,1,98.3785,15
11631,Hiveswap: Act 1,Role-playing (RPG),11,8,75.0000,1,98.3785,15
11631,Hiveswap: Act 1,Adventure,11,8,75.0000,1,98.3785,15
11631,Hiveswap: Act 1,Indie,11,8,75.0000,1,98.3785,15
18930,Tokyo 42,Shooter,17,7,68.5000,12,59.9249,6
18930,Tokyo 42,Adventure,17,7,68.5000,12,59.9249,6
18930,Tokyo 42,Indie,17,7,68.5000,12,59.9249,6
1269,Darksiders II,Role-playing (RPG),84,NULL,85.7500,20,76.8275,242
1269,Darksiders II,Adventure,84,NULL,85.7500,20,76.8275,242
3939,Gun,Adventure,34,NULL,72.5714,5,67.8984,112
5508,The Banner Saga,Role-playing (RPG),76,NULL,81.9286,15,85.4538,225
5508,The Banner Saga,Simulator,76,NULL,81.9286,15,85.4538,225
5508,The Banner Saga,Strategy,76,NULL,81.9286,15,85.4538,225
5508,The Banner Saga,Indie,76,NULL,81.9286,15,85.4538,225
11408,Etherlords II,Role-playing (RPG),3,NULL,70.0000,1,64.2708,26
11408,Etherlords II,Strategy,3,NULL,70.0000,1,64.2708,26
11408,Etherlords II,Adventure,3,NULL,70.0000,1,64.2708,26
11408,Etherlords II,Indie,3,NULL,70.0000,1,64.2708,26
9053,80 Days,Role-playing (RPG),15,NULL,70.0000,3,76.3576,43
9053,80 Days,Strategy,15,NULL,70.0000,3,76.3576,43
9053,80 Days,Adventure,15,NULL,70.0000,3,76.3576,43
9053,80 Days,Indie,15,NULL,70.0000,3,76.3576,43
7209,King Arthur's Gold,Platform,5,1,NULL,NULL,68.6071,11
7209,King Arthur's Gold,Strategy,5,1,NULL,NULL,68.6071,11
7209,King Arthur's Gold,Indie,5,1,NULL,NULL,68.6071,11
2520,Ultima VIII: Pagan,Role-playing (RPG),3,NULL,NULL,NULL,69.8383,15
118,Star Wars: Knights of the Old Republic II - The Sith Lords,Role-playing (RPG),229,1,85.8333,7,87.4859,656
118,Star Wars: Knights of the Old Republic II - The Sith Lords,Strategy,229,1,85.8333,7,87.4859,656
118,Star Wars: Knights of the Old Republic II - The Sith Lords,Adventure,229,1,85.8333,7,87.4859,656
978,Resident Evil: Revelations,Shooter,56,NULL,74.5556,30,74.1491,179
978,Resident Evil: Revelations,Adventure,56,NULL,74.5556,30,74.1491,179
134799,Dorfromantik,Puzzle,8,1,NULL,NULL,78.3863,33
134799,Dorfromantik,Simulator,8,1,NULL,NULL,78.3863,33
134799,Dorfromantik,Strategy,8,1,NULL,NULL,78.3863,33
134799,Dorfromantik,Indie,8,1,NULL,NULL,78.3863,33
150045,Resident Evil: Revelations,Shooter,1,NULL,NULL,NULL,66.5840,22
150045,Resident Evil: Revelations,Adventure,1,NULL,NULL,NULL,66.5840,22
74545,Opus Magnum,Puzzle,13,1,92.3333,5,86.4745,30
74545,Opus Magnum,Simulator,13,1,92.3333,5,86.4745,30
74545,Opus Magnum,Indie,13,1,92.3333,5,86.4745,30
1904,Europa Universalis IV,Simulator,68,NULL,85.0000,3,89.4911,163
1904,Europa Universalis IV,Strategy,68,NULL,85.0000,3,89.4911,163
55935,Doki Doki Literature Club!,Adventure,82,4,94.5000,2,81.9121,382
55935,Doki Doki Literature Club!,Indie,82,4,94.5000,2,81.9121,382
28070,Planet Alpha,Platform,22,6,57.6667,4,69.2616,20
28070,Planet Alpha,Puzzle,22,6,57.6667,4,69.2616,20
28070,Planet Alpha,Adventure,22,6,57.6667,4,69.2616,20
28070,Planet Alpha,Indie,22,6,57.6667,4,69.2616,20
81275,Unforeseen Incidents,Puzzle,22,1,80.2500,4,71.4517,16
81275,Unforeseen Incidents,Adventure,22,1,80.2500,4,71.4517,16
81275,Unforeseen Incidents,Indie,22,1,80.2500,4,71.4517,16
27792,PC Building Simulator,Simulator,37,2,65.0000,2,73.9187,48
27792,PC Building Simulator,Strategy,37,2,65.0000,2,73.9187,48
27792,PC Building Simulator,Indie,37,2,65.0000,2,73.9187,48
28073,A Mortician's Tale,Role-playing (RPG),1,1,81.0000,3,70.7694,15
28073,A Mortician's Tale,Simulator,1,1,81.0000,3,70.7694,15
28073,A Mortician's Tale,Adventure,1,1,81.0000,3,70.7694,15
28073,A Mortician's Tale,Indie,1,1,81.0000,3,70.7694,15
70396,Trüberbrook,Puzzle,11,11,76.6667,3,69.9210,18
70396,Trüberbrook,Adventure,11,11,76.6667,3,69.9210,18
70396,Trüberbrook,Indie,11,11,76.6667,3,69.9210,18
132050,Mortal Shell,Role-playing (RPG),22,5,75.2500,10,74.1351,55
132050,Mortal Shell,Indie,22,5,75.2500,10,74.1351,55
36815,Lust for Darkness,Puzzle,12,1,60.0000,1,60.3915,17
36815,Lust for Darkness,Role-playing (RPG),12,1,60.0000,1,60.3915,17
36815,Lust for Darkness,Adventure,12,1,60.0000,1,60.3915,17
36815,Lust for Darkness,Indie,12,1,60.0000,1,60.3915,17
973,Resident Evil Outbreak File #2,Shooter,7,NULL,60.0000,1,70.5915,16
973,Resident Evil Outbreak File #2,Puzzle,7,NULL,60.0000,1,70.5915,16
973,Resident Evil Outbreak File #2,Adventure,7,NULL,60.0000,1,70.5915,16
967,Resident Evil Survivor,Shooter,7,NULL,NULL,NULL,57.2533,57
967,Resident Evil Survivor,Puzzle,7,NULL,NULL,NULL,57.2533,57
1161,Tomb Raider: Legend,Shooter,75,NULL,60.0000,8,75.2546,233
1161,Tomb Raider: Legend,Platform,75,NULL,60.0000,8,75.2546,233
1161,Tomb Raider: Legend,Simulator,75,NULL,60.0000,8,75.2546,233
1161,Tomb Raider: Legend,Strategy,75,NULL,60.0000,8,75.2546,233
1161,Tomb Raider: Legend,Adventure,75,NULL,60.0000,8,75.2546,233
13117,The Sims 3: High-End Loft Stuff,Role-playing (RPG),4,NULL,72.0000,1,68.6587,12
13117,The Sims 3: High-End Loft Stuff,Simulator,4,NULL,72.0000,1,68.6587,12
13117,The Sims 3: High-End Loft Stuff,Strategy,4,NULL,72.0000,1,68.6587,12
13117,The Sims 3: High-End Loft Stuff,Adventure,4,NULL,72.0000,1,68.6587,12
27867,Unavowed,Puzzle,10,5,79.0000,5,87.4935,39
27867,Unavowed,Role-playing (RPG),10,5,79.0000,5,87.4935,39
27867,Unavowed,Adventure,10,5,79.0000,5,87.4935,39
27867,Unavowed,Indie,10,5,79.0000,5,87.4935,39
719,Freedom Fighters,Shooter,22,NULL,70.0000,1,78.3486,93
719,Freedom Fighters,Simulator,22,NULL,70.0000,1,78.3486,93
6918,Blades of Time,Shooter,8,NULL,60.5000,4,62.2685,22
6918,Blades of Time,Role-playing (RPG),8,NULL,60.5000,4,62.2685,22
6918,Blades of Time,Adventure,8,NULL,60.5000,4,62.2685,22
152255,Dodgeball Academia,Role-playing (RPG),4,NULL,83.0000,3,74.8363,14
152255,Dodgeball Academia,Sport,4,NULL,83.0000,3,74.8363,14
152255,Dodgeball Academia,Adventure,4,NULL,83.0000,3,74.8363,14
152255,Dodgeball Academia,Indie,4,NULL,83.0000,3,74.8363,14
152255,Dodgeball Academia,Arcade,4,NULL,83.0000,3,74.8363,14
110846,Trine 4: The Nightmare Prince,Platform,22,8,78.0000,10,74.6518,50
110846,Trine 4: The Nightmare Prince,Puzzle,22,8,78.0000,10,74.6518,50
110846,Trine 4: The Nightmare Prince,Adventure,22,8,78.0000,10,74.6518,50
110846,Trine 4: The Nightmare Prince,Indie,22,8,78.0000,10,74.6518,50
74378,Simulacra,Role-playing (RPG),NULL,NULL,70.0000,2,71.4989,32
74378,Simulacra,Simulator,NULL,NULL,70.0000,2,71.4989,32
74378,Simulacra,Adventure,NULL,NULL,70.0000,2,71.4989,32
74378,Simulacra,Indie,NULL,NULL,70.0000,2,71.4989,32
9835,Draugen,Puzzle,7,6,71.0000,5,67.5346,33
9835,Draugen,Adventure,7,6,71.0000,5,67.5346,33
9835,Draugen,Indie,7,6,71.0000,5,67.5346,33
108778,Little Misfortune,Platform,1,3,61.0000,1,73.8713,68
108778,Little Misfortune,Puzzle,1,3,61.0000,1,73.8713,68
108778,Little Misfortune,Adventure,1,3,61.0000,1,73.8713,68
108778,Little Misfortune,Indie,1,3,61.0000,1,73.8713,68
108778,Little Misfortune,Arcade,1,3,61.0000,1,73.8713,68
18157,The Town of Light,Adventure,4,NULL,58.2500,10,70.2210,20
18157,The Town of Light,Indie,4,NULL,58.2500,10,70.2210,20
9789,RimWorld,Simulator,61,NULL,74.5000,3,84.1435,192
9789,RimWorld,Strategy,61,NULL,74.5000,3,84.1435,192
9789,RimWorld,Indie,61,NULL,74.5000,3,84.1435,192
209,Thrillville: Off the Rails,Simulator,2,NULL,55.0000,3,65.0437,13
209,Thrillville: Off the Rails,Strategy,2,NULL,55.0000,3,65.0437,13
209,Thrillville: Off the Rails,Adventure,2,NULL,55.0000,3,65.0437,13
11000,Corpse Party: Blood Drive,Puzzle,2,NULL,55.0000,3,80.1124,13
11000,Corpse Party: Blood Drive,Role-playing (RPG),2,NULL,55.0000,3,80.1124,13
11000,Corpse Party: Blood Drive,Adventure,2,NULL,55.0000,3,80.1124,13
11000,Corpse Party: Blood Drive,Indie,2,NULL,55.0000,3,80.1124,13
69483,Monster Prom,Simulator,3,NULL,59.0000,1,68.4360,24
69483,Monster Prom,Adventure,3,NULL,59.0000,1,68.4360,24
69483,Monster Prom,Indie,3,NULL,59.0000,1,68.4360,24
18074,OpenTTD,Simulator,14,NULL,NULL,NULL,86.7604,23
18074,OpenTTD,Strategy,14,NULL,NULL,NULL,86.7604,23
18074,OpenTTD,Indie,14,NULL,NULL,NULL,86.7604,23
164243,Madison,Puzzle,6,3,80.0000,1,70.4836,15
164243,Madison,Simulator,6,3,80.0000,1,70.4836,15
164243,Madison,Adventure,6,3,80.0000,1,70.4836,15
164243,Madison,Indie,6,3,80.0000,1,70.4836,15
128289,The Supper,Adventure,NULL,NULL,NULL,NULL,74.9086,15
128289,The Supper,Indie,NULL,NULL,NULL,NULL,74.9086,15
133154,Rough Justice: '84,Puzzle,3,5,NULL,NULL,90.0000,13
133154,Rough Justice: '84,Simulator,3,5,NULL,NULL,90.0000,13
133154,Rough Justice: '84,Strategy,3,5,NULL,NULL,90.0000,13
133154,Rough Justice: '84,Adventure,3,5,NULL,NULL,90.0000,13
133154,Rough Justice: '84,Indie,3,5,NULL,NULL,90.0000,13
26364,The Binding of Isaac: Afterbirth+,Shooter,27,NULL,83.3333,4,85.1830,90
26364,The Binding of Isaac: Afterbirth+,Role-playing (RPG),27,NULL,83.3333,4,85.1830,90
26364,The Binding of Isaac: Afterbirth+,Adventure,27,NULL,83.3333,4,85.1830,90
26364,The Binding of Isaac: Afterbirth+,Indie,27,NULL,83.3333,4,85.1830,90
148241,Lies of P,Role-playing (RPG),4,17,85.5000,14,88.4733,52
127842,Skul: The Hero Slayer,Platform,8,1,81.0000,4,62.3698,17
127842,Skul: The Hero Slayer,Indie,8,1,81.0000,4,62.3698,17
8511,The Blackwell Epiphany,Puzzle,13,NULL,82.0000,1,83.7381,36
8511,The Blackwell Epiphany,Role-playing (RPG),13,NULL,82.0000,1,83.7381,36
8511,The Blackwell Epiphany,Adventure,13,NULL,82.0000,1,83.7381,36
8511,The Blackwell Epiphany,Indie,13,NULL,82.0000,1,83.7381,36
13119,The Sims 3: Outdoor Living Stuff,Role-playing (RPG),3,NULL,NULL,NULL,59.1906,11
13119,The Sims 3: Outdoor Living Stuff,Simulator,3,NULL,NULL,NULL,59.1906,11
13119,The Sims 3: Outdoor Living Stuff,Strategy,3,NULL,NULL,NULL,59.1906,11
13119,The Sims 3: Outdoor Living Stuff,Adventure,3,NULL,NULL,NULL,59.1906,11
9643,Return of the Obra Dinn,Puzzle,24,6,94.5714,9,89.4690,262
9643,Return of the Obra Dinn,Adventure,24,6,94.5714,9,89.4690,262
9643,Return of the Obra Dinn,Indie,24,6,94.5714,9,89.4690,262
122729,"Yes, Your Grace",Role-playing (RPG),1,NULL,77.2000,5,73.8719,30
122729,"Yes, Your Grace",Simulator,1,NULL,77.2000,5,73.8719,30
122729,"Yes, Your Grace",Strategy,1,NULL,77.2000,5,73.8719,30
122729,"Yes, Your Grace",Adventure,1,NULL,77.2000,5,73.8719,30
152071,Planet of Lana,Platform,NULL,9,93.3333,5,76.6863,47
152071,Planet of Lana,Puzzle,NULL,9,93.3333,5,76.6863,47
152071,Planet of Lana,Adventure,NULL,9,93.3333,5,76.6863,47
152071,Planet of Lana,Indie,NULL,9,93.3333,5,76.6863,47
1160,Tomb Raider: Chronicles,Shooter,28,NULL,60.0000,1,69.0118,80
1160,Tomb Raider: Chronicles,Adventure,28,NULL,60.0000,1,69.0118,80
32617,Rec Room,Shooter,8,NULL,NULL,NULL,79.9580,23
32617,Rec Room,Platform,8,NULL,NULL,NULL,79.9580,23
32617,Rec Room,Role-playing (RPG),8,NULL,NULL,NULL,79.9580,23
32617,Rec Room,Simulator,8,NULL,NULL,NULL,79.9580,23
32617,Rec Room,Sport,8,NULL,NULL,NULL,79.9580,23
32617,Rec Room,Strategy,8,NULL,NULL,NULL,79.9580,23
32617,Rec Room,Adventure,8,NULL,NULL,NULL,79.9580,23
32617,Rec Room,Arcade,8,NULL,NULL,NULL,79.9580,23
27310,We Were Here,Puzzle,7,NULL,NULL,NULL,68.1341,73
27310,We Were Here,Adventure,7,NULL,NULL,NULL,68.1341,73
27310,We Were Here,Indie,7,NULL,NULL,NULL,68.1341,73
137989,Party Animals,Role-playing (RPG),2,12,50.0000,3,80.1106,15
137989,Party Animals,Indie,2,12,50.0000,3,80.1106,15
3753,Zuma,Puzzle,17,NULL,68.0000,1,73.6697,43
3753,Zuma,Arcade,17,NULL,68.0000,1,73.6697,43
491,Castlevania: Lords of Shadow,Adventure,71,NULL,83.2000,9,79.8492,196
378,Metal Gear Rising: Revengeance,Shooter,140,NULL,84.7647,22,79.4166,417
378,Metal Gear Rising: Revengeance,Strategy,140,NULL,84.7647,22,79.4166,417
378,Metal Gear Rising: Revengeance,Adventure,140,NULL,84.7647,22,79.4166,417
106790,Bee Simulator,Simulator,21,2,56.6667,3,50.3320,11
106790,Bee Simulator,Adventure,21,2,56.6667,3,50.3320,11
65,The Secret of Monkey Island: Special Edition,Puzzle,48,NULL,80.0000,4,84.1513,131
65,The Secret of Monkey Island: Special Edition,Adventure,48,NULL,80.0000,4,84.1513,131
19,Max Payne 2: The Fall of Max Payne,Shooter,261,NULL,84.2857,7,86.4800,776
119170,Ghostbusters: The Video Game Remastered,Shooter,12,2,60.0000,5,79.0691,20
119170,Ghostbusters: The Video Game Remastered,Adventure,12,2,60.0000,5,79.0691,20
20900,Pac-Man Championship Edition,Puzzle,4,NULL,60.0000,2,70.1081,12
20900,Pac-Man Championship Edition,Arcade,4,NULL,60.0000,2,70.1081,12
8191,Final DOOM,Shooter,16,NULL,70.0000,1,79.3085,38
622,Call of Duty 2,Shooter,295,NULL,84.4000,5,83.7214,838
2001,Far Cry 3: Blood Dragon,Shooter,122,NULL,82.9333,16,78.5394,309
2001,Far Cry 3: Blood Dragon,Adventure,122,NULL,82.9333,16,78.5394,309
11118,Dishonored 2,Shooter,265,73,85.8500,24,85.4056,554
11118,Dishonored 2,Role-playing (RPG),265,73,85.8500,24,85.4056,554
11118,Dishonored 2,Adventure,265,73,85.8500,24,85.4056,554
129057,Rain on Your Parade,Puzzle,1,NULL,72.5000,2,72.1820,12
129057,Rain on Your Parade,Simulator,1,NULL,72.5000,2,72.1820,12
129057,Rain on Your Parade,Adventure,1,NULL,72.5000,2,72.1820,12
129057,Rain on Your Parade,Indie,1,NULL,72.5000,2,72.1820,12
129057,Rain on Your Parade,Arcade,1,NULL,72.5000,2,72.1820,12
478,The Witcher 2: Assassins of Kings,Role-playing (RPG),441,NULL,85.7143,10,84.9154,1147
478,The Witcher 2: Assassins of Kings,Adventure,441,NULL,85.7143,10,84.9154,1147
1043,Sacred 2: Fallen Angel,Role-playing (RPG),12,NULL,65.3333,8,67.8978,39
1043,Sacred 2: Fallen Angel,Adventure,12,NULL,65.3333,8,67.8978,39
152122,Doki Doki Literature Club Plus!,Role-playing (RPG),11,1,82.5000,2,93.9030,57
152122,Doki Doki Literature Club Plus!,Simulator,11,1,82.5000,2,93.9030,57
152122,Doki Doki Literature Club Plus!,Adventure,11,1,82.5000,2,93.9030,57
152122,Doki Doki Literature Club Plus!,Indie,11,1,82.5000,2,93.9030,57
18859,Valley,Platform,18,2,68.4444,10,69.3248,18
18859,Valley,Puzzle,18,2,68.4444,10,69.3248,18
18859,Valley,Adventure,18,2,68.4444,10,69.3248,18
18859,Valley,Indie,18,2,68.4444,10,69.3248,18
2113,Star Wars Battlefront,Shooter,185,89,68.4444,21,67.1118,363
2025,Mount & Blade: Warband,Shooter,98,1,68.6000,6,85.9428,298
2025,Mount & Blade: Warband,Role-playing (RPG),98,1,68.6000,6,85.9428,298
2025,Mount & Blade: Warband,Simulator,98,1,68.6000,6,85.9428,298
2025,Mount & Blade: Warband,Strategy,98,1,68.6000,6,85.9428,298
2025,Mount & Blade: Warband,Adventure,98,1,68.6000,6,85.9428,298
18735,Ninja Gaiden Black,Adventure,16,NULL,NULL,NULL,90.9431,39
190,LEGO Star Wars II: The Original Trilogy,Platform,40,NULL,68.6000,7,77.6399,179
190,LEGO Star Wars II: The Original Trilogy,Adventure,40,NULL,68.6000,7,77.6399,179
407,Final Fantasy Adventure,Role-playing (RPG),9,NULL,NULL,NULL,79.9413,34
407,Final Fantasy Adventure,Adventure,9,NULL,NULL,NULL,79.9413,34
11120,The Elder Scrolls: Legends,Strategy,20,12,77.0000,5,70.1844,35
3120,Call of Duty: Roads to Victory,Shooter,4,NULL,59.0000,3,62.8977,18
6630,Sword of Mana,Role-playing (RPG),4,NULL,84.0000,1,68.0632,19
11182,Enter the Gungeon,Shooter,92,3,82.4615,17,75.7935,252
11182,Enter the Gungeon,Adventure,92,3,82.4615,17,75.7935,252
11182,Enter the Gungeon,Indie,92,3,82.4615,17,75.7935,252
11182,Enter the Gungeon,Arcade,92,3,82.4615,17,75.7935,252
2897,Crackdown 2,Shooter,9,NULL,72.0000,7,67.9310,31
2897,Crackdown 2,Adventure,9,NULL,72.0000,7,67.9310,31
106987,Torchlight III,Role-playing (RPG),8,33,66.1111,11,49.4593,29
106987,Torchlight III,Adventure,8,33,66.1111,11,49.4593,29
106987,Torchlight III,Indie,8,33,66.1111,11,49.4593,29
12308,Gyruss,Shooter,2,NULL,70.0000,2,68.5549,15
12308,Gyruss,Arcade,2,NULL,70.0000,2,68.5549,15
16992,Human: Fall Flat,Platform,68,1,72.7692,14,70.0405,154
16992,Human: Fall Flat,Puzzle,68,1,72.7692,14,70.0405,154
16992,Human: Fall Flat,Simulator,68,1,72.7692,14,70.0405,154
16992,Human: Fall Flat,Adventure,68,1,72.7692,14,70.0405,154
16992,Human: Fall Flat,Indie,68,1,72.7692,14,70.0405,154
111815,Unsighted,Shooter,2,5,83.0000,4,70.5463,12
111815,Unsighted,Platform,2,5,83.0000,4,70.5463,12
111815,Unsighted,Role-playing (RPG),2,5,83.0000,4,70.5463,12
111815,Unsighted,Adventure,2,5,83.0000,4,70.5463,12
111815,Unsighted,Indie,2,5,83.0000,4,70.5463,12
140617,The Dark Pictures Anthology: House of Ashes,Adventure,6,3,76.1111,12,74.8085,78
113114,The Outer Worlds,Shooter,146,59,85.9333,19,79.1932,446
113114,The Outer Worlds,Role-playing (RPG),146,59,85.9333,19,79.1932,446
113114,The Outer Worlds,Adventure,146,59,85.9333,19,79.1932,446
20437,Beyond Good & Evil HD,Puzzle,12,NULL,82.5000,6,81.2505,17
20437,Beyond Good & Evil HD,Adventure,12,NULL,82.5000,6,81.2505,17
25657,Destiny 2,Shooter,462,204,82.4400,33,73.9264,434
25657,Destiny 2,Role-playing (RPG),462,204,82.4400,33,73.9264,434
25657,Destiny 2,Adventure,462,204,82.4400,33,73.9264,434
52200,Descenders,Simulator,3,1,76.6667,3,70.4019,25
52200,Descenders,Sport,3,1,76.6667,3,70.4019,25
52200,Descenders,Arcade,3,1,76.6667,3,70.4019,25
321,Command & Conquer 3: Tiberium Wars,Simulator,54,NULL,84.5000,5,81.6865,152
321,Command & Conquer 3: Tiberium Wars,Strategy,54,NULL,84.5000,5,81.6865,152
124954,Crusader Kings III,Role-playing (RPG),21,4,91.3333,3,86.2153,105
124954,Crusader Kings III,Simulator,21,4,91.3333,3,86.2153,105
124954,Crusader Kings III,Strategy,21,4,91.3333,3,86.2153,105
198200,F1 22,Simulator,8,NULL,83.4000,6,74.4264,14
198200,F1 22,Sport,8,NULL,83.4000,6,74.4264,14
3008,Banjo-Kazooie: Nuts & Bolts,Platform,6,NULL,87.3333,4,63.8229,44
3008,Banjo-Kazooie: Nuts & Bolts,Adventure,6,NULL,87.3333,4,63.8229,44
76882,Sekiro: Shadows Die Twice,Adventure,134,64,90.0909,18,91.0490,732
135789,Townscaper,Simulator,7,1,80.0000,1,61.6447,39
135789,Townscaper,Indie,7,1,80.0000,1,61.6447,39
119390,Ni no Kuni: Wrath of the White Witch Remastered,Role-playing (RPG),25,5,89.5714,9,86.5955,21
119390,Ni no Kuni: Wrath of the White Witch Remastered,Adventure,25,5,89.5714,9,86.5955,21
3123,Mission: Impossible,Shooter,4,NULL,NULL,NULL,65.6379,25
3123,Mission: Impossible,Adventure,4,NULL,NULL,NULL,65.6379,25
9567,TowerFall Ascension,Platform,33,1,87.0000,7,75.4450,75
9567,TowerFall Ascension,Indie,33,1,87.0000,7,75.4450,75
256092,EA Sports FC 24,Simulator,5,NULL,65.8571,10,69.7845,12
256092,EA Sports FC 24,Sport,5,NULL,65.8571,10,69.7845,12
7334,Bloodborne,Role-playing (RPG),415,9,91.1111,21,91.8872,1245
7334,Bloodborne,Adventure,415,9,91.1111,21,91.8872,1245
1942,The Witcher 3: Wild Hunt,Role-playing (RPG),1542,179,91.7200,26,94.3865,3640
1942,The Witcher 3: Wild Hunt,Adventure,1542,179,91.7200,26,94.3865,3640
9195,Five Nights at Freddy's 2,Simulator,27,NULL,70.0000,2,78.1962,74
9195,Five Nights at Freddy's 2,Strategy,27,NULL,70.0000,2,78.1962,74
9195,Five Nights at Freddy's 2,Adventure,27,NULL,70.0000,2,78.1962,74
9195,Five Nights at Freddy's 2,Indie,27,NULL,70.0000,2,78.1962,74
2155,Dark Souls,Role-playing (RPG),385,1,90.6250,12,87.3781,1109
2155,Dark Souls,Adventure,385,1,90.6250,12,87.3781,1109
26700,Raging Loop,Adventure,1,NULL,NULL,NULL,80.3505,13
26700,Raging Loop,Indie,1,NULL,NULL,NULL,80.3505,13
18100,Pokémon Sun,Role-playing (RPG),75,19,86.0000,23,75.6875,174
18100,Pokémon Sun,Strategy,75,19,86.0000,23,75.6875,174
18100,Pokémon Sun,Adventure,75,19,86.0000,23,75.6875,174
102874,Pokémon Quest,Role-playing (RPG),3,NULL,60.0000,2,68.2423,40
102874,Pokémon Quest,Simulator,3,NULL,60.0000,2,68.2423,40
102874,Pokémon Quest,Strategy,3,NULL,60.0000,2,68.2423,40
102874,Pokémon Quest,Adventure,3,NULL,60.0000,2,68.2423,40
6898,Pokémon Alpha Sapphire,Role-playing (RPG),42,1,88.3333,3,80.8501,166
6898,Pokémon Alpha Sapphire,Strategy,42,1,88.3333,3,80.8501,166
6898,Pokémon Alpha Sapphire,Adventure,42,1,88.3333,3,80.8501,166
144051,Pokémon Brilliant Diamond,Role-playing (RPG),4,1,78.7500,4,57.3676,36
144051,Pokémon Brilliant Diamond,Adventure,4,1,78.7500,4,57.3676,36
75379,World of Warcraft Classic,Role-playing (RPG),33,NULL,80.0000,1,80.2475,80
75379,World of Warcraft Classic,Adventure,33,NULL,80.0000,1,80.2475,80
103266,Twin Mirror,Adventure,13,36,57.0000,9,71.8268,29
19331,Youtubers Life,Simulator,34,1,NULL,NULL,65.6975,40
19331,Youtubers Life,Strategy,34,1,NULL,NULL,65.6975,40
19331,Youtubers Life,Adventure,34,1,NULL,NULL,65.6975,40
19331,Youtubers Life,Indie,34,1,NULL,NULL,65.6975,40
102087,Leisure Suit Larry: Wet Dreams Don't Dry,Puzzle,16,3,65.0000,3,67.5448,17
102087,Leisure Suit Larry: Wet Dreams Don't Dry,Adventure,16,3,65.0000,3,67.5448,17
128097,Turnip Boy Commits Tax Evasion,Puzzle,5,NULL,76.6667,4,70.1972,27
128097,Turnip Boy Commits Tax Evasion,Role-playing (RPG),5,NULL,76.6667,4,70.1972,27
128097,Turnip Boy Commits Tax Evasion,Adventure,5,NULL,76.6667,4,70.1972,27
128097,Turnip Boy Commits Tax Evasion,Indie,5,NULL,76.6667,4,70.1972,27
55771,Fell Seal: Arbiter's Mark,Role-playing (RPG),3,1,81.5000,5,88.5900,22
55771,Fell Seal: Arbiter's Mark,Strategy,3,1,81.5000,5,88.5900,22
55771,Fell Seal: Arbiter's Mark,Adventure,3,1,81.5000,5,88.5900,22
55771,Fell Seal: Arbiter's Mark,Indie,3,1,81.5000,5,88.5900,22
34366,The Uncertain: Last Quiet Day,Puzzle,4,NULL,NULL,NULL,59.3514,17
34366,The Uncertain: Last Quiet Day,Adventure,4,NULL,NULL,NULL,59.3514,17
34366,The Uncertain: Last Quiet Day,Indie,4,NULL,NULL,NULL,59.3514,17
52014,Do Not Feed the Monkeys,Puzzle,6,1,75.0000,1,73.8148,30
52014,Do Not Feed the Monkeys,Simulator,6,1,75.0000,1,73.8148,30
52014,Do Not Feed the Monkeys,Strategy,6,1,75.0000,1,73.8148,30
52014,Do Not Feed the Monkeys,Adventure,6,1,75.0000,1,73.8148,30
52014,Do Not Feed the Monkeys,Indie,6,1,75.0000,1,73.8148,30
35577,Spooky's Jump Scare Mansion,Adventure,8,NULL,NULL,NULL,69.2897,25
35577,Spooky's Jump Scare Mansion,Indie,8,NULL,NULL,NULL,69.2897,25
114909,Fractured Minds,Adventure,3,NULL,NULL,NULL,51.3234,14
114909,Fractured Minds,Indie,3,NULL,NULL,NULL,51.3234,14
20331,For the King,Role-playing (RPG),32,2,76.0000,4,62.5277,53
20331,For the King,Strategy,32,2,76.0000,4,62.5277,53
20331,For the King,Adventure,32,2,76.0000,4,62.5277,53
20331,For the King,Indie,32,2,76.0000,4,62.5277,53
103168,Warhammer: Chaosbane,Role-playing (RPG),6,3,65.3750,11,73.2860,20
103168,Warhammer: Chaosbane,Adventure,6,3,65.3750,11,73.2860,20
1137,Castlevania: Curse of Darkness,Role-playing (RPG),8,NULL,66.0000,2,74.1141,32
1137,Castlevania: Curse of Darkness,Adventure,8,NULL,66.0000,2,74.1141,32
7232,Velvet Assassin,Shooter,6,NULL,54.0000,7,45.8159,17
2595,Tropico 4,Simulator,38,NULL,74.2500,7,79.6720,104
2595,Tropico 4,Strategy,38,NULL,74.2500,7,79.6720,104
11714,Chicken Invaders 2: The Next Wave,Shooter,2,NULL,NULL,NULL,74.8720,12
11714,Chicken Invaders 2: The Next Wave,Indie,2,NULL,NULL,NULL,74.8720,12
11714,Chicken Invaders 2: The Next Wave,Arcade,2,NULL,NULL,NULL,74.8720,12
477,Commandos 3: Destination Berlin,Strategy,32,NULL,70.0000,2,74.7309,74
8335,Blackguards 2,Role-playing (RPG),5,1,73.8000,6,72.8223,11
8335,Blackguards 2,Strategy,5,1,73.8000,6,72.8223,11
8335,Blackguards 2,Adventure,5,1,73.8000,6,72.8223,11
8335,Blackguards 2,Indie,5,1,73.8000,6,72.8223,11
7844,Septerra Core: Legacy of the Creator,Puzzle,6,NULL,40.0000,1,66.9302,18
7844,Septerra Core: Legacy of the Creator,Role-playing (RPG),6,NULL,40.0000,1,66.9302,18
653,Commandos 2: Men of Courage,Shooter,60,NULL,90.0000,1,86.3578,144
653,Commandos 2: Men of Courage,Strategy,60,NULL,90.0000,1,86.3578,144
653,Commandos 2: Men of Courage,Adventure,60,NULL,90.0000,1,86.3578,144
1802,Chrono Trigger,Role-playing (RPG),401,NULL,91.3333,1,93.2616,1004
1802,Chrono Trigger,Adventure,401,NULL,91.3333,1,93.2616,1004
3349,Paper Mario: The Thousand-Year Door,Role-playing (RPG),91,NULL,89.5000,2,92.7073,370
3349,Paper Mario: The Thousand-Year Door,Adventure,91,NULL,89.5000,2,92.7073,370
11859,Air-Sea Battle,Shooter,1,NULL,NULL,NULL,53.6729,13
4609,BurgerTime,Puzzle,3,NULL,NULL,NULL,76.8366,31
4609,BurgerTime,Strategy,3,NULL,NULL,NULL,76.8366,31
4609,BurgerTime,Arcade,3,NULL,NULL,NULL,76.8366,31
2235,Centipede,Shooter,5,NULL,75.0000,2,71.6588,43
2235,Centipede,Arcade,5,NULL,75.0000,2,71.6588,43
16759,Combat,Shooter,1,NULL,NULL,NULL,69.9382,21
16759,Combat,Arcade,1,NULL,NULL,NULL,69.9382,21
4604,Millipede,Shooter,2,NULL,50.0000,1,70.4229,20
4604,Millipede,Arcade,2,NULL,50.0000,1,70.4229,20
31712,Scum,Adventure,18,6,NULL,NULL,81.3113,13
31712,Scum,Indie,18,6,NULL,NULL,81.3113,13
60,The Secret of Monkey Island,Puzzle,201,NULL,80.0000,1,86.4664,417
60,The Secret of Monkey Island,Adventure,201,NULL,80.0000,1,86.4664,417
9667,American Truck Simulator,Simulator,25,NULL,81.0000,7,81.3491,59
9667,American Truck Simulator,Indie,25,NULL,81.0000,7,81.3491,59
125624,Grounded,Role-playing (RPG),18,20,78.7500,9,68.1771,46
125624,Grounded,Adventure,18,20,78.7500,9,68.1771,46
8351,Tabletop Simulator,Role-playing (RPG),15,2,NULL,NULL,81.1860,63
8351,Tabletop Simulator,Simulator,15,2,NULL,NULL,81.1860,63
8351,Tabletop Simulator,Strategy,15,2,NULL,NULL,81.1860,63
8351,Tabletop Simulator,Indie,15,2,NULL,NULL,81.1860,63
134826,Shapez,Puzzle,1,NULL,NULL,NULL,74.3682,12
134826,Shapez,Simulator,1,NULL,NULL,NULL,74.3682,12
134826,Shapez,Strategy,1,NULL,NULL,NULL,74.3682,12
134826,Shapez,Indie,1,NULL,NULL,NULL,74.3682,12
2741,Duck Hunt,Shooter,28,NULL,NULL,NULL,70.9602,183
2741,Duck Hunt,Arcade,28,NULL,NULL,NULL,70.9602,183
3735,Red Dead Redemption: Undead Nightmare,Shooter,49,NULL,90.0000,6,85.3574,142
3735,Red Dead Redemption: Undead Nightmare,Adventure,49,NULL,90.0000,6,85.3574,142
3146,Plants vs. Zombies: Garden Warfare,Shooter,36,6,79.6842,22,68.1421,98
3146,Plants vs. Zombies: Garden Warfare,Arcade,36,6,79.6842,22,68.1421,98
385,Final Fantasy,Role-playing (RPG),39,NULL,70.0000,1,78.1291,214
385,Final Fantasy,Adventure,39,NULL,70.0000,1,78.1291,214
9591,AdVenture Capitalist,Simulator,20,NULL,70.0000,1,63.1218,93
9591,AdVenture Capitalist,Strategy,20,NULL,70.0000,1,63.1218,93
9591,AdVenture Capitalist,Indie,20,NULL,70.0000,1,63.1218,93
25632,SuperHot VR,Shooter,11,NULL,81.6667,7,84.6649,54
25632,SuperHot VR,Puzzle,11,NULL,81.6667,7,84.6649,54
25632,SuperHot VR,Adventure,11,NULL,81.6667,7,84.6649,54
25632,SuperHot VR,Indie,11,NULL,81.6667,7,84.6649,54
4674,Angry Birds Star Wars,Puzzle,15,NULL,63.7500,5,75.6433,72
4674,Angry Birds Star Wars,Strategy,15,NULL,63.7500,5,75.6433,72
4674,Angry Birds Star Wars,Arcade,15,NULL,63.7500,5,75.6433,72
19276,Angry Birds Epic,Role-playing (RPG),5,NULL,NULL,NULL,71.1770,15
19276,Angry Birds Epic,Adventure,5,NULL,NULL,NULL,71.1770,15
19276,Angry Birds Epic,Arcade,5,NULL,NULL,NULL,71.1770,15
19273,Angry Birds 2,Puzzle,10,NULL,65.0000,3,73.0923,33
19273,Angry Birds 2,Strategy,10,NULL,65.0000,3,73.0923,33
19273,Angry Birds 2,Adventure,10,NULL,65.0000,3,73.0923,33
19273,Angry Birds 2,Arcade,10,NULL,65.0000,3,73.0923,33
