game_id,name,platform_name,follow_count,hype_count,critic_rating_value,critic_rating_count,user_rating_value,user_rating_count
178123,Grand Theft Auto III: The Definitive Edition,PC (Microsoft Windows),4,NULL,NULL,NULL,50.2094,11
178123,Grand Theft Auto III: The Definitive Edition,PlayStation 4,4,NULL,NULL,NULL,50.2094,11
178123,Grand Theft Auto III: The Definitive Edition,Xbox One,4,NULL,NULL,NULL,50.2094,11
178123,Grand Theft Auto III: The Definitive Edition,Nintendo Switch,4,NULL,NULL,NULL,50.2094,11
178123,Grand Theft Auto III: The Definitive Edition,PlayStation 5,4,NULL,NULL,NULL,50.2094,11
6859,Organ Trail: Director's Cut,Linux,NULL,NULL,NULL,NULL,73.3350,11
6859,Organ Trail: Director's Cut,PC (Microsoft Windows),NULL,NULL,NULL,NULL,73.3350,11
6859,Organ Trail: Director's Cut,Mac,NULL,NULL,NULL,NULL,73.3350,11
6859,Organ Trail: Director's Cut,Android,NULL,NULL,NULL,NULL,73.3350,11
6859,Organ Trail: Director's Cut,iOS,NULL,NULL,NULL,NULL,73.3350,11
7571,Car Mechanic Simulator 2014,PC (Microsoft Windows),3,NULL,NULL,NULL,60.9291,17
7571,Car Mechanic Simulator 2014,Mac,3,NULL,NULL,NULL,60.9291,17
6059,Blood Bowl 2,PC (Microsoft Windows),9,2,68.5000,11,75.3886,17
6059,Blood Bowl 2,Mac,9,2,68.5000,11,75.3886,17
6059,Blood Bowl 2,PlayStation 4,9,2,68.5000,11,75.3886,17
6059,Blood Bowl 2,Xbox One,9,2,68.5000,11,75.3886,17
74859,Point Blank,PC (Microsoft Windows),4,NULL,NULL,NULL,68.8523,13
6522,Nancy Drew: Message in a Haunted Mansion,PC (Microsoft Windows),1,NULL,NULL,NULL,60.0094,11
20228,Sleeping Dogs: Definitive Edition,PC (Microsoft Windows),47,NULL,74.1667,6,82.2714,170
20228,Sleeping Dogs: Definitive Edition,Mac,47,NULL,74.1667,6,82.2714,170
20228,Sleeping Dogs: Definitive Edition,PlayStation 4,47,NULL,74.1667,6,82.2714,170
20228,Sleeping Dogs: Definitive Edition,Xbox One,47,NULL,74.1667,6,82.2714,170
4845,The LEGO Movie Videogame,PC (Microsoft Windows),16,1,63.5000,10,64.3908,49
4845,The LEGO Movie Videogame,PlayStation 4,16,1,63.5000,10,64.3908,49
4845,The LEGO Movie Videogame,Xbox One,16,1,63.5000,10,64.3908,49
12204,Shower With Your Dad Simulator 2015: Do You Still Shower With Your Dad?,PC (Microsoft Windows),3,NULL,NULL,NULL,55.9020,14
535,WildStar,PC (Microsoft Windows),8,4,80.2000,12,73.3850,25
6815,Sherlock Holmes: The Awakened,PC (Microsoft Windows),4,NULL,61.6667,4,71.3900,17
135449,Crash Bandicoot,PC (Microsoft Windows),1,NULL,NULL,NULL,86.0618,17
135449,Crash Bandicoot,PlayStation 4,1,NULL,NULL,NULL,86.0618,17
135449,Crash Bandicoot,Xbox One,1,NULL,NULL,NULL,86.0618,17
135449,Crash Bandicoot,Nintendo Switch,1,NULL,NULL,NULL,86.0618,17
139858,Action Taimanin,PC (Microsoft Windows),14,NULL,NULL,NULL,74.8610,21
139858,Action Taimanin,Android,14,NULL,NULL,NULL,74.8610,21
139858,Action Taimanin,iOS,14,NULL,NULL,NULL,74.8610,21
3812,Ryse: Son of Rome,PC (Microsoft Windows),73,NULL,66.0000,13,70.9150,247
3812,Ryse: Son of Rome,Xbox One,73,NULL,66.0000,13,70.9150,247
8973,Football Manager 2012,PC (Microsoft Windows),11,NULL,84.0000,2,92.8863,40
8973,Football Manager 2012,Mac,11,NULL,84.0000,2,92.8863,40
5587,World of Warships,PC (Microsoft Windows),26,10,82.4000,5,69.6788,46
239064,Grand Theft Auto V,PlayStation 4,NULL,NULL,NULL,NULL,93.0813,27
239064,Grand Theft Auto V,Xbox One,NULL,NULL,NULL,NULL,93.0813,27
239064,Grand Theft Auto V,PlayStation 5,NULL,NULL,NULL,NULL,93.0813,27
2594,Tropico 3,PC (Microsoft Windows),20,NULL,75.0000,5,75.9435,46
2594,Tropico 3,Mac,20,NULL,75.0000,5,75.9435,46
7469,Tom Clancy's Splinter Cell: Double Agent,PC (Microsoft Windows),58,NULL,79.2500,5,75.9020,155
3101,Wasteland 2,Linux,35,5,77.5000,12,72.4452,71
3101,Wasteland 2,PC (Microsoft Windows),35,5,77.5000,12,72.4452,71
3101,Wasteland 2,Mac,35,5,77.5000,12,72.4452,71
3101,Wasteland 2,PlayStation 4,35,5,77.5000,12,72.4452,71
3101,Wasteland 2,Xbox One,35,5,77.5000,12,72.4452,71
3293,Power Rangers Time Force,PC (Microsoft Windows),NULL,NULL,NULL,NULL,61.4831,12
2549,Half-Life: Blue Shift,Linux,80,NULL,60.0000,2,72.2590,280
2549,Half-Life: Blue Shift,PC (Microsoft Windows),80,NULL,60.0000,2,72.2590,280
2549,Half-Life: Blue Shift,Mac,80,NULL,60.0000,2,72.2590,280
119062,Archero,Android,1,NULL,NULL,NULL,77.9012,14
119062,Archero,iOS,1,NULL,NULL,NULL,77.9012,14
2483,Pro Race Driver,PC (Microsoft Windows),8,NULL,76.6667,2,63.7464,14
6744,Half-Life: Source,Linux,39,NULL,NULL,NULL,71.1728,78
6744,Half-Life: Source,PC (Microsoft Windows),39,NULL,NULL,NULL,71.1728,78
6744,Half-Life: Source,Mac,39,NULL,NULL,NULL,71.1728,78
338,Half-Life 2: Episode One,Linux,250,NULL,86.5000,4,84.1749,731
338,Half-Life 2: Episode One,PC (Microsoft Windows),250,NULL,86.5000,4,84.1749,731
338,Half-Life 2: Episode One,Mac,250,NULL,86.5000,4,84.1749,731
6738,Half-Life: Decay,PC (Microsoft Windows),9,NULL,NULL,NULL,66.7854,15
10395,Half-Life 2: Lost Coast,Linux,26,NULL,NULL,NULL,67.0550,120
10395,Half-Life 2: Lost Coast,PC (Microsoft Windows),26,NULL,NULL,NULL,67.0550,120
10395,Half-Life 2: Lost Coast,Mac,26,NULL,NULL,NULL,67.0550,120
6739,Black Mesa,Linux,99,7,87.6667,3,89.9044,341
6739,Black Mesa,PC (Microsoft Windows),99,7,87.6667,3,89.9044,341
8001,TOCA 2: Touring Car Challenge,PC (Microsoft Windows),7,NULL,NULL,NULL,81.2933,17
6929,Splatterhouse,PC (Microsoft Windows),1,NULL,NULL,NULL,66.2843,18
7364,Little Busters!,PC (Microsoft Windows),14,NULL,90.0000,1,78.3379,15
7968,Colin McRae Rally 3,PC (Microsoft Windows),8,NULL,83.5000,7,80.0120,36
3201,Project I.G.I.: I'm Going In,PC (Microsoft Windows),31,NULL,NULL,NULL,73.4533,80
143292,Metro Exodus: Enhanced Edition,PC (Microsoft Windows),7,NULL,91.5000,3,80.2991,17
143292,Metro Exodus: Enhanced Edition,PlayStation 5,7,NULL,91.5000,3,80.2991,17
7877,The Legend of Korra,PC (Microsoft Windows),8,NULL,51.5000,8,67.1809,28
7877,The Legend of Korra,PlayStation 4,8,NULL,51.5000,8,67.1809,28
7877,The Legend of Korra,Xbox One,8,NULL,51.5000,8,67.1809,28
4769,The Conduit,Android,4,NULL,70.0000,7,69.9160,14
103340,Xenoblade Chronicles 2: Torna - The Golden Country,Nintendo Switch,6,NULL,81.5000,4,92.4828,25
18130,Alto's Adventure,PC (Microsoft Windows),9,1,NULL,NULL,79.9834,44
18130,Alto's Adventure,Mac,9,1,NULL,NULL,79.9834,44
18130,Alto's Adventure,Android,9,1,NULL,NULL,79.9834,44
18130,Alto's Adventure,iOS,9,1,NULL,NULL,79.9834,44
6920,BlazBlue: Continuum Shift Extend,PC (Microsoft Windows),5,NULL,86.5000,2,69.1245,24
100387,Hyper Scape,PC (Microsoft Windows),23,2,63.5000,4,56.8132,29
100387,Hyper Scape,PlayStation 4,23,2,63.5000,4,56.8132,29
100387,Hyper Scape,Xbox One,23,2,63.5000,4,56.8132,29
2972,The Lord of the Rings: The Fellowship of the Ring,PC (Microsoft Windows),12,NULL,50.7500,4,55.9817,54
3864,Conflict: Desert Storm II,PC (Microsoft Windows),2,NULL,62.5000,2,70.2574,14
9596,Tibia,Linux,28,NULL,NULL,NULL,79.2360,50
9596,Tibia,PC (Microsoft Windows),28,NULL,NULL,NULL,79.2360,50
9596,Tibia,Mac,28,NULL,NULL,NULL,79.2360,50
26359,MU Online,PC (Microsoft Windows),5,NULL,NULL,NULL,62.7698,16
5353,Air Buster,PC (Microsoft Windows),NULL,NULL,NULL,NULL,69.7286,12
6603,Space Channel 5: Part 2,Linux,5,NULL,NULL,NULL,79.5872,14
6603,Space Channel 5: Part 2,PC (Microsoft Windows),5,NULL,NULL,NULL,79.5872,14
411,Final Fantasy XI Online,PC (Microsoft Windows),13,NULL,63.3333,4,78.5029,30
2542,Fighting Force,PC (Microsoft Windows),18,NULL,NULL,NULL,73.6524,59
4275,Flashback: The Quest for Identity,Mac,23,NULL,35.0000,0,83.0645,80
16718,Viscera Cleanup Detail: Shadow Warrior,PC (Microsoft Windows),8,NULL,NULL,NULL,57.8327,21
827,Outcast,PC (Microsoft Windows),17,NULL,90.0000,1,85.9486,28
1957,Alone in the Dark 2,Mac,6,NULL,NULL,NULL,30.3539,17
2474,Claw,PC (Microsoft Windows),17,NULL,60.0000,1,74.2532,40
2451,TrackMania United Forever,PC (Microsoft Windows),13,NULL,80.0000,1,81.8531,26
1294,Tom Clancy's Ghost Recon,PC (Microsoft Windows),18,NULL,68.0000,4,74.8157,60
1294,Tom Clancy's Ghost Recon,Mac,18,NULL,68.0000,4,74.8157,60
47367,Sega Superstars Tennis,Mac,1,NULL,69.4000,7,70.5584,11
1631,James Bond 007: Nightfire,PC (Microsoft Windows),24,NULL,58.3333,3,73.3377,92
1631,James Bond 007: Nightfire,Mac,24,NULL,58.3333,3,73.3377,92
4689,Lumines,PC (Microsoft Windows),7,NULL,85.0000,5,81.5942,20
4689,Lumines,iOS,7,NULL,85.0000,5,81.5942,20
4514,Art of Fighting,PC (Microsoft Windows),2,NULL,NULL,NULL,59.9556,27
4514,Art of Fighting,PlayStation 4,2,NULL,NULL,NULL,59.9556,27
4514,Art of Fighting,Xbox One,2,NULL,NULL,NULL,59.9556,27
4514,Art of Fighting,Nintendo Switch,2,NULL,NULL,NULL,59.9556,27
3370,Hydro Thunder,PC (Microsoft Windows),4,NULL,NULL,NULL,75.9456,19
1978,Bejeweled 3,PC (Microsoft Windows),16,NULL,78.3333,7,75.0167,47
1978,Bejeweled 3,Mac,16,NULL,78.3333,7,75.0167,47
27907,Rhythm Doctor,PC (Microsoft Windows),2,NULL,NULL,NULL,89.3044,14
27907,Rhythm Doctor,Mac,2,NULL,NULL,NULL,89.3044,14
27907,Rhythm Doctor,Android,2,NULL,NULL,NULL,89.3044,14
27907,Rhythm Doctor,iOS,2,NULL,NULL,NULL,89.3044,14
27907,Rhythm Doctor,Nintendo Switch,2,NULL,NULL,NULL,89.3044,14
5641,Might & Magic X: Legacy,PC (Microsoft Windows),5,NULL,70.0000,3,85.7274,17
5641,Might & Magic X: Legacy,Mac,5,NULL,70.0000,3,85.7274,17
641,Colin McRae Rally 04,PC (Microsoft Windows),11,NULL,80.0000,2,77.5478,40
22066,Silent Hill 2: Restless Dreams,PC (Microsoft Windows),2,NULL,90.0000,1,88.5462,17
1368,Sniper: Ghost Warrior 2,PC (Microsoft Windows),22,NULL,51.8000,12,61.0835,71
128069,Pokémon Mystery Dungeon: Rescue Team DX,Nintendo Switch,9,1,65.0000,7,78.7780,21
3179,Vietcong 2,PC (Microsoft Windows),NULL,NULL,67.5000,3,70.3823,17
5445,Q.U.B.E.,PC (Microsoft Windows),13,NULL,67.5000,2,70.0542,39
5445,Q.U.B.E.,Mac,13,NULL,67.5000,2,70.0542,39
5445,Q.U.B.E.,PlayStation 4,13,NULL,67.5000,2,70.0542,39
11654,P.T.,PlayStation 4,23,NULL,NULL,NULL,84.0377,70
7711,Betrayer,PC (Microsoft Windows),6,NULL,66.0000,2,61.6358,18
68682,The Painscreek Killings,PC (Microsoft Windows),1,NULL,NULL,NULL,71.8513,18
955,Tex Murphy: Under a Killing Moon,Linux,6,NULL,69.0000,1,88.8547,19
955,Tex Murphy: Under a Killing Moon,PC (Microsoft Windows),6,NULL,69.0000,1,88.8547,19
955,Tex Murphy: Under a Killing Moon,Mac,6,NULL,69.0000,1,88.8547,19
9508,Boiling Point: Road to Hell,PC (Microsoft Windows),1,NULL,70.0000,2,63.7399,14
7846,WWE 2K15,PC (Microsoft Windows),8,NULL,53.0667,15,54.1183,43
7846,WWE 2K15,PlayStation 4,8,NULL,53.0667,15,54.1183,43
7846,WWE 2K15,Xbox One,8,NULL,53.0667,15,54.1183,43
7496,Grand Chase,PC (Microsoft Windows),2,NULL,NULL,NULL,66.3368,13
3013,FireFall,PC (Microsoft Windows),7,NULL,59.0000,4,70.0160,14
12464,Shogo: Mobile Armor Division,Linux,6,NULL,NULL,NULL,79.6318,18
12464,Shogo: Mobile Armor Division,PC (Microsoft Windows),6,NULL,NULL,NULL,79.6318,18
12464,Shogo: Mobile Armor Division,Mac,6,NULL,NULL,NULL,79.6318,18
22179,Real Racing 3,Android,4,NULL,30.0000,1,80.9712,18
22179,Real Racing 3,iOS,4,NULL,30.0000,1,80.9712,18
6786,Sherlock Holmes: The Mystery of the Mummy,PC (Microsoft Windows),2,NULL,60.0000,1,69.2944,12
6786,Sherlock Holmes: The Mystery of the Mummy,iOS,2,NULL,60.0000,1,69.2944,12
1667,Panzer Dragoon,PC (Microsoft Windows),1,NULL,NULL,NULL,70.2349,20
18841,Gibbous: A Cthulhu Adventure,Linux,2,2,70.0000,1,74.7476,12
18841,Gibbous: A Cthulhu Adventure,PC (Microsoft Windows),2,2,70.0000,1,74.7476,12
18841,Gibbous: A Cthulhu Adventure,Mac,2,2,70.0000,1,74.7476,12
18841,Gibbous: A Cthulhu Adventure,Nintendo Switch,2,2,70.0000,1,74.7476,12
8190,Defense Grid: The Awakening,PC (Microsoft Windows),12,NULL,86.0000,2,71.2173,34
28234,Sacred 2 Gold,PC (Microsoft Windows),6,NULL,NULL,NULL,76.9248,11
138538,NHL 21,PlayStation 4,1,NULL,74.1250,10,79.8589,13
138538,NHL 21,Xbox One,1,NULL,74.1250,10,79.8589,13
3164,Prince of Persia 2: The Shadow and the Flame,Mac,11,NULL,30.0000,1,70.9391,30
13197,Redout,PC (Microsoft Windows),7,NULL,73.7500,4,67.4000,14
13197,Redout,PlayStation 4,7,NULL,73.7500,4,67.4000,14
13197,Redout,Xbox One,7,NULL,73.7500,4,67.4000,14
13197,Redout,Nintendo Switch,7,NULL,73.7500,4,67.4000,14
1944,Zork,Mac,6,NULL,NULL,NULL,70.3884,18
1945,Zork II: The Wizard of Frobozz,Mac,2,NULL,NULL,NULL,46.6833,13
33569,True Fear: Forsaken Souls Part 1,PC (Microsoft Windows),NULL,NULL,NULL,NULL,80.1223,12
33569,True Fear: Forsaken Souls Part 1,Mac,NULL,NULL,NULL,NULL,80.1223,12
33569,True Fear: Forsaken Souls Part 1,PlayStation 4,NULL,NULL,NULL,NULL,80.1223,12
33569,True Fear: Forsaken Souls Part 1,Xbox One,NULL,NULL,NULL,NULL,80.1223,12
33569,True Fear: Forsaken Souls Part 1,Nintendo Switch,NULL,NULL,NULL,NULL,80.1223,12
10456,In the Hunt,PC (Microsoft Windows),3,NULL,30.0000,1,79.9913,12
7246,Watchmen: The End Is Nigh,PC (Microsoft Windows),2,NULL,48.0000,5,64.2692,18
11221,The Solus Project,PC (Microsoft Windows),12,3,63.6667,6,66.1934,17
11221,The Solus Project,PlayStation 4,12,3,63.6667,6,66.1934,17
11221,The Solus Project,Xbox One,12,3,63.6667,6,66.1934,17
39205,Cut the Rope 2,PC (Microsoft Windows),6,1,NULL,NULL,76.6469,13
39205,Cut the Rope 2,Android,6,1,NULL,NULL,76.6469,13
39205,Cut the Rope 2,iOS,6,1,NULL,NULL,76.6469,13
300,Anno 1503,PC (Microsoft Windows),8,NULL,NULL,NULL,79.4127,32
31,Space Quest IV: Roger Wilco and the Time Rippers,PC (Microsoft Windows),3,NULL,NULL,NULL,94.5193,13
31,Space Quest IV: Roger Wilco and the Time Rippers,Mac,3,NULL,NULL,NULL,94.5193,13
7598,Alien Swarm,PC (Microsoft Windows),12,NULL,60.0000,1,70.3885,56
11707,Hacknet,Linux,18,NULL,88.0000,1,77.9072,31
11707,Hacknet,PC (Microsoft Windows),18,NULL,88.0000,1,77.9072,31
11707,Hacknet,Mac,18,NULL,88.0000,1,77.9072,31
1924,Police Quest: In Pursuit of the Death Angel,Mac,2,NULL,NULL,NULL,60.0124,13
2261,Gothic,PC (Microsoft Windows),130,NULL,78.0000,1,86.4877,344
3234,Arcania: Gothic 4,Linux,11,NULL,64.0000,7,56.4232,58
3234,Arcania: Gothic 4,PC (Microsoft Windows),11,NULL,64.0000,7,56.4232,58
3234,Arcania: Gothic 4,PlayStation 4,11,NULL,64.0000,7,56.4232,58
6952,Damnation,PC (Microsoft Windows),4,NULL,50.0000,4,63.3378,12
2380,Rise of the Triad: Dark War,Linux,5,NULL,NULL,NULL,74.8524,21
2380,Rise of the Triad: Dark War,PC (Microsoft Windows),5,NULL,NULL,NULL,74.8524,21
2380,Rise of the Triad: Dark War,Mac,5,NULL,NULL,NULL,74.8524,21
2380,Rise of the Triad: Dark War,iOS,5,NULL,NULL,NULL,74.8524,21
8117,Lone Survivor,Linux,13,NULL,81.3333,4,62.6981,21
8117,Lone Survivor,PC (Microsoft Windows),13,NULL,81.3333,4,62.6981,21
8117,Lone Survivor,Mac,13,NULL,81.3333,4,62.6981,21
19542,Oxygen Not Included,Linux,41,7,NULL,NULL,79.9033,88
19542,Oxygen Not Included,PC (Microsoft Windows),41,7,NULL,NULL,79.9033,88
19542,Oxygen Not Included,Mac,41,7,NULL,NULL,79.9033,88
5884,The King of Fighters 2002,Linux,12,NULL,NULL,NULL,66.5246,38
5884,The King of Fighters 2002,PC (Microsoft Windows),12,NULL,NULL,NULL,66.5246,38
5884,The King of Fighters 2002,Mac,12,NULL,NULL,NULL,66.5246,38
80659,Dumb Ways to Die,Android,2,NULL,NULL,NULL,73.3522,12
80659,Dumb Ways to Die,iOS,2,NULL,NULL,NULL,73.3522,12
26789,The Devil on G-String,PC (Microsoft Windows),6,NULL,NULL,NULL,81.5933,20
318,Ragnarok Online,PC (Microsoft Windows),11,NULL,NULL,NULL,77.3526,42
355,Quake III Arena,Linux,229,NULL,86.6667,3,83.4690,332
355,Quake III Arena,PC (Microsoft Windows),229,NULL,86.6667,3,83.4690,332
355,Quake III Arena,Mac,229,NULL,86.6667,3,83.4690,332
9474,Sonic the Hedgehog 4: Episode II,PC (Microsoft Windows),3,NULL,53.0000,4,55.5609,14
9474,Sonic the Hedgehog 4: Episode II,Android,3,NULL,53.0000,4,55.5609,14
9474,Sonic the Hedgehog 4: Episode II,iOS,3,NULL,53.0000,4,55.5609,14
5845,Onimusha: Warlords,PC (Microsoft Windows),23,NULL,70.0000,2,80.7792,73
24537,The Last Door: Season 2,PC (Microsoft Windows),1,1,65.0000,1,63.8608,11
2021,Mount & Blade,PC (Microsoft Windows),20,NULL,65.2500,4,73.0203,99
305,Cossacks II: Napoleonic Wars,Linux,5,NULL,65.0000,3,66.8348,12
305,Cossacks II: Napoleonic Wars,PC (Microsoft Windows),5,NULL,65.0000,3,66.8348,12
18387,Genital Jousting,PC (Microsoft Windows),49,3,62.5000,3,67.4925,31
18387,Genital Jousting,Mac,49,3,62.5000,3,67.4925,31
5506,Democracy 3,Linux,10,NULL,66.5000,2,79.1384,45
5506,Democracy 3,PC (Microsoft Windows),10,NULL,66.5000,2,79.1384,45
5506,Democracy 3,Mac,10,NULL,66.5000,2,79.1384,45
5506,Democracy 3,iOS,10,NULL,66.5000,2,79.1384,45
1842,Tom Clancy's Rainbow Six,PC (Microsoft Windows),14,NULL,NULL,NULL,77.7168,57
1842,Tom Clancy's Rainbow Six,Mac,14,NULL,NULL,NULL,77.7168,57
117008,Assemble With Care,PC (Microsoft Windows),2,NULL,75.0000,1,70.1143,24
117008,Assemble With Care,iOS,2,NULL,75.0000,1,70.1143,24
2132,The Binding of Isaac,PC (Microsoft Windows),92,NULL,83.5000,5,81.8616,311
2132,The Binding of Isaac,Mac,92,NULL,83.5000,5,81.8616,311
362,Heroes of Might and Magic: A Strategic Quest,PC (Microsoft Windows),12,NULL,75.0000,1,79.9401,41
362,Heroes of Might and Magic: A Strategic Quest,Mac,12,NULL,75.0000,1,79.9401,41
74732,Etterna,Linux,5,NULL,NULL,NULL,87.1732,14
74732,Etterna,PC (Microsoft Windows),5,NULL,NULL,NULL,87.1732,14
74732,Etterna,Mac,5,NULL,NULL,NULL,87.1732,14
19986,Samurai Shodown II,PC (Microsoft Windows),1,NULL,80.0000,1,81.4185,25
19986,Samurai Shodown II,Android,1,NULL,80.0000,1,81.4185,25
19986,Samurai Shodown II,Xbox One,1,NULL,80.0000,1,81.4185,25
14405,Triple Town,PC (Microsoft Windows),3,NULL,NULL,NULL,79.4013,12
14405,Triple Town,Mac,3,NULL,NULL,NULL,79.4013,12
14405,Triple Town,Android,3,NULL,NULL,NULL,79.4013,12
14405,Triple Town,iOS,3,NULL,NULL,NULL,79.4013,12
2461,Curse of the Azure Bonds,PC (Microsoft Windows),4,NULL,NULL,NULL,80.0745,12
2461,Curse of the Azure Bonds,Mac,4,NULL,NULL,NULL,80.0745,12
3145,Plants vs. Zombies 2: It's About Time,Android,23,NULL,80.0000,1,71.9332,85
3145,Plants vs. Zombies 2: It's About Time,iOS,23,NULL,80.0000,1,71.9332,85
51820,Heroes of Might and Magic III: Complete,Linux,6,NULL,NULL,NULL,94.1061,133
51820,Heroes of Might and Magic III: Complete,PC (Microsoft Windows),6,NULL,NULL,NULL,94.1061,133
51820,Heroes of Might and Magic III: Complete,Mac,6,NULL,NULL,NULL,94.1061,133
9648,Katawa Shoujo,Linux,27,NULL,NULL,NULL,81.0233,79
9648,Katawa Shoujo,PC (Microsoft Windows),27,NULL,NULL,NULL,81.0233,79
9648,Katawa Shoujo,Mac,27,NULL,NULL,NULL,81.0233,79
10743,Sid Meier's Railroads!,PC (Microsoft Windows),5,NULL,75.0000,2,77.0671,11
10743,Sid Meier's Railroads!,Mac,5,NULL,75.0000,2,77.0671,11
1620,Mortal Kombat 3,PC (Microsoft Windows),30,NULL,50.0000,1,73.8885,173
22652,Shadowrun: Dragonfall,Linux,15,NULL,82.5000,2,82.6200,35
22652,Shadowrun: Dragonfall,PC (Microsoft Windows),15,NULL,82.5000,2,82.6200,35
22652,Shadowrun: Dragonfall,Mac,15,NULL,82.5000,2,82.6200,35
22652,Shadowrun: Dragonfall,Android,15,NULL,82.5000,2,82.6200,35
22652,Shadowrun: Dragonfall,iOS,15,NULL,82.5000,2,82.6200,35
119262,Tom Clancy's Rainbow Six Extraction,PC (Microsoft Windows),5,15,77.0000,12,62.8317,19
119262,Tom Clancy's Rainbow Six Extraction,PlayStation 4,5,15,77.0000,12,62.8317,19
119262,Tom Clancy's Rainbow Six Extraction,Xbox One,5,15,77.0000,12,62.8317,19
119262,Tom Clancy's Rainbow Six Extraction,PlayStation 5,5,15,77.0000,12,62.8317,19
7969,Colin McRae Rally 2005,PC (Microsoft Windows),13,NULL,80.0000,3,78.7001,43
7969,Colin McRae Rally 2005,Mac,13,NULL,80.0000,3,78.7001,43
826,Saints Row 2,PC (Microsoft Windows),80,NULL,81.1667,8,72.9875,235
15995,Puzzle Agent,PC (Microsoft Windows),8,NULL,NULL,NULL,61.5806,21
15995,Puzzle Agent,Mac,8,NULL,NULL,NULL,61.5806,21
560,Aliens vs. Predator,PC (Microsoft Windows),34,NULL,74.0000,6,69.1139,129
61296,Mogeko Castle,PC (Microsoft Windows),NULL,NULL,NULL,NULL,69.7301,15
790,Might and Magic VI: The Mandate of Heaven,PC (Microsoft Windows),16,NULL,NULL,NULL,87.3607,27
2609,Rising Storm,PC (Microsoft Windows),11,NULL,NULL,NULL,76.7429,25
114,Star Wars: The Old Republic,PC (Microsoft Windows),74,NULL,85.0000,11,75.9014,181
939,Wizardry 8,PC (Microsoft Windows),5,NULL,NULL,NULL,79.9967,19
939,Wizardry 8,Mac,5,NULL,NULL,NULL,79.9967,19
18975,Oceanhorn: Monster of Uncharted Seas,PC (Microsoft Windows),8,NULL,72.9167,14,73.2091,17
18975,Oceanhorn: Monster of Uncharted Seas,Mac,8,NULL,72.9167,14,73.2091,17
18975,Oceanhorn: Monster of Uncharted Seas,Android,8,NULL,72.9167,14,73.2091,17
18975,Oceanhorn: Monster of Uncharted Seas,PlayStation 4,8,NULL,72.9167,14,73.2091,17
18975,Oceanhorn: Monster of Uncharted Seas,Xbox One,8,NULL,72.9167,14,73.2091,17
18975,Oceanhorn: Monster of Uncharted Seas,Nintendo Switch,8,NULL,72.9167,14,73.2091,17
2867,Ultima III: Exodus,Mac,2,NULL,NULL,NULL,51.0931,19
5433,Sengoku,PC (Microsoft Windows),1,NULL,71.0000,0,60.4483,12
161,Star Wars: Rebel Assault,PC (Microsoft Windows),1,NULL,NULL,NULL,63.8020,18
161,Star Wars: Rebel Assault,Mac,1,NULL,NULL,NULL,63.8020,18
23867,PewDiePie's Tuber Simulator,Android,142,7,NULL,NULL,71.7549,64
23867,PewDiePie's Tuber Simulator,iOS,142,7,NULL,NULL,71.7549,64
2868,Ultima II: The Revenge of the Enchantress,Mac,2,NULL,NULL,NULL,56.5977,18
77493,Utawarerumono: Prelude to the Fallen,PC (Microsoft Windows),1,NULL,71.0000,1,70.5226,18
77493,Utawarerumono: Prelude to the Fallen,PlayStation 4,1,NULL,71.0000,1,70.5226,18
7964,Ittle Dew,Linux,5,NULL,81.0000,2,75.4525,14
7964,Ittle Dew,PC (Microsoft Windows),5,NULL,81.0000,2,75.4525,14
7964,Ittle Dew,Mac,5,NULL,81.0000,2,75.4525,14
7964,Ittle Dew,Android,5,NULL,81.0000,2,75.4525,14
7964,Ittle Dew,iOS,5,NULL,81.0000,2,75.4525,14
7964,Ittle Dew,Nintendo Switch,5,NULL,81.0000,2,75.4525,14
9938,Aarklash: Legacy,PC (Microsoft Windows),5,NULL,NULL,NULL,75.8936,12
136868,Train Sim World 2,PC (Microsoft Windows),5,NULL,90.0000,1,83.7926,14
136868,Train Sim World 2,PlayStation 4,5,NULL,90.0000,1,83.7926,14
136868,Train Sim World 2,Xbox One,5,NULL,90.0000,1,83.7926,14
136868,Train Sim World 2,PlayStation 5,5,NULL,90.0000,1,83.7926,14
720,Freedom Force,PC (Microsoft Windows),10,NULL,90.0000,2,74.1837,24
720,Freedom Force,Mac,10,NULL,90.0000,2,74.1837,24
7033,SpellForce 2: Shadow Wars,PC (Microsoft Windows),9,NULL,88.3333,3,76.7100,24
2886,Starflight,Mac,5,NULL,NULL,NULL,78.9303,16
5384,Advanced Dungeons & Dragons: Eye of the Beholder,Linux,11,NULL,NULL,NULL,82.0034,36
5384,Advanced Dungeons & Dragons: Eye of the Beholder,PC (Microsoft Windows),11,NULL,NULL,NULL,82.0034,36
21127,Broken Sword: Shadow of the Templars - The Director's Cut,Linux,11,1,83.0000,4,76.4200,39
21127,Broken Sword: Shadow of the Templars - The Director's Cut,PC (Microsoft Windows),11,1,83.0000,4,76.4200,39
21127,Broken Sword: Shadow of the Templars - The Director's Cut,Mac,11,1,83.0000,4,76.4200,39
21127,Broken Sword: Shadow of the Templars - The Director's Cut,Android,11,1,83.0000,4,76.4200,39
21127,Broken Sword: Shadow of the Templars - The Director's Cut,iOS,11,1,83.0000,4,76.4200,39
57372,SoulWorker,PC (Microsoft Windows),16,5,80.0000,1,61.7477,20
18279,BattleTech,Linux,22,9,82.2500,9,80.1444,26
18279,BattleTech,PC (Microsoft Windows),22,9,82.2500,9,80.1444,26
18279,BattleTech,Mac,22,9,82.2500,9,80.1444,26
9772,And Yet It Moves,Linux,4,NULL,78.0000,3,73.1891,25
9772,And Yet It Moves,PC (Microsoft Windows),4,NULL,78.0000,3,73.1891,25
9772,And Yet It Moves,Mac,4,NULL,78.0000,3,73.1891,25
9772,And Yet It Moves,iOS,4,NULL,78.0000,3,73.1891,25
8070,Eldritch,Linux,2,NULL,80.6667,3,61.1595,20
8070,Eldritch,PC (Microsoft Windows),2,NULL,80.6667,3,61.1595,20
8070,Eldritch,Mac,2,NULL,80.6667,3,61.1595,20
6291,Virtua Tennis,PC (Microsoft Windows),8,NULL,50.0000,2,88.0717,38
11599,Hylics,PC (Microsoft Windows),2,NULL,NULL,NULL,74.3870,16
683,Europa Universalis III,PC (Microsoft Windows),12,NULL,70.0000,1,86.5711,44
683,Europa Universalis III,Mac,12,NULL,70.0000,1,86.5711,44
7870,Boom Beach,Android,4,NULL,NULL,NULL,60.3753,17
7870,Boom Beach,iOS,4,NULL,NULL,NULL,60.3753,17
1870,Shellshock: Nam '67,PC (Microsoft Windows),5,NULL,60.0000,3,62.7756,12
18870,Championship Manager 4,PC (Microsoft Windows),5,NULL,100.0000,1,89.9077,18
18870,Championship Manager 4,Mac,5,NULL,100.0000,1,89.9077,18
9613,King's Bounty,Mac,4,NULL,NULL,NULL,68.2204,15
158982,Final Fantasy III,PC (Microsoft Windows),1,NULL,80.0000,1,79.3800,11
158982,Final Fantasy III,Android,1,NULL,80.0000,1,79.3800,11
158982,Final Fantasy III,iOS,1,NULL,80.0000,1,79.3800,11
158982,Final Fantasy III,PlayStation 4,1,NULL,80.0000,1,79.3800,11
158982,Final Fantasy III,Nintendo Switch,1,NULL,80.0000,1,79.3800,11
31173,Domina,PC (Microsoft Windows),4,NULL,NULL,NULL,68.4397,22
86504,In Other Waters,PC (Microsoft Windows),3,1,71.0000,5,69.9581,15
86504,In Other Waters,Mac,3,1,71.0000,5,69.9581,15
86504,In Other Waters,Nintendo Switch,3,1,71.0000,5,69.9581,15
121346,Risk: Global Domination,PC (Microsoft Windows),NULL,NULL,NULL,NULL,66.3251,23
121346,Risk: Global Domination,Mac,NULL,NULL,NULL,NULL,66.3251,23
121346,Risk: Global Domination,Android,NULL,NULL,NULL,NULL,66.3251,23
121346,Risk: Global Domination,iOS,NULL,NULL,NULL,NULL,66.3251,23
440,Medieval II: Total War,Linux,60,NULL,90.0000,4,86.6259,192
440,Medieval II: Total War,PC (Microsoft Windows),60,NULL,90.0000,4,86.6259,192
440,Medieval II: Total War,Mac,60,NULL,90.0000,4,86.6259,192
1875,Toribash,Linux,6,NULL,NULL,NULL,68.5297,17
1875,Toribash,PC (Microsoft Windows),6,NULL,NULL,NULL,68.5297,17
1875,Toribash,Mac,6,NULL,NULL,NULL,68.5297,17
9013,Thirty Flights of Loving,PC (Microsoft Windows),11,NULL,90.0000,1,77.2055,32
9013,Thirty Flights of Loving,Mac,11,NULL,90.0000,1,77.2055,32
516,Of Orcs and Men,PC (Microsoft Windows),5,NULL,80.0000,1,72.9678,22
2923,Donkey Kong Country: Tropical Freeze,Nintendo Switch,51,4,85.9412,12,82.8789,139
122649,A Total War Saga: Troy,PC (Microsoft Windows),7,1,76.2500,4,71.8305,18
122649,A Total War Saga: Troy,Mac,7,1,76.2500,4,71.8305,18
12328,Fate/stay night,PC (Microsoft Windows),20,NULL,NULL,NULL,88.2995,47
12328,Fate/stay night,Android,20,NULL,NULL,NULL,88.2995,47
12328,Fate/stay night,iOS,20,NULL,NULL,NULL,88.2995,47
28168,Code Vein,PC (Microsoft Windows),81,49,72.9091,17,70.7974,124
28168,Code Vein,PlayStation 4,81,49,72.9091,17,70.7974,124
28168,Code Vein,Xbox One,81,49,72.9091,17,70.7974,124
2963,Dota 2,Linux,207,NULL,90.5000,5,79.5222,547
2963,Dota 2,PC (Microsoft Windows),207,NULL,90.5000,5,79.5222,547
2963,Dota 2,Mac,207,NULL,90.5000,5,79.5222,547
89,Emperor: Battle for Dune,PC (Microsoft Windows),5,NULL,NULL,NULL,76.7102,17
26766,Xenoblade Chronicles 2,Nintendo Switch,93,8,85.1429,18,90.4586,137
7733,Might and Magic: Book One - The Secret of the Inner Sanctum,Mac,2,NULL,NULL,NULL,69.7782,12
32021,Dungeon Punks,PC (Microsoft Windows),7,NULL,41.0000,1,61.4248,11
32021,Dungeon Punks,PlayStation 4,7,NULL,41.0000,1,61.4248,11
32021,Dungeon Punks,Xbox One,7,NULL,41.0000,1,61.4248,11
46784,Sengoku 3,Linux,1,NULL,NULL,NULL,82.1017,13
46784,Sengoku 3,PC (Microsoft Windows),1,NULL,NULL,NULL,82.1017,13
46784,Sengoku 3,Mac,1,NULL,NULL,NULL,82.1017,13
141192,NEO: The World Ends with You,PC (Microsoft Windows),1,2,84.1667,7,80.5065,16
141192,NEO: The World Ends with You,PlayStation 4,1,2,84.1667,7,80.5065,16
141192,NEO: The World Ends with You,Nintendo Switch,1,2,84.1667,7,80.5065,16
103339,Super Mario Party,Nintendo Switch,40,3,72.9091,12,66.6401,117
2931,Cities in Motion 2,Linux,6,NULL,NULL,NULL,71.9084,12
2931,Cities in Motion 2,PC (Microsoft Windows),6,NULL,NULL,NULL,71.9084,12
2931,Cities in Motion 2,Mac,6,NULL,NULL,NULL,71.9084,12
103315,Just Dance 2019,PlayStation 4,8,3,55.0000,4,67.0115,13
103315,Just Dance 2019,Xbox One,8,3,55.0000,4,67.0115,13
103315,Just Dance 2019,Nintendo Switch,8,3,55.0000,4,67.0115,13
115284,The Legend of Zelda: Link's Awakening,Nintendo Switch,38,13,86.6429,16,83.2225,197
5871,Jurassic Park: Operation Genesis,PC (Microsoft Windows),41,1,74.0000,5,72.1893,38
152354,Mario Party Superstars,Nintendo Switch,2,1,79.3333,8,84.0505,27
119947,NHL 20,PlayStation 4,1,NULL,79.1429,9,79.0094,16
119947,NHL 20,Xbox One,1,NULL,79.1429,9,79.0094,16
4546,WWF WrestleMania: The Arcade Game,PC (Microsoft Windows),2,NULL,NULL,NULL,31.0776,13
35132,LiEat,PC (Microsoft Windows),3,NULL,NULL,NULL,60.8611,11
35132,LiEat,Nintendo Switch,3,NULL,NULL,NULL,60.8611,11
114411,Among the Sleep: Enhanced Edition,Linux,NULL,NULL,NULL,NULL,59.2676,12
114411,Among the Sleep: Enhanced Edition,PC (Microsoft Windows),NULL,NULL,NULL,NULL,59.2676,12
114411,Among the Sleep: Enhanced Edition,Mac,NULL,NULL,NULL,NULL,59.2676,12
114411,Among the Sleep: Enhanced Edition,PlayStation 4,NULL,NULL,NULL,NULL,59.2676,12
114411,Among the Sleep: Enhanced Edition,Xbox One,NULL,NULL,NULL,NULL,59.2676,12
114411,Among the Sleep: Enhanced Edition,Nintendo Switch,NULL,NULL,NULL,NULL,59.2676,12
26500,Toukiden 2,PC (Microsoft Windows),7,1,74.6154,14,79.9896,5
26500,Toukiden 2,PlayStation 4,7,1,74.6154,14,79.9896,5
474,Metal Gear Solid 2: Substance,PC (Microsoft Windows),46,NULL,80.0000,4,87.1362,124
6433,Heart of Darkness,PC (Microsoft Windows),27,NULL,50.0000,0,79.7066,59
192,Maniac Mansion,PC (Microsoft Windows),33,NULL,90.0000,1,86.3773,102
192,Maniac Mansion,Mac,33,NULL,90.0000,1,86.3773,102
1807,Crazy Taxi 3: High Roller,PC (Microsoft Windows),2,NULL,50.0000,2,72.8206,15
105738,Project Warlock,PC (Microsoft Windows),6,NULL,80.0000,3,68.2205,22
105738,Project Warlock,PlayStation 4,6,NULL,80.0000,3,68.2205,22
105738,Project Warlock,Xbox One,6,NULL,80.0000,3,68.2205,22
105738,Project Warlock,Nintendo Switch,6,NULL,80.0000,3,68.2205,22
26768,Disgaea 5 Complete,PC (Microsoft Windows),9,1,90.0000,2,84.5218,19
26768,Disgaea 5 Complete,Nintendo Switch,9,1,90.0000,2,84.5218,19
19875,Football Manager 2016,Linux,3,NULL,83.8000,6,85.3808,26
19875,Football Manager 2016,PC (Microsoft Windows),3,NULL,83.8000,6,85.3808,26
19875,Football Manager 2016,Mac,3,NULL,83.8000,6,85.3808,26
76888,Bayonetta 3,Nintendo Switch,21,27,90.2500,7,79.5511,16
138733,Lacuna,PC (Microsoft Windows),2,2,75.0000,1,66.7464,15
138733,Lacuna,Android,2,2,75.0000,1,66.7464,15
138733,Lacuna,iOS,2,2,75.0000,1,66.7464,15
138733,Lacuna,PlayStation 4,2,2,75.0000,1,66.7464,15
138733,Lacuna,Xbox One,2,2,75.0000,1,66.7464,15
138733,Lacuna,Nintendo Switch,2,2,75.0000,1,66.7464,15
7328,Infamous: First Light,PlayStation 4,53,2,75.8571,9,74.9054,145
786,MechWarrior 4: Vengeance,PC (Microsoft Windows),2,NULL,NULL,NULL,70.3996,11
3004,DLC Quest,PC (Microsoft Windows),7,NULL,NULL,NULL,69.9738,44
3004,DLC Quest,Mac,7,NULL,NULL,NULL,69.9738,44
257,"Warhammer 40,000: Dawn of War",PC (Microsoft Windows),52,NULL,86.2500,5,86.6137,154
767,Kohan: Immortal Sovereigns,Linux,2,NULL,80.0000,1,89.6125,13
767,Kohan: Immortal Sovereigns,PC (Microsoft Windows),2,NULL,80.0000,1,89.6125,13
766,Kohan II: Kings of War,PC (Microsoft Windows),3,NULL,77.5000,3,80.3264,17
135295,Stream Racer,PC (Microsoft Windows),12,5,NULL,NULL,84.7692,15
7018,Infernal,PC (Microsoft Windows),4,NULL,0.0000,7,44.6188,16
2872,Rogue,PC (Microsoft Windows),4,NULL,NULL,NULL,75.0296,16
2872,Rogue,Mac,4,NULL,NULL,NULL,75.0296,16
3872,Dead to Rights,PC (Microsoft Windows),5,NULL,60.0000,1,58.7132,21
2768,"SpongeBob SquarePants: Lights, Camera, Pants!",PC (Microsoft Windows),2,NULL,40.0000,1,63.0330,19
1454,Suikoden II,PC (Microsoft Windows),33,NULL,100.0000,1,91.8553,89
119402,The Witcher 3: Wild Hunt - Complete Edition,PC (Microsoft Windows),33,2,88.0000,12,98.5565,95
119402,The Witcher 3: Wild Hunt - Complete Edition,PlayStation 4,33,2,88.0000,12,98.5565,95
119402,The Witcher 3: Wild Hunt - Complete Edition,Xbox One,33,2,88.0000,12,98.5565,95
119402,The Witcher 3: Wild Hunt - Complete Edition,Nintendo Switch,33,2,88.0000,12,98.5565,95
119402,The Witcher 3: Wild Hunt - Complete Edition,PlayStation 5,33,2,88.0000,12,98.5565,95
2188,Magic 2014: Duels of the Planeswalkers,PC (Microsoft Windows),5,NULL,76.5000,5,74.3339,17
2188,Magic 2014: Duels of the Planeswalkers,Android,5,NULL,76.5000,5,74.3339,17
2188,Magic 2014: Duels of the Planeswalkers,iOS,5,NULL,76.5000,5,74.3339,17
199116,Brotato,PC (Microsoft Windows),1,1,NULL,NULL,77.9897,21
199116,Brotato,Nintendo Switch,1,1,NULL,NULL,77.9897,21
62,The Curse of Monkey Island,PC (Microsoft Windows),108,NULL,NULL,NULL,84.8220,260
62,The Curse of Monkey Island,Mac,108,NULL,NULL,NULL,84.8220,260
11583,Five Nights at Freddy's 4,PC (Microsoft Windows),8,NULL,55.0000,3,69.6987,46
288,Operation Flashpoint: Cold War Crisis,PC (Microsoft Windows),20,NULL,90.0000,1,88.6674,53
11222,Windjammers,PlayStation 4,6,NULL,79.0000,9,82.7351,21
11222,Windjammers,Nintendo Switch,6,NULL,79.0000,9,82.7351,21
36534,Lost Sphear,PC (Microsoft Windows),19,1,66.8182,13,60.0867,10
36534,Lost Sphear,PlayStation 4,19,1,66.8182,13,60.0867,10
36534,Lost Sphear,Nintendo Switch,19,1,66.8182,13,60.0867,10
5623,Severance: Blade of Darkness,PC (Microsoft Windows),16,NULL,90.0000,1,87.4005,35
8330,Gothic 3: Forsaken Gods,PC (Microsoft Windows),1,NULL,NULL,NULL,54.3034,23
5769,Championship Manager: Season 01/02,PC (Microsoft Windows),7,NULL,90.0000,1,84.0702,24
5769,Championship Manager: Season 01/02,Mac,7,NULL,90.0000,1,84.0702,24
125009,Halo 2: Anniversary,PC (Microsoft Windows),3,NULL,80.0000,1,84.2937,36
125009,Halo 2: Anniversary,Xbox One,3,NULL,80.0000,1,84.2937,36
6294,Worms World Party,PC (Microsoft Windows),44,NULL,80.0000,1,83.5240,118
168537,Football Manager 2022,PC (Microsoft Windows),4,1,90.0000,3,84.6946,28
168537,Football Manager 2022,Mac,4,1,90.0000,3,84.6946,28
168537,Football Manager 2022,Xbox One,4,1,90.0000,3,84.6946,28
168537,Football Manager 2022,Nintendo Switch,4,1,90.0000,3,84.6946,28
9461,Stronghold 3,Linux,4,NULL,51.6667,3,46.6656,19
9461,Stronghold 3,PC (Microsoft Windows),4,NULL,51.6667,3,46.6656,19
9461,Stronghold 3,Mac,4,NULL,51.6667,3,46.6656,19
2139,Renegade Ops,PC (Microsoft Windows),12,NULL,87.0000,6,66.9747,27
2904,DuckTales: Remastered,PC (Microsoft Windows),16,NULL,74.8462,14,76.7912,98
2904,DuckTales: Remastered,Android,16,NULL,74.8462,14,76.7912,98
2904,DuckTales: Remastered,iOS,16,NULL,74.8462,14,76.7912,98
75128,Cube Escape: The Mill,Mac,1,NULL,NULL,NULL,69.8062,16
75128,Cube Escape: The Mill,Android,1,NULL,NULL,NULL,69.8062,16
75128,Cube Escape: The Mill,iOS,1,NULL,NULL,NULL,69.8062,16
75130,Cube Escape: Theatre,Mac,2,NULL,NULL,NULL,70.2683,18
75130,Cube Escape: Theatre,Android,2,NULL,NULL,NULL,70.2683,18
75130,Cube Escape: Theatre,iOS,2,NULL,NULL,NULL,70.2683,18
5454,Space Ace,Mac,3,NULL,NULL,NULL,69.9874,12
7966,Dirt Showdown,PC (Microsoft Windows),20,NULL,75.2000,11,68.1193,58
7966,Dirt Showdown,Mac,20,NULL,75.2000,11,68.1193,58
2317,Toki Tori,Linux,1,NULL,80.0000,4,71.2954,14
2317,Toki Tori,PC (Microsoft Windows),1,NULL,80.0000,4,71.2954,14
2317,Toki Tori,Mac,1,NULL,80.0000,4,71.2954,14
2317,Toki Tori,Android,1,NULL,80.0000,4,71.2954,14
2317,Toki Tori,iOS,1,NULL,80.0000,4,71.2954,14
2317,Toki Tori,Nintendo Switch,1,NULL,80.0000,4,71.2954,14
80185,Sega Genesis Classics,PlayStation 4,6,NULL,NULL,NULL,89.7035,13
80185,Sega Genesis Classics,Xbox One,6,NULL,NULL,NULL,89.7035,13
80185,Sega Genesis Classics,Nintendo Switch,6,NULL,NULL,NULL,89.7035,13
139077,Football Manager 2021,PC (Microsoft Windows),5,1,88.3333,4,79.6846,25
139077,Football Manager 2021,Mac,5,1,88.3333,4,79.6846,25
1017,Worms Reloaded,Linux,7,NULL,79.7500,5,76.0909,36
1017,Worms Reloaded,PC (Microsoft Windows),7,NULL,79.7500,5,76.0909,36
1017,Worms Reloaded,Mac,7,NULL,79.7500,5,76.0909,36
22744,Dynamite Headdy,PC (Microsoft Windows),NULL,NULL,NULL,NULL,72.3617,23
8735,Abobo's Big Adventure,PC (Microsoft Windows),2,NULL,NULL,NULL,89.1408,13
8735,Abobo's Big Adventure,Mac,2,NULL,NULL,NULL,89.1408,13
8735,Abobo's Big Adventure,Web browser,2,NULL,NULL,NULL,89.1408,13
2359,Total War: Rome II,PC (Microsoft Windows),48,NULL,71.9091,15,78.2968,153
2359,Total War: Rome II,Mac,48,NULL,71.9091,15,78.2968,153
44102,Total War Saga: Thrones of Britannia,Linux,11,2,76.4286,7,69.9495,11
44102,Total War Saga: Thrones of Britannia,PC (Microsoft Windows),11,2,76.4286,7,69.9495,11
44102,Total War Saga: Thrones of Britannia,Mac,11,2,76.4286,7,69.9495,11
14528,Serena,Linux,6,NULL,NULL,NULL,75.9845,23
14528,Serena,PC (Microsoft Windows),6,NULL,NULL,NULL,75.9845,23
14528,Serena,Mac,6,NULL,NULL,NULL,75.9845,23
3129,Gain Ground,Linux,NULL,NULL,NULL,NULL,70.2639,11
3129,Gain Ground,PC (Microsoft Windows),NULL,NULL,NULL,NULL,70.2639,11
3129,Gain Ground,Mac,NULL,NULL,NULL,NULL,70.2639,11
16033,Vectorman,Linux,3,NULL,NULL,NULL,80.0583,29
16033,Vectorman,PC (Microsoft Windows),3,NULL,NULL,NULL,80.0583,29
16033,Vectorman,Mac,3,NULL,NULL,NULL,80.0583,29
606,Battle Realms,PC (Microsoft Windows),19,NULL,NULL,NULL,77.9792,28
178264,Bad End Theater,Linux,NULL,NULL,NULL,NULL,95.0203,17
178264,Bad End Theater,PC (Microsoft Windows),NULL,NULL,NULL,NULL,95.0203,17
178264,Bad End Theater,Mac,NULL,NULL,NULL,NULL,95.0203,17
178264,Bad End Theater,Android,NULL,NULL,NULL,NULL,95.0203,17
9278,Endless Legend,PC (Microsoft Windows),19,NULL,81.0000,3,68.2025,60
9278,Endless Legend,Mac,19,NULL,81.0000,3,68.2025,60
6405,Gunstar Heroes,Linux,14,NULL,60.0000,1,83.5540,59
6405,Gunstar Heroes,PC (Microsoft Windows),14,NULL,60.0000,1,83.5540,59
6405,Gunstar Heroes,Mac,14,NULL,60.0000,1,83.5540,59
6405,Gunstar Heroes,Android,14,NULL,60.0000,1,83.5540,59
6405,Gunstar Heroes,iOS,14,NULL,60.0000,1,83.5540,59
131970,Fuser,PC (Microsoft Windows),2,1,78.4286,8,75.3693,12
131970,Fuser,PlayStation 4,2,1,78.4286,8,75.3693,12
131970,Fuser,Xbox One,2,1,78.4286,8,75.3693,12
131970,Fuser,Nintendo Switch,2,1,78.4286,8,75.3693,12
19293,Motorsport Manager,Linux,12,1,90.0000,4,85.3640,20
19293,Motorsport Manager,PC (Microsoft Windows),12,1,90.0000,4,85.3640,20
19293,Motorsport Manager,Mac,12,1,90.0000,4,85.3640,20
19293,Motorsport Manager,iOS,12,1,90.0000,4,85.3640,20
19293,Motorsport Manager,Nintendo Switch,12,1,90.0000,4,85.3640,20
936,World Soccer: Winning Eleven 7 International,PC (Microsoft Windows),11,NULL,87.2500,5,77.2876,46
72944,Silkroad Online,PC (Microsoft Windows),NULL,NULL,NULL,NULL,57.7535,16
24493,Fate/Grand Order,Android,17,2,NULL,NULL,97.4959,45
24493,Fate/Grand Order,iOS,17,2,NULL,NULL,97.4959,45
80961,Total War: Three Kingdoms,Linux,11,4,82.1667,11,80.2345,30
80961,Total War: Three Kingdoms,PC (Microsoft Windows),11,4,82.1667,11,80.2345,30
80961,Total War: Three Kingdoms,Mac,11,4,82.1667,11,80.2345,30
18189,Downfall,PC (Microsoft Windows),12,NULL,NULL,NULL,88.2147,28
115789,Boneworks,PC (Microsoft Windows),1,2,NULL,NULL,58.0371,11
1279,Hearthstone,PC (Microsoft Windows),239,8,88.2222,10,78.8177,566
1279,Hearthstone,Mac,239,8,88.2222,10,78.8177,566
1279,Hearthstone,Android,239,8,88.2222,10,78.8177,566
1279,Hearthstone,iOS,239,8,88.2222,10,78.8177,566
125165,Diablo IV,PC (Microsoft Windows),3,65,89.6667,11,77.4603,100
125165,Diablo IV,PlayStation 4,3,65,89.6667,11,77.4603,100
125165,Diablo IV,Xbox One,3,65,89.6667,11,77.4603,100
125165,Diablo IV,PlayStation 5,3,65,89.6667,11,77.4603,100
28028,Total War: Warhammer II,Linux,35,5,87.8750,11,82.2914,71
28028,Total War: Warhammer II,PC (Microsoft Windows),35,5,87.8750,11,82.2914,71
28028,Total War: Warhammer II,Mac,35,5,87.8750,11,82.2914,71
52006,Noita,PC (Microsoft Windows),15,12,80.5000,4,80.8853,52
37063,South Park: Phone Destroyer,Android,6,NULL,55.0000,3,70.0670,12
37063,South Park: Phone Destroyer,iOS,6,NULL,55.0000,3,70.0670,12
103292,Gears 5,PC (Microsoft Windows),59,18,87.8333,17,81.5764,182
103292,Gears 5,Xbox One,59,18,87.8333,17,81.5764,182
1684,Fruit Ninja,PC (Microsoft Windows),13,NULL,83.3333,0,72.2538,80
1684,Fruit Ninja,Android,13,NULL,83.3333,0,72.2538,80
1684,Fruit Ninja,iOS,13,NULL,83.3333,0,72.2538,80
51226,Gangsters 2: Vendetta,PC (Microsoft Windows),5,NULL,NULL,NULL,90.7290,12
8200,Total War: Attila,Linux,16,NULL,76.8000,11,73.4144,61
8200,Total War: Attila,PC (Microsoft Windows),16,NULL,76.8000,11,73.4144,61
8200,Total War: Attila,Mac,16,NULL,76.8000,11,73.4144,61
922,Tribes 2,Linux,6,NULL,84.5000,2,79.9871,12
922,Tribes 2,PC (Microsoft Windows),6,NULL,84.5000,2,79.9871,12
72472,HuniePop 2: Double Date,PC (Microsoft Windows),3,9,NULL,NULL,70.7803,18
72472,HuniePop 2: Double Date,Mac,3,9,NULL,NULL,70.7803,18
199748,20 Minutes Till Dawn,PC (Microsoft Windows),1,NULL,NULL,NULL,68.5744,14
199748,20 Minutes Till Dawn,Mac,1,NULL,NULL,NULL,68.5744,14
199748,20 Minutes Till Dawn,Android,1,NULL,NULL,NULL,68.5744,14
199748,20 Minutes Till Dawn,iOS,1,NULL,NULL,NULL,68.5744,14
9265,Spiral Knights,Linux,4,NULL,51.0000,2,57.6998,23
9265,Spiral Knights,PC (Microsoft Windows),4,NULL,51.0000,2,57.6998,23
9265,Spiral Knights,Mac,4,NULL,51.0000,2,57.6998,23
2442,Commander Keen in Keen Dreams,Linux,7,NULL,58.0000,1,79.4416,20
2442,Commander Keen in Keen Dreams,PC (Microsoft Windows),7,NULL,58.0000,1,79.4416,20
2442,Commander Keen in Keen Dreams,Mac,7,NULL,58.0000,1,79.4416,20
2442,Commander Keen in Keen Dreams,Android,7,NULL,58.0000,1,79.4416,20
2442,Commander Keen in Keen Dreams,Nintendo Switch,7,NULL,58.0000,1,79.4416,20
16369,Golden Axe III,PC (Microsoft Windows),7,NULL,NULL,NULL,78.8980,40
576,DC Universe Online,PC (Microsoft Windows),17,NULL,73.7143,12,64.0614,49
576,DC Universe Online,PlayStation 4,17,NULL,73.7143,12,64.0614,49
576,DC Universe Online,Xbox One,17,NULL,73.7143,12,64.0614,49
576,DC Universe Online,Nintendo Switch,17,NULL,73.7143,12,64.0614,49
3751,Peggle,PC (Microsoft Windows),19,NULL,86.6667,3,73.7011,87
3751,Peggle,Mac,19,NULL,86.6667,3,73.7011,87
3751,Peggle,Android,19,NULL,86.6667,3,73.7011,87
3751,Peggle,iOS,19,NULL,86.6667,3,73.7011,87
20310,Unmechanical: Extended Edition,Linux,3,NULL,70.0000,4,61.0406,14
20310,Unmechanical: Extended Edition,PC (Microsoft Windows),3,NULL,70.0000,4,61.0406,14
20310,Unmechanical: Extended Edition,Mac,3,NULL,70.0000,4,61.0406,14
20310,Unmechanical: Extended Edition,PlayStation 4,3,NULL,70.0000,4,61.0406,14
20310,Unmechanical: Extended Edition,Xbox One,3,NULL,70.0000,4,61.0406,14
9438,The Typing of the Dead: Overkill,PC (Microsoft Windows),4,NULL,70.0000,1,60.0009,14
8774,Grow Home,Linux,24,NULL,78.0000,7,72.1451,86
8774,Grow Home,PC (Microsoft Windows),24,NULL,78.0000,7,72.1451,86
8774,Grow Home,PlayStation 4,24,NULL,78.0000,7,72.1451,86
10128,Rock Band 4,PlayStation 4,9,4,75.7692,15,72.6798,16
10128,Rock Band 4,Xbox One,9,4,75.7692,15,72.6798,16
24423,Pokémon Trading Card Game Online,PC (Microsoft Windows),100,1,NULL,NULL,64.5732,41
24423,Pokémon Trading Card Game Online,Mac,100,1,NULL,NULL,64.5732,41
24423,Pokémon Trading Card Game Online,Android,100,1,NULL,NULL,64.5732,41
24423,Pokémon Trading Card Game Online,iOS,100,1,NULL,NULL,64.5732,41
24423,Pokémon Trading Card Game Online,Web browser,100,1,NULL,NULL,64.5732,41
113109,Marvel Ultimate Alliance 3: The Black Order,Nintendo Switch,7,5,73.8182,14,70.1008,25
1853,Tom Clancy's Rainbow Six: Vegas 2,PC (Microsoft Windows),30,NULL,82.0000,7,77.7040,122
102123,The Vanishing of Ethan Carter Redux,PC (Microsoft Windows),1,NULL,NULL,NULL,78.5214,16
28107,Marvel Contest of Champions,Android,5,NULL,NULL,NULL,69.9901,15
28107,Marvel Contest of Champions,iOS,5,NULL,NULL,NULL,69.9901,15
5139,Scarface: The World Is Yours,PC (Microsoft Windows),19,NULL,78.7500,6,73.3418,43
218,MDK2,PC (Microsoft Windows),20,NULL,90.0000,1,80.6145,57
7139,Ignition,PC (Microsoft Windows),16,NULL,NULL,NULL,88.8312,37
4243,The Incredible Machine,Mac,19,NULL,NULL,NULL,81.2666,39
1306,Medal of Honor: Warfighter,PC (Microsoft Windows),32,NULL,48.8889,10,63.1468,121
122,Left 4 Dead,PC (Microsoft Windows),160,NULL,84.8571,8,80.2853,577
122,Left 4 Dead,Mac,160,NULL,84.8571,8,80.2853,577
127743,Lake,PC (Microsoft Windows),2,8,66.6667,3,69.2071,36
127743,Lake,PlayStation 4,2,8,66.6667,3,69.2071,36
127743,Lake,Xbox One,2,8,66.6667,3,69.2071,36
127743,Lake,PlayStation 5,2,8,66.6667,3,69.2071,36
422,LEGO Racers,PC (Microsoft Windows),9,NULL,NULL,NULL,65.5862,65
143609,Mario Golf: Super Rush,Nintendo Switch,2,1,74.1429,9,69.9744,13
11708,Hero Siege,Linux,10,NULL,80.0000,1,73.6900,35
11708,Hero Siege,PC (Microsoft Windows),10,NULL,80.0000,1,73.6900,35
11708,Hero Siege,Mac,10,NULL,80.0000,1,73.6900,35
11708,Hero Siege,Android,10,NULL,80.0000,1,73.6900,35
11708,Hero Siege,iOS,10,NULL,80.0000,1,73.6900,35
15455,Ys: The Oath in Felghana,PC (Microsoft Windows),9,NULL,83.0000,4,80.4536,28
75994,Potionomics,PC (Microsoft Windows),2,1,87.0000,1,69.5167,12
202,Sam & Max Hit the Road,Linux,32,NULL,82.6667,4,85.6091,119
202,Sam & Max Hit the Road,PC (Microsoft Windows),32,NULL,82.6667,4,85.6091,119
202,Sam & Max Hit the Road,Mac,32,NULL,82.6667,4,85.6091,119
2270,Canabalt,Linux,1,NULL,NULL,NULL,73.5903,17
2270,Canabalt,PC (Microsoft Windows),1,NULL,NULL,NULL,73.5903,17
2270,Canabalt,Mac,1,NULL,NULL,NULL,73.5903,17
2270,Canabalt,Android,1,NULL,NULL,NULL,73.5903,17
2270,Canabalt,iOS,1,NULL,NULL,NULL,73.5903,17
2270,Canabalt,Web browser,1,NULL,NULL,NULL,73.5903,17
12070,Party Hard,Linux,12,NULL,68.9000,11,68.4550,53
12070,Party Hard,PC (Microsoft Windows),12,NULL,68.9000,11,68.4550,53
12070,Party Hard,Mac,12,NULL,68.9000,11,68.4550,53
12070,Party Hard,PlayStation 4,12,NULL,68.9000,11,68.4550,53
12070,Party Hard,Xbox One,12,NULL,68.9000,11,68.4550,53
12070,Party Hard,Nintendo Switch,12,NULL,68.9000,11,68.4550,53
148372,Victoria 3,Linux,1,1,87.0000,2,67.6806,13
148372,Victoria 3,PC (Microsoft Windows),1,1,87.0000,2,67.6806,13
148372,Victoria 3,Mac,1,1,87.0000,2,67.6806,13
5922,The Ship: Murder Party,PC (Microsoft Windows),3,NULL,79.5000,2,60.0703,21
438,Rome: Total War,PC (Microsoft Windows),85,NULL,91.0000,3,82.2671,257
438,Rome: Total War,Mac,85,NULL,91.0000,3,82.2671,257
438,Rome: Total War,Android,85,NULL,91.0000,3,82.2671,257
438,Rome: Total War,iOS,85,NULL,91.0000,3,82.2671,257
9037,The Blackwell Deception,PC (Microsoft Windows),14,NULL,NULL,NULL,85.2587,41
9037,The Blackwell Deception,iOS,14,NULL,NULL,NULL,85.2587,41
35463,Software Inc.,Linux,6,NULL,NULL,NULL,79.7947,12
35463,Software Inc.,PC (Microsoft Windows),6,NULL,NULL,NULL,79.7947,12
35463,Software Inc.,Mac,6,NULL,NULL,NULL,79.7947,12
55536,Mirror,PC (Microsoft Windows),4,NULL,NULL,NULL,70.1501,15
55536,Mirror,Mac,4,NULL,NULL,NULL,70.1501,15
55536,Mirror,Nintendo Switch,4,NULL,NULL,NULL,70.1501,15
75247,The Red Strings Club,Linux,16,1,78.0000,8,76.4604,66
75247,The Red Strings Club,PC (Microsoft Windows),16,1,78.0000,8,76.4604,66
75247,The Red Strings Club,Mac,16,1,78.0000,8,76.4604,66
75247,The Red Strings Club,Nintendo Switch,16,1,78.0000,8,76.4604,66
120176,Teamfight Tactics,PC (Microsoft Windows),10,NULL,NULL,NULL,81.8198,69
120176,Teamfight Tactics,Mac,10,NULL,NULL,NULL,81.8198,69
120176,Teamfight Tactics,Android,10,NULL,NULL,NULL,81.8198,69
120176,Teamfight Tactics,iOS,10,NULL,NULL,NULL,81.8198,69
143502,The Ratchelor: A Rat Dating Sim,Web browser,79,1,NULL,NULL,80.2453,35
14410,Paragon,PC (Microsoft Windows),19,8,NULL,NULL,77.5438,24
14410,Paragon,PlayStation 4,19,8,NULL,NULL,77.5438,24
9046,Chroma Squad,Linux,16,2,71.8571,7,84.2778,37
9046,Chroma Squad,PC (Microsoft Windows),16,2,71.8571,7,84.2778,37
9046,Chroma Squad,Mac,16,2,71.8571,7,84.2778,37
9046,Chroma Squad,PlayStation 4,16,2,71.8571,7,84.2778,37
9046,Chroma Squad,Xbox One,16,2,71.8571,7,84.2778,37
9046,Chroma Squad,Nintendo Switch,16,2,71.8571,7,84.2778,37
4842,Kinect Sports Rivals,Xbox One,1,NULL,64.7143,14,80.0000,2
958,Zeus: Master of Olympus,PC (Microsoft Windows),13,NULL,90.0000,1,68.9259,36
12515,Pokémon Go,Android,113,19,62.7273,11,65.9920,387
12515,Pokémon Go,iOS,113,19,62.7273,11,65.9920,387
135381,Pokémon Unite,Android,23,1,75.0000,2,73.0090,41
135381,Pokémon Unite,iOS,23,1,75.0000,2,73.0090,41
135381,Pokémon Unite,Nintendo Switch,23,1,75.0000,2,73.0090,41
8371,Outland,Linux,17,NULL,85.0000,6,73.6855,40
8371,Outland,PC (Microsoft Windows),17,NULL,85.0000,6,73.6855,40
8371,Outland,Mac,17,NULL,85.0000,6,73.6855,40
570,Prototype,PC (Microsoft Windows),95,NULL,78.3750,10,74.1367,304
570,Prototype,PlayStation 4,95,NULL,78.3750,10,74.1367,304
570,Prototype,Xbox One,95,NULL,78.3750,10,74.1367,304
46993,The Mirror Lied,PC (Microsoft Windows),NULL,NULL,NULL,NULL,45.6894,12
11407,Etherlords,PC (Microsoft Windows),1,NULL,50.0000,1,63.4538,21
3941,Harry Potter and the Chamber of Secrets,PC (Microsoft Windows),60,NULL,NULL,NULL,73.6927,229
3941,Harry Potter and the Chamber of Secrets,Mac,60,NULL,NULL,NULL,73.6927,229
76110,Cookies vs. Claus,PC (Microsoft Windows),44,NULL,NULL,NULL,85.7143,14
76110,Cookies vs. Claus,Mac,44,NULL,NULL,NULL,85.7143,14
6705,A Hat in Time,PC (Microsoft Windows),70,10,79.6000,13,84.1507,176
6705,A Hat in Time,Mac,70,10,79.6000,13,84.1507,176
6705,A Hat in Time,PlayStation 4,70,10,79.6000,13,84.1507,176
6705,A Hat in Time,Xbox One,70,10,79.6000,13,84.1507,176
6705,A Hat in Time,Nintendo Switch,70,10,79.6000,13,84.1507,176
4904,Harry Potter and the Deathly Hallows: Part 1,PC (Microsoft Windows),19,NULL,41.0000,6,50.4432,42
19286,Swordigo,Android,2,NULL,NULL,NULL,78.3809,11
19286,Swordigo,iOS,2,NULL,NULL,NULL,78.3809,11
143614,The Legend of Zelda: Skyward Sword HD,Nintendo Switch,6,2,83.4286,9,75.7185,24
3155,The Lord of the Rings: The Battle for Middle-earth II,PC (Microsoft Windows),74,NULL,80.8333,6,82.3280,197
3699,The Settlers II: 10th Anniversary,PC (Microsoft Windows),15,NULL,NULL,NULL,80.9098,25
4824,Driver: Parallel Lines,PC (Microsoft Windows),20,NULL,66.3333,4,75.2157,39
11836,Scratches,PC (Microsoft Windows),5,NULL,80.0000,1,70.0560,18
11795,Shelter 2,Linux,4,NULL,NULL,NULL,70.8398,18
11795,Shelter 2,PC (Microsoft Windows),4,NULL,NULL,NULL,70.8398,18
11795,Shelter 2,Mac,4,NULL,NULL,NULL,70.8398,18
31819,The Hex,Linux,4,NULL,70.0000,1,79.6494,22
31819,The Hex,PC (Microsoft Windows),4,NULL,70.0000,1,79.6494,22
31819,The Hex,Mac,4,NULL,70.0000,1,79.6494,22
6289,Virtua Cop,PC (Microsoft Windows),4,NULL,NULL,NULL,70.7117,37
28336,There Is No Game,PC (Microsoft Windows),6,NULL,NULL,NULL,64.6045,24
28336,There Is No Game,Mac,6,NULL,NULL,NULL,64.6045,24
28336,There Is No Game,Android,6,NULL,NULL,NULL,64.6045,24
28336,There Is No Game,Web browser,6,NULL,NULL,NULL,64.6045,24
6997,Frontlines: Fuel of War,PC (Microsoft Windows),6,NULL,76.0000,4,66.4994,20
3189,Project Zomboid,Linux,24,3,NULL,NULL,81.6958,81
3189,Project Zomboid,PC (Microsoft Windows),24,3,NULL,NULL,81.6958,81
3189,Project Zomboid,Mac,24,3,NULL,NULL,81.6958,81
81173,Marie's Room,PC (Microsoft Windows),6,NULL,NULL,NULL,69.8648,27
8558,Forza Motorsport 6,Xbox One,27,3,83.6429,16,76.4214,44
36721,Realm Grinder,PC (Microsoft Windows),1,NULL,NULL,NULL,80.6186,12
36721,Realm Grinder,Mac,1,NULL,NULL,NULL,80.6186,12
36721,Realm Grinder,Android,1,NULL,NULL,NULL,80.6186,12
505,Hunted: The Demon's Forge,PC (Microsoft Windows),8,NULL,65.8000,6,63.4273,21
5611,RuneScape,Linux,27,NULL,NULL,NULL,79.5061,105
5611,RuneScape,PC (Microsoft Windows),27,NULL,NULL,NULL,79.5061,105
5611,RuneScape,Mac,27,NULL,NULL,NULL,79.5061,105
5611,RuneScape,Android,27,NULL,NULL,NULL,79.5061,105
5611,RuneScape,iOS,27,NULL,NULL,NULL,79.5061,105
5611,RuneScape,Web browser,27,NULL,NULL,NULL,79.5061,105
27891,SimCity 4: Deluxe Edition,PC (Microsoft Windows),7,NULL,NULL,NULL,78.3335,22
27891,SimCity 4: Deluxe Edition,Mac,7,NULL,NULL,NULL,78.3335,22
989,Halo 3: ODST,PC (Microsoft Windows),75,NULL,77.6667,8,75.2400,305
989,Halo 3: ODST,Xbox One,75,NULL,77.6667,8,75.2400,305
991,Halo 4,PC (Microsoft Windows),131,NULL,87.5000,14,78.6704,441
991,Halo 4,Xbox One,131,NULL,87.5000,14,78.6704,441
192192,Sonic Adventure 2,PC (Microsoft Windows),2,NULL,NULL,NULL,59.8168,17
1334,Brothers: A Tale of Two Sons,PC (Microsoft Windows),216,NULL,83.4375,19,81.5303,654
1334,Brothers: A Tale of Two Sons,Android,216,NULL,83.4375,19,81.5303,654
1334,Brothers: A Tale of Two Sons,iOS,216,NULL,83.4375,19,81.5303,654
1334,Brothers: A Tale of Two Sons,PlayStation 4,216,NULL,83.4375,19,81.5303,654
1334,Brothers: A Tale of Two Sons,Xbox One,216,NULL,83.4375,19,81.5303,654
1334,Brothers: A Tale of Two Sons,Nintendo Switch,216,NULL,83.4375,19,81.5303,654
25791,Digimon Masters Online,PC (Microsoft Windows),7,NULL,NULL,NULL,51.9211,12
329,Dungeon Siege,PC (Microsoft Windows),31,NULL,72.0000,3,78.9566,103
329,Dungeon Siege,Mac,31,NULL,72.0000,3,78.9566,103
17379,Miscreated,PC (Microsoft Windows),6,NULL,NULL,NULL,58.7610,16
2277,Rayman Raving Rabbids,PC (Microsoft Windows),16,1,70.5000,2,70.6311,83
16478,Shardlight,Linux,14,1,75.6000,5,80.4578,25
16478,Shardlight,PC (Microsoft Windows),14,1,75.6000,5,80.4578,25
16478,Shardlight,Mac,14,1,75.6000,5,80.4578,25
1345,Enclave,PC (Microsoft Windows),17,NULL,81.0000,2,77.3841,44
142213,Spyro the Dragon,PC (Microsoft Windows),3,NULL,NULL,NULL,84.8796,14
142213,Spyro the Dragon,PlayStation 4,3,NULL,NULL,NULL,84.8796,14
142213,Spyro the Dragon,Xbox One,3,NULL,NULL,NULL,84.8796,14
142213,Spyro the Dragon,Nintendo Switch,3,NULL,NULL,NULL,84.8796,14
95167,Kids,Linux,4,2,67.0000,2,67.4036,21
95167,Kids,PC (Microsoft Windows),4,2,67.0000,2,67.4036,21
95167,Kids,Mac,4,2,67.0000,2,67.4036,21
95167,Kids,Android,4,2,67.0000,2,67.4036,21
95167,Kids,iOS,4,2,67.0000,2,67.4036,21
2035,Angry Birds,PC (Microsoft Windows),36,NULL,75.0000,2,74.4083,178
2035,Angry Birds,Mac,36,NULL,75.0000,2,74.4083,178
2035,Angry Birds,Android,36,NULL,75.0000,2,74.4083,178
2035,Angry Birds,iOS,36,NULL,75.0000,2,74.4083,178
7504,The Forest,PC (Microsoft Windows),51,2,86.0000,7,67.3109,209
7504,The Forest,PlayStation 4,51,2,86.0000,7,67.3109,209
647,Command & Conquer,PC (Microsoft Windows),120,NULL,NULL,NULL,84.5663,279
647,Command & Conquer,Mac,120,NULL,NULL,NULL,84.5663,279
649,Command & Conquer: Generals,PC (Microsoft Windows),65,NULL,NULL,NULL,80.3748,193
649,Command & Conquer: Generals,Mac,65,NULL,NULL,NULL,80.3748,193
1880,Baldur's Gate: Enhanced Edition,Linux,27,NULL,78.4000,6,81.4079,62
1880,Baldur's Gate: Enhanced Edition,PC (Microsoft Windows),27,NULL,78.4000,6,81.4079,62
1880,Baldur's Gate: Enhanced Edition,Mac,27,NULL,78.4000,6,81.4079,62
1880,Baldur's Gate: Enhanced Edition,Android,27,NULL,78.4000,6,81.4079,62
1880,Baldur's Gate: Enhanced Edition,iOS,27,NULL,78.4000,6,81.4079,62
1880,Baldur's Gate: Enhanced Edition,PlayStation 4,27,NULL,78.4000,6,81.4079,62
1880,Baldur's Gate: Enhanced Edition,Xbox One,27,NULL,78.4000,6,81.4079,62
1880,Baldur's Gate: Enhanced Edition,Nintendo Switch,27,NULL,78.4000,6,81.4079,62
24839,Butcher,Linux,4,NULL,71.6000,6,65.6984,11
24839,Butcher,PC (Microsoft Windows),4,NULL,71.6000,6,65.6984,11
24839,Butcher,Mac,4,NULL,71.6000,6,65.6984,11
24839,Butcher,PlayStation 4,4,NULL,71.6000,6,65.6984,11
24839,Butcher,Xbox One,4,NULL,71.6000,6,65.6984,11
24839,Butcher,Nintendo Switch,4,NULL,71.6000,6,65.6984,11
4034,NBA Live 06,PC (Microsoft Windows),2,NULL,85.0000,3,89.3162,21
16328,Hidden in Plain Sight,Linux,3,NULL,80.0000,1,85.9348,13
16328,Hidden in Plain Sight,PC (Microsoft Windows),3,NULL,80.0000,1,85.9348,13
16328,Hidden in Plain Sight,Mac,3,NULL,80.0000,1,85.9348,13
16328,Hidden in Plain Sight,Nintendo Switch,3,NULL,80.0000,1,85.9348,13
20668,Zombie Driver,PC (Microsoft Windows),3,NULL,67.5000,2,64.9670,11
20668,Zombie Driver,Nintendo Switch,3,NULL,67.5000,2,64.9670,11
103500,NHL 19,PlayStation 4,1,2,78.8000,6,79.7688,19
103500,NHL 19,Xbox One,1,2,78.8000,6,79.7688,19
923,Tribes: Vengeance,PC (Microsoft Windows),3,NULL,76.0000,2,72.8798,11
6168,Insanely Twisted Shadow Planet,Linux,4,NULL,75.6667,5,73.7942,19
6168,Insanely Twisted Shadow Planet,PC (Microsoft Windows),4,NULL,75.6667,5,73.7942,19
6168,Insanely Twisted Shadow Planet,Mac,4,NULL,75.6667,5,73.7942,19
384,Final Fantasy XIII-2,PC (Microsoft Windows),48,NULL,74.7273,14,71.7268,141
384,Final Fantasy XIII-2,Xbox One,48,NULL,74.7273,14,71.7268,141
397,Final Fantasy: 20th Anniversary Edition,Android,2,NULL,60.0000,1,79.8259,12
397,Final Fantasy: 20th Anniversary Edition,iOS,2,NULL,60.0000,1,79.8259,12
9506,Tribes: Ascend,PC (Microsoft Windows),6,NULL,89.3333,3,77.4183,26
7293,Gauntlet,PC (Microsoft Windows),13,2,68.0000,2,66.1165,49
7293,Gauntlet,PlayStation 4,13,2,68.0000,2,66.1165,49
1214,Dark Cloud,PlayStation 4,25,NULL,NULL,NULL,81.4005,57
23003,Hard Truck: Apocalypse,PC (Microsoft Windows),3,NULL,40.0000,1,77.7512,12
612,Beneath a Steel Sky,Linux,30,NULL,NULL,NULL,76.7441,81
612,Beneath a Steel Sky,PC (Microsoft Windows),30,NULL,NULL,NULL,76.7441,81
612,Beneath a Steel Sky,Mac,30,NULL,NULL,NULL,76.7441,81
612,Beneath a Steel Sky,iOS,30,NULL,NULL,NULL,76.7441,81
19496,Shadowmatic,Android,2,NULL,NULL,NULL,69.9930,11
19496,Shadowmatic,iOS,2,NULL,NULL,NULL,69.9930,11
4194,Taz: Wanted,PC (Microsoft Windows),1,NULL,NULL,NULL,83.4628,17
11713,Chicken Invaders,PC (Microsoft Windows),3,NULL,NULL,NULL,72.2702,19
37419,Dude Simulator,PC (Microsoft Windows),110,NULL,NULL,NULL,76.1070,33
18124,Akinator,Android,17,NULL,NULL,NULL,65.0343,20
18124,Akinator,iOS,17,NULL,NULL,NULL,65.0343,20
18124,Akinator,Web browser,17,NULL,NULL,NULL,65.0343,20
2539,Alpha Protocol,Linux,31,NULL,59.1429,9,74.5872,123
2539,Alpha Protocol,PC (Microsoft Windows),31,NULL,59.1429,9,74.5872,123
6358,Divinity II: Ego Draconis,PC (Microsoft Windows),13,NULL,64.0000,4,81.3826,31
50467,Ib,PC (Microsoft Windows),4,NULL,NULL,NULL,80.0542,43
5056,NBA 2K11,PC (Microsoft Windows),11,NULL,91.5000,5,88.5338,49
8475,Myst V: End of Ages,PC (Microsoft Windows),6,NULL,67.5000,3,71.6505,21
8475,Myst V: End of Ages,Mac,6,NULL,67.5000,3,71.6505,21
152063,Death Stranding: Director's Cut,PC (Microsoft Windows),7,3,90.8571,9,88.5569,35
152063,Death Stranding: Director's Cut,Mac,7,3,90.8571,9,88.5569,35
152063,Death Stranding: Director's Cut,iOS,7,3,90.8571,9,88.5569,35
152063,Death Stranding: Director's Cut,PlayStation 5,7,3,90.8571,9,88.5569,35
795,Motocross Madness 2,PC (Microsoft Windows),5,NULL,80.0000,1,74.3114,18
6841,Raiden,PC (Microsoft Windows),8,NULL,NULL,NULL,79.3289,17
7871,Robocraft,Linux,6,2,NULL,NULL,69.3654,24
7871,Robocraft,PC (Microsoft Windows),6,2,NULL,NULL,69.3654,24
7871,Robocraft,Mac,6,2,NULL,NULL,69.3654,24
8323,Insaniquarium Deluxe,PC (Microsoft Windows),7,NULL,NULL,NULL,75.5726,24
47097,Misao,PC (Microsoft Windows),2,NULL,NULL,NULL,75.3478,12
27734,4Story Online,PC (Microsoft Windows),8,NULL,NULL,NULL,58.7101,22
597,America's Army,PC (Microsoft Windows),2,NULL,60.0000,1,70.0016,11
4196,Teenage Mutant Ninja Turtles 2: Battle Nexus,PC (Microsoft Windows),5,NULL,54.0000,1,61.7022,16
4631,Midnight Club II,PC (Microsoft Windows),13,NULL,85.2500,7,75.2602,33
21560,The Silver Case,Linux,10,2,67.8000,11,65.2149,18
21560,The Silver Case,PC (Microsoft Windows),10,2,67.8000,11,65.2149,18
21560,The Silver Case,Mac,10,2,67.8000,11,65.2149,18
21560,The Silver Case,PlayStation 4,10,2,67.8000,11,65.2149,18
21560,The Silver Case,Nintendo Switch,10,2,67.8000,11,65.2149,18
80594,GunZ: The Duel,PC (Microsoft Windows),2,NULL,NULL,NULL,78.9200,13
18940,Combat Arms,PC (Microsoft Windows),4,NULL,70.0000,2,79.9070,12
26189,GunBound,PC (Microsoft Windows),4,NULL,NULL,NULL,76.6901,15
2977,Mortal Kombat: Komplete Edition,PC (Microsoft Windows),43,NULL,83.7778,11,81.3297,89
3273,The Void,PC (Microsoft Windows),7,NULL,80.0000,2,79.4701,21
24428,Sundered,Linux,25,2,79.0909,14,84.5455,22
24428,Sundered,PC (Microsoft Windows),25,2,79.0909,14,84.5455,22
24428,Sundered,Mac,25,2,79.0909,14,84.5455,22
24428,Sundered,PlayStation 4,25,2,79.0909,14,84.5455,22
24428,Sundered,Xbox One,25,2,79.0909,14,84.5455,22
24428,Sundered,Nintendo Switch,25,2,79.0909,14,84.5455,22
87514,Granny,PC (Microsoft Windows),15,NULL,NULL,NULL,71.8415,15
87514,Granny,Android,15,NULL,NULL,NULL,71.8415,15
87514,Granny,iOS,15,NULL,NULL,NULL,71.8415,15
39185,8 Ball Pool,Android,3,NULL,NULL,NULL,70.0064,17
39185,8 Ball Pool,iOS,3,NULL,NULL,NULL,70.0064,17
19454,Deadlight: Director's Cut,PC (Microsoft Windows),12,1,68.8571,7,71.1551,30
19454,Deadlight: Director's Cut,PlayStation 4,12,1,68.8571,7,71.1551,30
19454,Deadlight: Director's Cut,Xbox One,12,1,68.8571,7,71.1551,30
9707,Audiosurf 2,Linux,8,NULL,NULL,NULL,76.5645,33
9707,Audiosurf 2,PC (Microsoft Windows),8,NULL,NULL,NULL,76.5645,33
9707,Audiosurf 2,Mac,8,NULL,NULL,NULL,76.5645,33
11065,Ratchet & Clank,PlayStation 4,107,16,84.2222,20,80.4603,375
6268,Pandemonium!,PC (Microsoft Windows),10,NULL,68.0000,2,75.7690,40
6268,Pandemonium!,iOS,10,NULL,68.0000,2,75.7690,40
10192,The Ultimate Doom,PC (Microsoft Windows),29,NULL,90.0000,1,86.9236,66
10192,The Ultimate Doom,Mac,29,NULL,90.0000,1,86.9236,66
10192,The Ultimate Doom,iOS,29,NULL,90.0000,1,86.9236,66
7609,Until Dawn,PlayStation 4,195,14,79.5000,18,80.2914,556
114032,Power Rangers: Battle for the Grid,PC (Microsoft Windows),NULL,NULL,55.0000,4,79.8845,16
114032,Power Rangers: Battle for the Grid,PlayStation 4,NULL,NULL,55.0000,4,79.8845,16
114032,Power Rangers: Battle for the Grid,Xbox One,NULL,NULL,55.0000,4,79.8845,16
114032,Power Rangers: Battle for the Grid,Nintendo Switch,NULL,NULL,55.0000,4,79.8845,16
26193,Uncharted: The Lost Legacy,PlayStation 4,166,13,86.7727,25,82.7249,407
3099,Door Kickers,Linux,11,1,84.5000,2,71.9044,31
3099,Door Kickers,PC (Microsoft Windows),11,1,84.5000,2,71.9044,31
3099,Door Kickers,Mac,11,1,84.5000,2,71.9044,31
3099,Door Kickers,Android,11,1,84.5000,2,71.9044,31
3099,Door Kickers,iOS,11,1,84.5000,2,71.9044,31
3099,Door Kickers,Nintendo Switch,11,1,84.5000,2,71.9044,31
6914,Bionic Commando,PC (Microsoft Windows),10,NULL,69.1667,7,67.0464,38
2950,Age of Empires II: HD Edition,PC (Microsoft Windows),52,NULL,50.0000,1,84.5991,175
350,Battlefield Heroes,PC (Microsoft Windows),15,NULL,70.0000,2,74.9001,51
554,Driver: San Francisco,PC (Microsoft Windows),45,NULL,81.5000,9,75.2800,134
554,Driver: San Francisco,Mac,45,NULL,81.5000,9,75.2800,134
10479,Kairo,Linux,3,NULL,80.0000,1,79.0919,12
10479,Kairo,PC (Microsoft Windows),3,NULL,80.0000,1,79.0919,12
10479,Kairo,Mac,3,NULL,80.0000,1,79.0919,12
10479,Kairo,Android,3,NULL,80.0000,1,79.0919,12
10479,Kairo,iOS,3,NULL,80.0000,1,79.0919,12
3199,Dead Rising 3,PC (Microsoft Windows),36,NULL,75.5625,17,67.9321,111
3199,Dead Rising 3,Xbox One,36,NULL,75.5625,17,67.9321,111
10500,Blazing Star,Linux,4,NULL,NULL,NULL,70.6071,11
10500,Blazing Star,PC (Microsoft Windows),4,NULL,NULL,NULL,70.6071,11
10500,Blazing Star,Mac,4,NULL,NULL,NULL,70.6071,11
10500,Blazing Star,Android,4,NULL,NULL,NULL,70.6071,11
10500,Blazing Star,iOS,4,NULL,NULL,NULL,70.6071,11
164,Star Wars: Shadows of the Empire,PC (Microsoft Windows),4,NULL,65.0000,1,67.5184,55
28951,F1 2017,PC (Microsoft Windows),16,2,83.2727,13,82.2659,27
28951,F1 2017,Mac,16,2,83.2727,13,82.2659,27
28951,F1 2017,PlayStation 4,16,2,83.2727,13,82.2659,27
28951,F1 2017,Xbox One,16,2,83.2727,13,82.2659,27
30002,Lobotomy Corporation,PC (Microsoft Windows),4,NULL,NULL,NULL,74.0251,11
109457,New Super Mario Bros. U Deluxe,Nintendo Switch,6,2,82.7778,11,71.6554,43
759,Command & Conquer: Red Alert 3 - Uprising,PC (Microsoft Windows),10,NULL,60.0000,2,72.8309,30
2000,Postal,PC (Microsoft Windows),12,NULL,NULL,NULL,68.3409,54
2000,Postal,Mac,12,NULL,NULL,NULL,68.3409,54
1606,Empire Earth III,PC (Microsoft Windows),5,NULL,40.0000,4,57.0830,12
2115,Titanfall,PC (Microsoft Windows),83,10,83.7143,25,80.1841,205
2115,Titanfall,Xbox One,83,10,83.7143,25,80.1841,205
206336,Holocure: Save the Fans!,PC (Microsoft Windows),16,NULL,NULL,NULL,76.9326,12
101006,Gran Turismo 7,PlayStation 4,5,14,86.7500,11,80.3739,30
101006,Gran Turismo 7,PlayStation 5,5,14,86.7500,11,80.3739,30
8697,Shadowgate,PC (Microsoft Windows),5,NULL,NULL,NULL,83.7436,20
8697,Shadowgate,Mac,5,NULL,NULL,NULL,83.7436,20
306,Far Cry,PC (Microsoft Windows),104,NULL,87.5000,3,77.9082,423
54844,Ion Fury,Linux,11,2,84.0000,8,78.1478,27
54844,Ion Fury,PC (Microsoft Windows),11,2,84.0000,8,78.1478,27
54844,Ion Fury,PlayStation 4,11,2,84.0000,8,78.1478,27
54844,Ion Fury,Xbox One,11,2,84.0000,8,78.1478,27
54844,Ion Fury,Nintendo Switch,11,2,84.0000,8,78.1478,27
6179,Sudeki,PC (Microsoft Windows),5,NULL,66.2500,4,76.9338,15
17131,BeamNG.drive,PC (Microsoft Windows),22,NULL,NULL,NULL,77.0919,38
242,Cossacks: European Wars,PC (Microsoft Windows),21,NULL,80.0000,1,79.3887,52
2037,Hearts of Iron II,PC (Microsoft Windows),5,NULL,84.0000,2,81.3477,19
11037,Victoria II,Linux,12,NULL,76.0000,1,81.9475,46
11037,Victoria II,PC (Microsoft Windows),12,NULL,76.0000,1,81.9475,46
11037,Victoria II,Mac,12,NULL,76.0000,1,81.9475,46
8738,The Basement Collection,PC (Microsoft Windows),7,NULL,80.0000,1,70.3394,14
8738,The Basement Collection,Mac,7,NULL,80.0000,1,70.3394,14
20052,Heroes of Might & Magic III: HD Edition,PC (Microsoft Windows),4,NULL,65.3333,3,53.2757,13
79824,Old School RuneScape,PC (Microsoft Windows),4,NULL,77.0000,1,73.7918,44
79824,Old School RuneScape,Mac,4,NULL,77.0000,1,73.7918,44
79824,Old School RuneScape,Android,4,NULL,77.0000,1,73.7918,44
79824,Old School RuneScape,iOS,4,NULL,77.0000,1,73.7918,44
159,Star Wars: Force Commander,PC (Microsoft Windows),1,NULL,NULL,NULL,53.6411,13
1310,Medal of Honor: Pacific Assault,PC (Microsoft Windows),55,NULL,82.3333,3,78.0906,137
7468,Tom Clancy's EndWar,PC (Microsoft Windows),3,NULL,77.8000,6,60.1947,11
11712,DreadOut,Linux,7,NULL,40.0000,2,28.0195,23
11712,DreadOut,PC (Microsoft Windows),7,NULL,40.0000,2,28.0195,23
11712,DreadOut,Mac,7,NULL,40.0000,2,28.0195,23
3949,Hulk,PC (Microsoft Windows),6,NULL,NULL,NULL,64.0751,33
2248,Frozen Synapse,Linux,11,NULL,89.0000,3,77.0807,23
2248,Frozen Synapse,PC (Microsoft Windows),11,NULL,89.0000,3,77.0807,23
2248,Frozen Synapse,Mac,11,NULL,89.0000,3,77.0807,23
2248,Frozen Synapse,Android,11,NULL,89.0000,3,77.0807,23
2248,Frozen Synapse,iOS,11,NULL,89.0000,3,77.0807,23
14147,Jotun,Linux,18,NULL,85.0000,4,74.9445,34
14147,Jotun,PC (Microsoft Windows),18,NULL,85.0000,4,74.9445,34
14147,Jotun,Mac,18,NULL,85.0000,4,74.9445,34
79247,3D Pinball: Space Cadet,PC (Microsoft Windows),3,NULL,NULL,NULL,71.3861,20
19601,Deus Ex GO,PC (Microsoft Windows),8,NULL,83.0000,6,65.9249,21
19601,Deus Ex GO,Android,8,NULL,83.0000,6,65.9249,21
19601,Deus Ex GO,iOS,8,NULL,83.0000,6,65.9249,21
102873,"Pokémon: Let's Go, Eevee!",Nintendo Switch,40,8,80.0000,2,69.7157,122
37382,Pokémon Sword,Nintendo Switch,78,25,82.3636,11,72.3074,185
3698,The Settlers: Heritage of Kings,PC (Microsoft Windows),11,NULL,55.0000,4,75.1697,22
15915,Biker Mice From Mars,Android,4,NULL,40.0000,2,69.4458,13
15915,Biker Mice From Mars,iOS,4,NULL,40.0000,2,69.4458,13
10029,Infinity Blade,iOS,5,NULL,NULL,NULL,64.9565,16
7622,Nancy Drew: Stay Tuned for Danger,PC (Microsoft Windows),1,NULL,NULL,NULL,62.4220,14
7624,Nancy Drew: The Final Scene,PC (Microsoft Windows),NULL,NULL,NULL,NULL,67.0682,12
754,IL-2 Sturmovik,PC (Microsoft Windows),6,NULL,NULL,NULL,76.7944,15
8621,Samorost 2,Linux,19,NULL,NULL,NULL,76.9601,60
8621,Samorost 2,PC (Microsoft Windows),19,NULL,NULL,NULL,76.9601,60
8621,Samorost 2,Mac,19,NULL,NULL,NULL,76.9601,60
8621,Samorost 2,Android,19,NULL,NULL,NULL,76.9601,60
8621,Samorost 2,iOS,19,NULL,NULL,NULL,76.9601,60
39244,Shadow Fight 2,Android,5,NULL,61.5000,2,80.4894,24
39244,Shadow Fight 2,iOS,5,NULL,61.5000,2,80.4894,24
39244,Shadow Fight 2,Nintendo Switch,5,NULL,61.5000,2,80.4894,24
88818,Dragon Ball Z: Dokkan Battle,Android,2,NULL,NULL,NULL,70.0465,12
88818,Dragon Ball Z: Dokkan Battle,iOS,2,NULL,NULL,NULL,70.0465,12
564,Rogue Warrior,PC (Microsoft Windows),8,NULL,54.0000,4,47.5370,33
9627,Gnomoria,Linux,11,1,NULL,NULL,86.5189,16
9627,Gnomoria,PC (Microsoft Windows),11,1,NULL,NULL,86.5189,16
9627,Gnomoria,Mac,11,1,NULL,NULL,86.5189,16
3994,Mat Hoffman's Pro BMX,PC (Microsoft Windows),4,NULL,NULL,NULL,69.8919,21
145,Star Wars Galaxies: An Empire Divided,PC (Microsoft Windows),4,NULL,75.0000,4,79.6698,17
7289,Always Sometimes Monsters,Linux,6,NULL,81.0000,5,70.1030,21
7289,Always Sometimes Monsters,PC (Microsoft Windows),6,NULL,81.0000,5,70.1030,21
7289,Always Sometimes Monsters,Mac,6,NULL,81.0000,5,70.1030,21
7289,Always Sometimes Monsters,Android,6,NULL,81.0000,5,70.1030,21
7289,Always Sometimes Monsters,iOS,6,NULL,81.0000,5,70.1030,21
7289,Always Sometimes Monsters,PlayStation 4,6,NULL,81.0000,5,70.1030,21
7289,Always Sometimes Monsters,Nintendo Switch,6,NULL,81.0000,5,70.1030,21
7311,Lost Horizon,Linux,5,NULL,NULL,NULL,71.0667,15
7311,Lost Horizon,PC (Microsoft Windows),5,NULL,NULL,NULL,71.0667,15
7311,Lost Horizon,Nintendo Switch,5,NULL,NULL,NULL,71.0667,15
19438,Turmoil,Linux,12,NULL,NULL,NULL,69.4621,40
19438,Turmoil,PC (Microsoft Windows),12,NULL,NULL,NULL,69.4621,40
19438,Turmoil,Mac,12,NULL,NULL,NULL,69.4621,40
19438,Turmoil,iOS,12,NULL,NULL,NULL,69.4621,40
19438,Turmoil,Nintendo Switch,12,NULL,NULL,NULL,69.4621,40
135142,New Pokémon Snap,Nintendo Switch,2,4,81.2500,14,73.9083,31
7605,S.T.A.L.K.E.R.: Call of Pripyat,PC (Microsoft Windows),61,NULL,78.6667,4,78.0416,183
6737,Sherlock Holmes Versus Jack the Ripper,PC (Microsoft Windows),14,NULL,66.0000,3,73.5492,37
4788,Octodad: Dadliest Catch,Linux,17,NULL,73.6364,11,71.1721,67
4788,Octodad: Dadliest Catch,PC (Microsoft Windows),17,NULL,73.6364,11,71.1721,67
4788,Octodad: Dadliest Catch,Mac,17,NULL,73.6364,11,71.1721,67
4788,Octodad: Dadliest Catch,Android,17,NULL,73.6364,11,71.1721,67
4788,Octodad: Dadliest Catch,iOS,17,NULL,73.6364,11,71.1721,67
4788,Octodad: Dadliest Catch,PlayStation 4,17,NULL,73.6364,11,71.1721,67
4788,Octodad: Dadliest Catch,Xbox One,17,NULL,73.6364,11,71.1721,67
4788,Octodad: Dadliest Catch,Nintendo Switch,17,NULL,73.6364,11,71.1721,67
1908,Neverwinter,PC (Microsoft Windows),23,NULL,73.1818,13,64.7869,58
1908,Neverwinter,PlayStation 4,23,NULL,73.1818,13,64.7869,58
1908,Neverwinter,Xbox One,23,NULL,73.1818,13,64.7869,58
1934,Red Baron,Mac,5,NULL,NULL,NULL,86.5234,14
682,Europa Universalis II,PC (Microsoft Windows),11,NULL,NULL,NULL,81.8180,14
682,Europa Universalis II,Mac,11,NULL,NULL,NULL,81.8180,14
5146,Secret Files 2: Puritas Cordis,PC (Microsoft Windows),9,NULL,55.0000,2,71.1759,15
5146,Secret Files 2: Puritas Cordis,Nintendo Switch,9,NULL,55.0000,2,71.1759,15
7866,F1 2014,PC (Microsoft Windows),7,1,62.7143,8,73.4315,18
2472,Prince of Persia,Mac,77,NULL,NULL,NULL,82.2132,238
18718,Clock Tower,PC (Microsoft Windows),11,NULL,NULL,NULL,70.1527,25
8342,Mortyr 2093-1944,PC (Microsoft Windows),3,NULL,NULL,NULL,59.5267,11
119225,Vampire: The Masquerade - Coteries of New York,Linux,2,5,72.0000,3,70.1028,13
119225,Vampire: The Masquerade - Coteries of New York,PC (Microsoft Windows),2,5,72.0000,3,70.1028,13
119225,Vampire: The Masquerade - Coteries of New York,Mac,2,5,72.0000,3,70.1028,13
119225,Vampire: The Masquerade - Coteries of New York,PlayStation 4,2,5,72.0000,3,70.1028,13
119225,Vampire: The Masquerade - Coteries of New York,Xbox One,2,5,72.0000,3,70.1028,13
119225,Vampire: The Masquerade - Coteries of New York,Nintendo Switch,2,5,72.0000,3,70.1028,13
9919,The Technomancer,PC (Microsoft Windows),24,11,61.7222,19,69.4980,20
9919,The Technomancer,PlayStation 4,24,11,61.7222,19,69.4980,20
9919,The Technomancer,Xbox One,24,11,61.7222,19,69.4980,20
28282,A Case of Distrust,PC (Microsoft Windows),4,4,79.3333,4,68.7916,13
28282,A Case of Distrust,Mac,4,4,79.3333,4,68.7916,13
28282,A Case of Distrust,iOS,4,4,79.3333,4,68.7916,13
28282,A Case of Distrust,Nintendo Switch,4,4,79.3333,4,68.7916,13
8804,SimFarm,PC (Microsoft Windows),5,NULL,NULL,NULL,80.9165,11
8804,SimFarm,Mac,5,NULL,NULL,NULL,80.9165,11
47381,Dirt 3: Complete Edition,PC (Microsoft Windows),6,NULL,NULL,NULL,74.2925,22
7687,Battleborn,PC (Microsoft Windows),13,6,73.0625,19,61.8275,30
7687,Battleborn,PlayStation 4,13,6,73.0625,19,61.8275,30
7687,Battleborn,Xbox One,13,6,73.0625,19,61.8275,30
19114,Spider-Man,PC (Microsoft Windows),27,NULL,74.5000,4,67.2819,122
9051,Zombie Driver HD,PC (Microsoft Windows),7,NULL,60.0000,1,71.6497,15
10958,The Next Big Thing,Linux,6,NULL,NULL,NULL,70.7767,14
10958,The Next Big Thing,PC (Microsoft Windows),6,NULL,NULL,NULL,70.7767,14
10958,The Next Big Thing,Mac,6,NULL,NULL,NULL,70.7767,14
5930,Midtown Madness 2,PC (Microsoft Windows),6,NULL,90.0000,1,65.9623,32
2949,Killing Floor,Linux,42,NULL,68.0000,5,72.9921,127
2949,Killing Floor,PC (Microsoft Windows),42,NULL,68.0000,5,72.9921,127
2949,Killing Floor,Mac,42,NULL,68.0000,5,72.9921,127
9637,Orcs Must Die! Unchained,PC (Microsoft Windows),9,4,82.5000,2,74.9166,15
9637,Orcs Must Die! Unchained,PlayStation 4,9,4,82.5000,2,74.9166,15
41878,Uncharted: Drake's Fortune Remastered,PlayStation 4,9,NULL,NULL,NULL,73.2022,97
109826,Super Animal Royale,PC (Microsoft Windows),9,NULL,NULL,NULL,63.3765,16
109826,Super Animal Royale,PlayStation 4,9,NULL,NULL,NULL,63.3765,16
109826,Super Animal Royale,Xbox One,9,NULL,NULL,NULL,63.3765,16
109826,Super Animal Royale,Nintendo Switch,9,NULL,NULL,NULL,63.3765,16
109826,Super Animal Royale,PlayStation 5,9,NULL,NULL,NULL,63.3765,16
301,Microsoft Flight Simulator X,PC (Microsoft Windows),13,NULL,79.6667,4,77.1189,18
103303,The Elder Scrolls: Blades,Android,19,10,30.0000,1,61.3136,34
103303,The Elder Scrolls: Blades,iOS,19,10,30.0000,1,61.3136,34
103303,The Elder Scrolls: Blades,Nintendo Switch,19,10,30.0000,1,61.3136,34
9604,TagPro,Web browser,152,NULL,NULL,NULL,83.4829,176
7176,Saw,PC (Microsoft Windows),2,NULL,40.0000,3,70.7307,29
6690,Fatal Fury 3: Road to the Final Victory,PC (Microsoft Windows),1,NULL,NULL,NULL,69.4351,18
102,Need for Speed: Shift,PC (Microsoft Windows),42,NULL,79.5000,8,73.5207,177
4840,S.T.A.L.K.E.R.: Clear Sky,PC (Microsoft Windows),48,2,82.3333,4,72.7940,145
4204,Terminator Salvation,PC (Microsoft Windows),4,NULL,42.0000,6,37.1508,23
4204,Terminator Salvation,iOS,4,NULL,42.0000,6,37.1508,23
196230,Stacklands,PC (Microsoft Windows),NULL,NULL,NULL,NULL,79.3157,14
196230,Stacklands,Mac,NULL,NULL,NULL,NULL,79.3157,14
308,Black & White,PC (Microsoft Windows),34,NULL,NULL,NULL,75.8032,110
308,Black & White,Mac,34,NULL,NULL,NULL,75.8032,110
26968,Cayne,Linux,11,NULL,NULL,NULL,54.7341,20
26968,Cayne,PC (Microsoft Windows),11,NULL,NULL,NULL,54.7341,20
26968,Cayne,Mac,11,NULL,NULL,NULL,54.7341,20
18371,Escape Plan,PlayStation 4,4,NULL,65.0000,3,66.8149,11
8758,Anomaly: Warzone Earth,Linux,7,NULL,84.6000,7,73.4522,21
8758,Anomaly: Warzone Earth,PC (Microsoft Windows),7,NULL,84.6000,7,73.4522,21
8758,Anomaly: Warzone Earth,Mac,7,NULL,84.6000,7,73.4522,21
8758,Anomaly: Warzone Earth,Android,7,NULL,84.6000,7,73.4522,21
8758,Anomaly: Warzone Earth,iOS,7,NULL,84.6000,7,73.4522,21
95014,Dragon Ball Legends,Android,4,2,NULL,NULL,60.0132,13
95014,Dragon Ball Legends,iOS,4,2,NULL,NULL,60.0132,13
15536,Escape from Tarkov,PC (Microsoft Windows),36,24,0.0000,2,75.2010,67
7032,Kane & Lynch: Dead Men,PC (Microsoft Windows),30,NULL,60.0000,3,65.1454,114
6621,Super Ghouls'n Ghosts,Web browser,20,NULL,70.0000,1,74.4792,70
6621,Super Ghouls'n Ghosts,Nintendo Switch,20,NULL,70.0000,1,74.4792,70
6142,Risen 3: Titan Lords,PC (Microsoft Windows),24,1,50.7143,8,70.7835,41
744,King's Quest IV: The Perils of Rosella,PC (Microsoft Windows),4,NULL,NULL,NULL,61.5835,16
42,Deus Ex: Invisible War,PC (Microsoft Windows),24,NULL,80.0000,4,63.0218,92
26836,Project: Gorgon,Linux,21,NULL,75.0000,1,78.8828,25
26836,Project: Gorgon,PC (Microsoft Windows),21,NULL,75.0000,1,78.8828,25
26836,Project: Gorgon,Mac,21,NULL,75.0000,1,78.8828,25
7664,Shipwreckers!,PC (Microsoft Windows),2,NULL,NULL,NULL,69.9115,11
7556,You Have to Win the Game,Linux,3,NULL,NULL,NULL,70.1082,12
7556,You Have to Win the Game,PC (Microsoft Windows),3,NULL,NULL,NULL,70.1082,12
7556,You Have to Win the Game,Mac,3,NULL,NULL,NULL,70.1082,12
243385,The Murder of Sonic the Hedgehog,PC (Microsoft Windows),NULL,NULL,NULL,NULL,76.0045,29
243385,The Murder of Sonic the Hedgehog,Mac,NULL,NULL,NULL,NULL,76.0045,29
29211,Stronghold Crusader HD,PC (Microsoft Windows),1,NULL,NULL,NULL,82.4427,17
666,Delta Force,PC (Microsoft Windows),12,NULL,NULL,NULL,67.6652,45
6004,Richard Burns Rally,PC (Microsoft Windows),8,NULL,70.0000,1,74.4385,13
10592,Neighbours from Hell 2: On Vacation,PC (Microsoft Windows),23,NULL,NULL,NULL,69.3896,68
458,StarCraft II: Legacy of the Void,PC (Microsoft Windows),90,21,89.5000,9,87.9909,160
458,StarCraft II: Legacy of the Void,Mac,90,21,89.5000,9,87.9909,160
10948,Ys Seven,PC (Microsoft Windows),6,NULL,79.2222,11,79.9521,23
8816,Screencheat,Linux,2,NULL,71.0000,4,63.0107,17
8816,Screencheat,PC (Microsoft Windows),2,NULL,71.0000,4,63.0107,17
8816,Screencheat,Mac,2,NULL,71.0000,4,63.0107,17
8816,Screencheat,PlayStation 4,2,NULL,71.0000,4,63.0107,17
8816,Screencheat,Xbox One,2,NULL,71.0000,4,63.0107,17
3085,Rune,Linux,13,NULL,70.0000,1,79.7220,37
3085,Rune,PC (Microsoft Windows),13,NULL,70.0000,1,79.7220,37
3085,Rune,Mac,13,NULL,70.0000,1,79.7220,37
94049,Minecraft: Windows 10 Edition,PC (Microsoft Windows),10,2,NULL,NULL,93.8414,17
4348,Another World,Nintendo Switch,32,NULL,NULL,NULL,84.5851,162
5321,Tokyo Mirage Sessions #FE,Nintendo Switch,21,12,82.0556,20,74.0521,27
2911,Leisure Suit Larry 6: Shape Up or Slip Out!,PC (Microsoft Windows),8,NULL,NULL,NULL,73.0769,23
2911,Leisure Suit Larry 6: Shape Up or Slip Out!,Mac,8,NULL,NULL,NULL,73.0769,23
30480,"Hello Charlotte Ep.1: Junk Food, Gods and Teddy Bears",PC (Microsoft Windows),NULL,NULL,NULL,NULL,71.8577,15
1873,Defender of the Crown,Mac,4,NULL,NULL,NULL,70.5951,22
1873,Defender of the Crown,iOS,4,NULL,NULL,NULL,70.5951,22
100761,Distraint: Deluxe Edition,PC (Microsoft Windows),2,1,0.0000,1,60.0460,15
100761,Distraint: Deluxe Edition,Android,2,1,0.0000,1,60.0460,15
100761,Distraint: Deluxe Edition,iOS,2,1,0.0000,1,60.0460,15
100761,Distraint: Deluxe Edition,PlayStation 4,2,1,0.0000,1,60.0460,15
100761,Distraint: Deluxe Edition,Xbox One,2,1,0.0000,1,60.0460,15
100761,Distraint: Deluxe Edition,Nintendo Switch,2,1,0.0000,1,60.0460,15
19795,Knight Online,PC (Microsoft Windows),2,NULL,20.0000,1,50.0093,13
354,Battlefield Play4Free,PC (Microsoft Windows),8,NULL,NULL,NULL,49.7365,25
13199,Amnesia: Memories,PC (Microsoft Windows),4,NULL,70.0000,2,50.9242,13
13199,Amnesia: Memories,Nintendo Switch,4,NULL,70.0000,2,50.9242,13
14551,Impossible Creatures,PC (Microsoft Windows),3,NULL,73.3333,4,76.7216,19
6542,Disciples II: Dark Prophecy,PC (Microsoft Windows),15,NULL,NULL,NULL,79.7525,49
3163,Rollcage Stage II,PC (Microsoft Windows),4,NULL,90.0000,1,82.6296,12
9271,Dungeon Siege: Legends of Aranna,PC (Microsoft Windows),7,NULL,90.0000,1,82.6252,26
132907,There Is No Game: Wrong Dimension,PC (Microsoft Windows),2,NULL,80.0000,1,83.3367,32
132907,There Is No Game: Wrong Dimension,Mac,2,NULL,80.0000,1,83.3367,32
132907,There Is No Game: Wrong Dimension,Android,2,NULL,80.0000,1,83.3367,32
132907,There Is No Game: Wrong Dimension,iOS,2,NULL,80.0000,1,83.3367,32
132907,There Is No Game: Wrong Dimension,Nintendo Switch,2,NULL,80.0000,1,83.3367,32
9333,Worms: Ultimate Mayhem,PC (Microsoft Windows),8,NULL,55.0000,1,74.9525,29
3944,Harry Potter: Quidditch World Cup,PC (Microsoft Windows),20,NULL,78.0000,3,69.9029,49
6252,WWE Raw,PC (Microsoft Windows),3,NULL,NULL,NULL,70.9443,16
681,Europa 1400: The Guild,PC (Microsoft Windows),2,NULL,NULL,NULL,70.6819,11
168,Star Wars: X-Wing,Mac,7,NULL,NULL,NULL,80.0583,40
251,Where in the World Is Carmen Sandiego?,Mac,5,NULL,70.0000,1,79.6830,23
105,Need for Speed: Hot Pursuit,PC (Microsoft Windows),78,NULL,89.7500,10,78.6209,316
190361,Iron Lung,PC (Microsoft Windows),NULL,NULL,NULL,NULL,78.1396,25
190361,Iron Lung,Nintendo Switch,NULL,NULL,NULL,NULL,78.1396,25
2941,Pro Evolution Soccer 2013,PC (Microsoft Windows),8,NULL,78.6667,9,71.6543,85
1973,Defiance,PC (Microsoft Windows),2,NULL,70.7000,14,50.9280,19
16035,Kid Chameleon,PC (Microsoft Windows),3,NULL,NULL,NULL,83.8680,32
16035,Kid Chameleon,Android,3,NULL,NULL,NULL,83.8680,32
132205,F1 2020,PC (Microsoft Windows),26,NULL,89.5000,5,89.1755,33
132205,F1 2020,PlayStation 4,26,NULL,89.5000,5,89.1755,33
132205,F1 2020,Xbox One,26,NULL,89.5000,5,89.1755,33
104890,Anodyne 2: Return to Dust,Linux,4,NULL,70.0000,2,68.8304,16
104890,Anodyne 2: Return to Dust,PC (Microsoft Windows),4,NULL,70.0000,2,68.8304,16
104890,Anodyne 2: Return to Dust,Mac,4,NULL,70.0000,2,68.8304,16
104890,Anodyne 2: Return to Dust,PlayStation 4,4,NULL,70.0000,2,68.8304,16
104890,Anodyne 2: Return to Dust,Xbox One,4,NULL,70.0000,2,68.8304,16
104890,Anodyne 2: Return to Dust,Nintendo Switch,4,NULL,70.0000,2,68.8304,16
104890,Anodyne 2: Return to Dust,PlayStation 5,4,NULL,70.0000,2,68.8304,16
6171,Year Walk,PC (Microsoft Windows),13,NULL,86.6667,3,76.1614,41
6171,Year Walk,Mac,13,NULL,86.6667,3,76.1614,41
6171,Year Walk,iOS,13,NULL,86.6667,3,76.1614,41
23412,Angry Birds Go!,Android,2,NULL,NULL,NULL,60.2325,11
23412,Angry Birds Go!,iOS,2,NULL,NULL,NULL,60.2325,11
5636,Candy Crush Saga,PC (Microsoft Windows),20,NULL,NULL,NULL,60.9408,51
5636,Candy Crush Saga,Android,20,NULL,NULL,NULL,60.9408,51
5636,Candy Crush Saga,iOS,20,NULL,NULL,NULL,60.9408,51
2697,Rocksmith,PC (Microsoft Windows),9,NULL,80.6667,7,81.6287,15
22397,Bear With Me,Linux,8,NULL,71.7778,3,80.3875,11
22397,Bear With Me,PC (Microsoft Windows),8,NULL,71.7778,3,80.3875,11
22397,Bear With Me,Mac,8,NULL,71.7778,3,80.3875,11
22397,Bear With Me,PlayStation 4,8,NULL,71.7778,3,80.3875,11
22397,Bear With Me,Xbox One,8,NULL,71.7778,3,80.3875,11
22397,Bear With Me,Nintendo Switch,8,NULL,71.7778,3,80.3875,11
7027,SpellForce: The Order of Dawn,PC (Microsoft Windows),12,NULL,83.0000,1,77.0923,50
24481,Football Manager 2017,Linux,15,NULL,82.0000,7,85.1797,35
24481,Football Manager 2017,PC (Microsoft Windows),15,NULL,82.0000,7,85.1797,35
24481,Football Manager 2017,Mac,15,NULL,82.0000,7,85.1797,35
18980,"Warhammer 40,000: Dawn of War III",Linux,30,12,76.7273,13,64.5606,22
18980,"Warhammer 40,000: Dawn of War III",PC (Microsoft Windows),30,12,76.7273,13,64.5606,22
18980,"Warhammer 40,000: Dawn of War III",Mac,30,12,76.7273,13,64.5606,22
1003,Enter the Matrix,PC (Microsoft Windows),21,NULL,55.8333,8,62.3015,124
6781,Starwhal,Linux,8,NULL,70.0000,2,54.7877,20
6781,Starwhal,PC (Microsoft Windows),8,NULL,70.0000,2,54.7877,20
6781,Starwhal,Mac,8,NULL,70.0000,2,54.7877,20
6781,Starwhal,PlayStation 4,8,NULL,70.0000,2,54.7877,20
6781,Starwhal,Xbox One,8,NULL,70.0000,2,54.7877,20
148228,V Rising,PC (Microsoft Windows),9,1,NULL,NULL,76.1699,24
75582,Carcassonne,PC (Microsoft Windows),NULL,NULL,75.0000,1,73.3339,14
75582,Carcassonne,Android,NULL,NULL,75.0000,1,73.3339,14
75582,Carcassonne,iOS,NULL,NULL,75.0000,1,73.3339,14
75582,Carcassonne,Nintendo Switch,NULL,NULL,75.0000,1,73.3339,14
26809,Hidden Folks,Linux,14,1,80.0000,6,74.2826,42
26809,Hidden Folks,PC (Microsoft Windows),14,1,80.0000,6,74.2826,42
26809,Hidden Folks,Mac,14,1,80.0000,6,74.2826,42
26809,Hidden Folks,Android,14,1,80.0000,6,74.2826,42
26809,Hidden Folks,iOS,14,1,80.0000,6,74.2826,42
26809,Hidden Folks,Nintendo Switch,14,1,80.0000,6,74.2826,42
10039,Superfighters Deluxe,PC (Microsoft Windows),420,38,NULL,NULL,92.9372,83
8258,Street Fighter V,PC (Microsoft Windows),89,18,71.7895,24,73.2669,128
8258,Street Fighter V,PlayStation 4,89,18,71.7895,24,73.2669,128
145327,Town Star,Web browser,21,NULL,NULL,NULL,93.3164,34
19943,Melty Blood Actress Again Current Code,PC (Microsoft Windows),2,NULL,80.0000,1,74.9029,22
116795,Mario & Sonic at the Olympic Games Tokyo 2020,Nintendo Switch,25,1,63.0000,2,72.9202,11
1975,8 Eyes,PC (Microsoft Windows),1,NULL,NULL,NULL,54.1787,14
22486,Honey Select,PC (Microsoft Windows),33,NULL,NULL,NULL,72.1881,16
19747,Teenage Mutant Ninja Turtles,PC (Microsoft Windows),8,NULL,60.0000,2,60.8428,34
9768,Morphopolis,PC (Microsoft Windows),3,NULL,55.0000,2,64.9627,16
106805,Call of Duty: Mobile,Android,22,NULL,82.5000,3,65.8106,87
106805,Call of Duty: Mobile,iOS,22,NULL,82.5000,3,65.8106,87
1231,Phantasy Star III: Generations of Doom,Linux,3,NULL,NULL,NULL,77.0491,17
1231,Phantasy Star III: Generations of Doom,PC (Microsoft Windows),3,NULL,NULL,NULL,77.0491,17
1231,Phantasy Star III: Generations of Doom,Mac,3,NULL,NULL,NULL,77.0491,17
18814,The King of Fighters XIV,PC (Microsoft Windows),11,3,79.7647,19,81.3336,22
18814,The King of Fighters XIV,PlayStation 4,11,3,79.7647,19,81.3336,22
14391,Tree of Savior,PC (Microsoft Windows),4,2,58.0000,2,53.1735,12
68391,Shadow Fight 3,Android,6,NULL,NULL,NULL,60.3482,13
68391,Shadow Fight 3,iOS,6,NULL,NULL,NULL,60.3482,13
9256,The Lord of the Rings: War of the Ring,PC (Microsoft Windows),9,NULL,91.0000,1,67.1176,39
8006,Marlow Briggs and the Mask of Death,PC (Microsoft Windows),6,NULL,70.0000,1,71.7790,11
28558,The Sims Mobile,Android,4,NULL,NULL,NULL,66.4904,12
28558,The Sims Mobile,iOS,4,NULL,NULL,NULL,66.4904,12
27162,Touhou Eiyashou: Imperishable Night,PC (Microsoft Windows),4,NULL,NULL,NULL,74.2335,20
54612,Fallout 4: Game of the Year Edition,PC (Microsoft Windows),11,NULL,NULL,NULL,89.1724,46
54612,Fallout 4: Game of the Year Edition,PlayStation 4,11,NULL,NULL,NULL,89.1724,46
54612,Fallout 4: Game of the Year Edition,Xbox One,11,NULL,NULL,NULL,89.1724,46
8040,Poker Night at the Inventory,PC (Microsoft Windows),11,NULL,NULL,NULL,69.0940,38
8040,Poker Night at the Inventory,Mac,11,NULL,NULL,NULL,69.0940,38
21040,Dark Souls: Prepare to Die Edition,PC (Microsoft Windows),78,1,84.3333,4,89.6964,173
25009,Fahrenheit: Indigo Prophecy Remastered,Linux,24,NULL,NULL,NULL,78.2880,45
25009,Fahrenheit: Indigo Prophecy Remastered,PC (Microsoft Windows),24,NULL,NULL,NULL,78.2880,45
25009,Fahrenheit: Indigo Prophecy Remastered,Mac,24,NULL,NULL,NULL,78.2880,45
25009,Fahrenheit: Indigo Prophecy Remastered,Android,24,NULL,NULL,NULL,78.2880,45
25009,Fahrenheit: Indigo Prophecy Remastered,iOS,24,NULL,NULL,NULL,78.2880,45
25009,Fahrenheit: Indigo Prophecy Remastered,PlayStation 4,24,NULL,NULL,NULL,78.2880,45
5626,Forced,Linux,3,1,78.7500,4,86.3508,11
5626,Forced,PC (Microsoft Windows),3,1,78.7500,4,86.3508,11
5626,Forced,Mac,3,1,78.7500,4,86.3508,11
5626,Forced,PlayStation 4,3,1,78.7500,4,86.3508,11
5626,Forced,Xbox One,3,1,78.7500,4,86.3508,11
5539,Archon,PC (Microsoft Windows),4,NULL,NULL,NULL,78.1876,22
5539,Archon,Mac,4,NULL,NULL,NULL,78.1876,22
5561,Vandal Hearts,PC (Microsoft Windows),4,NULL,80.0000,1,80.1097,13
87029,Pou,Android,NULL,NULL,NULL,NULL,52.9157,12
87029,Pou,iOS,NULL,NULL,NULL,NULL,52.9157,12
35099,Viridi,Linux,1,NULL,NULL,NULL,50.7595,11
35099,Viridi,PC (Microsoft Windows),1,NULL,NULL,NULL,50.7595,11
35099,Viridi,Mac,1,NULL,NULL,NULL,50.7595,11
35099,Viridi,Android,1,NULL,NULL,NULL,50.7595,11
35099,Viridi,iOS,1,NULL,NULL,NULL,50.7595,11
13150,The Sims 4: Spooky Stuff,PC (Microsoft Windows),2,NULL,NULL,NULL,65.1651,11
13150,The Sims 4: Spooky Stuff,Mac,2,NULL,NULL,NULL,65.1651,11
13150,The Sims 4: Spooky Stuff,PlayStation 4,2,NULL,NULL,NULL,65.1651,11
13150,The Sims 4: Spooky Stuff,Xbox One,2,NULL,NULL,NULL,65.1651,11
13150,The Sims 4: Spooky Stuff,PlayStation 5,2,NULL,NULL,NULL,65.1651,11
191897,Aperture Desk Job,Linux,5,NULL,NULL,NULL,70.9577,32
191897,Aperture Desk Job,PC (Microsoft Windows),5,NULL,NULL,NULL,70.9577,32
28975,Peggle Deluxe,PC (Microsoft Windows),4,NULL,NULL,NULL,78.4559,20
28975,Peggle Deluxe,Mac,4,NULL,NULL,NULL,78.4559,20
6342,Solar 2,PC (Microsoft Windows),5,NULL,82.0000,1,79.8280,14
6342,Solar 2,Mac,5,NULL,82.0000,1,79.8280,14
6342,Solar 2,Android,5,NULL,82.0000,1,79.8280,14
6342,Solar 2,iOS,5,NULL,82.0000,1,79.8280,14
84197,Faith: The Unholy Trinity,PC (Microsoft Windows),NULL,NULL,NULL,NULL,79.5806,11
140042,Ghost of Tsushima: Legends,PlayStation 4,1,NULL,NULL,NULL,79.4177,11
140042,Ghost of Tsushima: Legends,PlayStation 5,1,NULL,NULL,NULL,79.4177,11
16306,Pocket Mortys,Android,6,NULL,61.6667,3,69.8019,12
16306,Pocket Mortys,iOS,6,NULL,61.6667,3,69.8019,12
2847,A Bug's Life,PC (Microsoft Windows),4,NULL,NULL,NULL,70.8919,38
7508,Caesar IV,PC (Microsoft Windows),9,NULL,69.0000,3,74.6269,18
840,Railroad Tycoon 3,PC (Microsoft Windows),7,1,85.0000,2,81.4011,13
840,Railroad Tycoon 3,Mac,7,1,85.0000,2,81.4011,13
9146,Guilty Gear XX Accent Core Plus R,PC (Microsoft Windows),3,NULL,0.0000,2,90.1384,25
9146,Guilty Gear XX Accent Core Plus R,Nintendo Switch,3,NULL,0.0000,2,90.1384,25
6975,Dynasty Warriors 6,PC (Microsoft Windows),8,NULL,66.2500,5,75.5818,19
7420,How to Survive,PC (Microsoft Windows),12,NULL,86.5000,2,65.6029,38
27166,Touhou Youyoumu: Perfect Cherry Blossom,PC (Microsoft Windows),3,NULL,NULL,NULL,80.1862,18
12579,Danganronpa V3: Killing Harmony,PC (Microsoft Windows),52,10,87.6154,14,89.1226,151
12579,Danganronpa V3: Killing Harmony,iOS,52,10,87.6154,14,89.1226,151
12579,Danganronpa V3: Killing Harmony,PlayStation 4,52,10,87.6154,14,89.1226,151
157,Star Wars: Dark Forces,PC (Microsoft Windows),32,NULL,66.0000,3,78.3908,121
157,Star Wars: Dark Forces,Mac,32,NULL,66.0000,3,78.3908,121
7842,Danganronpa: Trigger Happy Havoc,Linux,57,NULL,82.3333,11,81.5370,272
7842,Danganronpa: Trigger Happy Havoc,PC (Microsoft Windows),57,NULL,82.3333,11,81.5370,272
7842,Danganronpa: Trigger Happy Havoc,Mac,57,NULL,82.3333,11,81.5370,272
7842,Danganronpa: Trigger Happy Havoc,Android,57,NULL,82.3333,11,81.5370,272
7842,Danganronpa: Trigger Happy Havoc,iOS,57,NULL,82.3333,11,81.5370,272
3040,A Virus Named Tom,Linux,5,NULL,NULL,NULL,46.0146,11
3040,A Virus Named Tom,PC (Microsoft Windows),5,NULL,NULL,NULL,46.0146,11
3040,A Virus Named Tom,Mac,5,NULL,NULL,NULL,46.0146,11
3592,Robotron: 2084,Mac,4,NULL,70.0000,1,70.3643,11
81909,Exo One,PC (Microsoft Windows),3,3,NULL,NULL,69.6839,24
81909,Exo One,PlayStation 4,3,3,NULL,NULL,69.6839,24
81909,Exo One,Xbox One,3,3,NULL,NULL,69.6839,24
81909,Exo One,PlayStation 5,3,3,NULL,NULL,69.6839,24
2249,DeathSpank,Linux,14,NULL,79.3333,7,77.8896,25
2249,DeathSpank,PC (Microsoft Windows),14,NULL,79.3333,7,77.8896,25
2249,DeathSpank,Mac,14,NULL,79.3333,7,77.8896,25
178283,NFUT Cards,Web browser,18,NULL,NULL,NULL,94.7826,23
13777,The House of the Dead 2,PC (Microsoft Windows),11,NULL,67.0000,3,72.2121,44
5863,The House of the Dead III,PC (Microsoft Windows),4,NULL,NULL,NULL,69.9272,21
2987,Wolfenstein: Enemy Territory,Linux,19,NULL,NULL,NULL,82.5847,57
2987,Wolfenstein: Enemy Territory,PC (Microsoft Windows),19,NULL,NULL,NULL,82.5847,57
2987,Wolfenstein: Enemy Territory,Mac,19,NULL,NULL,NULL,82.5847,57
120710,The Henry Stickmin Collection,PC (Microsoft Windows),5,NULL,NULL,NULL,93.9682,41
120710,The Henry Stickmin Collection,Mac,5,NULL,NULL,NULL,93.9682,41
11589,Yomawari: Night Alone,PC (Microsoft Windows),5,2,80.0000,7,51.9658,29
3043,Dungeon Defenders,Linux,12,NULL,77.5000,5,70.9125,52
3043,Dungeon Defenders,PC (Microsoft Windows),12,NULL,77.5000,5,70.9125,52
3043,Dungeon Defenders,Mac,12,NULL,77.5000,5,70.9125,52
3043,Dungeon Defenders,Android,12,NULL,77.5000,5,70.9125,52
3043,Dungeon Defenders,iOS,12,NULL,77.5000,5,70.9125,52
9703,Faerie Solitaire,Linux,3,NULL,NULL,NULL,69.5151,12
9703,Faerie Solitaire,PC (Microsoft Windows),3,NULL,NULL,NULL,69.5151,12
9703,Faerie Solitaire,Mac,3,NULL,NULL,NULL,69.5151,12
20043,Yu-Gi-Oh! Legacy of the Duelist,PC (Microsoft Windows),11,NULL,80.0000,3,81.5282,28
20043,Yu-Gi-Oh! Legacy of the Duelist,PlayStation 4,11,NULL,80.0000,3,81.5282,28
20043,Yu-Gi-Oh! Legacy of the Duelist,Xbox One,11,NULL,80.0000,3,81.5282,28
111651,Diablo Immortal,PC (Microsoft Windows),8,16,60.0000,1,34.6168,57
111651,Diablo Immortal,Android,8,16,60.0000,1,34.6168,57
111651,Diablo Immortal,iOS,8,16,60.0000,1,34.6168,57
2250,DeathSpank: Thongs of Virtue,Linux,6,NULL,72.6667,4,79.6185,11
2250,DeathSpank: Thongs of Virtue,PC (Microsoft Windows),6,NULL,72.6667,4,79.6185,11
2250,DeathSpank: Thongs of Virtue,Mac,6,NULL,72.6667,4,79.6185,11
7879,Savant: Ascent,Linux,3,NULL,NULL,NULL,59.9288,11
7879,Savant: Ascent,PC (Microsoft Windows),3,NULL,NULL,NULL,59.9288,11
7879,Savant: Ascent,Mac,3,NULL,NULL,NULL,59.9288,11
7879,Savant: Ascent,Android,3,NULL,NULL,NULL,59.9288,11
7879,Savant: Ascent,iOS,3,NULL,NULL,NULL,59.9288,11
87622,Garena Free Fire,Android,74,NULL,NULL,NULL,60.3767,36
87622,Garena Free Fire,iOS,74,NULL,NULL,NULL,60.3767,36
2469,The House of the Dead,PC (Microsoft Windows),6,NULL,NULL,NULL,67.3860,44
10090,Tony Hawk's Pro Skater 5,PlayStation 4,12,9,35.0000,7,59.6495,14
10090,Tony Hawk's Pro Skater 5,Xbox One,12,9,35.0000,7,59.6495,14
74567,Misao: Definitive Edition,PC (Microsoft Windows),1,NULL,65.0000,2,79.7762,11
12340,Summer Games,PC (Microsoft Windows),3,NULL,NULL,NULL,72.2078,17
27523,Alien Swarm: Reactive Drop,PC (Microsoft Windows),8,NULL,NULL,NULL,72.4360,17
1330,Turok,PC (Microsoft Windows),20,NULL,75.0000,7,65.8018,56
136000,The Gunk,PC (Microsoft Windows),1,6,66.2500,7,64.8823,39
136000,The Gunk,Xbox One,1,6,66.2500,7,64.8823,39
93807,Counter-Strike: Condition Zero - Deleted Scenes,Linux,3,NULL,NULL,NULL,64.7060,20
93807,Counter-Strike: Condition Zero - Deleted Scenes,PC (Microsoft Windows),3,NULL,NULL,NULL,64.7060,20
93807,Counter-Strike: Condition Zero - Deleted Scenes,Mac,3,NULL,NULL,NULL,64.7060,20
888,Supreme Commander: Forged Alliance,Linux,13,NULL,75.0000,3,77.7848,34
888,Supreme Commander: Forged Alliance,PC (Microsoft Windows),13,NULL,75.0000,3,77.7848,34
566,Ghostbusters: The Video Game,PC (Microsoft Windows),9,NULL,69.8571,12,76.1217,45
10619,Cricket 07,PC (Microsoft Windows),1,NULL,30.0000,1,65.9446,14
739,Guild Wars: Factions,PC (Microsoft Windows),15,NULL,80.0000,3,79.8774,37
80877,Final Fantasy XV: Royal Edition,PlayStation 4,NULL,NULL,73.0000,1,78.4647,25
80877,Final Fantasy XV: Royal Edition,Xbox One,NULL,NULL,73.0000,1,78.4647,25
144,Star Wars: Empire at War,PC (Microsoft Windows),18,NULL,72.5000,3,73.9652,88
144,Star Wars: Empire at War,Mac,18,NULL,72.5000,3,73.9652,88
11605,The Typing of the Dead,PC (Microsoft Windows),4,NULL,80.0000,1,65.5027,15
192150,Sonic Adventure DX: Director's Cut,PC (Microsoft Windows),NULL,NULL,NULL,NULL,73.9564,12
10700,PixelJunk Eden,PC (Microsoft Windows),2,NULL,87.3333,4,51.8371,13
9628,Transformice,PC (Microsoft Windows),7,1,NULL,NULL,68.9847,24
9628,Transformice,Mac,7,1,NULL,NULL,68.9847,24
9628,Transformice,Web browser,7,1,NULL,NULL,68.9847,24
55092,Secret of Mana,PC (Microsoft Windows),41,4,68.0000,10,51.7043,17
55092,Secret of Mana,PlayStation 4,41,4,68.0000,10,51.7043,17
139446,Mortal Kombat 11: Ultimate,PC (Microsoft Windows),3,1,97.3333,4,89.8576,15
139446,Mortal Kombat 11: Ultimate,PlayStation 4,3,1,97.3333,4,89.8576,15
139446,Mortal Kombat 11: Ultimate,Xbox One,3,1,97.3333,4,89.8576,15
139446,Mortal Kombat 11: Ultimate,Nintendo Switch,3,1,97.3333,4,89.8576,15
139446,Mortal Kombat 11: Ultimate,PlayStation 5,3,1,97.3333,4,89.8576,15
55077,Beast Battle Simulator,PC (Microsoft Windows),39,NULL,NULL,NULL,96.4117,13
55077,Beast Battle Simulator,iOS,39,NULL,NULL,NULL,96.4117,13
20053,SimCity BuildIt,Android,6,NULL,80.0000,3,69.8731,19
20053,SimCity BuildIt,iOS,6,NULL,80.0000,3,69.8731,19
3769,DCS World,PC (Microsoft Windows),4,NULL,NULL,NULL,92.5913,13
120,Diablo III,PC (Microsoft Windows),244,NULL,83.4000,22,78.4176,756
120,Diablo III,Mac,244,NULL,83.4000,22,78.4176,756
120,Diablo III,PlayStation 4,244,NULL,83.4000,22,78.4176,756
120,Diablo III,Xbox One,244,NULL,83.4000,22,78.4176,756
9741,Guitar Hero Live,PlayStation 4,15,4,80.7500,16,75.5431,31
9741,Guitar Hero Live,Xbox One,15,4,80.7500,16,75.5431,31
2733,10-Yard Fight,PlayStation 4,1,NULL,NULL,NULL,59.2258,12
119295,Microsoft Flight Simulator,PC (Microsoft Windows),43,19,85.4444,13,93.4344,60
119295,Microsoft Flight Simulator,Xbox One,43,19,85.4444,13,93.4344,60
1864,Ni no Kuni: Wrath of the White Witch,Nintendo Switch,72,NULL,83.7000,13,86.1786,180
1427,Phoenix Wright: Ace Attorney - Justice for All,PC (Microsoft Windows),34,NULL,80.0000,4,78.3683,163
1429,Apollo Justice: Ace Attorney,Android,21,NULL,74.4000,7,72.2702,107
1429,Apollo Justice: Ace Attorney,iOS,21,NULL,74.4000,7,72.2702,107
1428,Phoenix Wright: Ace Attorney - Trials and Tribulations,PC (Microsoft Windows),36,NULL,83.5000,3,87.9745,159
3668,Shrek 2,PC (Microsoft Windows),18,NULL,63.7500,5,57.9837,54
12077,Phoenix Wright: Ace Attorney - Spirit of Justice,Android,23,7,81.4444,19,83.5373,33
12077,Phoenix Wright: Ace Attorney - Spirit of Justice,iOS,23,7,81.4444,19,83.5373,33
1430,Ace Attorney Investigations: Miles Edgeworth,Android,17,NULL,81.0000,3,75.6265,62
1430,Ace Attorney Investigations: Miles Edgeworth,iOS,17,NULL,81.0000,3,75.6265,62
160,Star Wars: Jedi Knight - Mysteries of the Sith,PC (Microsoft Windows),5,NULL,NULL,NULL,79.6830,28
76244,The Great Ace Attorney: Adventures,PC (Microsoft Windows),10,NULL,NULL,NULL,92.1356,23
76244,The Great Ace Attorney: Adventures,Android,10,NULL,NULL,NULL,92.1356,23
76244,The Great Ace Attorney: Adventures,iOS,10,NULL,NULL,NULL,92.1356,23
76244,The Great Ace Attorney: Adventures,PlayStation 4,10,NULL,NULL,NULL,92.1356,23
76244,The Great Ace Attorney: Adventures,Nintendo Switch,10,NULL,NULL,NULL,92.1356,23
6743,Dungeons of Dredmor,Linux,4,NULL,70.0000,2,69.9212,32
6743,Dungeons of Dredmor,PC (Microsoft Windows),4,NULL,70.0000,2,69.9212,32
6743,Dungeons of Dredmor,Mac,4,NULL,70.0000,2,69.9212,32
1907,Grim Dawn,PC (Microsoft Windows),52,16,82.0000,4,74.2807,151
1907,Grim Dawn,Xbox One,52,16,82.0000,4,74.2807,151
3019,Starbound,Linux,63,4,87.4000,6,71.7020,179
3019,Starbound,PC (Microsoft Windows),63,4,87.4000,6,71.7020,179
3019,Starbound,Mac,63,4,87.4000,6,71.7020,179
2592,DEFCON,Linux,3,NULL,85.0000,3,77.3748,22
2592,DEFCON,PC (Microsoft Windows),3,NULL,85.0000,3,77.3748,22
2592,DEFCON,Mac,3,NULL,85.0000,3,77.3748,22
2238,King's Quest V: Absence Makes the Heart Go Yonder!,PC (Microsoft Windows),9,NULL,NULL,NULL,73.1707,25
2238,King's Quest V: Absence Makes the Heart Go Yonder!,Mac,9,NULL,NULL,NULL,73.1707,25
5968,Double Dragon Neon,PC (Microsoft Windows),3,NULL,75.5000,4,77.0310,19
5968,Double Dragon Neon,Nintendo Switch,3,NULL,75.5000,4,77.0310,19
945,Football Manager 2007,PC (Microsoft Windows),5,NULL,76.2500,3,77.2924,18
945,Football Manager 2007,Mac,5,NULL,76.2500,3,77.2924,18
6790,Double Dragon II: The Revenge,PlayStation 4,18,NULL,NULL,NULL,77.9079,74
6790,Double Dragon II: The Revenge,Nintendo Switch,18,NULL,NULL,NULL,77.9079,74
8819,A Golden Wake,Linux,4,NULL,86.0000,1,62.9177,15
8819,A Golden Wake,PC (Microsoft Windows),4,NULL,86.0000,1,62.9177,15
8819,A Golden Wake,Mac,4,NULL,86.0000,1,62.9177,15
1956,Alone in the Dark,Mac,19,NULL,60.0000,1,72.5356,59
1956,Alone in the Dark,iOS,19,NULL,60.0000,1,72.5356,59
113108,Journey to the Savage Planet,PC (Microsoft Windows),13,9,80.3636,16,73.5918,39
113108,Journey to the Savage Planet,PlayStation 4,13,9,80.3636,16,73.5918,39
113108,Journey to the Savage Planet,Xbox One,13,9,80.3636,16,73.5918,39
113108,Journey to the Savage Planet,Nintendo Switch,13,9,80.3636,16,73.5918,39
113108,Journey to the Savage Planet,PlayStation 5,13,9,80.3636,16,73.5918,39
8960,Nosferatu: The Wrath of Malachi,PC (Microsoft Windows),4,NULL,80.0000,1,71.2902,18
138235,Super Mario Bros. 35,Nintendo Switch,21,20,70.0000,5,59.9975,34
1371,Company of Heroes: Tales of Valor,PC (Microsoft Windows),13,1,67.5000,5,83.3706,31
3743,Freddi Fish and The Case of the Missing Kelp Seeds,PC (Microsoft Windows),2,NULL,NULL,NULL,79.9585,14
3743,Freddi Fish and The Case of the Missing Kelp Seeds,Mac,2,NULL,NULL,NULL,79.9585,14
3743,Freddi Fish and The Case of the Missing Kelp Seeds,Android,2,NULL,NULL,NULL,79.9585,14
1370,Company of Heroes: Opposing Fronts,PC (Microsoft Windows),14,1,82.0000,3,83.6440,27
11292,Rogue Galaxy,PlayStation 4,9,NULL,81.5000,4,67.1209,30
41829,The Legend of Zelda: Breath of the Wild - Expansion Pass,Nintendo Switch,6,NULL,NULL,NULL,95.9378,15
2947,Shadow Warrior,Linux,29,NULL,77.5000,0,77.7632,65
2947,Shadow Warrior,PC (Microsoft Windows),29,NULL,77.5000,0,77.7632,65
2947,Shadow Warrior,Mac,29,NULL,77.5000,0,77.7632,65
2947,Shadow Warrior,iOS,29,NULL,77.5000,0,77.7632,65
43036,Monkey Island Special Edition Collection,PC (Microsoft Windows),3,NULL,NULL,NULL,95.0163,13
3231,Below,PC (Microsoft Windows),44,28,65.8000,12,72.5927,19
3231,Below,PlayStation 4,44,28,65.8000,12,72.5927,19
3231,Below,Xbox One,44,28,65.8000,12,72.5927,19
3075,FTL: Faster Than Light,Linux,110,NULL,88.8000,6,84.1474,351
3075,FTL: Faster Than Light,PC (Microsoft Windows),110,NULL,88.8000,6,84.1474,351
3075,FTL: Faster Than Light,Mac,110,NULL,88.8000,6,84.1474,351
3075,FTL: Faster Than Light,iOS,110,NULL,88.8000,6,84.1474,351
6984,EA Sports MMA,iOS,1,NULL,80.6000,8,77.3726,11
5991,Project: Snowblind,PC (Microsoft Windows),3,NULL,72.5000,4,63.0288,23
7042,Silver,PC (Microsoft Windows),13,NULL,NULL,NULL,77.0547,21
7042,Silver,Mac,13,NULL,NULL,NULL,77.0547,21
254,RollerCoaster Tycoon,PC (Microsoft Windows),63,NULL,83.0000,2,82.4585,179
11588,Quiplash,Linux,12,NULL,70.3333,3,76.2850,16
11588,Quiplash,PC (Microsoft Windows),12,NULL,70.3333,3,76.2850,16
11588,Quiplash,Mac,12,NULL,70.3333,3,76.2850,16
11588,Quiplash,PlayStation 4,12,NULL,70.3333,3,76.2850,16
11588,Quiplash,Xbox One,12,NULL,70.3333,3,76.2850,16
11588,Quiplash,Nintendo Switch,12,NULL,70.3333,3,76.2850,16
11265,Blood II: The Chosen,PC (Microsoft Windows),11,NULL,NULL,NULL,70.8621,23
78459,Divinity II: Developer's Cut,PC (Microsoft Windows),2,NULL,NULL,NULL,78.8516,14
22472,Artificial Academy 2,PC (Microsoft Windows),88,NULL,NULL,NULL,78.0867,32
1930,Gobliiins,PC (Microsoft Windows),9,NULL,NULL,NULL,79.9109,23
1930,Gobliiins,Mac,9,NULL,NULL,NULL,79.9109,23
1930,Gobliiins,iOS,9,NULL,NULL,NULL,79.9109,23
2209,Atlantis: The Lost Tales,Mac,4,NULL,NULL,NULL,53.8779,12
9103,Elasto Mania,PC (Microsoft Windows),10,NULL,NULL,NULL,91.3553,33
9103,Elasto Mania,iOS,10,NULL,NULL,NULL,91.3553,33
984,Tom Clancy's H.A.W.X 2,PC (Microsoft Windows),3,NULL,52.1667,9,60.2436,16
10717,Prehistorik,Linux,2,NULL,NULL,NULL,70.1453,21
10717,Prehistorik,PC (Microsoft Windows),2,NULL,NULL,NULL,70.1453,21
10717,Prehistorik,Mac,2,NULL,NULL,NULL,70.1453,21
2912,Leisure Suit Larry: Love for Sail!,Linux,13,NULL,NULL,NULL,82.2588,44
2912,Leisure Suit Larry: Love for Sail!,PC (Microsoft Windows),13,NULL,NULL,NULL,82.2588,44
2912,Leisure Suit Larry: Love for Sail!,Mac,13,NULL,NULL,NULL,82.2588,44
5577,Lyne,Linux,8,NULL,NULL,NULL,58.1534,24
5577,Lyne,PC (Microsoft Windows),8,NULL,NULL,NULL,58.1534,24
5577,Lyne,Mac,8,NULL,NULL,NULL,58.1534,24
5577,Lyne,Android,8,NULL,NULL,NULL,58.1534,24
5577,Lyne,iOS,8,NULL,NULL,NULL,58.1534,24
103330,Nioh 2,PC (Microsoft Windows),16,9,84.4444,10,79.6681,38
103330,Nioh 2,PlayStation 4,16,9,84.4444,10,79.6681,38
103330,Nioh 2,PlayStation 5,16,9,84.4444,10,79.6681,38
109462,Animal Crossing: New Horizons,Nintendo Switch,108,29,90.1818,15,83.6412,327
1369,Company of Heroes 2,Linux,35,NULL,77.7273,12,79.9400,88
1369,Company of Heroes 2,PC (Microsoft Windows),35,NULL,77.7273,12,79.9400,88
1369,Company of Heroes 2,Mac,35,NULL,77.7273,12,79.9400,88
145515,Pac-Man 99,Nintendo Switch,NULL,NULL,77.6667,4,78.6214,13
19136,CastleStorm,PC (Microsoft Windows),2,NULL,73.0000,9,69.3576,11
19136,CastleStorm,iOS,2,NULL,73.0000,9,69.3576,11
19136,CastleStorm,PlayStation 4,2,NULL,73.0000,9,69.3576,11
19136,CastleStorm,Xbox One,2,NULL,73.0000,9,69.3576,11
19136,CastleStorm,Nintendo Switch,2,NULL,73.0000,9,69.3576,11
3977,Lemony Snicket's A Series of Unfortunate Events,PC (Microsoft Windows),5,NULL,58.8000,5,69.2791,13
54780,Subsurface Circular,PC (Microsoft Windows),8,NULL,67.0000,3,71.4392,21
54780,Subsurface Circular,Mac,8,NULL,67.0000,3,71.4392,21
54780,Subsurface Circular,iOS,8,NULL,67.0000,3,71.4392,21
54780,Subsurface Circular,Nintendo Switch,8,NULL,67.0000,3,71.4392,21
654,Company of Heroes,PC (Microsoft Windows),71,NULL,95.0000,5,85.4496,194
654,Company of Heroes,iOS,71,NULL,95.0000,5,85.4496,194
1622,Mortal Kombat 4,PC (Microsoft Windows),22,NULL,NULL,NULL,70.5629,166
9543,"Zero Escape: Nine Hours, Nine Persons, Nine Doors",PC (Microsoft Windows),41,NULL,90.0000,3,83.5178,175
9543,"Zero Escape: Nine Hours, Nine Persons, Nine Doors",PlayStation 4,41,NULL,90.0000,3,83.5178,175
9543,"Zero Escape: Nine Hours, Nine Persons, Nine Doors",Xbox One,41,NULL,90.0000,3,83.5178,175
3323,Tropico 2: Pirate Cove,PC (Microsoft Windows),4,NULL,86.0000,2,70.0219,13
3323,Tropico 2: Pirate Cove,Mac,4,NULL,86.0000,2,70.0219,13
8433,Lifeless Planet,Linux,9,NULL,61.4286,7,59.7125,25
8433,Lifeless Planet,PC (Microsoft Windows),9,NULL,61.4286,7,59.7125,25
8433,Lifeless Planet,Mac,9,NULL,61.4286,7,59.7125,25
8433,Lifeless Planet,PlayStation 4,9,NULL,61.4286,7,59.7125,25
8433,Lifeless Planet,Xbox One,9,NULL,61.4286,7,59.7125,25
19847,HunieCam Studio,Linux,12,NULL,75.0000,1,77.2389,28
19847,HunieCam Studio,PC (Microsoft Windows),12,NULL,75.0000,1,77.2389,28
19847,HunieCam Studio,Mac,12,NULL,75.0000,1,77.2389,28
7625,Nancy Drew: Secret of the Scarlet Hand,PC (Microsoft Windows),NULL,NULL,NULL,NULL,67.0575,14
19530,Quake Champions,PC (Microsoft Windows),33,14,NULL,NULL,72.5703,58
1348,Ghost Trick: Phantom Detective,PC (Microsoft Windows),24,NULL,50.0000,10,89.8760,81
1348,Ghost Trick: Phantom Detective,iOS,24,NULL,50.0000,10,89.8760,81
27034,Linelight,Linux,6,NULL,90.4000,8,96.8896,16
27034,Linelight,PC (Microsoft Windows),6,NULL,90.4000,8,96.8896,16
27034,Linelight,Mac,6,NULL,90.4000,8,96.8896,16
27034,Linelight,PlayStation 4,6,NULL,90.4000,8,96.8896,16
27034,Linelight,Nintendo Switch,6,NULL,90.4000,8,96.8896,16
15830,Saya no Uta,PC (Microsoft Windows),20,NULL,NULL,NULL,84.4716,61
15830,Saya no Uta,Android,20,NULL,NULL,NULL,84.4716,61
7233,Venetica,PC (Microsoft Windows),5,NULL,46.6667,5,37.5254,19
12209,Tokyo Twilight Ghost Hunters: Daybreak Special Gigs,PC (Microsoft Windows),1,NULL,65.9091,11,60.0000,2
12209,Tokyo Twilight Ghost Hunters: Daybreak Special Gigs,PlayStation 4,1,NULL,65.9091,11,60.0000,2
5234,Top Spin,PC (Microsoft Windows),6,NULL,80.0000,3,72.5267,15
107776,"One Night, Hot Springs",Linux,1,1,NULL,NULL,70.1888,18
107776,"One Night, Hot Springs",PC (Microsoft Windows),1,1,NULL,NULL,70.1888,18
107776,"One Night, Hot Springs",Mac,1,1,NULL,NULL,70.1888,18
107776,"One Night, Hot Springs",Android,1,1,NULL,NULL,70.1888,18
1491,SimCity Societies,PC (Microsoft Windows),6,NULL,66.6667,4,66.1548,19
109532,Assassin's Creed III Remastered,PC (Microsoft Windows),21,1,80.0000,1,78.0997,56
109532,Assassin's Creed III Remastered,PlayStation 4,21,1,80.0000,1,78.0997,56
109532,Assassin's Creed III Remastered,Xbox One,21,1,80.0000,1,78.0997,56
109532,Assassin's Creed III Remastered,Nintendo Switch,21,1,80.0000,1,78.0997,56
62032,Hungry Shark Evolution,PC (Microsoft Windows),4,NULL,NULL,NULL,70.3636,17
62032,Hungry Shark Evolution,Android,4,NULL,NULL,NULL,70.3636,17
62032,Hungry Shark Evolution,iOS,4,NULL,NULL,NULL,70.3636,17
433,The Chronicles of Riddick: Assault on Dark Athena,PC (Microsoft Windows),29,NULL,80.8333,8,80.9948,58
433,The Chronicles of Riddick: Assault on Dark Athena,Mac,29,NULL,80.8333,8,80.9948,58
6637,Hexen II,PC (Microsoft Windows),9,NULL,NULL,NULL,68.8094,18
3789,Asterix & Obelix: Kick Buttix,PC (Microsoft Windows),8,NULL,NULL,NULL,68.4770,20
7629,Nancy Drew: Legend of the Crystal Skull,PC (Microsoft Windows),1,NULL,NULL,NULL,79.4154,11
68369,The Norwood Suite,Linux,2,NULL,NULL,NULL,79.5277,11
68369,The Norwood Suite,PC (Microsoft Windows),2,NULL,NULL,NULL,79.5277,11
68369,The Norwood Suite,Mac,2,NULL,NULL,NULL,79.5277,11
927,Unreal Tournament 2004,Linux,64,NULL,88.0000,3,83.4456,174
927,Unreal Tournament 2004,PC (Microsoft Windows),64,NULL,88.0000,3,83.4456,174
927,Unreal Tournament 2004,Mac,64,NULL,88.0000,3,83.4456,174
7864,DeadCore,Linux,2,NULL,62.6667,3,62.7068,13
7864,DeadCore,PC (Microsoft Windows),2,NULL,62.6667,3,62.7068,13
7864,DeadCore,Mac,2,NULL,62.6667,3,62.7068,13
7864,DeadCore,PlayStation 4,2,NULL,62.6667,3,62.7068,13
9834,Warlords Battlecry III,PC (Microsoft Windows),9,NULL,NULL,NULL,82.7364,18
8360,One Finger Death Punch,PC (Microsoft Windows),18,NULL,90.0000,2,70.7232,50
8360,One Finger Death Punch,Android,18,NULL,90.0000,2,70.7232,50
55189,Warhammer: Vermintide 2,PC (Microsoft Windows),47,2,81.1111,12,75.2970,91
55189,Warhammer: Vermintide 2,PlayStation 4,47,2,81.1111,12,75.2970,91
55189,Warhammer: Vermintide 2,Xbox One,47,2,81.1111,12,75.2970,91
749,Homeworld,Linux,28,NULL,90.0000,1,85.2368,49
749,Homeworld,PC (Microsoft Windows),28,NULL,90.0000,1,85.2368,49
749,Homeworld,Mac,28,NULL,90.0000,1,85.2368,49
2844,The Simpsons: Hit & Run,PC (Microsoft Windows),54,NULL,72.8000,6,76.0563,214
26546,Dynasty Warriors 9,PC (Microsoft Windows),14,3,65.1250,10,50.6039,11
26546,Dynasty Warriors 9,PlayStation 4,14,3,65.1250,10,50.6039,11
26546,Dynasty Warriors 9,Xbox One,14,3,65.1250,10,50.6039,11
5597,Assetto Corsa,PC (Microsoft Windows),25,NULL,63.7000,11,80.3468,66
5597,Assetto Corsa,PlayStation 4,25,NULL,63.7000,11,80.3468,66
5597,Assetto Corsa,Xbox One,25,NULL,63.7000,11,80.3468,66
18013,Dungeon Souls,Linux,9,NULL,69.7500,5,63.1965,17
18013,Dungeon Souls,PC (Microsoft Windows),9,NULL,69.7500,5,63.1965,17
18013,Dungeon Souls,Mac,9,NULL,69.7500,5,63.1965,17
11491,Zombi,PC (Microsoft Windows),16,NULL,63.0000,6,67.2504,36
11491,Zombi,PlayStation 4,16,NULL,63.0000,6,67.2504,36
11491,Zombi,Xbox One,16,NULL,63.0000,6,67.2504,36
26869,World of Horror,PC (Microsoft Windows),4,2,90.0000,1,61.4688,14
26869,World of Horror,Mac,4,2,90.0000,1,61.4688,14
26869,World of Horror,PlayStation 4,4,2,90.0000,1,61.4688,14
26869,World of Horror,Nintendo Switch,4,2,90.0000,1,61.4688,14
26869,World of Horror,PlayStation 5,4,2,90.0000,1,61.4688,14
47068,FNaF World,PC (Microsoft Windows),2,NULL,NULL,NULL,73.8179,12
47068,FNaF World,Android,2,NULL,NULL,NULL,73.8179,12
10232,Thimbleweed Park,Linux,60,12,82.6154,15,80.2583,103
10232,Thimbleweed Park,PC (Microsoft Windows),60,12,82.6154,15,80.2583,103
10232,Thimbleweed Park,Mac,60,12,82.6154,15,80.2583,103
10232,Thimbleweed Park,Android,60,12,82.6154,15,80.2583,103
10232,Thimbleweed Park,iOS,60,12,82.6154,15,80.2583,103
10232,Thimbleweed Park,PlayStation 4,60,12,82.6154,15,80.2583,103
10232,Thimbleweed Park,Xbox One,60,12,82.6154,15,80.2583,103
10232,Thimbleweed Park,Nintendo Switch,60,12,82.6154,15,80.2583,103
2669,Guitar Hero World Tour,PC (Microsoft Windows),22,NULL,82.5000,6,74.4665,103
2669,Guitar Hero World Tour,Mac,22,NULL,82.5000,6,74.4665,103
337,American McGee's Alice,PC (Microsoft Windows),23,NULL,NULL,NULL,73.9481,99
337,American McGee's Alice,Mac,23,NULL,NULL,NULL,73.9481,99
3811,Bionicle: The Game,PC (Microsoft Windows),4,NULL,43.0000,1,61.1322,13
3811,Bionicle: The Game,Mac,4,NULL,43.0000,1,61.1322,13
103337,Divinity: Original Sin II - Definitive Edition,PC (Microsoft Windows),14,1,92.5556,9,90.4421,93
103337,Divinity: Original Sin II - Definitive Edition,Mac,14,1,92.5556,9,90.4421,93
103337,Divinity: Original Sin II - Definitive Edition,PlayStation 4,14,1,92.5556,9,90.4421,93
103337,Divinity: Original Sin II - Definitive Edition,Xbox One,14,1,92.5556,9,90.4421,93
103337,Divinity: Original Sin II - Definitive Edition,Nintendo Switch,14,1,92.5556,9,90.4421,93
4838,Guacamelee!,Linux,44,NULL,84.3636,12,79.3391,156
4838,Guacamelee!,PC (Microsoft Windows),44,NULL,84.3636,12,79.3391,156
4838,Guacamelee!,Mac,44,NULL,84.3636,12,79.3391,156
19577,Star Wars: Galaxy of Heroes,Android,4,1,70.0000,1,70.0474,23
19577,Star Wars: Galaxy of Heroes,iOS,4,1,70.0000,1,70.0474,23
143335,DinoScape,PC (Microsoft Windows),8,NULL,NULL,NULL,88.6885,14
143335,DinoScape,Android,8,NULL,NULL,NULL,88.6885,14
143335,DinoScape,iOS,8,NULL,NULL,NULL,88.6885,14
282,EverQuest,PC (Microsoft Windows),8,NULL,84.0000,1,71.8294,18
282,EverQuest,Mac,8,NULL,84.0000,1,71.8294,18
3203,Mad Father,PC (Microsoft Windows),6,NULL,NULL,NULL,80.0654,51
3203,Mad Father,Mac,6,NULL,NULL,NULL,80.0654,51
3203,Mad Father,Nintendo Switch,6,NULL,NULL,NULL,80.0654,51
27384,Graveyard Keeper,Linux,23,10,75.0000,1,76.1216,55
27384,Graveyard Keeper,PC (Microsoft Windows),23,10,75.0000,1,76.1216,55
27384,Graveyard Keeper,Mac,23,10,75.0000,1,76.1216,55
27384,Graveyard Keeper,Android,23,10,75.0000,1,76.1216,55
27384,Graveyard Keeper,iOS,23,10,75.0000,1,76.1216,55
27384,Graveyard Keeper,PlayStation 4,23,10,75.0000,1,76.1216,55
27384,Graveyard Keeper,Xbox One,23,10,75.0000,1,76.1216,55
27384,Graveyard Keeper,Nintendo Switch,23,10,75.0000,1,76.1216,55
11336,Warhammer: Dark Omen,PC (Microsoft Windows),4,NULL,NULL,NULL,79.6717,12
2632,Jaws Unleashed,PC (Microsoft Windows),6,NULL,49.8000,5,60.5799,12
7632,CSI: Dark Motives,PC (Microsoft Windows),2,NULL,70.0000,2,78.4368,11
10632,The Sims Medieval,PC (Microsoft Windows),5,NULL,75.0000,5,70.3929,37
10632,The Sims Medieval,Mac,5,NULL,75.0000,5,70.3929,37
78550,Bad North,PC (Microsoft Windows),17,2,66.5000,2,75.4984,59
78550,Bad North,Mac,17,2,66.5000,2,75.4984,59
78550,Bad North,Android,17,2,66.5000,2,75.4984,59
78550,Bad North,iOS,17,2,66.5000,2,75.4984,59
78550,Bad North,PlayStation 4,17,2,66.5000,2,75.4984,59
78550,Bad North,Xbox One,17,2,66.5000,2,75.4984,59
78550,Bad North,Nintendo Switch,17,2,66.5000,2,75.4984,59
46989,The Crooked Man,PC (Microsoft Windows),2,NULL,NULL,NULL,70.5334,12
214,Neverwinter Nights 2,PC (Microsoft Windows),45,NULL,85.0000,5,82.7385,121
214,Neverwinter Nights 2,Mac,45,NULL,85.0000,5,82.7385,121
22516,Crashday,PC (Microsoft Windows),2,NULL,60.0000,1,57.1636,11
674,Dungeons & Dragons: Dragonshard,PC (Microsoft Windows),4,NULL,70.0000,1,80.0953,11
16880,Tower of Guns,Linux,5,NULL,68.0000,7,56.4580,18
16880,Tower of Guns,PC (Microsoft Windows),5,NULL,68.0000,7,56.4580,18
16880,Tower of Guns,Mac,5,NULL,68.0000,7,56.4580,18
16880,Tower of Guns,PlayStation 4,5,NULL,68.0000,7,56.4580,18
16880,Tower of Guns,Xbox One,5,NULL,68.0000,7,56.4580,18
119656,Koikatsu Party,PC (Microsoft Windows),4,NULL,NULL,NULL,87.6463,11
5909,Marc Ecko's Getting Up: Contents Under Pressure,PC (Microsoft Windows),6,NULL,61.5000,4,70.3464,23
27441,Wargroove,PC (Microsoft Windows),15,6,84.6667,9,74.4965,40
27441,Wargroove,PlayStation 4,15,6,84.6667,9,74.4965,40
27441,Wargroove,Xbox One,15,6,84.6667,9,74.4965,40
27441,Wargroove,Nintendo Switch,15,6,84.6667,9,74.4965,40
5025,To the Moon,Linux,116,NULL,82.7143,8,81.4691,364
5025,To the Moon,PC (Microsoft Windows),116,NULL,82.7143,8,81.4691,364
5025,To the Moon,Mac,116,NULL,82.7143,8,81.4691,364
5025,To the Moon,Android,116,NULL,82.7143,8,81.4691,364
5025,To the Moon,iOS,116,NULL,82.7143,8,81.4691,364
5025,To the Moon,Nintendo Switch,116,NULL,82.7143,8,81.4691,364
29526,Kindergarten,PC (Microsoft Windows),2,NULL,NULL,NULL,86.0875,11
29526,Kindergarten,Mac,2,NULL,NULL,NULL,86.0875,11
8063,Retro City Rampage,PC (Microsoft Windows),10,NULL,72.5000,6,68.9418,17
8748,N,Linux,8,NULL,NULL,NULL,62.0804,15
8748,N,PC (Microsoft Windows),8,NULL,NULL,NULL,62.0804,15
8748,N,Mac,8,NULL,NULL,NULL,62.0804,15
8748,N,Web browser,8,NULL,NULL,NULL,62.0804,15
5729,Area 51,PC (Microsoft Windows),11,NULL,76.6667,3,72.9577,35
9732,The Flame in the Flood,PC (Microsoft Windows),24,2,76.8824,18,75.4735,53
9732,The Flame in the Flood,Mac,24,2,76.8824,18,75.4735,53
9732,The Flame in the Flood,PlayStation 4,24,2,76.8824,18,75.4735,53
9732,The Flame in the Flood,Xbox One,24,2,76.8824,18,75.4735,53
9732,The Flame in the Flood,Nintendo Switch,24,2,76.8824,18,75.4735,53
7020,Inversion,PC (Microsoft Windows),8,NULL,54.0000,7,64.7671,32
9201,Yet Another Zombie Defense,PC (Microsoft Windows),2,NULL,NULL,NULL,21.4330,15
9201,Yet Another Zombie Defense,iOS,2,NULL,NULL,NULL,21.4330,15
15903,Tharsis,PC (Microsoft Windows),9,NULL,63.4286,9,73.1152,15
15903,Tharsis,Mac,9,NULL,63.4286,9,73.1152,15
15903,Tharsis,iOS,9,NULL,63.4286,9,73.1152,15
15903,Tharsis,PlayStation 4,9,NULL,63.4286,9,73.1152,15
15903,Tharsis,Nintendo Switch,9,NULL,63.4286,9,73.1152,15
114684,Splitgate,PC (Microsoft Windows),12,NULL,65.0000,1,72.8002,44
114684,Splitgate,PlayStation 4,12,NULL,65.0000,1,72.8002,44
114684,Splitgate,Xbox One,12,NULL,65.0000,1,72.8002,44
114684,Splitgate,PlayStation 5,12,NULL,65.0000,1,72.8002,44
283,Theme Park,PC (Microsoft Windows),14,NULL,79.0000,2,68.9582,80
283,Theme Park,Mac,14,NULL,79.0000,2,68.9582,80
5612,LEGO Island,PC (Microsoft Windows),5,1,NULL,NULL,67.5901,21
8605,Gunman Clive 2,PC (Microsoft Windows),NULL,NULL,70.0000,2,74.3535,11
37138,Sengoku Rance,PC (Microsoft Windows),3,NULL,NULL,NULL,94.7147,24
18815,Ghostbusters,PC (Microsoft Windows),NULL,NULL,32.1667,13,30.0000,1
18815,Ghostbusters,PlayStation 4,NULL,NULL,32.1667,13,30.0000,1
18815,Ghostbusters,Xbox One,NULL,NULL,32.1667,13,30.0000,1
12633,Atelier Sophie: The Alchemist of the Mysterious Book,PC (Microsoft Windows),9,NULL,76.0833,12,77.9588,8
12633,Atelier Sophie: The Alchemist of the Mysterious Book,PlayStation 4,9,NULL,76.0833,12,77.9588,8
9705,10000000,Linux,4,NULL,80.0000,1,50.3168,15
9705,10000000,PC (Microsoft Windows),4,NULL,80.0000,1,50.3168,15
9705,10000000,Mac,4,NULL,80.0000,1,50.3168,15
9705,10000000,Android,4,NULL,80.0000,1,50.3168,15
9705,10000000,iOS,4,NULL,80.0000,1,50.3168,15
9244,Tembo the Badass Elephant,PC (Microsoft Windows),5,2,71.0000,12,72.0451,7
9244,Tembo the Badass Elephant,PlayStation 4,5,2,71.0000,12,72.0451,7
9244,Tembo the Badass Elephant,Xbox One,5,2,71.0000,12,72.0451,7
7168,The Dark Eye: Memoria,PC (Microsoft Windows),9,NULL,76.6667,3,80.5096,28
7168,The Dark Eye: Memoria,Mac,9,NULL,76.6667,3,80.5096,28
7168,The Dark Eye: Memoria,PlayStation 4,9,NULL,76.6667,3,80.5096,28
7168,The Dark Eye: Memoria,Xbox One,9,NULL,76.6667,3,80.5096,28
7168,The Dark Eye: Memoria,Nintendo Switch,9,NULL,76.6667,3,80.5096,28
18225,The Sinking City,PC (Microsoft Windows),62,61,70.0000,17,70.4237,80
18225,The Sinking City,PlayStation 4,62,61,70.0000,17,70.4237,80
18225,The Sinking City,Xbox One,62,61,70.0000,17,70.4237,80
18225,The Sinking City,Nintendo Switch,62,61,70.0000,17,70.4237,80
18225,The Sinking City,PlayStation 5,62,61,70.0000,17,70.4237,80
126153,S.T.A.L.K.E.R.: Anomaly,PC (Microsoft Windows),242,NULL,NULL,NULL,80.2365,21
47398,L.A. Noire: The Complete Edition,PC (Microsoft Windows),14,NULL,NULL,NULL,80.7149,30
26467,The Deed,PC (Microsoft Windows),4,NULL,NULL,NULL,64.7873,17
47461,Borderlands 2: Game of the Year Edition,PC (Microsoft Windows),13,NULL,NULL,NULL,82.5035,62
47461,Borderlands 2: Game of the Year Edition,Mac,13,NULL,NULL,NULL,82.5035,62
47461,Borderlands 2: Game of the Year Edition,Xbox One,13,NULL,NULL,NULL,82.5035,62
3946,The Hobbit,PC (Microsoft Windows),10,NULL,59.0000,1,72.2469,25
5979,Pariah,PC (Microsoft Windows),2,NULL,65.7500,5,59.8407,13
118993,Borderlands: Game of the Year Enhanced,PC (Microsoft Windows),68,NULL,NULL,NULL,69.1156,32
13661,Hero of the Kingdom II,Linux,5,NULL,NULL,NULL,72.8038,17
13661,Hero of the Kingdom II,PC (Microsoft Windows),5,NULL,NULL,NULL,72.8038,17
13661,Hero of the Kingdom II,Mac,5,NULL,NULL,NULL,72.8038,17
27259,Mystic Messenger,Android,3,NULL,NULL,NULL,80.0005,15
27259,Mystic Messenger,iOS,3,NULL,NULL,NULL,80.0005,15
6856,Rygar,PlayStation 4,2,NULL,NULL,NULL,75.0013,19
5881,Kill.Switch,PC (Microsoft Windows),5,NULL,75.0000,5,75.9867,12
17625,Soul Gambler,PC (Microsoft Windows),5,NULL,NULL,NULL,59.1226,12
2365,Battle for Wesnoth,Linux,7,NULL,NULL,NULL,81.0010,30
2365,Battle for Wesnoth,PC (Microsoft Windows),7,NULL,NULL,NULL,81.0010,30
2365,Battle for Wesnoth,Mac,7,NULL,NULL,NULL,81.0010,30
2365,Battle for Wesnoth,iOS,7,NULL,NULL,NULL,81.0010,30
23732,Osiris: New Dawn,PC (Microsoft Windows),14,4,NULL,NULL,59.5625,12
55195,Travis Strikes Again: No More Heroes,Nintendo Switch,6,5,74.1429,9,53.4942,16
5590,Pixel Piracy,Linux,2,NULL,50.0000,1,78.7943,12
5590,Pixel Piracy,PC (Microsoft Windows),2,NULL,50.0000,1,78.7943,12
5590,Pixel Piracy,Mac,2,NULL,50.0000,1,78.7943,12
5590,Pixel Piracy,PlayStation 4,2,NULL,50.0000,1,78.7943,12
5590,Pixel Piracy,Xbox One,2,NULL,50.0000,1,78.7943,12
8684,Doki-Doki Universe,PlayStation 4,4,NULL,74.0000,7,64.0447,12
40470,Car Mechanic Simulator 2018,PC (Microsoft Windows),27,2,67.0000,3,73.7416,23
40470,Car Mechanic Simulator 2018,Mac,27,2,67.0000,3,73.7416,23
760,Interstate '76,PC (Microsoft Windows),8,NULL,NULL,NULL,78.1063,19
23400,Ace of Spades: Battle Builder,PC (Microsoft Windows),5,NULL,NULL,NULL,63.6263,13
23400,Ace of Spades: Battle Builder,Mac,5,NULL,NULL,NULL,63.6263,13
26297,Need for Speed: No Limits,Android,7,2,NULL,NULL,70.1327,22
26297,Need for Speed: No Limits,iOS,7,2,NULL,NULL,70.1327,22
2976,Survarium,PC (Microsoft Windows),11,6,NULL,NULL,53.4738,12
5551,Nidhogg,PC (Microsoft Windows),29,NULL,83.5000,6,78.0718,87
5551,Nidhogg,Mac,29,NULL,83.5000,6,78.0718,87
5551,Nidhogg,PlayStation 4,29,NULL,83.5000,6,78.0718,87
83891,Friday the 13th: Killer Puzzle,PC (Microsoft Windows),2,NULL,80.0000,3,74.4108,15
83891,Friday the 13th: Killer Puzzle,Mac,2,NULL,80.0000,3,74.4108,15
83891,Friday the 13th: Killer Puzzle,Android,2,NULL,80.0000,3,74.4108,15
83891,Friday the 13th: Killer Puzzle,iOS,2,NULL,80.0000,3,74.4108,15
83891,Friday the 13th: Killer Puzzle,PlayStation 4,2,NULL,80.0000,3,74.4108,15
83891,Friday the 13th: Killer Puzzle,Xbox One,2,NULL,80.0000,3,74.4108,15
83891,Friday the 13th: Killer Puzzle,Nintendo Switch,2,NULL,80.0000,3,74.4108,15
16775,Finding Teddy,Linux,1,NULL,NULL,NULL,69.9391,12
16775,Finding Teddy,PC (Microsoft Windows),1,NULL,NULL,NULL,69.9391,12
16775,Finding Teddy,Mac,1,NULL,NULL,NULL,69.9391,12
16775,Finding Teddy,iOS,1,NULL,NULL,NULL,69.9391,12
2910,Leisure Suit Larry 5: Passionate Patti Does a Little Undercover Work,Linux,6,NULL,NULL,NULL,64.4260,19
2910,Leisure Suit Larry 5: Passionate Patti Does a Little Undercover Work,PC (Microsoft Windows),6,NULL,NULL,NULL,64.4260,19
2910,Leisure Suit Larry 5: Passionate Patti Does a Little Undercover Work,Mac,6,NULL,NULL,NULL,64.4260,19
16765,Type: Rider,Linux,10,NULL,81.0000,2,66.6511,23
16765,Type: Rider,PC (Microsoft Windows),10,NULL,81.0000,2,66.6511,23
16765,Type: Rider,Mac,10,NULL,81.0000,2,66.6511,23
16765,Type: Rider,iOS,10,NULL,81.0000,2,66.6511,23
16765,Type: Rider,PlayStation 4,10,NULL,81.0000,2,66.6511,23
16765,Type: Rider,Nintendo Switch,10,NULL,81.0000,2,66.6511,23
109096,Krunker,Linux,12,NULL,NULL,NULL,72.1243,19
109096,Krunker,PC (Microsoft Windows),12,NULL,NULL,NULL,72.1243,19
109096,Krunker,Mac,12,NULL,NULL,NULL,72.1243,19
109096,Krunker,Web browser,12,NULL,NULL,NULL,72.1243,19
591,Age of Wonders: Shadow Magic,Linux,2,NULL,89.0000,1,81.7780,29
591,Age of Wonders: Shadow Magic,PC (Microsoft Windows),2,NULL,89.0000,1,81.7780,29
81143,The World Ends with You: Final Remix,Nintendo Switch,1,NULL,72.2857,8,57.3647,11
706,Command & Conquer: Renegade,PC (Microsoft Windows),12,NULL,59.0000,2,70.5401,68
9906,Super House of Dead Ninjas,PC (Microsoft Windows),8,NULL,80.0000,2,81.1578,12
14722,Waking Mars,Linux,3,NULL,NULL,NULL,78.9048,11
14722,Waking Mars,PC (Microsoft Windows),3,NULL,NULL,NULL,78.9048,11
14722,Waking Mars,Mac,3,NULL,NULL,NULL,78.9048,11
14722,Waking Mars,Android,3,NULL,NULL,NULL,78.9048,11
14722,Waking Mars,iOS,3,NULL,NULL,NULL,78.9048,11
20910,World War Z,PC (Microsoft Windows),32,8,73.6667,15,70.1244,82
20910,World War Z,PlayStation 4,32,8,73.6667,15,70.1244,82
20910,World War Z,Xbox One,32,8,73.6667,15,70.1244,82
20910,World War Z,Nintendo Switch,32,8,73.6667,15,70.1244,82
12987,System Shock: Enhanced Edition,PC (Microsoft Windows),9,NULL,89.0000,3,89.9325,25
2438,Prince of Persia,PC (Microsoft Windows),94,NULL,84.2857,9,77.5147,267
2438,Prince of Persia,Mac,94,NULL,84.2857,9,77.5147,267
26709,Project CARS 2,PC (Microsoft Windows),37,8,83.8750,11,76.7725,42
26709,Project CARS 2,PlayStation 4,37,8,83.8750,11,76.7725,42
26709,Project CARS 2,Xbox One,37,8,83.8750,11,76.7725,42
111130,Apsulov: End of Gods,PC (Microsoft Windows),11,1,NULL,NULL,78.8216,13
111130,Apsulov: End of Gods,PlayStation 4,11,1,NULL,NULL,78.8216,13
111130,Apsulov: End of Gods,Xbox One,11,1,NULL,NULL,78.8216,13
111130,Apsulov: End of Gods,Nintendo Switch,11,1,NULL,NULL,78.8216,13
111130,Apsulov: End of Gods,PlayStation 5,11,1,NULL,NULL,78.8216,13
23879,Shin Megami Tensei II,Nintendo Switch,5,NULL,NULL,NULL,80.4984,15
3102,Kerbal Space Program,Linux,127,13,86.5714,9,88.9530,154
3102,Kerbal Space Program,PC (Microsoft Windows),127,13,86.5714,9,88.9530,154
3102,Kerbal Space Program,Mac,127,13,86.5714,9,88.9530,154
3102,Kerbal Space Program,PlayStation 4,127,13,86.5714,9,88.9530,154
3102,Kerbal Space Program,Xbox One,127,13,86.5714,9,88.9530,154
3102,Kerbal Space Program,Nintendo Switch,127,13,86.5714,9,88.9530,154
178126,Grand Theft Auto: San Andreas - The Definitive Edition,PC (Microsoft Windows),5,2,NULL,NULL,50.0889,17
178126,Grand Theft Auto: San Andreas - The Definitive Edition,PlayStation 4,5,2,NULL,NULL,50.0889,17
178126,Grand Theft Auto: San Andreas - The Definitive Edition,Xbox One,5,2,NULL,NULL,50.0889,17
178126,Grand Theft Auto: San Andreas - The Definitive Edition,Nintendo Switch,5,2,NULL,NULL,50.0889,17
178126,Grand Theft Auto: San Andreas - The Definitive Edition,PlayStation 5,5,2,NULL,NULL,50.0889,17
66,Monkey Island 2 Special Edition: LeChuck's Revenge,PC (Microsoft Windows),28,NULL,86.0000,2,85.1623,68
66,Monkey Island 2 Special Edition: LeChuck's Revenge,iOS,28,NULL,86.0000,2,85.1623,68
9894,1nsane,PC (Microsoft Windows),6,NULL,NULL,NULL,84.3401,13
138270,Adios,PC (Microsoft Windows),2,NULL,NULL,NULL,71.8745,15
138270,Adios,Xbox One,2,NULL,NULL,NULL,71.8745,15
138270,Adios,Nintendo Switch,2,NULL,NULL,NULL,71.8745,15
18094,Z1: Battle Royale,PC (Microsoft Windows),15,1,66.2500,6,73.1185,37
18094,Z1: Battle Royale,PlayStation 4,15,1,66.2500,6,73.1185,37
11088,Alien Shooter 2: Reloaded,PC (Microsoft Windows),5,NULL,NULL,NULL,77.9720,17
794,Wing Commander: Privateer,PC (Microsoft Windows),3,NULL,NULL,NULL,89.9335,11
794,Wing Commander: Privateer,Mac,3,NULL,NULL,NULL,89.9335,11
594,Aliens versus Predator 2,PC (Microsoft Windows),27,NULL,NULL,NULL,81.8311,72
594,Aliens versus Predator 2,Mac,27,NULL,NULL,NULL,81.8311,72
51,Syndicate Wars,PC (Microsoft Windows),4,NULL,50.0000,1,66.8275,15
51,Syndicate Wars,Mac,4,NULL,50.0000,1,66.8275,15
20031,Super Star Wars,PlayStation 4,8,NULL,75.0000,3,68.8968,42
9531,Gems of War,PC (Microsoft Windows),5,NULL,NULL,NULL,75.8698,19
9531,Gems of War,Android,5,NULL,NULL,NULL,75.8698,19
9531,Gems of War,iOS,5,NULL,NULL,NULL,75.8698,19
9531,Gems of War,PlayStation 4,5,NULL,NULL,NULL,75.8698,19
9531,Gems of War,Xbox One,5,NULL,NULL,NULL,75.8698,19
9531,Gems of War,Nintendo Switch,5,NULL,NULL,NULL,75.8698,19
11781,Muv-Luv Alternative,PC (Microsoft Windows),6,NULL,92.0000,3,89.3417,13
2203,The 11th Hour,PC (Microsoft Windows),5,NULL,51.0000,1,77.2961,17
2203,The 11th Hour,Mac,5,NULL,51.0000,1,77.2961,17
8682,Grim Fandango Remastered,Linux,70,3,82.2500,14,76.9457,184
8682,Grim Fandango Remastered,PC (Microsoft Windows),70,3,82.2500,14,76.9457,184
8682,Grim Fandango Remastered,Mac,70,3,82.2500,14,76.9457,184
8682,Grim Fandango Remastered,Android,70,3,82.2500,14,76.9457,184
8682,Grim Fandango Remastered,iOS,70,3,82.2500,14,76.9457,184
8682,Grim Fandango Remastered,PlayStation 4,70,3,82.2500,14,76.9457,184
8682,Grim Fandango Remastered,Xbox One,70,3,82.2500,14,76.9457,184
8682,Grim Fandango Remastered,Nintendo Switch,70,3,82.2500,14,76.9457,184
460,"Simon the Sorcerer II: The Lion, the Wizard and the Wardrobe",PC (Microsoft Windows),8,NULL,NULL,NULL,85.9135,24
460,"Simon the Sorcerer II: The Lion, the Wizard and the Wardrobe",Mac,8,NULL,NULL,NULL,85.9135,24
460,"Simon the Sorcerer II: The Lion, the Wizard and the Wardrobe",iOS,8,NULL,NULL,NULL,85.9135,24
10844,Silent Storm,PC (Microsoft Windows),3,NULL,80.0000,1,79.5740,17
8559,I.G.I.-2: Covert Strike,PC (Microsoft Windows),19,NULL,68.3333,3,75.8140,44
3078,Sniper Elite V2,PC (Microsoft Windows),58,NULL,66.9091,13,71.4914,185
11812,Universe Sandbox Legacy,PC (Microsoft Windows),NULL,NULL,84.0000,1,63.3034,11
109339,Change: A Homeless Survival Experience,PC (Microsoft Windows),19,1,NULL,NULL,41.5406,12
109339,Change: A Homeless Survival Experience,Android,19,1,NULL,NULL,41.5406,12
109339,Change: A Homeless Survival Experience,iOS,19,1,NULL,NULL,41.5406,12
2263,Gothic 3,PC (Microsoft Windows),46,NULL,61.6667,3,77.4336,168
1715,Mega Man 2,iOS,109,NULL,NULL,NULL,86.3439,334
3049,State of Decay,PC (Microsoft Windows),52,NULL,75.0000,10,75.8163,117
11083,Disney Infinity 3.0,PC (Microsoft Windows),2,NULL,81.3636,14,78.1684,17
11083,Disney Infinity 3.0,Android,2,NULL,81.3636,14,78.1684,17
11083,Disney Infinity 3.0,iOS,2,NULL,81.3636,14,78.1684,17
11083,Disney Infinity 3.0,PlayStation 4,2,NULL,81.3636,14,78.1684,17
11083,Disney Infinity 3.0,Xbox One,2,NULL,81.3636,14,78.1684,17
7554,Tiny Thief,PC (Microsoft Windows),3,NULL,80.0000,1,79.3015,13
7554,Tiny Thief,Mac,3,NULL,80.0000,1,79.3015,13
7554,Tiny Thief,Android,3,NULL,80.0000,1,79.3015,13
7554,Tiny Thief,iOS,3,NULL,80.0000,1,79.3015,13
11261,The Black Mirror,PC (Microsoft Windows),24,NULL,80.0000,1,81.6530,58
8901,Badland,Android,13,NULL,70.0000,2,75.7701,45
8901,Badland,iOS,13,NULL,70.0000,2,75.7701,45
9781,Beyond Divinity,PC (Microsoft Windows),5,NULL,75.0000,1,69.7258,14
26776,Detention,Linux,17,NULL,76.0000,4,75.3667,50
26776,Detention,PC (Microsoft Windows),17,NULL,76.0000,4,75.3667,50
26776,Detention,Mac,17,NULL,76.0000,4,75.3667,50
26776,Detention,Android,17,NULL,76.0000,4,75.3667,50
26776,Detention,iOS,17,NULL,76.0000,4,75.3667,50
26776,Detention,PlayStation 4,17,NULL,76.0000,4,75.3667,50
26776,Detention,Nintendo Switch,17,NULL,76.0000,4,75.3667,50
3952,Ice Age 2: The Meltdown,PC (Microsoft Windows),7,NULL,62.7500,4,69.1530,18
3966,Killer7,PC (Microsoft Windows),18,NULL,73.5000,5,81.9290,49
1962,Dreamfall Chapters,Linux,40,2,76.3636,12,82.8475,69
1962,Dreamfall Chapters,PC (Microsoft Windows),40,2,76.3636,12,82.8475,69
1962,Dreamfall Chapters,Mac,40,2,76.3636,12,82.8475,69
1962,Dreamfall Chapters,PlayStation 4,40,2,76.3636,12,82.8475,69
1962,Dreamfall Chapters,Xbox One,40,2,76.3636,12,82.8475,69
3857,"The Chronicles of Narnia: The Lion, the Witch and the Wardrobe",PC (Microsoft Windows),5,NULL,67.5000,4,55.8131,25
8390,SpaceChem,Linux,8,NULL,NULL,NULL,83.1520,25
8390,SpaceChem,PC (Microsoft Windows),8,NULL,NULL,NULL,83.1520,25
8390,SpaceChem,Mac,8,NULL,NULL,NULL,83.1520,25
8390,SpaceChem,Android,8,NULL,NULL,NULL,83.1520,25
8390,SpaceChem,iOS,8,NULL,NULL,NULL,83.1520,25
10759,F-22 Lightning II,PC (Microsoft Windows),2,NULL,NULL,NULL,71.7974,11
27499,Distraint 2,PC (Microsoft Windows),1,1,NULL,NULL,87.3100,13
27499,Distraint 2,Android,1,1,NULL,NULL,87.3100,13
27499,Distraint 2,iOS,1,1,NULL,NULL,87.3100,13
27499,Distraint 2,PlayStation 4,1,1,NULL,NULL,87.3100,13
27499,Distraint 2,Xbox One,1,1,NULL,NULL,87.3100,13
27499,Distraint 2,Nintendo Switch,1,1,NULL,NULL,87.3100,13
45556,Sonic.EXE,PC (Microsoft Windows),1,NULL,NULL,NULL,12.2609,14
24949,Pokémon Uranium,PC (Microsoft Windows),6,NULL,NULL,NULL,80.0942,14
17141,Clockwork Tales: Of Glass and Ink,Linux,6,NULL,70.0000,1,70.1876,14
17141,Clockwork Tales: Of Glass and Ink,PC (Microsoft Windows),6,NULL,70.0000,1,70.1876,14
17141,Clockwork Tales: Of Glass and Ink,Mac,6,NULL,70.0000,1,70.1876,14
17141,Clockwork Tales: Of Glass and Ink,PlayStation 4,6,NULL,70.0000,1,70.1876,14
17141,Clockwork Tales: Of Glass and Ink,Xbox One,6,NULL,70.0000,1,70.1876,14
5474,2006 FIFA World Cup,PC (Microsoft Windows),9,NULL,85.0000,2,69.0282,27
19249,Empyrion: Galactic Survival,PC (Microsoft Windows),8,1,NULL,NULL,64.0289,15
54699,Black Mirror,Linux,13,NULL,25.0000,1,52.3728,11
54699,Black Mirror,PC (Microsoft Windows),13,NULL,25.0000,1,52.3728,11
54699,Black Mirror,Mac,13,NULL,25.0000,1,52.3728,11
54699,Black Mirror,PlayStation 4,13,NULL,25.0000,1,52.3728,11
54699,Black Mirror,Xbox One,13,NULL,25.0000,1,52.3728,11
5629,Dungeons & Dragons Online,PC (Microsoft Windows),4,NULL,83.3333,3,71.1270,17
5629,Dungeons & Dragons Online,Mac,4,NULL,83.3333,3,71.1270,17
18967,Valkyria Chronicles Remastered,PC (Microsoft Windows),17,NULL,85.4444,11,86.6554,23
18967,Valkyria Chronicles Remastered,PlayStation 4,17,NULL,85.4444,11,86.6554,23
18967,Valkyria Chronicles Remastered,Nintendo Switch,17,NULL,85.4444,11,86.6554,23
5592,Bit.Trip Presents... Runner2: Future Legend of Rhythm Alien,Linux,13,NULL,87.2222,10,70.3097,35
5592,Bit.Trip Presents... Runner2: Future Legend of Rhythm Alien,PC (Microsoft Windows),13,NULL,87.2222,10,70.3097,35
5592,Bit.Trip Presents... Runner2: Future Legend of Rhythm Alien,Mac,13,NULL,87.2222,10,70.3097,35
5592,Bit.Trip Presents... Runner2: Future Legend of Rhythm Alien,iOS,13,NULL,87.2222,10,70.3097,35
5592,Bit.Trip Presents... Runner2: Future Legend of Rhythm Alien,PlayStation 4,13,NULL,87.2222,10,70.3097,35
11191,EarthBound Beginnings,Nintendo Switch,12,NULL,NULL,NULL,80.6493,45
8599,Gunman Clive,PC (Microsoft Windows),2,NULL,80.0000,1,73.4905,20
8599,Gunman Clive,Android,2,NULL,80.0000,1,73.4905,20
8599,Gunman Clive,iOS,2,NULL,80.0000,1,73.4905,20
9912,PixelJunk Shooter,Linux,4,NULL,82.6667,4,78.9686,23
9912,PixelJunk Shooter,PC (Microsoft Windows),4,NULL,82.6667,4,78.9686,23
9912,PixelJunk Shooter,Mac,4,NULL,82.6667,4,78.9686,23
87672,Florence,Linux,6,NULL,80.0000,2,76.3035,87
87672,Florence,PC (Microsoft Windows),6,NULL,80.0000,2,76.3035,87
87672,Florence,Mac,6,NULL,80.0000,2,76.3035,87
87672,Florence,Android,6,NULL,80.0000,2,76.3035,87
87672,Florence,iOS,6,NULL,80.0000,2,76.3035,87
87672,Florence,Nintendo Switch,6,NULL,80.0000,2,76.3035,87
17174,S.K.I.L.L.: Special Force 2,PC (Microsoft Windows),4,NULL,NULL,NULL,62.7484,11
377,Metal Gear 2: Solid Snake,PC (Microsoft Windows),20,NULL,NULL,NULL,81.2923,72
377,Metal Gear 2: Solid Snake,Nintendo Switch,20,NULL,NULL,NULL,81.2923,72
377,Metal Gear 2: Solid Snake,PlayStation 5,20,NULL,NULL,NULL,81.2923,72
27522,Habbo,Android,10,NULL,NULL,NULL,59.4081,23
27522,Habbo,iOS,10,NULL,NULL,NULL,59.4081,23
27522,Habbo,Web browser,10,NULL,NULL,NULL,59.4081,23
11007,Knights of the Temple II,PC (Microsoft Windows),2,NULL,57.0000,2,58.3548,12
8448,Maui Mallard in Cold Shadow,PC (Microsoft Windows),6,NULL,NULL,NULL,80.9363,24
1585,Skylanders: Spyro's Adventure,PC (Microsoft Windows),3,NULL,81.5000,5,67.7418,29
1585,Skylanders: Spyro's Adventure,Mac,3,NULL,81.5000,5,67.7418,29
7859,Gabriel Knight: Sins of the Fathers - 20th Anniversary Edition,PC (Microsoft Windows),4,NULL,88.0000,1,79.9864,20
7859,Gabriel Knight: Sins of the Fathers - 20th Anniversary Edition,Mac,4,NULL,88.0000,1,79.9864,20
7859,Gabriel Knight: Sins of the Fathers - 20th Anniversary Edition,Android,4,NULL,88.0000,1,79.9864,20
7859,Gabriel Knight: Sins of the Fathers - 20th Anniversary Edition,iOS,4,NULL,88.0000,1,79.9864,20
1321,Turok: Dinosaur Hunter,PC (Microsoft Windows),14,1,78.5000,1,69.2252,61
8392,Edge,Linux,6,NULL,86.0000,1,73.8468,24
8392,Edge,PC (Microsoft Windows),6,NULL,86.0000,1,73.8468,24
8392,Edge,Mac,6,NULL,86.0000,1,73.8468,24
8392,Edge,Android,6,NULL,86.0000,1,73.8468,24
8392,Edge,iOS,6,NULL,86.0000,1,73.8468,24
2905,Divinity: Dragon Commander,PC (Microsoft Windows),5,NULL,75.0000,4,68.6559,13
14729,Final Fantasy XIV Online,PC (Microsoft Windows),14,NULL,35.0000,6,50.1977,24
114110,Fear & Hunger,PC (Microsoft Windows),NULL,NULL,NULL,NULL,72.9778,12
114110,Fear & Hunger,Mac,NULL,NULL,NULL,NULL,72.9778,12
459,Simon the Sorcerer,PC (Microsoft Windows),14,NULL,NULL,NULL,81.2399,45
459,Simon the Sorcerer,Mac,14,NULL,NULL,NULL,81.2399,45
459,Simon the Sorcerer,Android,14,NULL,NULL,NULL,81.2399,45
459,Simon the Sorcerer,iOS,14,NULL,NULL,NULL,81.2399,45
572,Arma 2,PC (Microsoft Windows),26,NULL,0.0000,4,75.3031,59
601,ArmA 2: Operation Arrowhead,PC (Microsoft Windows),13,NULL,70.0000,2,66.3880,24
103203,The X-Files Game,PC (Microsoft Windows),2,NULL,NULL,NULL,68.5576,13
103203,The X-Files Game,Mac,2,NULL,NULL,NULL,68.5576,13
52,The Elder Scrolls: Arena,PC (Microsoft Windows),11,NULL,88.0000,1,72.0872,37
17052,Return to Mysterious Island,PC (Microsoft Windows),7,NULL,87.0000,1,70.3286,14
8489,Blake Stone: Aliens of Gold,PC (Microsoft Windows),2,NULL,NULL,NULL,79.9305,15
8489,Blake Stone: Aliens of Gold,Mac,2,NULL,NULL,NULL,79.9305,15
2111,Dark,PC (Microsoft Windows),6,NULL,41.5714,7,39.7500,14
86807,Sonic CD,Linux,NULL,NULL,85.0000,2,79.8582,12
86807,Sonic CD,PC (Microsoft Windows),NULL,NULL,85.0000,2,79.8582,12
86807,Sonic CD,Android,NULL,NULL,85.0000,2,79.8582,12
86807,Sonic CD,iOS,NULL,NULL,85.0000,2,79.8582,12
86807,Sonic CD,PlayStation 4,NULL,NULL,85.0000,2,79.8582,12
86807,Sonic CD,Xbox One,NULL,NULL,85.0000,2,79.8582,12
86807,Sonic CD,Nintendo Switch,NULL,NULL,85.0000,2,79.8582,12
86807,Sonic CD,PlayStation 5,NULL,NULL,85.0000,2,79.8582,12
6942,Condemned: Criminal Origins,PC (Microsoft Windows),42,NULL,73.8333,6,80.5845,141
10733,The Novelist,Linux,3,NULL,58.7500,4,74.1268,12
10733,The Novelist,PC (Microsoft Windows),3,NULL,58.7500,4,74.1268,12
10733,The Novelist,Mac,3,NULL,58.7500,4,74.1268,12
8505,Duke Nukem: Manhattan Project,PC (Microsoft Windows),11,NULL,45.0000,3,75.6776,48
8505,Duke Nukem: Manhattan Project,Mac,11,NULL,45.0000,3,75.6776,48
8505,Duke Nukem: Manhattan Project,iOS,11,NULL,45.0000,3,75.6776,48
359,Final Fantasy XV,PC (Microsoft Windows),266,78,81.4400,29,76.6831,463
359,Final Fantasy XV,PlayStation 4,266,78,81.4400,29,76.6831,463
359,Final Fantasy XV,Xbox One,266,78,81.4400,29,76.6831,463
359,Final Fantasy XV,Nintendo Switch,266,78,81.4400,29,76.6831,463
8967,Worms Battlegrounds,PlayStation 4,15,NULL,67.0000,5,75.2437,24
8967,Worms Battlegrounds,Xbox One,15,NULL,67.0000,5,75.2437,24
51945,Ratty Catty,PC (Microsoft Windows),52,NULL,NULL,NULL,75.9091,21
1529,Jak II,PlayStation 4,42,NULL,90.0000,2,80.5755,170
8656,Leisure Suit Larry 2: Goes Looking for Love (in Several Wrong Places),Linux,7,NULL,NULL,NULL,63.5775,25
8656,Leisure Suit Larry 2: Goes Looking for Love (in Several Wrong Places),PC (Microsoft Windows),7,NULL,NULL,NULL,63.5775,25
8656,Leisure Suit Larry 2: Goes Looking for Love (in Several Wrong Places),Mac,7,NULL,NULL,NULL,63.5775,25
7883,Magicite,Linux,1,NULL,NULL,NULL,65.6302,12
7883,Magicite,PC (Microsoft Windows),1,NULL,NULL,NULL,65.6302,12
7883,Magicite,Mac,1,NULL,NULL,NULL,65.6302,12
1528,Jak and Daxter: The Precursor Legacy,PlayStation 4,60,NULL,90.0000,1,80.4590,251
18985,Dangerous Golf,PC (Microsoft Windows),NULL,NULL,54.4667,15,69.8992,6
18985,Dangerous Golf,PlayStation 4,NULL,NULL,54.4667,15,69.8992,6
18985,Dangerous Golf,Xbox One,NULL,NULL,54.4667,15,69.8992,6
8789,Flight of the Amazon Queen,Linux,14,NULL,NULL,NULL,71.8011,29
8789,Flight of the Amazon Queen,PC (Microsoft Windows),14,NULL,NULL,NULL,71.8011,29
8789,Flight of the Amazon Queen,Mac,14,NULL,NULL,NULL,71.8011,29
8789,Flight of the Amazon Queen,iOS,14,NULL,NULL,NULL,71.8011,29
19333,Absolver,Linux,41,16,74.7333,19,60.9553,37
19333,Absolver,PC (Microsoft Windows),41,16,74.7333,19,60.9553,37
19333,Absolver,Mac,41,16,74.7333,19,60.9553,37
19333,Absolver,PlayStation 4,41,16,74.7333,19,60.9553,37
19333,Absolver,Xbox One,41,16,74.7333,19,60.9553,37
76840,while True: learn(),Linux,5,NULL,70.0000,2,75.1806,16
76840,while True: learn(),PC (Microsoft Windows),5,NULL,70.0000,2,75.1806,16
76840,while True: learn(),Mac,5,NULL,70.0000,2,75.1806,16
76840,while True: learn(),iOS,5,NULL,70.0000,2,75.1806,16
76840,while True: learn(),PlayStation 4,5,NULL,70.0000,2,75.1806,16
76840,while True: learn(),Nintendo Switch,5,NULL,70.0000,2,75.1806,16
11122,ToeJam & Earl: Back in the Groove,Linux,7,6,69.5000,13,80.0000,3
11122,ToeJam & Earl: Back in the Groove,PC (Microsoft Windows),7,6,69.5000,13,80.0000,3
11122,ToeJam & Earl: Back in the Groove,Mac,7,6,69.5000,13,80.0000,3
11122,ToeJam & Earl: Back in the Groove,PlayStation 4,7,6,69.5000,13,80.0000,3
11122,ToeJam & Earl: Back in the Groove,Xbox One,7,6,69.5000,13,80.0000,3
11122,ToeJam & Earl: Back in the Groove,Nintendo Switch,7,6,69.5000,13,80.0000,3
1892,Pid,PC (Microsoft Windows),10,NULL,62.5000,5,59.9757,17
1892,Pid,Mac,10,NULL,62.5000,5,59.9757,17
6655,Mother Russia Bleeds,Linux,25,6,72.6250,11,66.7303,44
6655,Mother Russia Bleeds,PC (Microsoft Windows),25,6,72.6250,11,66.7303,44
6655,Mother Russia Bleeds,Mac,25,6,72.6250,11,66.7303,44
6655,Mother Russia Bleeds,PlayStation 4,25,6,72.6250,11,66.7303,44
6655,Mother Russia Bleeds,Nintendo Switch,25,6,72.6250,11,66.7303,44
143260,MLB The Show 21,PlayStation 4,NULL,3,81.6250,11,80.1670,7
143260,MLB The Show 21,Xbox One,NULL,3,81.6250,11,80.1670,7
143260,MLB The Show 21,PlayStation 5,NULL,3,81.6250,11,80.1670,7
32902,GentleMoon 2,PC (Microsoft Windows),38,NULL,NULL,NULL,88.4615,13
2,Thief: The Dark Project,PC (Microsoft Windows),61,NULL,70.0000,1,86.5787,146
23719,Neverwinter Nights: Enhanced Edition,Linux,11,1,45.0000,2,64.1152,14
23719,Neverwinter Nights: Enhanced Edition,PC (Microsoft Windows),11,1,45.0000,2,64.1152,14
23719,Neverwinter Nights: Enhanced Edition,Mac,11,1,45.0000,2,64.1152,14
23719,Neverwinter Nights: Enhanced Edition,Android,11,1,45.0000,2,64.1152,14
23719,Neverwinter Nights: Enhanced Edition,iOS,11,1,45.0000,2,64.1152,14
23719,Neverwinter Nights: Enhanced Edition,PlayStation 4,11,1,45.0000,2,64.1152,14
23719,Neverwinter Nights: Enhanced Edition,Xbox One,11,1,45.0000,2,64.1152,14
23719,Neverwinter Nights: Enhanced Edition,Nintendo Switch,11,1,45.0000,2,64.1152,14
3267,Day of Defeat: Source,Linux,18,NULL,85.0000,2,71.1846,49
3267,Day of Defeat: Source,PC (Microsoft Windows),18,NULL,85.0000,2,71.1846,49
3267,Day of Defeat: Source,Mac,18,NULL,85.0000,2,71.1846,49
1004,The Matrix: Path of Neo,PC (Microsoft Windows),18,NULL,65.6000,6,66.6071,59
4479,Snake Rattle 'n' Roll,Xbox One,2,NULL,NULL,NULL,77.2710,16
617,Brothers in Arms: Earned in Blood,PC (Microsoft Windows),8,NULL,73.0000,5,71.9594,51
617,Brothers in Arms: Earned in Blood,Mac,8,NULL,73.0000,5,71.9594,51
5311,F1 Race Stars,PC (Microsoft Windows),3,NULL,70.0000,8,52.2439,16
1340,Dustforce DX,Linux,5,NULL,79.7500,8,79.8547,11
1340,Dustforce DX,PC (Microsoft Windows),5,NULL,79.7500,8,79.8547,11
1340,Dustforce DX,Mac,5,NULL,79.7500,8,79.8547,11
11563,Sherlock Holmes: The Devil's Daughter,PC (Microsoft Windows),42,6,67.3750,10,73.0965,81
11563,Sherlock Holmes: The Devil's Daughter,PlayStation 4,42,6,67.3750,10,73.0965,81
11563,Sherlock Holmes: The Devil's Daughter,Xbox One,42,6,67.3750,10,73.0965,81
11563,Sherlock Holmes: The Devil's Daughter,Nintendo Switch,42,6,67.3750,10,73.0965,81
2958,Planetary Annihilation,Linux,10,1,70.0000,2,74.5394,15
2958,Planetary Annihilation,PC (Microsoft Windows),10,1,70.0000,2,74.5394,15
2958,Planetary Annihilation,Mac,10,1,70.0000,2,74.5394,15
20950,Lifeless Planet: Premier Edition,Linux,6,NULL,64.7500,4,57.0997,16
20950,Lifeless Planet: Premier Edition,PC (Microsoft Windows),6,NULL,64.7500,4,57.0997,16
20950,Lifeless Planet: Premier Edition,Mac,6,NULL,64.7500,4,57.0997,16
20950,Lifeless Planet: Premier Edition,Xbox One,6,NULL,64.7500,4,57.0997,16
20950,Lifeless Planet: Premier Edition,Nintendo Switch,6,NULL,64.7500,4,57.0997,16
8109,The Pink Panther: Hokus Pokus Pink,PC (Microsoft Windows),4,NULL,NULL,NULL,71.3290,13
11205,Anno 2205,PC (Microsoft Windows),31,4,62.8000,5,73.2762,51
18861,I Am Setsuna,PC (Microsoft Windows),26,1,75.5556,29,70.0983,27
18861,I Am Setsuna,PlayStation 4,26,1,75.5556,29,70.0983,27
18861,I Am Setsuna,Nintendo Switch,26,1,75.5556,29,70.0983,27
540,Disney Universe,PC (Microsoft Windows),2,NULL,64.6667,6,62.1960,16
540,Disney Universe,Mac,2,NULL,64.6667,6,62.1960,16
9019,Shadowgrounds,Linux,2,NULL,75.0000,3,65.3728,19
9019,Shadowgrounds,PC (Microsoft Windows),2,NULL,75.0000,3,65.3728,19
9019,Shadowgrounds,Mac,2,NULL,75.0000,3,65.3728,19
55628,Bomber Crew,Linux,8,NULL,85.0000,3,76.8754,15
55628,Bomber Crew,PC (Microsoft Windows),8,NULL,85.0000,3,76.8754,15
55628,Bomber Crew,Mac,8,NULL,85.0000,3,76.8754,15
55628,Bomber Crew,PlayStation 4,8,NULL,85.0000,3,76.8754,15
55628,Bomber Crew,Xbox One,8,NULL,85.0000,3,76.8754,15
55628,Bomber Crew,Nintendo Switch,8,NULL,85.0000,3,76.8754,15
103221,Tetris Effect,PC (Microsoft Windows),16,2,88.0000,15,88.1701,66
103221,Tetris Effect,PlayStation 4,16,2,88.0000,15,88.1701,66
159720,Milk outside a bag of milk outside a bag of milk,PC (Microsoft Windows),2,NULL,NULL,NULL,80.1820,17
159720,Milk outside a bag of milk outside a bag of milk,Mac,2,NULL,NULL,NULL,80.1820,17
159720,Milk outside a bag of milk outside a bag of milk,Nintendo Switch,2,NULL,NULL,NULL,80.1820,17
22952,The King of Fighters 2002: Unlimited Match,PC (Microsoft Windows),5,NULL,NULL,NULL,70.2443,20
22952,The King of Fighters 2002: Unlimited Match,PlayStation 4,5,NULL,NULL,NULL,70.2443,20
2967,Cryostasis,PC (Microsoft Windows),11,NULL,65.0000,6,74.8554,27
21899,Final Fantasy X HD Remaster,PC (Microsoft Windows),NULL,NULL,95.0000,1,89.8591,11
21899,Final Fantasy X HD Remaster,PlayStation 4,NULL,NULL,95.0000,1,89.8591,11
21899,Final Fantasy X HD Remaster,Xbox One,NULL,NULL,95.0000,1,89.8591,11
21899,Final Fantasy X HD Remaster,Nintendo Switch,NULL,NULL,95.0000,1,89.8591,11
1045,SiN,Linux,5,NULL,NULL,NULL,81.7718,20
1045,SiN,PC (Microsoft Windows),5,NULL,NULL,NULL,81.7718,20
1045,SiN,Mac,5,NULL,NULL,NULL,81.7718,20
27514,Gravel,PC (Microsoft Windows),2,1,71.0000,5,74.1937,13
27514,Gravel,PlayStation 4,2,1,71.0000,5,74.1937,13
27514,Gravel,Xbox One,2,1,71.0000,5,74.1937,13
26701,Turok,PC (Microsoft Windows),10,NULL,77.0000,5,71.7296,21
26701,Turok,Mac,10,NULL,77.0000,5,71.7296,21
26701,Turok,PlayStation 4,10,NULL,77.0000,5,71.7296,21
26701,Turok,Xbox One,10,NULL,77.0000,5,71.7296,21
26701,Turok,Nintendo Switch,10,NULL,77.0000,5,71.7296,21
442,Napoleon: Total War,PC (Microsoft Windows),16,NULL,83.3333,4,77.4943,72
442,Napoleon: Total War,Mac,16,NULL,83.3333,4,77.4943,72
13561,Digimon World: Next Order,PC (Microsoft Windows),11,2,68.5455,12,67.6414,17
13561,Digimon World: Next Order,PlayStation 4,11,2,68.5455,12,67.6414,17
13561,Digimon World: Next Order,Nintendo Switch,11,2,68.5455,12,67.6414,17
9807,Magicka 2,PC (Microsoft Windows),15,NULL,60.8333,8,74.3423,60
9807,Magicka 2,PlayStation 4,15,NULL,60.8333,8,74.3423,60
7147,A New Beginning,PC (Microsoft Windows),14,NULL,NULL,NULL,63.0443,19
122565,Humanity,PC (Microsoft Windows),NULL,3,82.5000,2,81.5919,14
122565,Humanity,PlayStation 4,NULL,3,82.5000,2,81.5919,14
122565,Humanity,PlayStation 5,NULL,3,82.5000,2,81.5919,14
670,Command & Conquer 4: Tiberian Twilight,Linux,10,NULL,65.0000,5,37.5563,30
670,Command & Conquer 4: Tiberian Twilight,PC (Microsoft Windows),10,NULL,65.0000,5,37.5563,30
5411,Pitfall!,PC (Microsoft Windows),11,NULL,NULL,NULL,72.2916,77
118272,Predator: Hunting Grounds,PC (Microsoft Windows),6,3,66.2222,11,55.4860,6
118272,Predator: Hunting Grounds,PlayStation 4,6,3,66.2222,11,55.4860,6
20330,Flinthook,Linux,12,1,80.8000,7,79.7581,12
20330,Flinthook,PC (Microsoft Windows),12,1,80.8000,7,79.7581,12
20330,Flinthook,Mac,12,1,80.8000,7,79.7581,12
20330,Flinthook,PlayStation 4,12,1,80.8000,7,79.7581,12
20330,Flinthook,Xbox One,12,1,80.8000,7,79.7581,12
20330,Flinthook,Nintendo Switch,12,1,80.8000,7,79.7581,12
15155,Total War: Shogun 2 - Fall of the Samurai,Linux,4,NULL,80.0000,1,80.5432,13
15155,Total War: Shogun 2 - Fall of the Samurai,PC (Microsoft Windows),4,NULL,80.0000,1,80.5432,13
15155,Total War: Shogun 2 - Fall of the Samurai,Mac,4,NULL,80.0000,1,80.5432,13
11059,Naruto Shippuden: Ultimate Ninja Storm 4,PC (Microsoft Windows),55,4,75.3333,11,76.8656,137
11059,Naruto Shippuden: Ultimate Ninja Storm 4,PlayStation 4,55,4,75.3333,11,76.8656,137
11059,Naruto Shippuden: Ultimate Ninja Storm 4,Xbox One,55,4,75.3333,11,76.8656,137
36926,Monster Hunter: World,PC (Microsoft Windows),364,90,93.2500,24,83.7226,396
36926,Monster Hunter: World,PlayStation 4,364,90,93.2500,24,83.7226,396
36926,Monster Hunter: World,Xbox One,364,90,93.2500,24,83.7226,396
21063,Sonic Forces,PC (Microsoft Windows),70,45,56.7273,13,58.0992,77
21063,Sonic Forces,PlayStation 4,70,45,56.7273,13,58.0992,77
21063,Sonic Forces,Xbox One,70,45,56.7273,13,58.0992,77
21063,Sonic Forces,Nintendo Switch,70,45,56.7273,13,58.0992,77
118219,John Wick Hex,PC (Microsoft Windows),2,2,76.0833,13,60.4571,10
118219,John Wick Hex,Mac,2,2,76.0833,13,60.4571,10
118219,John Wick Hex,PlayStation 4,2,2,76.0833,13,60.4571,10
118219,John Wick Hex,Xbox One,2,2,76.0833,13,60.4571,10
118219,John Wick Hex,Nintendo Switch,2,2,76.0833,13,60.4571,10
9082,Raptor: Call of the Shadows,Mac,2,NULL,NULL,NULL,79.0516,13
9082,Raptor: Call of the Shadows,iOS,2,NULL,NULL,NULL,79.0516,13
11133,Dark Souls III,PC (Microsoft Windows),333,27,86.0769,29,87.1502,1204
11133,Dark Souls III,PlayStation 4,333,27,86.0769,29,87.1502,1204
11133,Dark Souls III,Xbox One,333,27,86.0769,29,87.1502,1204
1941,Infamous: Second Son,PlayStation 4,133,4,79.2667,17,78.0735,426
2369,Dark Messiah of Might and Magic,PC (Microsoft Windows),49,NULL,76.5000,4,78.8207,173
3225,No Man's Sky,PC (Microsoft Windows),320,226,73.8421,43,70.2463,399
3225,No Man's Sky,Mac,320,226,73.8421,43,70.2463,399
3225,No Man's Sky,PlayStation 4,320,226,73.8421,43,70.2463,399
3225,No Man's Sky,Xbox One,320,226,73.8421,43,70.2463,399
3225,No Man's Sky,PlayStation 5,320,226,73.8421,43,70.2463,399
5620,Nox,PC (Microsoft Windows),21,NULL,NULL,NULL,76.2836,37
5620,Nox,Mac,21,NULL,NULL,NULL,76.2836,37
8110,Octodad,PC (Microsoft Windows),3,NULL,NULL,NULL,72.4935,17
2110,Ride to Hell: Retribution,PC (Microsoft Windows),1,NULL,10.0000,2,11.8674,16
115115,Resident Evil 3,PC (Microsoft Windows),82,12,80.8000,14,79.2356,267
115115,Resident Evil 3,PlayStation 4,82,12,80.8000,14,79.2356,267
115115,Resident Evil 3,Xbox One,82,12,80.8000,14,79.2356,267
115115,Resident Evil 3,PlayStation 5,82,12,80.8000,14,79.2356,267
3659,Joust,Mac,4,NULL,80.0000,2,73.5855,25
441,Empire: Total War,Linux,30,NULL,89.8333,7,78.0788,126
441,Empire: Total War,PC (Microsoft Windows),30,NULL,89.8333,7,78.0788,126
441,Empire: Total War,Mac,30,NULL,89.8333,7,78.0788,126
6341,Dwarf Fortress,Linux,19,NULL,84.0000,0,87.4051,50
6341,Dwarf Fortress,PC (Microsoft Windows),19,NULL,84.0000,0,87.4051,50
6341,Dwarf Fortress,Mac,19,NULL,84.0000,0,87.4051,50
8968,Everlasting Summer,Linux,17,NULL,NULL,NULL,85.2275,84
8968,Everlasting Summer,PC (Microsoft Windows),17,NULL,NULL,NULL,85.2275,84
8968,Everlasting Summer,Mac,17,NULL,NULL,NULL,85.2275,84
8968,Everlasting Summer,Android,17,NULL,NULL,NULL,85.2275,84
518,F.E.A.R. Extraction Point,PC (Microsoft Windows),29,NULL,73.3333,3,79.4306,79
2552,Mad Max,Linux,184,42,72.0000,17,76.2370,424
2552,Mad Max,PC (Microsoft Windows),184,42,72.0000,17,76.2370,424
2552,Mad Max,Mac,184,42,72.0000,17,76.2370,424
2552,Mad Max,PlayStation 4,184,42,72.0000,17,76.2370,424
2552,Mad Max,Xbox One,184,42,72.0000,17,76.2370,424
517,F.E.A.R.,PC (Microsoft Windows),139,NULL,80.8571,9,80.8274,434
3561,NHL 99,PC (Microsoft Windows),1,NULL,NULL,NULL,69.9327,17
818,NHL 98,PC (Microsoft Windows),2,NULL,NULL,NULL,79.0493,17
94752,Minecraft: Xbox One Edition,Xbox One,2,NULL,NULL,NULL,79.9497,11
4043,NHL 2005,PC (Microsoft Windows),1,NULL,75.0000,2,87.9849,14
875,NHL 08,PC (Microsoft Windows),2,NULL,83.0000,4,72.7961,16
5964,NHL 07,PC (Microsoft Windows),2,NULL,73.8000,6,66.6421,24
815,NHL 2002,PC (Microsoft Windows),7,NULL,70.0000,1,85.8555,17
4044,NHL 06,PC (Microsoft Windows),3,NULL,88.0000,1,75.5731,15
107292,Onimusha: Warlords,PC (Microsoft Windows),2,1,75.1250,10,81.2397,22
107292,Onimusha: Warlords,PlayStation 4,2,1,75.1250,10,81.2397,22
107292,Onimusha: Warlords,Xbox One,2,1,75.1250,10,81.2397,22
107292,Onimusha: Warlords,Nintendo Switch,2,1,75.1250,10,81.2397,22
816,NHL 2004,PC (Microsoft Windows),3,NULL,NULL,NULL,77.4329,16
18688,Manual Samuel,Linux,11,NULL,61.0000,6,73.5222,26
18688,Manual Samuel,PC (Microsoft Windows),11,NULL,61.0000,6,73.5222,26
18688,Manual Samuel,Mac,11,NULL,61.0000,6,73.5222,26
18688,Manual Samuel,PlayStation 4,11,NULL,61.0000,6,73.5222,26
18688,Manual Samuel,Xbox One,11,NULL,61.0000,6,73.5222,26
18688,Manual Samuel,Nintendo Switch,11,NULL,61.0000,6,73.5222,26
28815,LEGO Marvel Super Heroes 2,PC (Microsoft Windows),27,11,73.7692,16,70.1289,30
28815,LEGO Marvel Super Heroes 2,Mac,27,11,73.7692,16,70.1289,30
28815,LEGO Marvel Super Heroes 2,PlayStation 4,27,11,73.7692,16,70.1289,30
28815,LEGO Marvel Super Heroes 2,Xbox One,27,11,73.7692,16,70.1289,30
28815,LEGO Marvel Super Heroes 2,Nintendo Switch,27,11,73.7692,16,70.1289,30
3782,The Incredibles,PC (Microsoft Windows),9,NULL,40.0000,2,65.8376,32
3782,The Incredibles,Mac,9,NULL,40.0000,2,65.8376,32
119374,Final Fantasy VIII Remastered,PC (Microsoft Windows),6,5,79.1667,6,70.7975,17
119374,Final Fantasy VIII Remastered,Android,6,5,79.1667,6,70.7975,17
119374,Final Fantasy VIII Remastered,iOS,6,5,79.1667,6,70.7975,17
119374,Final Fantasy VIII Remastered,PlayStation 4,6,5,79.1667,6,70.7975,17
119374,Final Fantasy VIII Remastered,Xbox One,6,5,79.1667,6,70.7975,17
119374,Final Fantasy VIII Remastered,Nintendo Switch,6,5,79.1667,6,70.7975,17
123902,Murder by Numbers,PC (Microsoft Windows),3,NULL,71.0000,3,68.1208,13
123902,Murder by Numbers,Nintendo Switch,3,NULL,71.0000,3,68.1208,13
15756,Geometry Wars: Retro Evolved,PC (Microsoft Windows),8,NULL,90.0000,3,61.1863,17
3736,Putt-Putt Saves the Zoo,PC (Microsoft Windows),3,NULL,NULL,NULL,79.5518,13
3736,Putt-Putt Saves the Zoo,Mac,3,NULL,NULL,NULL,79.5518,13
3736,Putt-Putt Saves the Zoo,PlayStation 4,3,NULL,NULL,NULL,79.5518,13
3736,Putt-Putt Saves the Zoo,Nintendo Switch,3,NULL,NULL,NULL,79.5518,13
9655,HuniePop,Linux,36,NULL,82.5000,3,79.6994,111
9655,HuniePop,PC (Microsoft Windows),36,NULL,82.5000,3,79.6994,111
9655,HuniePop,Mac,36,NULL,82.5000,3,79.6994,111
114285,NBA 2K20,PC (Microsoft Windows),25,3,77.2500,9,71.3904,48
114285,NBA 2K20,iOS,25,3,77.2500,9,71.3904,48
114285,NBA 2K20,PlayStation 4,25,3,77.2500,9,71.3904,48
114285,NBA 2K20,Xbox One,25,3,77.2500,9,71.3904,48
114285,NBA 2K20,Nintendo Switch,25,3,77.2500,9,71.3904,48
26013,NBA Live 98,PC (Microsoft Windows),NULL,NULL,NULL,NULL,55.3313,11
2043,Majesty 2: The Fantasy Kingdom Sim,PC (Microsoft Windows),3,NULL,50.0000,2,61.5718,19
1813,Dragon Quest II: Luminaries of the Legendary Line,Android,10,NULL,0.0000,1,79.3994,33
1813,Dragon Quest II: Luminaries of the Legendary Line,iOS,10,NULL,0.0000,1,79.3994,33
1813,Dragon Quest II: Luminaries of the Legendary Line,PlayStation 4,10,NULL,0.0000,1,79.3994,33
1813,Dragon Quest II: Luminaries of the Legendary Line,Nintendo Switch,10,NULL,0.0000,1,79.3994,33
28224,Scanner Sombre,PC (Microsoft Windows),4,NULL,72.5000,4,58.7877,13
28224,Scanner Sombre,Mac,4,NULL,72.5000,4,58.7877,13
1939,Destiny,PlayStation 4,169,24,78.2941,23,72.2017,399
1939,Destiny,Xbox One,169,24,78.2941,23,72.2017,399
2054,OutRun 2006: Coast 2 Coast,PC (Microsoft Windows),10,NULL,90.0000,2,77.9807,29
17583,SpellForce 3,PC (Microsoft Windows),25,7,74.0000,11,59.4794,23
7226,UEFA Euro 2008,PC (Microsoft Windows),4,NULL,75.0000,4,62.4454,17
14402,Eversion,Linux,3,NULL,NULL,NULL,70.1604,11
14402,Eversion,PC (Microsoft Windows),3,NULL,NULL,NULL,70.1604,11
14402,Eversion,Mac,3,NULL,NULL,NULL,70.1604,11
12153,Ikari Warriors,PlayStation 4,4,NULL,52.0000,1,71.7050,27
12153,Ikari Warriors,Nintendo Switch,4,NULL,52.0000,1,71.7050,27
3081,Evil Genius,PC (Microsoft Windows),17,NULL,82.5000,4,74.4229,29
8471,Startopia,PC (Microsoft Windows),6,NULL,90.0000,1,89.7624,15
7444,Shovel Knight,Linux,173,NULL,88.9474,20,85.9780,452
7444,Shovel Knight,PC (Microsoft Windows),173,NULL,88.9474,20,85.9780,452
7444,Shovel Knight,Mac,173,NULL,88.9474,20,85.9780,452
7444,Shovel Knight,PlayStation 4,173,NULL,88.9474,20,85.9780,452
7444,Shovel Knight,Xbox One,173,NULL,88.9474,20,85.9780,452
7444,Shovel Knight,Nintendo Switch,173,NULL,88.9474,20,85.9780,452
5631,The Temple of Elemental Evil,PC (Microsoft Windows),7,NULL,NULL,NULL,72.5684,28
77631,Harry Potter: Hogwarts Mystery,Android,11,2,32.5000,4,36.4753,23
77631,Harry Potter: Hogwarts Mystery,iOS,11,2,32.5000,4,36.4753,23
144133,Gloam,PC (Microsoft Windows),7,1,NULL,NULL,92.5926,11
144133,Gloam,Android,7,1,NULL,NULL,92.5926,11
28010,God Eater 3,PC (Microsoft Windows),13,4,72.7500,12,59.9157,9
28010,God Eater 3,PlayStation 4,13,4,72.7500,12,59.9157,9
28010,God Eater 3,Nintendo Switch,13,4,72.7500,12,59.9157,9
36794,Pokkén Tournament DX,Nintendo Switch,13,1,77.4167,13,79.5686,14
567,Fuel,PC (Microsoft Windows),6,NULL,76.2500,5,79.8312,11
170,Star Wars: X-Wing vs. TIE Fighter,PC (Microsoft Windows),2,NULL,NULL,NULL,76.0477,18
8999,Braveland,Linux,8,NULL,NULL,NULL,77.6129,14
8999,Braveland,PC (Microsoft Windows),8,NULL,NULL,NULL,77.6129,14
8999,Braveland,Mac,8,NULL,NULL,NULL,77.6129,14
8999,Braveland,Android,8,NULL,NULL,NULL,77.6129,14
8999,Braveland,iOS,8,NULL,NULL,NULL,77.6129,14
87983,What the Golf?,Linux,1,3,87.6667,4,73.6478,27
87983,What the Golf?,PC (Microsoft Windows),1,3,87.6667,4,73.6478,27
87983,What the Golf?,Mac,1,3,87.6667,4,73.6478,27
87983,What the Golf?,iOS,1,3,87.6667,4,73.6478,27
87983,What the Golf?,Nintendo Switch,1,3,87.6667,4,73.6478,27
14813,Peggle Nights,PC (Microsoft Windows),6,NULL,84.0000,4,83.7666,23
14813,Peggle Nights,Mac,6,NULL,84.0000,4,83.7666,23
58310,Peggle Blast,Android,NULL,1,NULL,NULL,79.9038,11
58310,Peggle Blast,iOS,NULL,1,NULL,NULL,79.9038,11
15773,TrackMania Nations Forever,PC (Microsoft Windows),11,NULL,NULL,NULL,70.0269,44
118922,Reventure,PC (Microsoft Windows),1,NULL,70.0000,2,71.3019,11
118922,Reventure,Nintendo Switch,1,NULL,70.0000,2,71.3019,11
11592,Lara Croft GO,Linux,40,NULL,85.8000,6,81.1230,69
11592,Lara Croft GO,PC (Microsoft Windows),40,NULL,85.8000,6,81.1230,69
11592,Lara Croft GO,Mac,40,NULL,85.8000,6,81.1230,69
11592,Lara Croft GO,Android,40,NULL,85.8000,6,81.1230,69
11592,Lara Croft GO,iOS,40,NULL,85.8000,6,81.1230,69
11592,Lara Croft GO,PlayStation 4,40,NULL,85.8000,6,81.1230,69
924,Wing Commander,PC (Microsoft Windows),6,NULL,NULL,NULL,81.3903,34
924,Wing Commander,Mac,6,NULL,NULL,NULL,81.3903,34
1646,James Bond 007: Quantum of Solace,PC (Microsoft Windows),20,NULL,61.7143,9,65.3699,56
7211,A Story About My Uncle,Linux,22,NULL,69.0000,2,68.5221,117
7211,A Story About My Uncle,PC (Microsoft Windows),22,NULL,69.0000,2,68.5221,117
7211,A Story About My Uncle,Mac,22,NULL,69.0000,2,68.5221,117
19850,Lumo,Linux,6,NULL,77.0000,11,59.9229,15
19850,Lumo,PC (Microsoft Windows),6,NULL,77.0000,11,59.9229,15
19850,Lumo,Mac,6,NULL,77.0000,11,59.9229,15
19850,Lumo,PlayStation 4,6,NULL,77.0000,11,59.9229,15
19850,Lumo,Xbox One,6,NULL,77.0000,11,59.9229,15
19850,Lumo,Nintendo Switch,6,NULL,77.0000,11,59.9229,15
4652,Pro Evolution Soccer 2014,PC (Microsoft Windows),8,NULL,79.5000,11,66.5457,58
8644,Assault Android Cactus,Linux,5,NULL,82.1818,12,72.5927,16
8644,Assault Android Cactus,PC (Microsoft Windows),5,NULL,82.1818,12,72.5927,16
8644,Assault Android Cactus,Mac,5,NULL,82.1818,12,72.5927,16
8644,Assault Android Cactus,PlayStation 4,5,NULL,82.1818,12,72.5927,16
8644,Assault Android Cactus,Xbox One,5,NULL,82.1818,12,72.5927,16
18929,Mosaic,Linux,5,9,78.7500,5,72.4091,12
18929,Mosaic,PC (Microsoft Windows),5,9,78.7500,5,72.4091,12
18929,Mosaic,Mac,5,9,78.7500,5,72.4091,12
18929,Mosaic,iOS,5,9,78.7500,5,72.4091,12
18929,Mosaic,PlayStation 4,5,9,78.7500,5,72.4091,12
18929,Mosaic,Xbox One,5,9,78.7500,5,72.4091,12
18929,Mosaic,Nintendo Switch,5,9,78.7500,5,72.4091,12
134599,NBA 2K21,PC (Microsoft Windows),17,5,77.3636,14,71.6145,30
134599,NBA 2K21,PlayStation 4,17,5,77.3636,14,71.6145,30
134599,NBA 2K21,Xbox One,17,5,77.3636,14,71.6145,30
134599,NBA 2K21,Nintendo Switch,17,5,77.3636,14,71.6145,30
134599,NBA 2K21,PlayStation 5,17,5,77.3636,14,71.6145,30
19133,Elsword,PC (Microsoft Windows),3,NULL,60.0000,1,65.7646,34
27093,Yu-Gi-Oh! Duel Links,PC (Microsoft Windows),22,NULL,NULL,NULL,76.0642,64
27093,Yu-Gi-Oh! Duel Links,Android,22,NULL,NULL,NULL,76.0642,64
27093,Yu-Gi-Oh! Duel Links,iOS,22,NULL,NULL,NULL,76.0642,64
5319,Project CARS,Linux,61,21,82.1429,16,75.4105,83
5319,Project CARS,PC (Microsoft Windows),61,21,82.1429,16,75.4105,83
5319,Project CARS,PlayStation 4,61,21,82.1429,16,75.4105,83
5319,Project CARS,Xbox One,61,21,82.1429,16,75.4105,83
14522,Siren,PlayStation 4,9,NULL,70.0000,2,70.1151,14
119391,Trials of Mana,PC (Microsoft Windows),54,17,77.9000,13,76.1455,26
119391,Trials of Mana,Android,54,17,77.9000,13,76.1455,26
119391,Trials of Mana,iOS,54,17,77.9000,13,76.1455,26
119391,Trials of Mana,PlayStation 4,54,17,77.9000,13,76.1455,26
119391,Trials of Mana,Nintendo Switch,54,17,77.9000,13,76.1455,26
7612,CounterSpy,Android,7,NULL,63.3750,9,75.0379,34
7612,CounterSpy,iOS,7,NULL,63.3750,9,75.0379,34
7612,CounterSpy,PlayStation 4,7,NULL,63.3750,9,75.0379,34
7557,Big Rigs: Over the Road Racing,PC (Microsoft Windows),2,NULL,NULL,NULL,10.3622,22
17136,Abyss: The Wraiths of Eden,Linux,2,NULL,NULL,NULL,72.5948,14
17136,Abyss: The Wraiths of Eden,PC (Microsoft Windows),2,NULL,NULL,NULL,72.5948,14
17136,Abyss: The Wraiths of Eden,Mac,2,NULL,NULL,NULL,72.5948,14
17136,Abyss: The Wraiths of Eden,Android,2,NULL,NULL,NULL,72.5948,14
17136,Abyss: The Wraiths of Eden,iOS,2,NULL,NULL,NULL,72.5948,14
17136,Abyss: The Wraiths of Eden,PlayStation 4,2,NULL,NULL,NULL,72.5948,14
17136,Abyss: The Wraiths of Eden,Xbox One,2,NULL,NULL,NULL,72.5948,14
17136,Abyss: The Wraiths of Eden,Nintendo Switch,2,NULL,NULL,NULL,72.5948,14
14544,The Stanley Parable Demonstration,PC (Microsoft Windows),6,NULL,NULL,NULL,87.5310,15
14544,The Stanley Parable Demonstration,Mac,6,NULL,NULL,NULL,87.5310,15
28225,Police Stories,Linux,5,6,70.0000,2,55.8265,13
28225,Police Stories,PC (Microsoft Windows),5,6,70.0000,2,55.8265,13
28225,Police Stories,Mac,5,6,70.0000,2,55.8265,13
28225,Police Stories,PlayStation 4,5,6,70.0000,2,55.8265,13
28225,Police Stories,Xbox One,5,6,70.0000,2,55.8265,13
28225,Police Stories,Nintendo Switch,5,6,70.0000,2,55.8265,13
133040,Cryptoman,Web browser,4,NULL,NULL,NULL,86.6767,23
3221,Rogue Legacy,Linux,79,NULL,86.0000,14,76.0298,293
3221,Rogue Legacy,PC (Microsoft Windows),79,NULL,86.0000,14,76.0298,293
3221,Rogue Legacy,Mac,79,NULL,86.0000,14,76.0298,293
3221,Rogue Legacy,PlayStation 4,79,NULL,86.0000,14,76.0298,293
3221,Rogue Legacy,Xbox One,79,NULL,86.0000,14,76.0298,293
3221,Rogue Legacy,Nintendo Switch,79,NULL,86.0000,14,76.0298,293
110069,Dragon Quest XI S: Echoes of an Elusive Age - Definitive Edition,PC (Microsoft Windows),8,4,91.7500,4,85.4572,61
110069,Dragon Quest XI S: Echoes of an Elusive Age - Definitive Edition,PlayStation 4,8,4,91.7500,4,85.4572,61
110069,Dragon Quest XI S: Echoes of an Elusive Age - Definitive Edition,Xbox One,8,4,91.7500,4,85.4572,61
110069,Dragon Quest XI S: Echoes of an Elusive Age - Definitive Edition,Nintendo Switch,8,4,91.7500,4,85.4572,61
17818,Disney Infinity 2.0: Marvel Super Heroes,PC (Microsoft Windows),1,NULL,74.0000,12,69.0905,5
17818,Disney Infinity 2.0: Marvel Super Heroes,Android,1,NULL,74.0000,12,69.0905,5
17818,Disney Infinity 2.0: Marvel Super Heroes,iOS,1,NULL,74.0000,12,69.0905,5
17818,Disney Infinity 2.0: Marvel Super Heroes,PlayStation 4,1,NULL,74.0000,12,69.0905,5
17818,Disney Infinity 2.0: Marvel Super Heroes,Xbox One,1,NULL,74.0000,12,69.0905,5
152259,FAR: Changing Tides,PC (Microsoft Windows),1,2,88.0000,3,73.0635,25
152259,FAR: Changing Tides,PlayStation 4,1,2,88.0000,3,73.0635,25
152259,FAR: Changing Tides,Xbox One,1,2,88.0000,3,73.0635,25
152259,FAR: Changing Tides,Nintendo Switch,1,2,88.0000,3,73.0635,25
152259,FAR: Changing Tides,PlayStation 5,1,2,88.0000,3,73.0635,25
13204,Pathologic Classic HD,PC (Microsoft Windows),3,NULL,74.0000,1,83.8589,21
7056,The Lord of the Rings: Conquest,PC (Microsoft Windows),16,NULL,60.0000,4,70.0893,75
8974,Football Manager 2013,PC (Microsoft Windows),8,NULL,89.5000,4,86.3863,38
8974,Football Manager 2013,Mac,8,NULL,89.5000,4,86.3863,38
848,Rise of Nations,PC (Microsoft Windows),54,NULL,92.0000,3,81.6373,148
848,Rise of Nations,Mac,54,NULL,92.0000,3,81.6373,148
8500,Futuridium EP Deluxe,PlayStation 4,2,NULL,61.0000,1,42.3748,11
7091,MX vs. ATV Reflex,PC (Microsoft Windows),2,NULL,75.6667,4,80.0463,11
121957,Chess.com,Android,1,NULL,NULL,NULL,83.0633,12
121957,Chess.com,iOS,1,NULL,NULL,NULL,83.0633,12
121957,Chess.com,Web browser,1,NULL,NULL,NULL,83.0633,12
50833,Yu-Gi-Oh! Power of Chaos: Joey the Passion,PC (Microsoft Windows),7,NULL,NULL,NULL,79.6870,22
75126,Cube Escape: Harvey's Box,Mac,1,NULL,NULL,NULL,70.2936,19
75126,Cube Escape: Harvey's Box,Android,1,NULL,NULL,NULL,70.2936,19
75126,Cube Escape: Harvey's Box,iOS,1,NULL,NULL,NULL,70.2936,19
75126,Cube Escape: Harvey's Box,Web browser,1,NULL,NULL,NULL,70.2936,19
5572,Men of War: Assault Squad 2,PC (Microsoft Windows),13,2,75.0000,1,79.9440,17
326,Medal of Honor: Allied Assault,Linux,98,1,80.0000,1,82.8290,279
326,Medal of Honor: Allied Assault,PC (Microsoft Windows),98,1,80.0000,1,82.8290,279
326,Medal of Honor: Allied Assault,Mac,98,1,80.0000,1,82.8290,279
2413,Oni,PC (Microsoft Windows),19,NULL,70.0000,2,88.8161,61
2413,Oni,Mac,19,NULL,70.0000,2,88.8161,61
820,No One Lives Forever 2: A Spy in H.A.R.M.'s Way,PC (Microsoft Windows),31,NULL,80.0000,2,86.5180,76
820,No One Lives Forever 2: A Spy in H.A.R.M.'s Way,Mac,31,NULL,80.0000,2,86.5180,76
5602,Overgrowth,Linux,19,8,50.8000,7,51.3820,15
5602,Overgrowth,PC (Microsoft Windows),19,8,50.8000,7,51.3820,15
5602,Overgrowth,Mac,19,8,50.8000,7,51.3820,15
3700,The Settlers: Rise of an Empire,PC (Microsoft Windows),7,NULL,70.0000,3,74.3344,15
12505,Infinity Blade III,iOS,5,NULL,74.3333,4,82.8205,13
6181,The Suffering: Ties That Bind,PC (Microsoft Windows),9,NULL,72.0000,4,68.4532,24
1741,Mega Man X,iOS,68,NULL,85.0000,1,86.0390,235
5821,Eragon,PC (Microsoft Windows),2,NULL,54.1250,10,47.0509,17
7393,World of Tanks: Blitz,PC (Microsoft Windows),2,NULL,NULL,NULL,68.3931,22
7393,World of Tanks: Blitz,Mac,2,NULL,NULL,NULL,68.3931,22
7393,World of Tanks: Blitz,Android,2,NULL,NULL,NULL,68.3931,22
7393,World of Tanks: Blitz,iOS,2,NULL,NULL,NULL,68.3931,22
7393,World of Tanks: Blitz,Nintendo Switch,2,NULL,NULL,NULL,68.3931,22
64821,Urban Rivals World,Linux,1,NULL,NULL,NULL,80.2552,12
64821,Urban Rivals World,PC (Microsoft Windows),1,NULL,NULL,NULL,80.2552,12
64821,Urban Rivals World,Mac,1,NULL,NULL,NULL,80.2552,12
64821,Urban Rivals World,Android,1,NULL,NULL,NULL,80.2552,12
64821,Urban Rivals World,iOS,1,NULL,NULL,NULL,80.2552,12
64821,Urban Rivals World,Web browser,1,NULL,NULL,NULL,80.2552,12
142494,Dragon Ball Z: Kakarot - Dragon Ball Card Warriors,PC (Microsoft Windows),9,NULL,NULL,NULL,100.0000,13
142494,Dragon Ball Z: Kakarot - Dragon Ball Card Warriors,PlayStation 4,9,NULL,NULL,NULL,100.0000,13
142494,Dragon Ball Z: Kakarot - Dragon Ball Card Warriors,Xbox One,9,NULL,NULL,NULL,100.0000,13
3216,Secret of Mana,Android,57,NULL,NULL,NULL,83.6402,163
3216,Secret of Mana,iOS,57,NULL,NULL,NULL,83.6402,163
7637,Sniper Elite: Nazi Zombie Army,PC (Microsoft Windows),2,NULL,56.0000,2,63.1855,15
2651,Destroy All Humans!,PlayStation 4,20,NULL,70.0000,6,72.2182,57
14545,Human Resource Machine,Linux,18,NULL,74.3333,6,77.6483,37
14545,Human Resource Machine,PC (Microsoft Windows),18,NULL,74.3333,6,77.6483,37
14545,Human Resource Machine,Mac,18,NULL,74.3333,6,77.6483,37
14545,Human Resource Machine,Android,18,NULL,74.3333,6,77.6483,37
14545,Human Resource Machine,iOS,18,NULL,74.3333,6,77.6483,37
14545,Human Resource Machine,Nintendo Switch,18,NULL,74.3333,6,77.6483,37
8506,Xeodrifter,PC (Microsoft Windows),3,NULL,79.0000,6,67.3271,23
8506,Xeodrifter,PlayStation 4,3,NULL,79.0000,6,67.3271,23
8506,Xeodrifter,Nintendo Switch,3,NULL,79.0000,6,67.3271,23
26772,NBA 2K18,PC (Microsoft Windows),66,42,73.8000,11,68.9196,41
26772,NBA 2K18,iOS,66,42,73.8000,11,68.9196,41
26772,NBA 2K18,PlayStation 4,66,42,73.8000,11,68.9196,41
26772,NBA 2K18,Xbox One,66,42,73.8000,11,68.9196,41
26772,NBA 2K18,Nintendo Switch,66,42,73.8000,11,68.9196,41
26760,Super Bomberman R,PC (Microsoft Windows),16,1,63.6667,17,61.8745,24
26760,Super Bomberman R,PlayStation 4,16,1,63.6667,17,61.8745,24
26760,Super Bomberman R,Xbox One,16,1,63.6667,17,61.8745,24
26760,Super Bomberman R,Nintendo Switch,16,1,63.6667,17,61.8745,24
3109,Postal 2,Linux,76,NULL,59.2500,4,70.6951,210
3109,Postal 2,PC (Microsoft Windows),76,NULL,59.2500,4,70.6951,210
3109,Postal 2,Mac,76,NULL,59.2500,4,70.6951,210
115282,Tetris 99,Nintendo Switch,5,NULL,84.0000,4,83.6114,78
17137,Enigmatis: The Ghosts of Maple Creek,Linux,4,NULL,NULL,NULL,69.1842,18
17137,Enigmatis: The Ghosts of Maple Creek,PC (Microsoft Windows),4,NULL,NULL,NULL,69.1842,18
17137,Enigmatis: The Ghosts of Maple Creek,Mac,4,NULL,NULL,NULL,69.1842,18
17137,Enigmatis: The Ghosts of Maple Creek,Android,4,NULL,NULL,NULL,69.1842,18
17137,Enigmatis: The Ghosts of Maple Creek,iOS,4,NULL,NULL,NULL,69.1842,18
17137,Enigmatis: The Ghosts of Maple Creek,PlayStation 4,4,NULL,NULL,NULL,69.1842,18
17137,Enigmatis: The Ghosts of Maple Creek,Xbox One,4,NULL,NULL,NULL,69.1842,18
17137,Enigmatis: The Ghosts of Maple Creek,Nintendo Switch,4,NULL,NULL,NULL,69.1842,18
31558,WWE 2K18,PC (Microsoft Windows),38,21,67.5385,14,63.2116,38
31558,WWE 2K18,PlayStation 4,38,21,67.5385,14,63.2116,38
31558,WWE 2K18,Xbox One,38,21,67.5385,14,63.2116,38
31558,WWE 2K18,Nintendo Switch,38,21,67.5385,14,63.2116,38
1912,Warface,PC (Microsoft Windows),24,NULL,54.0000,2,63.1958,58
1912,Warface,PlayStation 4,24,NULL,54.0000,2,63.1958,58
1912,Warface,Xbox One,24,NULL,54.0000,2,63.1958,58
1912,Warface,Nintendo Switch,24,NULL,54.0000,2,63.1958,58
143615,Knockout City,PC (Microsoft Windows),10,NULL,86.0000,11,76.3951,33
143615,Knockout City,PlayStation 4,10,NULL,86.0000,11,76.3951,33
143615,Knockout City,Xbox One,10,NULL,86.0000,11,76.3951,33
143615,Knockout City,Nintendo Switch,10,NULL,86.0000,11,76.3951,33
143615,Knockout City,PlayStation 5,10,NULL,86.0000,11,76.3951,33
13155,Rage of Mages II: Necromancer,PC (Microsoft Windows),1,NULL,NULL,NULL,89.5987,11
75129,Cube Escape: Birthday,Mac,NULL,NULL,NULL,NULL,70.4719,17
75129,Cube Escape: Birthday,Android,NULL,NULL,NULL,NULL,70.4719,17
75129,Cube Escape: Birthday,iOS,NULL,NULL,NULL,NULL,70.4719,17
9540,Wonder Boy in Monster World,Linux,NULL,NULL,NULL,NULL,74.7399,20
9540,Wonder Boy in Monster World,PC (Microsoft Windows),NULL,NULL,NULL,NULL,74.7399,20
9540,Wonder Boy in Monster World,Mac,NULL,NULL,NULL,NULL,74.7399,20
6213,Total Overdose,PC (Microsoft Windows),17,NULL,66.3333,5,68.5413,58
6273,Red Faction,PC (Microsoft Windows),31,NULL,70.0000,2,73.9864,115
6273,Red Faction,Mac,31,NULL,70.0000,2,73.9864,115
6273,Red Faction,PlayStation 4,31,NULL,70.0000,2,73.9864,115
9269,Dungeon Siege II,PC (Microsoft Windows),20,NULL,83.0000,5,79.1261,64
38932,Trine 2: Complete Story,Linux,10,NULL,93.0000,1,79.7973,40
38932,Trine 2: Complete Story,PC (Microsoft Windows),10,NULL,93.0000,1,79.7973,40
38932,Trine 2: Complete Story,Mac,10,NULL,93.0000,1,79.7973,40
38932,Trine 2: Complete Story,PlayStation 4,10,NULL,93.0000,1,79.7973,40
38932,Trine 2: Complete Story,Xbox One,10,NULL,93.0000,1,79.7973,40
38932,Trine 2: Complete Story,Nintendo Switch,10,NULL,93.0000,1,79.7973,40
9559,Titan Souls,Linux,36,7,72.3750,9,72.1675,79
9559,Titan Souls,PC (Microsoft Windows),36,7,72.3750,9,72.1675,79
9559,Titan Souls,Mac,36,7,72.3750,9,72.1675,79
9559,Titan Souls,Android,36,7,72.3750,9,72.1675,79
9559,Titan Souls,PlayStation 4,36,7,72.3750,9,72.1675,79
152267,Tinykin,PC (Microsoft Windows),1,1,82.6667,4,81.3612,31
152267,Tinykin,PlayStation 4,1,1,82.6667,4,81.3612,31
152267,Tinykin,Xbox One,1,1,82.6667,4,81.3612,31
152267,Tinykin,Nintendo Switch,1,1,82.6667,4,81.3612,31
152267,Tinykin,PlayStation 5,1,1,82.6667,4,81.3612,31
10960,Thumper,PC (Microsoft Windows),31,7,83.7273,14,75.3401,73
10960,Thumper,Android,31,7,83.7273,14,75.3401,73
10960,Thumper,iOS,31,7,83.7273,14,75.3401,73
10960,Thumper,PlayStation 4,31,7,83.7273,14,75.3401,73
10960,Thumper,Xbox One,31,7,83.7273,14,75.3401,73
10960,Thumper,Nintendo Switch,31,7,83.7273,14,75.3401,73
10960,Thumper,PlayStation 5,31,7,83.7273,14,75.3401,73
235,RollerCoaster Tycoon 3,PC (Microsoft Windows),33,NULL,83.7500,3,74.1278,101
235,RollerCoaster Tycoon 3,Mac,33,NULL,83.7500,3,74.1278,101
7643,Shadowrun,PC (Microsoft Windows),10,NULL,68.0000,5,56.0886,22
26145,Impact Winter,PC (Microsoft Windows),30,3,65.0000,2,67.9861,11
26145,Impact Winter,PlayStation 4,30,3,65.0000,2,67.9861,11
26145,Impact Winter,Xbox One,30,3,65.0000,2,67.9861,11
868,Sid Meier's Pirates!,PC (Microsoft Windows),34,NULL,82.6667,3,81.6479,103
868,Sid Meier's Pirates!,Mac,34,NULL,82.6667,3,81.6479,103
868,Sid Meier's Pirates!,iOS,34,NULL,82.6667,3,81.6479,103
139295,Milk inside a bag of milk inside a bag of milk,Linux,3,NULL,NULL,NULL,89.1987,36
139295,Milk inside a bag of milk inside a bag of milk,PC (Microsoft Windows),3,NULL,NULL,NULL,89.1987,36
139295,Milk inside a bag of milk inside a bag of milk,Mac,3,NULL,NULL,NULL,89.1987,36
139295,Milk inside a bag of milk inside a bag of milk,Nintendo Switch,3,NULL,NULL,NULL,89.1987,36
117,The Last Guardian,PlayStation 4,222,63,80.2857,23,83.0699,261
2138,Grid 2,PC (Microsoft Windows),37,NULL,80.5833,15,73.6586,139
2138,Grid 2,Mac,37,NULL,80.5833,15,73.6586,139
7326,Forza Horizon 2,Xbox One,43,4,86.4118,17,82.8984,100
7220,Tron: Evolution,PC (Microsoft Windows),5,NULL,59.0000,7,60.5252,19
9462,Stronghold: Crusader Extreme,PC (Microsoft Windows),2,NULL,40.0000,1,69.5922,13
964,Stronghold Crusader,PC (Microsoft Windows),50,NULL,80.0000,1,84.2561,137
8678,Defy Gravity,PC (Microsoft Windows),2,NULL,NULL,NULL,43.2415,12
7593,Space Rangers 2: Dominators,PC (Microsoft Windows),7,NULL,82.5000,2,91.4837,32
18978,Table Top Racing: World Tour,PC (Microsoft Windows),10,NULL,40.0000,1,60.6848,22
18978,Table Top Racing: World Tour,iOS,10,NULL,40.0000,1,60.6848,22
18978,Table Top Racing: World Tour,PlayStation 4,10,NULL,40.0000,1,60.6848,22
18978,Table Top Racing: World Tour,Xbox One,10,NULL,40.0000,1,60.6848,22
18978,Table Top Racing: World Tour,Nintendo Switch,10,NULL,40.0000,1,60.6848,22
86395,Synthetik: Legion Rising,PC (Microsoft Windows),6,3,70.0000,1,71.8524,19
1283,The Legend of Kyrandia 2: The Hand of Fate,Mac,4,NULL,NULL,NULL,82.5166,21
37088,The Elder Scrolls V: Skyrim VR,PC (Microsoft Windows),23,2,75.2500,5,76.4815,17
2922,Crusader Kings,PC (Microsoft Windows),2,NULL,86.0000,1,84.7599,11
2922,Crusader Kings,Mac,2,NULL,86.0000,1,84.7599,11
103018,Team Sonic Racing,PC (Microsoft Windows),15,4,71.3333,12,72.9493,27
103018,Team Sonic Racing,PlayStation 4,15,4,71.3333,12,72.9493,27
103018,Team Sonic Racing,Xbox One,15,4,71.3333,12,72.9493,27
103018,Team Sonic Racing,Nintendo Switch,15,4,71.3333,12,72.9493,27
15698,Metroid Dread,Nintendo Switch,11,5,83.5455,13,84.8080,106
432,Total War: Shogun 2,Linux,61,NULL,88.0000,8,84.9356,165
432,Total War: Shogun 2,PC (Microsoft Windows),61,NULL,88.0000,8,84.9356,165
432,Total War: Shogun 2,Mac,61,NULL,88.0000,8,84.9356,165
16136,The Final Station,Linux,15,1,72.0909,12,74.1047,48
16136,The Final Station,PC (Microsoft Windows),15,1,72.0909,12,74.1047,48
16136,The Final Station,Mac,15,1,72.0909,12,74.1047,48
16136,The Final Station,PlayStation 4,15,1,72.0909,12,74.1047,48
16136,The Final Station,Xbox One,15,1,72.0909,12,74.1047,48
16136,The Final Station,Nintendo Switch,15,1,72.0909,12,74.1047,48
9057,Trespasser,PC (Microsoft Windows),3,NULL,NULL,NULL,65.1793,18
6222,Unreal II: The Awakening,PC (Microsoft Windows),14,NULL,60.5000,3,64.7853,55
4216,True Crime: Streets of LA,PC (Microsoft Windows),20,NULL,74.3333,4,70.5593,82
4216,True Crime: Streets of LA,Mac,20,NULL,74.3333,4,70.5593,82
9823,Disciples III: Reincarnation,PC (Microsoft Windows),1,NULL,NULL,NULL,74.6449,14
7729,Sound Shapes,PlayStation 4,14,NULL,86.8889,9,73.9460,39
569,Wolfenstein,PC (Microsoft Windows),59,NULL,81.0000,7,71.8758,207
152,Star Wars: Jedi Knight II - Jedi Outcast,PC (Microsoft Windows),97,NULL,73.3333,4,84.7693,264
152,Star Wars: Jedi Knight II - Jedi Outcast,Mac,97,NULL,73.3333,4,84.7693,264
152,Star Wars: Jedi Knight II - Jedi Outcast,PlayStation 4,97,NULL,73.3333,4,84.7693,264
152,Star Wars: Jedi Knight II - Jedi Outcast,Nintendo Switch,97,NULL,73.3333,4,84.7693,264
14790,Bound,PlayStation 4,23,5,71.7273,14,76.3555,48
26673,Omori,PC (Microsoft Windows),24,4,82.5000,2,89.1060,79
26673,Omori,Mac,24,4,82.5000,2,89.1060,79
26673,Omori,PlayStation 4,24,4,82.5000,2,89.1060,79
26673,Omori,Xbox One,24,4,82.5000,2,89.1060,79
26673,Omori,Nintendo Switch,24,4,82.5000,2,89.1060,79
26671,Montaro,PC (Microsoft Windows),2,NULL,60.0000,1,69.4511,13
5772,SteamWorld Dig,Linux,45,NULL,81.1250,11,73.8316,175
5772,SteamWorld Dig,PC (Microsoft Windows),45,NULL,81.1250,11,73.8316,175
5772,SteamWorld Dig,Mac,45,NULL,81.1250,11,73.8316,175
5772,SteamWorld Dig,PlayStation 4,45,NULL,81.1250,11,73.8316,175
5772,SteamWorld Dig,Xbox One,45,NULL,81.1250,11,73.8316,175
5772,SteamWorld Dig,Nintendo Switch,45,NULL,81.1250,11,73.8316,175
2201,The Duel: Test Drive II,Mac,2,NULL,NULL,NULL,88.3980,16
105049,Remnant: From the Ashes,PC (Microsoft Windows),52,13,76.3571,18,78.3496,183
105049,Remnant: From the Ashes,PlayStation 4,52,13,76.3571,18,78.3496,183
105049,Remnant: From the Ashes,Xbox One,52,13,76.3571,18,78.3496,183
105049,Remnant: From the Ashes,Nintendo Switch,52,13,76.3571,18,78.3496,183
105049,Remnant: From the Ashes,PlayStation 5,52,13,76.3571,18,78.3496,183
109742,Relicta,PC (Microsoft Windows),2,NULL,88.0000,2,60.7661,12
109742,Relicta,PlayStation 4,2,NULL,88.0000,2,60.7661,12
109742,Relicta,Xbox One,2,NULL,88.0000,2,60.7661,12
109742,Relicta,Nintendo Switch,2,NULL,88.0000,2,60.7661,12
8877,Hogs of War,PC (Microsoft Windows),6,NULL,NULL,NULL,71.0716,41
2991,Superbrothers: Sword & Sworcery EP,Linux,29,NULL,NULL,NULL,76.7347,73
2991,Superbrothers: Sword & Sworcery EP,PC (Microsoft Windows),29,NULL,NULL,NULL,76.7347,73
2991,Superbrothers: Sword & Sworcery EP,Mac,29,NULL,NULL,NULL,76.7347,73
2991,Superbrothers: Sword & Sworcery EP,Android,29,NULL,NULL,NULL,76.7347,73
2991,Superbrothers: Sword & Sworcery EP,iOS,29,NULL,NULL,NULL,76.7347,73
2991,Superbrothers: Sword & Sworcery EP,Nintendo Switch,29,NULL,NULL,NULL,76.7347,73
53276,Little Nightmares: Complete Edition,PC (Microsoft Windows),4,NULL,70.0000,1,79.9534,16
53276,Little Nightmares: Complete Edition,PlayStation 4,4,NULL,70.0000,1,79.9534,16
53276,Little Nightmares: Complete Edition,Xbox One,4,NULL,70.0000,1,79.9534,16
53276,Little Nightmares: Complete Edition,Nintendo Switch,4,NULL,70.0000,1,79.9534,16
141,Star Wars: Battlefront,PC (Microsoft Windows),68,NULL,72.9231,5,80.4543,268
141,Star Wars: Battlefront,Mac,68,NULL,72.9231,5,80.4543,268
109455,Luigi's Mansion 3,Nintendo Switch,34,15,88.7857,17,83.6197,149
19729,Mr. Shifty,Linux,11,2,63.8750,10,89.2464,14
19729,Mr. Shifty,PC (Microsoft Windows),11,2,63.8750,10,89.2464,14
19729,Mr. Shifty,Mac,11,2,63.8750,10,89.2464,14
19729,Mr. Shifty,PlayStation 4,11,2,63.8750,10,89.2464,14
19729,Mr. Shifty,Xbox One,11,2,63.8750,10,89.2464,14
19729,Mr. Shifty,Nintendo Switch,11,2,63.8750,10,89.2464,14
14748,Ni no Kuni II: Revenant Kingdom,PC (Microsoft Windows),129,36,86.2857,18,77.1072,111
14748,Ni no Kuni II: Revenant Kingdom,PlayStation 4,129,36,86.2857,18,77.1072,111
14748,Ni no Kuni II: Revenant Kingdom,Xbox One,129,36,86.2857,18,77.1072,111
74500,Monster Energy Supercross: The Official Videogame,PC (Microsoft Windows),3,NULL,58.3333,4,69.8777,11
74500,Monster Energy Supercross: The Official Videogame,iOS,3,NULL,58.3333,4,69.8777,11
74500,Monster Energy Supercross: The Official Videogame,PlayStation 4,3,NULL,58.3333,4,69.8777,11
74500,Monster Energy Supercross: The Official Videogame,Xbox One,3,NULL,58.3333,4,69.8777,11
74500,Monster Energy Supercross: The Official Videogame,Nintendo Switch,3,NULL,58.3333,4,69.8777,11
55984,Blacksad: Under the Skin,PC (Microsoft Windows),49,21,66.2500,5,79.1197,41
55984,Blacksad: Under the Skin,Mac,49,21,66.2500,5,79.1197,41
55984,Blacksad: Under the Skin,PlayStation 4,49,21,66.2500,5,79.1197,41
55984,Blacksad: Under the Skin,Xbox One,49,21,66.2500,5,79.1197,41
55984,Blacksad: Under the Skin,Nintendo Switch,49,21,66.2500,5,79.1197,41
7098,Naruto Shippuden: Ultimate Ninja Storm 2,PC (Microsoft Windows),18,NULL,67.3333,4,74.6899,75
7098,Naruto Shippuden: Ultimate Ninja Storm 2,PlayStation 4,18,NULL,67.3333,4,74.6899,75
7098,Naruto Shippuden: Ultimate Ninja Storm 2,Xbox One,18,NULL,67.3333,4,74.6899,75
7098,Naruto Shippuden: Ultimate Ninja Storm 2,Nintendo Switch,18,NULL,67.3333,4,74.6899,75
9661,Stasis,PC (Microsoft Windows),13,1,66.6667,3,70.9100,27
9661,Stasis,Mac,13,1,66.6667,3,70.9100,27
76960,MediEvil,PlayStation 4,34,18,64.0000,13,82.8100,42
76428,My Hero One's Justice,PC (Microsoft Windows),10,2,69.1667,7,69.8713,18
76428,My Hero One's Justice,PlayStation 4,10,2,69.1667,7,69.8713,18
76428,My Hero One's Justice,Xbox One,10,2,69.1667,7,69.8713,18
76428,My Hero One's Justice,Nintendo Switch,10,2,69.1667,7,69.8713,18
18184,The Guest,PC (Microsoft Windows),3,NULL,NULL,NULL,60.0722,12
18184,The Guest,Mac,3,NULL,NULL,NULL,60.0722,12
5570,Strife,Linux,5,3,NULL,NULL,59.7575,11
5570,Strife,PC (Microsoft Windows),5,3,NULL,NULL,59.7575,11
5570,Strife,Mac,5,3,NULL,NULL,59.7575,11
1960,Alone in the Dark: The New Nightmare,PC (Microsoft Windows),21,NULL,80.0000,1,69.3282,45
127985,LEGO Builder's Journey,PC (Microsoft Windows),4,NULL,77.2000,5,79.6863,18
127985,LEGO Builder's Journey,Mac,4,NULL,77.2000,5,79.6863,18
127985,LEGO Builder's Journey,iOS,4,NULL,77.2000,5,79.6863,18
127985,LEGO Builder's Journey,PlayStation 4,4,NULL,77.2000,5,79.6863,18
127985,LEGO Builder's Journey,Xbox One,4,NULL,77.2000,5,79.6863,18
127985,LEGO Builder's Journey,Nintendo Switch,4,NULL,77.2000,5,79.6863,18
127985,LEGO Builder's Journey,PlayStation 5,4,NULL,77.2000,5,79.6863,18
6188,H1Z1,PC (Microsoft Windows),17,12,65.0000,2,53.8302,25
6188,H1Z1,PlayStation 4,17,12,65.0000,2,53.8302,25
28544,Rakuen,Linux,9,NULL,78.5000,2,79.8781,17
28544,Rakuen,PC (Microsoft Windows),9,NULL,78.5000,2,79.8781,17
28544,Rakuen,Mac,9,NULL,78.5000,2,79.8781,17
28544,Rakuen,Nintendo Switch,9,NULL,78.5000,2,79.8781,17
9918,LEGO Jurassic World,PC (Microsoft Windows),23,2,72.8125,19,76.1264,67
9918,LEGO Jurassic World,Mac,23,2,72.8125,19,76.1264,67
9918,LEGO Jurassic World,iOS,23,2,72.8125,19,76.1264,67
9918,LEGO Jurassic World,PlayStation 4,23,2,72.8125,19,76.1264,67
9918,LEGO Jurassic World,Xbox One,23,2,72.8125,19,76.1264,67
9918,LEGO Jurassic World,Nintendo Switch,23,2,72.8125,19,76.1264,67
15890,Princess Remedy in a World of Hurt,PC (Microsoft Windows),2,NULL,NULL,NULL,75.5689,13
285,Railroad Tycoon II,Linux,9,NULL,NULL,NULL,85.4760,19
285,Railroad Tycoon II,PC (Microsoft Windows),9,NULL,NULL,NULL,85.4760,19
285,Railroad Tycoon II,Mac,9,NULL,NULL,NULL,85.4760,19
16003,Nancy Drew: The Phantom of Venice,PC (Microsoft Windows),1,NULL,NULL,NULL,61.2617,11
856,NHL 2003,PC (Microsoft Windows),3,NULL,40.0000,1,80.1811,13
11858,God Eater Resurrection,PC (Microsoft Windows),11,1,71.8750,8,70.0152,11
11858,God Eater Resurrection,PlayStation 4,11,1,71.8750,8,70.0152,11
1344,Wild Guns,Nintendo Switch,6,NULL,NULL,NULL,82.4312,27
4603,Lode Runner,Mac,10,NULL,80.0000,2,76.8910,41
824,NHL 09,PC (Microsoft Windows),3,NULL,90.0000,3,89.6989,28
19525,Fe,PC (Microsoft Windows),32,9,71.0909,15,70.0487,25
19525,Fe,PlayStation 4,32,9,71.0909,15,70.0487,25
19525,Fe,Xbox One,32,9,71.0909,15,70.0487,25
19525,Fe,Nintendo Switch,32,9,71.0909,15,70.0487,25
17012,Move or Die,Linux,10,NULL,NULL,NULL,79.1482,36
17012,Move or Die,PC (Microsoft Windows),10,NULL,NULL,NULL,79.1482,36
17012,Move or Die,Mac,10,NULL,NULL,NULL,79.1482,36
17012,Move or Die,PlayStation 4,10,NULL,NULL,NULL,79.1482,36
7408,Dragon Ball: Xenoverse,PC (Microsoft Windows),21,NULL,74.0000,11,68.3223,113
7408,Dragon Ball: Xenoverse,PlayStation 4,21,NULL,74.0000,11,68.3223,113
7408,Dragon Ball: Xenoverse,Xbox One,21,NULL,74.0000,11,68.3223,113
1215,Dark Cloud 2,PlayStation 4,18,NULL,90.0000,2,85.0574,39
703,FIFA Soccer 2005,PC (Microsoft Windows),12,NULL,82.0000,3,78.5136,65
110411,Dirt Rally 2.0,PC (Microsoft Windows),8,1,80.6000,12,76.2628,59
110411,Dirt Rally 2.0,PlayStation 4,8,1,80.6000,12,76.2628,59
110411,Dirt Rally 2.0,Xbox One,8,1,80.6000,12,76.2628,59
667,Descent 3,Linux,6,NULL,NULL,NULL,79.9415,11
667,Descent 3,PC (Microsoft Windows),6,NULL,NULL,NULL,79.9415,11
667,Descent 3,Mac,6,NULL,NULL,NULL,79.9415,11
8410,Happy Wars,PC (Microsoft Windows),2,NULL,NULL,NULL,65.4978,15
8410,Happy Wars,Xbox One,2,NULL,NULL,NULL,65.4978,15
11782,Shantae: Risky's Revenge,PC (Microsoft Windows),8,NULL,91.5000,3,82.1357,29
11782,Shantae: Risky's Revenge,Android,8,NULL,91.5000,3,82.1357,29
11782,Shantae: Risky's Revenge,iOS,8,NULL,91.5000,3,82.1357,29
11782,Shantae: Risky's Revenge,PlayStation 4,8,NULL,91.5000,3,82.1357,29
158980,Final Fantasy,PC (Microsoft Windows),3,NULL,87.6667,4,83.6077,22
158980,Final Fantasy,Android,3,NULL,87.6667,4,83.6077,22
158980,Final Fantasy,iOS,3,NULL,87.6667,4,83.6077,22
158980,Final Fantasy,PlayStation 4,3,NULL,87.6667,4,83.6077,22
158980,Final Fantasy,Nintendo Switch,3,NULL,87.6667,4,83.6077,22
17520,Bloons TD 5,PC (Microsoft Windows),1,NULL,NULL,NULL,72.0942,32
17520,Bloons TD 5,Mac,1,NULL,NULL,NULL,72.0942,32
17520,Bloons TD 5,Android,1,NULL,NULL,NULL,72.0942,32
17520,Bloons TD 5,iOS,1,NULL,NULL,NULL,72.0942,32
17520,Bloons TD 5,PlayStation 4,1,NULL,NULL,NULL,72.0942,32
17520,Bloons TD 5,Xbox One,1,NULL,NULL,NULL,72.0942,32
17520,Bloons TD 5,Web browser,1,NULL,NULL,NULL,72.0942,32
17520,Bloons TD 5,Nintendo Switch,1,NULL,NULL,NULL,72.0942,32
185241,Have a Nice Death,PC (Microsoft Windows),3,4,78.3333,3,71.5197,11
185241,Have a Nice Death,Nintendo Switch,3,4,78.3333,3,71.5197,11
23354,Injustice: Gods Among Us - Ultimate Edition,PC (Microsoft Windows),29,NULL,79.0000,2,72.4694,81
23354,Injustice: Gods Among Us - Ultimate Edition,PlayStation 4,29,NULL,79.0000,2,72.4694,81
13234,Karnov,Mac,1,NULL,NULL,NULL,62.8705,18
107155,Sniper Ghost Warrior Contracts,PC (Microsoft Windows),3,4,66.6667,3,72.9329,18
107155,Sniper Ghost Warrior Contracts,PlayStation 4,3,4,66.6667,3,72.9329,18
107155,Sniper Ghost Warrior Contracts,Xbox One,3,4,66.6667,3,72.9329,18
3133,FIFA Soccer 10,PC (Microsoft Windows),27,NULL,85.8750,8,69.6497,98
95308,Ring of Elysium,PC (Microsoft Windows),9,NULL,NULL,NULL,67.8691,29
23314,Asphalt 9: Legends,PC (Microsoft Windows),12,2,NULL,NULL,70.3271,22
23314,Asphalt 9: Legends,Mac,12,2,NULL,NULL,70.3271,22
23314,Asphalt 9: Legends,Android,12,2,NULL,NULL,70.3271,22
23314,Asphalt 9: Legends,iOS,12,2,NULL,NULL,70.3271,22
23314,Asphalt 9: Legends,Xbox One,12,2,NULL,NULL,70.3271,22
23314,Asphalt 9: Legends,Nintendo Switch,12,2,NULL,NULL,70.3271,22
19459,FIFA 17,PC (Microsoft Windows),93,6,86.5263,22,75.5013,210
19459,FIFA 17,PlayStation 4,93,6,86.5263,22,75.5013,210
19459,FIFA 17,Xbox One,93,6,86.5263,22,75.5013,210
56345,FIFA Mobile,Android,1,NULL,NULL,NULL,67.2073,12
56345,FIFA Mobile,iOS,1,NULL,NULL,NULL,67.2073,12
983,Tom Clancy's H.A.W.X,PC (Microsoft Windows),12,NULL,73.8333,9,73.2986,44
983,Tom Clancy's H.A.W.X,Android,12,NULL,73.8333,9,73.2986,44
983,Tom Clancy's H.A.W.X,iOS,12,NULL,73.8333,9,73.2986,44
116417,Creature in the Well,PC (Microsoft Windows),7,2,73.7500,4,82.6837,21
116417,Creature in the Well,PlayStation 4,7,2,73.7500,4,82.6837,21
116417,Creature in the Well,Xbox One,7,2,73.7500,4,82.6837,21
116417,Creature in the Well,Nintendo Switch,7,2,73.7500,4,82.6837,21
96209,FIFA 19,PC (Microsoft Windows),24,9,76.3333,13,73.8784,180
96209,FIFA 19,PlayStation 4,24,9,76.3333,13,73.8784,180
96209,FIFA 19,Xbox One,24,9,76.3333,13,73.8784,180
4649,Pro Evolution Soccer 2010,PC (Microsoft Windows),18,NULL,85.0000,4,73.6764,81
5583,Earth Defense Force 2017,Xbox One,2,NULL,73.3333,7,69.9873,11
19348,Half-Life Deathmatch: Source,Linux,10,NULL,NULL,NULL,69.8168,13
19348,Half-Life Deathmatch: Source,PC (Microsoft Windows),10,NULL,NULL,NULL,69.8168,13
19348,Half-Life Deathmatch: Source,Mac,10,NULL,NULL,NULL,69.8168,13
5080,ObsCure: The Aftermath,PC (Microsoft Windows),10,NULL,55.0000,5,75.8477,33
26196,Crash Bandicoot N. Sane Trilogy,PC (Microsoft Windows),117,11,78.0000,19,82.5129,284
26196,Crash Bandicoot N. Sane Trilogy,PlayStation 4,117,11,78.0000,19,82.5129,284
26196,Crash Bandicoot N. Sane Trilogy,Xbox One,117,11,78.0000,19,82.5129,284
26196,Crash Bandicoot N. Sane Trilogy,Nintendo Switch,117,11,78.0000,19,82.5129,284
4651,Pro Evolution Soccer 2012,PC (Microsoft Windows),9,NULL,73.5000,5,70.5278,58
944,Football Manager 2005,PC (Microsoft Windows),3,NULL,90.0000,1,75.5601,18
944,Football Manager 2005,Mac,3,NULL,90.0000,1,75.5601,18
165351,Cult of the Lamb,PC (Microsoft Windows),14,8,88.8333,8,77.4006,75
165351,Cult of the Lamb,Mac,14,8,88.8333,8,77.4006,75
165351,Cult of the Lamb,PlayStation 4,14,8,88.8333,8,77.4006,75
165351,Cult of the Lamb,Xbox One,14,8,88.8333,8,77.4006,75
165351,Cult of the Lamb,Nintendo Switch,14,8,88.8333,8,77.4006,75
165351,Cult of the Lamb,PlayStation 5,14,8,88.8333,8,77.4006,75
100359,Pro Evolution Soccer 2019,PC (Microsoft Windows),6,6,73.0000,8,56.8966,55
100359,Pro Evolution Soccer 2019,PlayStation 4,6,6,73.0000,8,56.8966,55
100359,Pro Evolution Soccer 2019,Xbox One,6,6,73.0000,8,56.8966,55
28862,Pro Evolution Soccer 2018,PC (Microsoft Windows),12,1,84.0000,12,70.3356,67
28862,Pro Evolution Soccer 2018,PlayStation 4,12,1,84.0000,12,70.3356,67
28862,Pro Evolution Soccer 2018,Xbox One,12,1,84.0000,12,70.3356,67
4784,EA Sports UFC,iOS,2,NULL,68.6364,11,67.7789,15
4784,EA Sports UFC,PlayStation 4,2,NULL,68.6364,11,67.7789,15
4784,EA Sports UFC,Xbox One,2,NULL,68.6364,11,67.7789,15
14953,Nancy Drew: Danger by Design,PC (Microsoft Windows),1,NULL,NULL,NULL,67.1142,11
103261,Just Cause 4,PC (Microsoft Windows),100,28,69.4000,18,65.0698,100
103261,Just Cause 4,PlayStation 4,100,28,69.4000,18,65.0698,100
103261,Just Cause 4,Xbox One,100,28,69.4000,18,65.0698,100
1789,Painkiller: Hell & Damnation,PC (Microsoft Windows),5,NULL,56.6667,8,52.4135,23
26893,Yu-Gi-Oh! Power of Chaos: Kaiba the Revenge,PC (Microsoft Windows),10,NULL,NULL,NULL,72.6226,17
2033,Call of Duty: Ghosts,PC (Microsoft Windows),124,5,73.6087,27,64.4727,558
2033,Call of Duty: Ghosts,PlayStation 4,124,5,73.6087,27,64.4727,558
2033,Call of Duty: Ghosts,Xbox One,124,5,73.6087,27,64.4727,558
436,Shogun: Total War,PC (Microsoft Windows),16,NULL,90.0000,1,84.5365,47
6199,The Thing,PC (Microsoft Windows),12,NULL,68.5000,3,73.1588,45
30,Space Quest III: The Pirates Of Pestulon,Mac,8,NULL,NULL,NULL,80.6830,17
28204,Call of Duty: WWII,PC (Microsoft Windows),451,192,75.2778,23,74.9571,448
28204,Call of Duty: WWII,PlayStation 4,451,192,75.2778,23,74.9571,448
28204,Call of Duty: WWII,Xbox One,451,192,75.2778,23,74.9571,448
76742,One Piece: World Seeker,PC (Microsoft Windows),16,5,66.6000,13,57.9578,18
76742,One Piece: World Seeker,PlayStation 4,16,5,66.6000,13,57.9578,18
76742,One Piece: World Seeker,Xbox One,16,5,66.6000,13,57.9578,18
9706,Bleed,Linux,5,NULL,75.0000,3,70.3848,19
9706,Bleed,PC (Microsoft Windows),5,NULL,75.0000,3,70.3848,19
9706,Bleed,Mac,5,NULL,75.0000,3,70.3848,19
9706,Bleed,PlayStation 4,5,NULL,75.0000,3,70.3848,19
9706,Bleed,Xbox One,5,NULL,75.0000,3,70.3848,19
9706,Bleed,Nintendo Switch,5,NULL,75.0000,3,70.3848,19
10233,Brawlhalla,PC (Microsoft Windows),33,3,75.0000,1,66.2564,156
10233,Brawlhalla,Mac,33,3,75.0000,1,66.2564,156
10233,Brawlhalla,Android,33,3,75.0000,1,66.2564,156
10233,Brawlhalla,iOS,33,3,75.0000,1,66.2564,156
10233,Brawlhalla,PlayStation 4,33,3,75.0000,1,66.2564,156
10233,Brawlhalla,Xbox One,33,3,75.0000,1,66.2564,156
10233,Brawlhalla,Nintendo Switch,33,3,75.0000,1,66.2564,156
3669,Shrek the Third,PC (Microsoft Windows),3,NULL,57.4444,10,50.0546,13
81205,Assassin's Creed: Rogue Remastered,PlayStation 4,10,1,67.5000,4,70.3684,14
81205,Assassin's Creed: Rogue Remastered,Xbox One,10,1,67.5000,4,70.3684,14
87485,WildCraft: Wild Sim Online,iOS,46,NULL,NULL,NULL,93.8835,18
796,MVP Baseball 2005,PC (Microsoft Windows),6,NULL,88.2500,4,89.6086,16
7046,Factorio,Linux,84,13,85.5000,2,84.5946,192
7046,Factorio,PC (Microsoft Windows),84,13,85.5000,2,84.5946,192
7046,Factorio,Mac,84,13,85.5000,2,84.5946,192
7046,Factorio,Nintendo Switch,84,13,85.5000,2,84.5946,192
9878,Out There Somewhere,PC (Microsoft Windows),6,NULL,90.0000,1,74.5469,16
9878,Out There Somewhere,Mac,6,NULL,90.0000,1,74.5469,16
165346,Saints Row,PC (Microsoft Windows),5,12,61.2500,7,44.9606,17
165346,Saints Row,PlayStation 4,5,12,61.2500,7,44.9606,17
165346,Saints Row,Xbox One,5,12,61.2500,7,44.9606,17
165346,Saints Row,PlayStation 5,5,12,61.2500,7,44.9606,17
11581,Zoo Tycoon 2,PC (Microsoft Windows),5,NULL,70.0000,1,65.4858,28
11581,Zoo Tycoon 2,Mac,5,NULL,70.0000,1,65.4858,28
165390,Blasphemous II,PC (Microsoft Windows),1,1,88.7500,7,89.8661,13
165390,Blasphemous II,PlayStation 4,1,1,88.7500,7,89.8661,13
165390,Blasphemous II,Xbox One,1,1,88.7500,7,89.8661,13
165390,Blasphemous II,Nintendo Switch,1,1,88.7500,7,89.8661,13
165390,Blasphemous II,PlayStation 5,1,1,88.7500,7,89.8661,13
12858,Star Wars,Mac,4,NULL,90.0000,1,77.4681,14
89444,Assetto Corsa Competizione,PC (Microsoft Windows),128,NULL,70.0000,3,74.4379,18
89444,Assetto Corsa Competizione,PlayStation 4,128,NULL,70.0000,3,74.4379,18
89444,Assetto Corsa Competizione,Xbox One,128,NULL,70.0000,3,74.4379,18
15709,Odin Sphere: Leifthrasir,PlayStation 4,14,1,88.3333,13,85.8895,28
811,NBA Live 99,PC (Microsoft Windows),1,NULL,NULL,NULL,78.3210,13
5951,NBA Live 07,PC (Microsoft Windows),3,NULL,51.2500,4,93.2036,22
7551,Day of Defeat,Linux,13,NULL,70.5000,3,74.3115,45
7551,Day of Defeat,PC (Microsoft Windows),13,NULL,70.5000,3,74.3115,45
7551,Day of Defeat,Mac,13,NULL,70.5000,3,74.3115,45
928,Unreal Tournament III,PC (Microsoft Windows),31,NULL,82.8571,11,75.9321,100
808,NBA Live 2003,PC (Microsoft Windows),4,NULL,NULL,NULL,73.2656,18
4033,NBA Live 2005,PC (Microsoft Windows),NULL,NULL,NULL,NULL,65.2088,12
5329,NBA 2K14,PC (Microsoft Windows),18,NULL,79.7500,13,75.9659,51
5329,NBA 2K14,Android,18,NULL,79.7500,13,75.9659,51
5329,NBA 2K14,iOS,18,NULL,79.7500,13,75.9659,51
5329,NBA 2K14,PlayStation 4,18,NULL,79.7500,13,75.9659,51
5329,NBA 2K14,Xbox One,18,NULL,79.7500,13,75.9659,51
214986,Kingdom Hearts Re:Chain of Memories,PC (Microsoft Windows),NULL,NULL,NULL,NULL,59.7323,12
214986,Kingdom Hearts Re:Chain of Memories,PlayStation 4,NULL,NULL,NULL,NULL,59.7323,12
214986,Kingdom Hearts Re:Chain of Memories,Xbox One,NULL,NULL,NULL,NULL,59.7323,12
214986,Kingdom Hearts Re:Chain of Memories,Nintendo Switch,NULL,NULL,NULL,NULL,59.7323,12
2417,Akalabeth: World of Doom,Linux,7,NULL,NULL,NULL,47.5885,18
2417,Akalabeth: World of Doom,PC (Microsoft Windows),7,NULL,NULL,NULL,47.5885,18
2417,Akalabeth: World of Doom,Mac,7,NULL,NULL,NULL,47.5885,18
2417,Akalabeth: World of Doom,iOS,7,NULL,NULL,NULL,47.5885,18
7614,NBA 2K15,PC (Microsoft Windows),19,1,81.1429,8,77.2333,56
7614,NBA 2K15,PlayStation 4,19,1,81.1429,8,77.2333,56
7614,NBA 2K15,Xbox One,19,1,81.1429,8,77.2333,56
3188,Murdered: Soul Suspect,PC (Microsoft Windows),68,5,60.8571,14,64.8598,213
3188,Murdered: Soul Suspect,PlayStation 4,68,5,60.8571,14,64.8598,213
3188,Murdered: Soul Suspect,Xbox One,68,5,60.8571,14,64.8598,213
19987,Samurai Shodown III,PC (Microsoft Windows),2,NULL,65.0000,1,70.3950,23
27278,Whispers of a Machine,PC (Microsoft Windows),6,3,65.0000,2,81.7552,24
27278,Whispers of a Machine,Mac,6,3,65.0000,2,81.7552,24
8384,Gish,Linux,3,NULL,NULL,NULL,76.1462,14
8384,Gish,PC (Microsoft Windows),3,NULL,NULL,NULL,76.1462,14
8384,Gish,Mac,3,NULL,NULL,NULL,76.1462,14
122559,Mini Motorways,PC (Microsoft Windows),3,1,85.7500,4,82.7071,27
122559,Mini Motorways,Mac,3,1,85.7500,4,82.7071,27
122559,Mini Motorways,iOS,3,1,85.7500,4,82.7071,27
122559,Mini Motorways,Nintendo Switch,3,1,85.7500,4,82.7071,27
126362,Endzone: A World Apart,PC (Microsoft Windows),3,2,NULL,NULL,69.6509,12
126362,Endzone: A World Apart,PlayStation 5,3,2,NULL,NULL,69.6509,12
18061,Candy Crush Soda Saga,PC (Microsoft Windows),26,NULL,NULL,NULL,36.6505,13
18061,Candy Crush Soda Saga,Android,26,NULL,NULL,NULL,36.6505,13
18061,Candy Crush Soda Saga,iOS,26,NULL,NULL,NULL,36.6505,13
5033,Scribblenauts Unmasked: A DC Comics Adventure,PC (Microsoft Windows),6,NULL,73.5556,10,69.9090,20
11061,Hexcells Infinite,Linux,9,NULL,NULL,NULL,76.6916,22
11061,Hexcells Infinite,PC (Microsoft Windows),9,NULL,NULL,NULL,76.6916,22
11061,Hexcells Infinite,Mac,9,NULL,NULL,NULL,76.6916,22
11061,Hexcells Infinite,iOS,9,NULL,NULL,NULL,76.6916,22
14951,Osmos,Linux,12,NULL,80.0000,3,76.1314,32
14951,Osmos,PC (Microsoft Windows),12,NULL,80.0000,3,76.1314,32
14951,Osmos,Mac,12,NULL,80.0000,3,76.1314,32
14951,Osmos,Android,12,NULL,80.0000,3,76.1314,32
14951,Osmos,iOS,12,NULL,80.0000,3,76.1314,32
37137,Kirby Star Allies,Nintendo Switch,23,5,74.0833,13,71.2676,61
9471,Half-Life 2: Deathmatch,Linux,20,NULL,NULL,NULL,75.4603,52
9471,Half-Life 2: Deathmatch,PC (Microsoft Windows),20,NULL,NULL,NULL,75.4603,52
9471,Half-Life 2: Deathmatch,Mac,20,NULL,NULL,NULL,75.4603,52
28414,Mario + Rabbids Kingdom Battle,Nintendo Switch,49,6,83.3684,21,76.7646,149
13905,Lunar: Silver Star Story Complete,PC (Microsoft Windows),3,NULL,NULL,NULL,79.5769,13
13905,Lunar: Silver Star Story Complete,iOS,3,NULL,NULL,NULL,79.5769,13
5413,Twisted Metal: Black,PlayStation 4,9,NULL,90.0000,1,82.7437,34
4063,Pac-Man World 2,PC (Microsoft Windows),6,NULL,72.5000,4,79.9004,20
136773,Card Shark,PC (Microsoft Windows),1,1,88.0000,3,69.9487,13
136773,Card Shark,Mac,1,1,88.0000,3,69.9487,13
136773,Card Shark,Nintendo Switch,1,1,88.0000,3,69.9487,13
957,Duke Nukem,PC (Microsoft Windows),15,NULL,NULL,NULL,70.3363,46
957,Duke Nukem,Mac,15,NULL,NULL,NULL,70.3363,46
2192,Mini Ninjas,PC (Microsoft Windows),13,NULL,77.0000,7,77.7926,40
2192,Mini Ninjas,Mac,13,NULL,77.0000,7,77.7926,40
139708,Devour,PC (Microsoft Windows),2,NULL,NULL,NULL,76.7851,19
139708,Devour,Mac,2,NULL,NULL,NULL,76.7851,19
956,Duke Nukem II,PC (Microsoft Windows),10,NULL,NULL,NULL,70.2872,29
956,Duke Nukem II,Mac,10,NULL,NULL,NULL,70.2872,29
956,Duke Nukem II,iOS,10,NULL,NULL,NULL,70.2872,29
138343,Hyrule Warriors: Age of Calamity,Nintendo Switch,14,23,80.4444,13,80.2259,39
11175,Transformers: Devastation,PC (Microsoft Windows),21,NULL,75.2000,17,72.6596,63
11175,Transformers: Devastation,PlayStation 4,21,NULL,75.2000,17,72.6596,63
11175,Transformers: Devastation,Xbox One,21,NULL,75.2000,17,72.6596,63
555,Transformers: War for Cybertron,PC (Microsoft Windows),13,NULL,70.7778,11,73.6607,48
490,Duke Nukem Forever,PC (Microsoft Windows),37,NULL,54.7500,11,57.3642,183
490,Duke Nukem Forever,Mac,37,NULL,54.7500,11,57.3642,183
131961,Clubhouse Games: 51 Worldwide Classics,Nintendo Switch,4,2,79.4000,6,72.5307,16
3502,Gauntlet,Mac,5,NULL,77.3333,3,70.0203,32
7216,Test Drive Unlimited 2,PC (Microsoft Windows),21,NULL,73.3333,8,66.8620,59
1222,Knights of the Temple: Infernal Crusade,PC (Microsoft Windows),3,NULL,40.0000,1,68.9431,16
342,Duke Nukem 3D,PC (Microsoft Windows),124,NULL,75.3333,1,82.2596,368
342,Duke Nukem 3D,Mac,124,NULL,75.3333,1,82.2596,368
9804,MapleStory,PC (Microsoft Windows),7,NULL,50.0000,1,75.3392,35
13102,Kami,PC (Microsoft Windows),4,NULL,NULL,NULL,79.5556,11
13102,Kami,Mac,4,NULL,NULL,NULL,79.5556,11
13102,Kami,Android,4,NULL,NULL,NULL,79.5556,11
13102,Kami,iOS,4,NULL,NULL,NULL,79.5556,11
5615,Sacred 3,PC (Microsoft Windows),9,3,41.4286,8,58.7952,17
5615,Sacred 3,Xbox One,9,3,41.4286,8,58.7952,17
8744,Global Operations,PC (Microsoft Windows),3,NULL,81.0000,1,62.4083,16
6404,Contagion,PC (Microsoft Windows),7,NULL,NULL,NULL,57.9850,18
9272,F1 2015,PC (Microsoft Windows),11,1,61.5000,13,70.8551,23
9272,F1 2015,PlayStation 4,11,1,61.5000,13,70.8551,23
9272,F1 2015,Xbox One,11,1,61.5000,13,70.8551,23
3851,Catwoman,PC (Microsoft Windows),2,NULL,71.4000,9,58.0173,13
6330,Omerta: City of Gangsters,PC (Microsoft Windows),7,NULL,54.6667,7,62.1909,16
6330,Omerta: City of Gangsters,Mac,7,NULL,54.6667,7,62.1909,16
7501,"King's Quest VI: Heir Today, Gone Tomorrow",PC (Microsoft Windows),10,NULL,NULL,NULL,81.0316,29
7501,"King's Quest VI: Heir Today, Gone Tomorrow",Mac,10,NULL,NULL,NULL,81.0316,29
11276,The Room Two,PC (Microsoft Windows),27,NULL,80.7500,5,77.0219,96
11276,The Room Two,Android,27,NULL,80.7500,5,77.0219,96
11276,The Room Two,iOS,27,NULL,80.7500,5,77.0219,96
11276,The Room Two,Nintendo Switch,27,NULL,80.7500,5,77.0219,96
18222,The Room Three,PC (Microsoft Windows),16,NULL,NULL,NULL,74.9043,64
18222,The Room Three,Android,16,NULL,NULL,NULL,74.9043,64
18222,The Room Three,iOS,16,NULL,NULL,NULL,74.9043,64
152245,Eiyuden Chronicle: Rising,PC (Microsoft Windows),1,3,73.7500,5,71.3821,15
152245,Eiyuden Chronicle: Rising,PlayStation 4,1,3,73.7500,5,71.3821,15
152245,Eiyuden Chronicle: Rising,Xbox One,1,3,73.7500,5,71.3821,15
152245,Eiyuden Chronicle: Rising,Nintendo Switch,1,3,73.7500,5,71.3821,15
152245,Eiyuden Chronicle: Rising,PlayStation 5,1,3,73.7500,5,71.3821,15
6278,Jamestown: Legend of the Lost Colony,Linux,5,NULL,78.0000,1,78.6442,15
6278,Jamestown: Legend of the Lost Colony,PC (Microsoft Windows),5,NULL,78.0000,1,78.6442,15
6278,Jamestown: Legend of the Lost Colony,Mac,5,NULL,78.0000,1,78.6442,15
7579,Insurgency,Linux,43,NULL,70.0000,1,75.1794,113
7579,Insurgency,PC (Microsoft Windows),43,NULL,70.0000,1,75.1794,113
7579,Insurgency,Mac,43,NULL,70.0000,1,75.1794,113
15183,The Mean Greens: Plastic Warfare,PC (Microsoft Windows),4,NULL,40.0000,1,72.2133,13
15183,The Mean Greens: Plastic Warfare,PlayStation 4,4,NULL,40.0000,1,72.2133,13
15183,The Mean Greens: Plastic Warfare,Xbox One,4,NULL,40.0000,1,72.2133,13
15183,The Mean Greens: Plastic Warfare,Nintendo Switch,4,NULL,40.0000,1,72.2133,13
75563,Harry Potter: Wizards Unite,Android,5,NULL,66.6667,4,62.5902,11
75563,Harry Potter: Wizards Unite,iOS,5,NULL,66.6667,4,62.5902,11
299,Age of Empires III,PC (Microsoft Windows),110,NULL,78.2500,5,78.6770,350
299,Age of Empires III,Mac,110,NULL,78.2500,5,78.6770,350
35389,Transmissions: Element 120,Linux,2,NULL,NULL,NULL,62.1162,14
35389,Transmissions: Element 120,PC (Microsoft Windows),2,NULL,NULL,NULL,62.1162,14
14872,"Dr. Langeskov, The Tiger, and The Terribly Cursed Emerald: A Whirlwind Heist",PC (Microsoft Windows),21,NULL,NULL,NULL,71.4057,65
14872,"Dr. Langeskov, The Tiger, and The Terribly Cursed Emerald: A Whirlwind Heist",Mac,21,NULL,NULL,NULL,71.4057,65
11764,The Plan,Linux,5,NULL,41.6667,3,58.6058,25
11764,The Plan,PC (Microsoft Windows),5,NULL,41.6667,3,58.6058,25
11764,The Plan,Mac,5,NULL,41.6667,3,58.6058,25
113115,The Last Campfire,PC (Microsoft Windows),4,13,88.0000,2,78.7611,29
113115,The Last Campfire,iOS,4,13,88.0000,2,78.7611,29
113115,The Last Campfire,PlayStation 4,4,13,88.0000,2,78.7611,29
113115,The Last Campfire,Xbox One,4,13,88.0000,2,78.7611,29
113115,The Last Campfire,Nintendo Switch,4,13,88.0000,2,78.7611,29
2150,Split/Second,PC (Microsoft Windows),22,NULL,81.8333,9,81.7028,86
2150,Split/Second,iOS,22,NULL,81.8333,9,81.7028,86
19541,State of Decay 2,PC (Microsoft Windows),128,35,66.5000,15,74.3069,85
19541,State of Decay 2,Xbox One,128,35,66.5000,15,74.3069,85
8746,Aura Kingdom,PC (Microsoft Windows),4,NULL,NULL,NULL,60.3000,24
544,The Darkness II,PC (Microsoft Windows),77,NULL,76.6364,11,77.2853,183
27150,Minion Masters,PC (Microsoft Windows),6,1,0.0000,1,66.5080,19
27150,Minion Masters,Mac,6,1,0.0000,1,66.5080,19
27150,Minion Masters,Xbox One,6,1,0.0000,1,66.5080,19
168668,Uncharted 4: A Thief's End - Remastered,PC (Microsoft Windows),2,NULL,NULL,NULL,91.0519,22
168668,Uncharted 4: A Thief's End - Remastered,PlayStation 5,2,NULL,NULL,NULL,91.0519,22
6269,Pandemonium 2,PC (Microsoft Windows),3,NULL,NULL,NULL,69.8027,14
86295,Tick Tock: A Tale for Two,PC (Microsoft Windows),4,3,0.0000,1,91.5143,18
86295,Tick Tock: A Tale for Two,Mac,4,3,0.0000,1,91.5143,18
86295,Tick Tock: A Tale for Two,Android,4,3,0.0000,1,91.5143,18
86295,Tick Tock: A Tale for Two,iOS,4,3,0.0000,1,91.5143,18
86295,Tick Tock: A Tale for Two,Nintendo Switch,4,3,0.0000,1,91.5143,18
9424,SkyDrift,PC (Microsoft Windows),3,NULL,75.0000,3,74.2435,11
33027,Pico Park,PC (Microsoft Windows),1,NULL,NULL,NULL,68.3214,15
33027,Pico Park,Nintendo Switch,1,NULL,NULL,NULL,68.3214,15
3045,Bugs Bunny & Taz: Time Busters,PC (Microsoft Windows),10,NULL,NULL,NULL,79.4191,41
26775,Shin Megami Tensei V,Nintendo Switch,14,3,82.3750,10,87.6937,23
9824,Disciples III: Renaissance,PC (Microsoft Windows),4,NULL,45.0000,4,50.1048,21
19545,Observer,Linux,62,6,74.0000,15,75.9067,121
19545,Observer,PC (Microsoft Windows),62,6,74.0000,15,75.9067,121
19545,Observer,Mac,62,6,74.0000,15,75.9067,121
19545,Observer,PlayStation 4,62,6,74.0000,15,75.9067,121
19545,Observer,Xbox One,62,6,74.0000,15,75.9067,121
19545,Observer,Nintendo Switch,62,6,74.0000,15,75.9067,121
33308,The Lab,PC (Microsoft Windows),1,NULL,NULL,NULL,80.2554,12
575,The Godfather II,PC (Microsoft Windows),20,NULL,65.0000,9,69.9323,71
10037,Analogue: A Hate Story,Linux,6,NULL,73.0000,2,78.9244,13
10037,Analogue: A Hate Story,PC (Microsoft Windows),6,NULL,73.0000,2,78.9244,13
10037,Analogue: A Hate Story,Mac,6,NULL,73.0000,2,78.9244,13
27844,The Elder Scrolls IV: Oblivion - Game of the Year Edition Deluxe,PC (Microsoft Windows),3,NULL,NULL,NULL,95.7953,20
1266,Assassin's Creed III,PC (Microsoft Windows),325,NULL,81.1765,20,73.7858,1163
3088,Rocksmith 2014,PC (Microsoft Windows),15,NULL,86.8889,11,87.5300,33
3088,Rocksmith 2014,Mac,15,NULL,86.8889,11,87.5300,33
3088,Rocksmith 2014,PlayStation 4,15,NULL,86.8889,11,87.5300,33
3088,Rocksmith 2014,Xbox One,15,NULL,86.8889,11,87.5300,33
191931,Pokémon Scarlet,Nintendo Switch,5,NULL,74.0000,3,64.3347,36
115653,Pokémon Shield,Nintendo Switch,60,18,67.5000,2,65.8177,137
7498,Tekken 7,PC (Microsoft Windows),54,1,84.8235,20,78.5090,188
7498,Tekken 7,PlayStation 4,54,1,84.8235,20,78.5090,188
7498,Tekken 7,Xbox One,54,1,84.8235,20,78.5090,188
116125,Stela,PC (Microsoft Windows),2,1,68.7500,4,74.8395,18
116125,Stela,iOS,2,1,68.7500,4,74.8395,18
116125,Stela,Xbox One,2,1,68.7500,4,74.8395,18
116125,Stela,Nintendo Switch,2,1,68.7500,4,74.8395,18
35932,12 Labours of Hercules,Linux,4,NULL,NULL,NULL,69.9166,11
35932,12 Labours of Hercules,PC (Microsoft Windows),4,NULL,NULL,NULL,69.9166,11
35932,12 Labours of Hercules,Mac,4,NULL,NULL,NULL,69.9166,11
35932,12 Labours of Hercules,Android,4,NULL,NULL,NULL,69.9166,11
35932,12 Labours of Hercules,iOS,4,NULL,NULL,NULL,69.9166,11
35932,12 Labours of Hercules,Nintendo Switch,4,NULL,NULL,NULL,69.9166,11
101439,F1 2018,PC (Microsoft Windows),4,NULL,79.0000,7,79.8815,35
101439,F1 2018,PlayStation 4,4,NULL,79.0000,7,79.8815,35
101439,F1 2018,Xbox One,4,NULL,79.0000,7,79.8815,35
5452,Sonic CD,Linux,20,NULL,85.3333,1,73.1697,139
5452,Sonic CD,PC (Microsoft Windows),20,NULL,85.3333,1,73.1697,139
5452,Sonic CD,Android,20,NULL,85.3333,1,73.1697,139
5452,Sonic CD,iOS,20,NULL,85.3333,1,73.1697,139
13151,The Sims FreePlay,Android,11,NULL,NULL,NULL,53.0725,22
13151,The Sims FreePlay,iOS,11,NULL,NULL,NULL,53.0725,22
21709,Naruto Shippuden: Ultimate Ninja Storm 3 Full Burst,PC (Microsoft Windows),17,NULL,78.5000,4,80.8337,26
21709,Naruto Shippuden: Ultimate Ninja Storm 3 Full Burst,PlayStation 4,17,NULL,78.5000,4,80.8337,26
21709,Naruto Shippuden: Ultimate Ninja Storm 3 Full Burst,Xbox One,17,NULL,78.5000,4,80.8337,26
21709,Naruto Shippuden: Ultimate Ninja Storm 3 Full Burst,Nintendo Switch,17,NULL,78.5000,4,80.8337,26
1748,Mega Man X8,PC (Microsoft Windows),7,NULL,NULL,NULL,73.0784,47
15748,The Sims Social,Web browser,4,NULL,NULL,NULL,49.9678,11
6614,Zero Escape: Virtue's Last Reward,PC (Microsoft Windows),32,NULL,85.6667,6,88.0976,121
1571,Sega Rally Championship,PC (Microsoft Windows),4,NULL,50.0000,1,73.4800,27
7221,Turning Point: Fall of Liberty,PC (Microsoft Windows),2,NULL,41.7500,6,62.2534,17
1814,Dragon Quest III: The Seeds of Salvation,Android,6,NULL,0.0000,1,89.4103,31
1814,Dragon Quest III: The Seeds of Salvation,iOS,6,NULL,0.0000,1,89.4103,31
1814,Dragon Quest III: The Seeds of Salvation,PlayStation 4,6,NULL,0.0000,1,89.4103,31
1814,Dragon Quest III: The Seeds of Salvation,Nintendo Switch,6,NULL,0.0000,1,89.4103,31
103629,Ultimate Custom Night,PC (Microsoft Windows),NULL,NULL,NULL,NULL,69.9543,18
519,F.E.A.R. Perseus Mandate,PC (Microsoft Windows),23,NULL,70.0000,3,72.5755,72
15731,Samorost,Web browser,13,NULL,NULL,NULL,74.1330,57
1002,Oddworld: Stranger's Wrath,PC (Microsoft Windows),13,NULL,78.0000,5,77.9956,34
1002,Oddworld: Stranger's Wrath,Android,13,NULL,78.0000,5,77.9956,34
1002,Oddworld: Stranger's Wrath,iOS,13,NULL,78.0000,5,77.9956,34
9490,Nether,PC (Microsoft Windows),2,1,60.0000,3,61.1479,11
2048,Zeno Clash II,PC (Microsoft Windows),4,NULL,54.5000,7,69.8988,11
297,Counter-Strike: Condition Zero,Linux,33,NULL,66.3333,3,74.7176,180
297,Counter-Strike: Condition Zero,PC (Microsoft Windows),33,NULL,66.3333,3,74.7176,180
297,Counter-Strike: Condition Zero,Mac,33,NULL,66.3333,3,74.7176,180
26652,Lisa: The First,PC (Microsoft Windows),4,NULL,NULL,NULL,68.0133,17
27239,Rayman Legends: Definitive Edition,Nintendo Switch,14,1,75.0000,4,72.3669,25
8479,Naruto Shippuden: Ultimate Ninja Storm Revolution,PC (Microsoft Windows),22,NULL,65.6000,6,66.0117,77
1372,Counter-Strike: Global Offensive,Linux,439,NULL,81.0000,5,82.0113,1080
1372,Counter-Strike: Global Offensive,PC (Microsoft Windows),439,NULL,81.0000,5,82.0113,1080
1372,Counter-Strike: Global Offensive,Mac,439,NULL,81.0000,5,82.0113,1080
21593,Lords of the Fallen,PC (Microsoft Windows),10,11,71.0000,9,62.6286,14
21593,Lords of the Fallen,PlayStation 5,10,11,71.0000,9,62.6286,14
39749,The House of da Vinci,PC (Microsoft Windows),3,NULL,NULL,NULL,78.8107,22
39749,The House of da Vinci,Mac,3,NULL,NULL,NULL,78.8107,22
39749,The House of da Vinci,Android,3,NULL,NULL,NULL,78.8107,22
39749,The House of da Vinci,iOS,3,NULL,NULL,NULL,78.8107,22
39749,The House of da Vinci,Nintendo Switch,3,NULL,NULL,NULL,78.8107,22
16873,Monochroma,Linux,4,NULL,45.5000,3,60.7239,15
16873,Monochroma,PC (Microsoft Windows),4,NULL,45.5000,3,60.7239,15
16873,Monochroma,Mac,4,NULL,45.5000,3,60.7239,15
16873,Monochroma,Xbox One,4,NULL,45.5000,3,60.7239,15
17245,Daytona USA,PC (Microsoft Windows),3,NULL,80.0000,5,73.7947,23
15325,Woodle Tree Adventures,Linux,5,NULL,NULL,NULL,43.2399,12
15325,Woodle Tree Adventures,PC (Microsoft Windows),5,NULL,NULL,NULL,43.2399,12
15325,Woodle Tree Adventures,Mac,5,NULL,NULL,NULL,43.2399,12
15325,Woodle Tree Adventures,Xbox One,5,NULL,NULL,NULL,43.2399,12
15325,Woodle Tree Adventures,Nintendo Switch,5,NULL,NULL,NULL,43.2399,12
9425,Skullgirls,Linux,36,NULL,78.7500,11,77.4690,74
9425,Skullgirls,PC (Microsoft Windows),36,NULL,78.7500,11,77.4690,74
9425,Skullgirls,Mac,36,NULL,78.7500,11,77.4690,74
9425,Skullgirls,Android,36,NULL,78.7500,11,77.4690,74
9425,Skullgirls,iOS,36,NULL,78.7500,11,77.4690,74
133433,Guardian Tales,Android,1,NULL,NULL,NULL,69.9994,11
133433,Guardian Tales,iOS,1,NULL,NULL,NULL,69.9994,11
133433,Guardian Tales,Nintendo Switch,1,NULL,NULL,NULL,69.9994,11
11488,Dropsy,Linux,7,NULL,86.6667,3,77.5715,19
11488,Dropsy,PC (Microsoft Windows),7,NULL,86.6667,3,77.5715,19
11488,Dropsy,Mac,7,NULL,86.6667,3,77.5715,19
11488,Dropsy,Android,7,NULL,86.6667,3,77.5715,19
11488,Dropsy,iOS,7,NULL,86.6667,3,77.5715,19
11488,Dropsy,Nintendo Switch,7,NULL,86.6667,3,77.5715,19
121752,Ghostrunner,PC (Microsoft Windows),39,14,82.0000,11,79.6816,115
121752,Ghostrunner,PlayStation 4,39,14,82.0000,11,79.6816,115
121752,Ghostrunner,Xbox One,39,14,82.0000,11,79.6816,115
121752,Ghostrunner,Nintendo Switch,39,14,82.0000,11,79.6816,115
121752,Ghostrunner,PlayStation 5,39,14,82.0000,11,79.6816,115
119257,Destroy All Humans!,PC (Microsoft Windows),6,4,67.2727,14,70.5458,42
119257,Destroy All Humans!,PlayStation 4,6,4,67.2727,14,70.5458,42
119257,Destroy All Humans!,Xbox One,6,4,67.2727,14,70.5458,42
119257,Destroy All Humans!,Nintendo Switch,6,4,67.2727,14,70.5458,42
19448,Echo,PC (Microsoft Windows),24,5,76.6667,7,60.6271,25
19448,Echo,PlayStation 4,24,5,76.6667,7,60.6271,25
3777,FlatOut: Ultimate Carnage,PC (Microsoft Windows),12,NULL,80.0000,4,78.4659,55
33615,VRChat,PC (Microsoft Windows),7,NULL,NULL,NULL,78.7904,32
9176,Call of Cthulhu,PC (Microsoft Windows),91,58,64.7500,10,68.3907,93
9176,Call of Cthulhu,PlayStation 4,91,58,64.7500,10,68.3907,93
9176,Call of Cthulhu,Xbox One,91,58,64.7500,10,68.3907,93
9176,Call of Cthulhu,Nintendo Switch,91,58,64.7500,10,68.3907,93
1375,F1 2010,Linux,14,NULL,84.0000,7,77.5705,41
1375,F1 2010,PC (Microsoft Windows),14,NULL,84.0000,7,77.5705,41
8382,Vessel,Linux,2,NULL,76.0000,3,44.5471,12
8382,Vessel,PC (Microsoft Windows),2,NULL,76.0000,3,44.5471,12
9609,Distance,Linux,11,3,90.0000,1,84.9344,21
9609,Distance,PC (Microsoft Windows),11,3,90.0000,1,84.9344,21
9609,Distance,Mac,11,3,90.0000,1,84.9344,21
9609,Distance,PlayStation 4,11,3,90.0000,1,84.9344,21
10922,Stealth Bastard Deluxe,Linux,5,NULL,79.3333,3,70.0373,12
10922,Stealth Bastard Deluxe,PC (Microsoft Windows),5,NULL,79.3333,3,70.0373,12
10922,Stealth Bastard Deluxe,Mac,5,NULL,79.3333,3,70.0373,12
1277,Plants vs. Zombies,PC (Microsoft Windows),103,NULL,84.5556,12,78.5872,458
1277,Plants vs. Zombies,Mac,103,NULL,84.5556,12,78.5872,458
1277,Plants vs. Zombies,Android,103,NULL,84.5556,12,78.5872,458
1277,Plants vs. Zombies,iOS,103,NULL,84.5556,12,78.5872,458
77494,Wilmot's Warehouse,PC (Microsoft Windows),2,1,85.0000,1,70.0142,18
77494,Wilmot's Warehouse,Mac,2,1,85.0000,1,70.0142,18
77494,Wilmot's Warehouse,iOS,2,1,85.0000,1,70.0142,18
77494,Wilmot's Warehouse,PlayStation 4,2,1,85.0000,1,70.0142,18
77494,Wilmot's Warehouse,Xbox One,2,1,85.0000,1,70.0142,18
77494,Wilmot's Warehouse,Nintendo Switch,2,1,85.0000,1,70.0142,18
19914,Charlie Murder,Linux,NULL,NULL,74.0000,6,69.2927,16
19914,Charlie Murder,PC (Microsoft Windows),NULL,NULL,74.0000,6,69.2927,16
19914,Charlie Murder,Mac,NULL,NULL,74.0000,6,69.2927,16
115785,American Fugitive,PC (Microsoft Windows),9,1,72.5000,3,58.6000,12
115785,American Fugitive,PlayStation 4,9,1,72.5000,3,58.6000,12
115785,American Fugitive,Xbox One,9,1,72.5000,3,58.6000,12
115785,American Fugitive,Nintendo Switch,9,1,72.5000,3,58.6000,12
27762,Paradigm,Linux,3,NULL,87.3333,3,87.2843,15
27762,Paradigm,PC (Microsoft Windows),3,NULL,87.3333,3,87.2843,15
27762,Paradigm,Mac,3,NULL,87.3333,3,87.2843,15
16368,Unmechanical,Linux,1,NULL,50.0000,3,63.7811,13
16368,Unmechanical,PC (Microsoft Windows),1,NULL,50.0000,3,63.7811,13
16368,Unmechanical,Mac,1,NULL,50.0000,3,63.7811,13
16368,Unmechanical,Android,1,NULL,50.0000,3,63.7811,13
16368,Unmechanical,iOS,1,NULL,50.0000,3,63.7811,13
55590,Mashinky,PC (Microsoft Windows),16,NULL,NULL,NULL,89.7503,13
5647,Enemy Front,PC (Microsoft Windows),12,2,33.3333,3,56.6205,31
736,GT Legends,PC (Microsoft Windows),4,NULL,85.0000,2,89.7919,14
16733,Bloody Trapland,PC (Microsoft Windows),2,NULL,NULL,NULL,78.6050,13
3115,Godus,PC (Microsoft Windows),7,1,80.0000,1,63.2444,17
3115,Godus,Mac,7,1,80.0000,1,63.2444,17
3115,Godus,Android,7,1,80.0000,1,63.2444,17
3115,Godus,iOS,7,1,80.0000,1,63.2444,17
5379,Ecco: The Tides of Time,Linux,3,NULL,NULL,NULL,70.1535,18
5379,Ecco: The Tides of Time,PC (Microsoft Windows),3,NULL,NULL,NULL,70.1535,18
5379,Ecco: The Tides of Time,Mac,3,NULL,NULL,NULL,70.1535,18
3810,Billy Hatcher and the Giant Egg,PC (Microsoft Windows),4,NULL,70.0000,1,70.3677,12
7471,Transformers: Revenge of the Fallen,PC (Microsoft Windows),7,NULL,93.3333,11,68.8955,24
8772,Drakensang Online,PC (Microsoft Windows),7,NULL,NULL,NULL,66.0939,14
8772,Drakensang Online,Web browser,7,NULL,NULL,NULL,66.0939,14
105322,Pummel Party,PC (Microsoft Windows),2,NULL,NULL,NULL,68.7658,33
49,Syndicate,PC (Microsoft Windows),16,NULL,68.7500,4,83.5100,48
49,Syndicate,Mac,16,NULL,68.7500,4,83.5100,48
19272,Angry Birds Star Wars II,PC (Microsoft Windows),6,NULL,100.0000,1,72.7771,22
19272,Angry Birds Star Wars II,Android,6,NULL,100.0000,1,72.7771,22
19272,Angry Birds Star Wars II,iOS,6,NULL,100.0000,1,72.7771,22
13670,Knightmare,PC (Microsoft Windows),2,1,NULL,NULL,71.8793,11
89025,Helix Jump,Android,4,NULL,NULL,NULL,60.4868,12
89025,Helix Jump,iOS,4,NULL,NULL,NULL,60.4868,12
9105,2048,Android,10,NULL,NULL,NULL,73.0951,46
9105,2048,iOS,10,NULL,NULL,NULL,73.0951,46
9105,2048,Web browser,10,NULL,NULL,NULL,73.0951,46
26762,1-2-Switch,Nintendo Switch,5,1,53.6667,10,46.4965,26
7690,Hydrophobia: Prophecy,PC (Microsoft Windows),5,NULL,NULL,NULL,44.3673,14
18797,Rise of Nations: Rise of Legends,PC (Microsoft Windows),15,NULL,80.3333,4,79.1954,29
5258,Virtua Tennis 4,PC (Microsoft Windows),11,NULL,68.5000,8,86.6079,35
1752,Mega Man Legends,PC (Microsoft Windows),6,NULL,NULL,NULL,75.9561,45
141271,Road Rash,PC (Microsoft Windows),NULL,NULL,NULL,NULL,79.8786,17
11283,Agar.io,Linux,22,NULL,NULL,NULL,69.5016,50
11283,Agar.io,PC (Microsoft Windows),22,NULL,NULL,NULL,69.5016,50
11283,Agar.io,Mac,22,NULL,NULL,NULL,69.5016,50
11283,Agar.io,Android,22,NULL,NULL,NULL,69.5016,50
11283,Agar.io,iOS,22,NULL,NULL,NULL,69.5016,50
11283,Agar.io,Web browser,22,NULL,NULL,NULL,69.5016,50
22775,Super Exploding Zoo,PlayStation 4,2,NULL,NULL,NULL,66.0442,11
2710,Mappy,iOS,3,NULL,NULL,NULL,70.1719,26
19902,Bad Piggies,PC (Microsoft Windows),10,NULL,75.0000,2,69.6825,27
19902,Bad Piggies,Mac,10,NULL,75.0000,2,69.6825,27
19902,Bad Piggies,Android,10,NULL,75.0000,2,69.6825,27
19902,Bad Piggies,iOS,10,NULL,75.0000,2,69.6825,27
116667,F1 2019,PC (Microsoft Windows),19,1,85.6667,8,84.0136,39
116667,F1 2019,PlayStation 4,19,1,85.6667,8,84.0136,39
116667,F1 2019,Xbox One,19,1,85.6667,8,84.0136,39
1326,Turok 2: Seeds of Evil,PC (Microsoft Windows),22,NULL,63.5000,1,74.0062,58
6250,Trine 2,Linux,83,NULL,85.0000,9,77.2800,232
6250,Trine 2,PC (Microsoft Windows),83,NULL,85.0000,9,77.2800,232
6250,Trine 2,Mac,83,NULL,85.0000,9,77.2800,232
6250,Trine 2,Android,83,NULL,85.0000,9,77.2800,232
9334,Worms Revolution,PC (Microsoft Windows),7,NULL,67.5000,4,69.7791,31
20480,Worms 2: Armageddon,Android,5,NULL,92.5000,4,79.4736,20
20480,Worms 2: Armageddon,iOS,5,NULL,92.5000,4,79.4736,20
110737,The Watson-Scott Test,PC (Microsoft Windows),62,NULL,NULL,NULL,67.3050,43
1275,SimCity 4,PC (Microsoft Windows),76,NULL,85.0000,2,81.4430,183
1275,SimCity 4,Mac,76,NULL,85.0000,2,81.4430,183
6283,Sonic Advance,Android,14,NULL,79.0000,1,70.3536,99
26472,Disco Elysium,PC (Microsoft Windows),64,12,89.1250,8,95.1724,517
26472,Disco Elysium,Mac,64,12,89.1250,8,95.1724,517
1538,Wipeout XL,PC (Microsoft Windows),8,NULL,90.0000,1,73.2961,24
1538,Wipeout XL,Mac,8,NULL,90.0000,1,73.2961,24
4578,X-Men: The Official Game,PC (Microsoft Windows),4,NULL,53.2857,3,63.8656,13
15407,No More Room in Hell,Linux,8,NULL,NULL,NULL,68.4713,31
15407,No More Room in Hell,PC (Microsoft Windows),8,NULL,NULL,NULL,68.4713,31
15407,No More Room in Hell,Mac,8,NULL,NULL,NULL,68.4713,31
4747,Cars 2,PC (Microsoft Windows),4,NULL,75.0000,5,65.5132,17
4747,Cars 2,Mac,4,NULL,75.0000,5,65.5132,17
4747,Cars 2,iOS,4,NULL,75.0000,5,65.5132,17
17030,LEGO Star Wars: The Force Awakens,PC (Microsoft Windows),28,6,75.9130,25,66.2247,76
17030,LEGO Star Wars: The Force Awakens,Mac,28,6,75.9130,25,66.2247,76
17030,LEGO Star Wars: The Force Awakens,Android,28,6,75.9130,25,66.2247,76
17030,LEGO Star Wars: The Force Awakens,iOS,28,6,75.9130,25,66.2247,76
17030,LEGO Star Wars: The Force Awakens,PlayStation 4,28,6,75.9130,25,66.2247,76
17030,LEGO Star Wars: The Force Awakens,Xbox One,28,6,75.9130,25,66.2247,76
662,Anno 1404,PC (Microsoft Windows),51,NULL,72.0000,3,80.2415,131
144345,FortressOne,Linux,13,1,NULL,NULL,92.8763,22
144345,FortressOne,PC (Microsoft Windows),13,1,NULL,NULL,92.8763,22
1432,Phoenix Wright: Ace Attorney - Dual Destinies,Android,25,NULL,80.2000,10,74.8170,64
1432,Phoenix Wright: Ace Attorney - Dual Destinies,iOS,25,NULL,80.2000,10,74.8170,64
28395,Snake,Android,1,NULL,NULL,NULL,72.9191,17
28395,Snake,iOS,1,NULL,NULL,NULL,72.9191,17
2932,Sea Dogs,PC (Microsoft Windows),7,NULL,NULL,NULL,75.2787,13
5992,Psi-Ops: The Mindgate Conspiracy,PC (Microsoft Windows),7,NULL,83.0000,5,65.3975,24
3440,Army Men: Sarge's Heroes,PC (Microsoft Windows),3,NULL,NULL,NULL,71.3889,28
28706,Madden NFL 18,PlayStation 4,13,3,79.4000,17,77.9423,14
28706,Madden NFL 18,Xbox One,13,3,79.4000,17,77.9423,14
8965,Darkest Dungeon,Linux,91,4,83.1000,16,83.2336,322
8965,Darkest Dungeon,PC (Microsoft Windows),91,4,83.1000,16,83.2336,322
8965,Darkest Dungeon,Mac,91,4,83.1000,16,83.2336,322
8965,Darkest Dungeon,iOS,91,4,83.1000,16,83.2336,322
8965,Darkest Dungeon,PlayStation 4,91,4,83.1000,16,83.2336,322
8965,Darkest Dungeon,Xbox One,91,4,83.1000,16,83.2336,322
8965,Darkest Dungeon,Nintendo Switch,91,4,83.1000,16,83.2336,322
14206,Blackwake,Linux,13,7,NULL,NULL,47.8489,15
14206,Blackwake,PC (Microsoft Windows),13,7,NULL,NULL,47.8489,15
14206,Blackwake,Mac,13,7,NULL,NULL,47.8489,15
56,The Elder Scrolls III: Morrowind,PC (Microsoft Windows),315,NULL,85.0000,3,85.9070,682
8311,Titan Quest,PC (Microsoft Windows),41,NULL,81.2500,5,78.3454,147
8311,Titan Quest,Android,41,NULL,81.2500,5,78.3454,147
8311,Titan Quest,iOS,41,NULL,81.2500,5,78.3454,147
8311,Titan Quest,PlayStation 4,41,NULL,81.2500,5,78.3454,147
8311,Titan Quest,Xbox One,41,NULL,81.2500,5,78.3454,147
26654,Nekopara Vol. 0,PC (Microsoft Windows),8,NULL,NULL,NULL,65.7335,26
26654,Nekopara Vol. 0,PlayStation 4,8,NULL,NULL,NULL,65.7335,26
26654,Nekopara Vol. 0,Nintendo Switch,8,NULL,NULL,NULL,65.7335,26
19516,WWE 2K17,PC (Microsoft Windows),11,1,60.8333,14,68.2943,28
19516,WWE 2K17,PlayStation 4,11,1,60.8333,14,68.2943,28
19516,WWE 2K17,Xbox One,11,1,60.8333,14,68.2943,28
11730,Framed,Android,10,NULL,NULL,NULL,75.8995,25
11730,Framed,iOS,10,NULL,NULL,NULL,75.8995,25
3873,Defender,Mac,5,NULL,70.0000,2,46.6240,30
3873,Defender,Web browser,5,NULL,70.0000,2,46.6240,30
7873,Chrome,PC (Microsoft Windows),5,NULL,59.5000,2,50.9378,11
15705,Digimon Story: Cyber Sleuth,PlayStation 4,15,NULL,79.2222,9,78.6259,44
19163,Grand Kingdom,PlayStation 4,8,NULL,78.5455,12,69.0283,13
4158,Sonic Riders,PC (Microsoft Windows),11,NULL,66.0000,2,67.6799,71
72373,Getting Over It with Bennett Foddy,Linux,41,1,NULL,NULL,83.1669,102
72373,Getting Over It with Bennett Foddy,PC (Microsoft Windows),41,1,NULL,NULL,83.1669,102
72373,Getting Over It with Bennett Foddy,Mac,41,1,NULL,NULL,83.1669,102
72373,Getting Over It with Bennett Foddy,Android,41,1,NULL,NULL,83.1669,102
72373,Getting Over It with Bennett Foddy,iOS,41,1,NULL,NULL,83.1669,102
25877,"Pokémon: Let's Go, Pikachu!",Nintendo Switch,50,11,76.6923,17,74.9670,108
28227,Happy Wheels,Android,10,NULL,NULL,NULL,66.9583,30
28227,Happy Wheels,iOS,10,NULL,NULL,NULL,66.9583,30
28227,Happy Wheels,Web browser,10,NULL,NULL,NULL,66.9583,30
2948,Infestation: Survivor Stories,PC (Microsoft Windows),3,NULL,NULL,NULL,35.7126,14
2956,Audiosurf,PC (Microsoft Windows),28,NULL,90.0000,3,75.1385,110
34,Giants: Citizen Kabuto,PC (Microsoft Windows),16,NULL,NULL,NULL,82.8345,28
34,Giants: Citizen Kabuto,Mac,16,NULL,NULL,NULL,82.8345,28
135881,eFootball PES 2021 Season Update,PC (Microsoft Windows),4,NULL,70.0000,3,74.9320,32
135881,eFootball PES 2021 Season Update,PlayStation 4,4,NULL,70.0000,3,74.9320,32
135881,eFootball PES 2021 Season Update,Xbox One,4,NULL,70.0000,3,74.9320,32
52190,The LEGO Ninjago Movie Video Game,PC (Microsoft Windows),21,NULL,73.2500,4,69.4697,18
52190,The LEGO Ninjago Movie Video Game,PlayStation 4,21,NULL,73.2500,4,69.4697,18
52190,The LEGO Ninjago Movie Video Game,Xbox One,21,NULL,73.2500,4,69.4697,18
52190,The LEGO Ninjago Movie Video Game,Nintendo Switch,21,NULL,73.2500,4,69.4697,18
5693,River Raid,PC (Microsoft Windows),6,NULL,NULL,NULL,82.0363,27
54662,Football Manager 2018,Linux,17,1,74.5000,9,87.7163,35
54662,Football Manager 2018,PC (Microsoft Windows),17,1,74.5000,9,87.7163,35
54662,Football Manager 2018,Mac,17,1,74.5000,9,87.7163,35
25621,Yandere Simulator,PC (Microsoft Windows),9,6,NULL,NULL,52.2543,11
80138,BanG Dream! Girls Band Party!,Android,NULL,NULL,NULL,NULL,74.3870,11
80138,BanG Dream! Girls Band Party!,iOS,NULL,NULL,NULL,NULL,74.3870,11
437,Medieval: Total War,PC (Microsoft Windows),21,NULL,90.0000,2,83.2025,67
4576,X-Men Legends II: Rise of Apocalypse,PC (Microsoft Windows),11,NULL,78.2000,6,71.1118,37
11667,Dragon Quest XI: Echoes of an Elusive Age,PC (Microsoft Windows),52,7,84.0000,12,85.4974,99
11667,Dragon Quest XI: Echoes of an Elusive Age,PlayStation 4,52,7,84.0000,12,85.4974,99
103224,Realm Royale Reforged,PC (Microsoft Windows),4,NULL,78.0000,2,60.2503,31
103224,Realm Royale Reforged,PlayStation 4,4,NULL,78.0000,2,60.2503,31
103224,Realm Royale Reforged,Xbox One,4,NULL,78.0000,2,60.2503,31
103224,Realm Royale Reforged,Nintendo Switch,4,NULL,78.0000,2,60.2503,31
59858,Lethal League Blaze,Linux,7,1,90.0000,1,90.4920,20
59858,Lethal League Blaze,PC (Microsoft Windows),7,1,90.0000,1,90.4920,20
59858,Lethal League Blaze,Mac,7,1,90.0000,1,90.4920,20
59858,Lethal League Blaze,PlayStation 4,7,1,90.0000,1,90.4920,20
59858,Lethal League Blaze,Xbox One,7,1,90.0000,1,90.4920,20
59858,Lethal League Blaze,Nintendo Switch,7,1,90.0000,1,90.4920,20
5410,Pitfall: The Mayan Adventure,PC (Microsoft Windows),4,NULL,50.0000,1,73.2278,21
115283,Astral Chain,Nintendo Switch,12,9,89.1818,12,82.8270,79
28548,Remothered: Tormented Fathers,PC (Microsoft Windows),10,1,80.0000,2,71.0686,21
28548,Remothered: Tormented Fathers,PlayStation 4,10,1,80.0000,2,71.0686,21
28548,Remothered: Tormented Fathers,Xbox One,10,1,80.0000,2,71.0686,21
28548,Remothered: Tormented Fathers,Nintendo Switch,10,1,80.0000,2,71.0686,21
4969,LEGO The Lord of the Rings,PC (Microsoft Windows),50,NULL,77.4444,10,74.6739,145
4969,LEGO The Lord of the Rings,Mac,50,NULL,77.4444,10,74.6739,145
4969,LEGO The Lord of the Rings,iOS,50,NULL,77.4444,10,74.6739,145
19289,Candle,Linux,28,3,71.0000,2,69.8308,11
19289,Candle,PC (Microsoft Windows),28,3,71.0000,2,69.8308,11
19289,Candle,Mac,28,3,71.0000,2,69.8308,11
19289,Candle,PlayStation 4,28,3,71.0000,2,69.8308,11
19289,Candle,Xbox One,28,3,71.0000,2,69.8308,11
19289,Candle,Nintendo Switch,28,3,71.0000,2,69.8308,11
112191,Epic Seven,Mac,5,1,79.0000,2,94.3285,11
112191,Epic Seven,Android,5,1,79.0000,2,94.3285,11
112191,Epic Seven,iOS,5,1,79.0000,2,94.3285,11
8900,Monument Valley,Mac,60,NULL,89.6667,4,76.7687,162
8900,Monument Valley,Android,60,NULL,89.6667,4,76.7687,162
8900,Monument Valley,iOS,60,NULL,89.6667,4,76.7687,162
3414,Nightmare Creatures,PC (Microsoft Windows),7,NULL,NULL,NULL,70.8754,33
28278,Catan Universe,PC (Microsoft Windows),NULL,NULL,NULL,NULL,97.1764,11
28278,Catan Universe,Mac,NULL,NULL,NULL,NULL,97.1764,11
28278,Catan Universe,iOS,NULL,NULL,NULL,NULL,97.1764,11
28278,Catan Universe,Nintendo Switch,NULL,NULL,NULL,NULL,97.1764,11
12938,Slender: The Eight Pages,PC (Microsoft Windows),13,NULL,NULL,NULL,58.7116,41
12938,Slender: The Eight Pages,Mac,13,NULL,NULL,NULL,58.7116,41
8976,Football Manager 2015,Linux,18,NULL,73.8000,5,80.4595,43
8976,Football Manager 2015,PC (Microsoft Windows),18,NULL,73.8000,5,80.4595,43
8976,Football Manager 2015,Mac,18,NULL,73.8000,5,80.4595,43
122080,Football Manager 2020,PC (Microsoft Windows),30,NULL,88.5000,3,77.0316,50
101869,Cat Quest II,PC (Microsoft Windows),1,1,78.3333,5,72.4548,19
101869,Cat Quest II,iOS,1,1,78.3333,5,72.4548,19
101869,Cat Quest II,PlayStation 4,1,1,78.3333,5,72.4548,19
101869,Cat Quest II,Xbox One,1,1,78.3333,5,72.4548,19
101869,Cat Quest II,Nintendo Switch,1,1,78.3333,5,72.4548,19
27685,Soda Dungeon,PC (Microsoft Windows),2,NULL,NULL,NULL,64.9674,22
27685,Soda Dungeon,Android,2,NULL,NULL,NULL,64.9674,22
27685,Soda Dungeon,iOS,2,NULL,NULL,NULL,64.9674,22
85663,Mario Kart Tour,Android,3,3,50.3333,4,59.7956,39
85663,Mario Kart Tour,iOS,3,3,50.3333,4,59.7956,39
19091,Sonic R,PC (Microsoft Windows),8,NULL,NULL,NULL,56.2131,49
107300,Thronebreaker: The Witcher Tales,PC (Microsoft Windows),12,2,86.2500,8,85.1180,129
107300,Thronebreaker: The Witcher Tales,Android,12,2,86.2500,8,85.1180,129
107300,Thronebreaker: The Witcher Tales,iOS,12,2,86.2500,8,85.1180,129
107300,Thronebreaker: The Witcher Tales,PlayStation 4,12,2,86.2500,8,85.1180,129
107300,Thronebreaker: The Witcher Tales,Xbox One,12,2,86.2500,8,85.1180,129
107300,Thronebreaker: The Witcher Tales,Nintendo Switch,12,2,86.2500,8,85.1180,129
19520,FAR: Lone Sails,PC (Microsoft Windows),33,7,77.5000,2,77.3112,85
19520,FAR: Lone Sails,Mac,33,7,77.5000,2,77.3112,85
19520,FAR: Lone Sails,Android,33,7,77.5000,2,77.3112,85
19520,FAR: Lone Sails,iOS,33,7,77.5000,2,77.3112,85
19520,FAR: Lone Sails,PlayStation 4,33,7,77.5000,2,77.3112,85
19520,FAR: Lone Sails,Xbox One,33,7,77.5000,2,77.3112,85
19520,FAR: Lone Sails,Nintendo Switch,33,7,77.5000,2,77.3112,85
2878,Ultima IV: Quest of the Avatar,PC (Microsoft Windows),9,NULL,NULL,NULL,85.0434,29
2878,Ultima IV: Quest of the Avatar,Mac,9,NULL,NULL,NULL,85.0434,29
2878,Ultima IV: Quest of the Avatar,iOS,9,NULL,NULL,NULL,85.0434,29
131800,Call of Duty: Warzone,PC (Microsoft Windows),27,NULL,85.2000,7,73.5793,97
131800,Call of Duty: Warzone,PlayStation 4,27,NULL,85.2000,7,73.5793,97
131800,Call of Duty: Warzone,Xbox One,27,NULL,85.2000,7,73.5793,97
24881,Kingdom: New Lands,Linux,30,NULL,75.0000,2,74.7787,67
24881,Kingdom: New Lands,PC (Microsoft Windows),30,NULL,75.0000,2,74.7787,67
24881,Kingdom: New Lands,Mac,30,NULL,75.0000,2,74.7787,67
24881,Kingdom: New Lands,iOS,30,NULL,75.0000,2,74.7787,67
24881,Kingdom: New Lands,PlayStation 4,30,NULL,75.0000,2,74.7787,67
24881,Kingdom: New Lands,Xbox One,30,NULL,75.0000,2,74.7787,67
24881,Kingdom: New Lands,Nintendo Switch,30,NULL,75.0000,2,74.7787,67
7121,Ninja Blade,PC (Microsoft Windows),12,NULL,58.0000,6,69.6611,34
243611,Mir Korabley,PC (Microsoft Windows),2,NULL,NULL,NULL,82.5000,12
22754,Assassin's Creed: Ezio Trilogy,PC (Microsoft Windows),6,NULL,NULL,NULL,89.9231,15
2588,Wing Commander III: Heart of the Tiger,PC (Microsoft Windows),8,NULL,NULL,NULL,80.1504,21
2588,Wing Commander III: Heart of the Tiger,Mac,8,NULL,NULL,NULL,80.1504,21
58295,Mekorama,Android,1,1,NULL,NULL,79.4338,11
58295,Mekorama,iOS,1,1,NULL,NULL,79.4338,11
58295,Mekorama,PlayStation 4,1,1,NULL,NULL,79.4338,11
58295,Mekorama,Xbox One,1,1,NULL,NULL,79.4338,11
58295,Mekorama,Nintendo Switch,1,1,NULL,NULL,79.4338,11
2538,Enslaved: Odyssey to the West,PC (Microsoft Windows),68,NULL,82.4444,13,80.4520,178
8114,Jazzpunk,Linux,12,NULL,82.7500,8,74.3752,55
8114,Jazzpunk,PC (Microsoft Windows),12,NULL,82.7500,8,74.3752,55
8114,Jazzpunk,Mac,12,NULL,82.7500,8,74.3752,55
8114,Jazzpunk,PlayStation 4,12,NULL,82.7500,8,74.3752,55
37141,That's You!,PlayStation 4,6,NULL,69.2500,5,76.2547,18
6026,Samurai Shodown V,PC (Microsoft Windows),1,NULL,57.0000,2,70.3746,12
20868,Duke Nukem 3D: Megaton Edition,Linux,3,NULL,71.6667,3,73.8514,17
20868,Duke Nukem 3D: Megaton Edition,PC (Microsoft Windows),3,NULL,71.6667,3,73.8514,17
20868,Duke Nukem 3D: Megaton Edition,Mac,3,NULL,71.6667,3,73.8514,17
216,Neverwinter Nights,Linux,67,NULL,74.0000,2,81.8652,187
216,Neverwinter Nights,PC (Microsoft Windows),67,NULL,74.0000,2,81.8652,187
216,Neverwinter Nights,Mac,67,NULL,74.0000,2,81.8652,187
8177,Microsoft Solitaire,PC (Microsoft Windows),8,NULL,NULL,NULL,77.0185,45
7099,Naruto Shippuden: Ultimate Ninja Storm 3,PC (Microsoft Windows),21,NULL,77.1429,7,75.0561,96
27082,Raft,PC (Microsoft Windows),26,2,80.0000,2,76.1522,70
41496,Kingdom Rush Origins,Linux,NULL,NULL,70.0000,1,71.0351,15
41496,Kingdom Rush Origins,PC (Microsoft Windows),NULL,NULL,70.0000,1,71.0351,15
41496,Kingdom Rush Origins,Mac,NULL,NULL,70.0000,1,71.0351,15
41496,Kingdom Rush Origins,Android,NULL,NULL,70.0000,1,71.0351,15
41496,Kingdom Rush Origins,iOS,NULL,NULL,70.0000,1,71.0351,15
41496,Kingdom Rush Origins,Xbox One,NULL,NULL,70.0000,1,71.0351,15
41496,Kingdom Rush Origins,Nintendo Switch,NULL,NULL,70.0000,1,71.0351,15
6633,Spear of Destiny,PC (Microsoft Windows),10,NULL,NULL,NULL,76.5665,33
6633,Spear of Destiny,iOS,10,NULL,NULL,NULL,76.5665,33
6003,Reservoir Dogs,PC (Microsoft Windows),6,NULL,65.0000,4,61.9450,18
135915,Overcooked! All You Can Eat,PC (Microsoft Windows),3,NULL,88.7500,8,81.7993,16
135915,Overcooked! All You Can Eat,PlayStation 4,3,NULL,88.7500,8,81.7993,16
135915,Overcooked! All You Can Eat,Xbox One,3,NULL,88.7500,8,81.7993,16
135915,Overcooked! All You Can Eat,Nintendo Switch,3,NULL,88.7500,8,81.7993,16
135915,Overcooked! All You Can Eat,PlayStation 5,3,NULL,88.7500,8,81.7993,16
19562,Resident Evil 7: Biohazard,PC (Microsoft Windows),284,20,88.4615,31,83.7465,706
19562,Resident Evil 7: Biohazard,PlayStation 4,284,20,88.4615,31,83.7465,706
19562,Resident Evil 7: Biohazard,Xbox One,284,20,88.4615,31,83.7465,706
19562,Resident Evil 7: Biohazard,PlayStation 5,284,20,88.4615,31,83.7465,706
328,Sacred,Linux,23,NULL,85.0000,1,77.3332,81
328,Sacred,PC (Microsoft Windows),23,NULL,85.0000,1,77.3332,81
328,Sacred,Mac,23,NULL,85.0000,1,77.3332,81
19589,Space Funeral,PC (Microsoft Windows),3,NULL,NULL,NULL,74.4753,11
14143,I Wanna Be the Guy,PC (Microsoft Windows),8,NULL,NULL,NULL,82.8195,19
20098,FTL: Advanced Edition,Linux,8,1,90.5000,2,84.0912,39
20098,FTL: Advanced Edition,PC (Microsoft Windows),8,1,90.5000,2,84.0912,39
20098,FTL: Advanced Edition,Mac,8,1,90.5000,2,84.0912,39
20098,FTL: Advanced Edition,iOS,8,1,90.5000,2,84.0912,39
12877,Robot Roller-Derby Disco Dodgeball,Linux,4,NULL,NULL,NULL,70.0920,11
12877,Robot Roller-Derby Disco Dodgeball,PC (Microsoft Windows),4,NULL,NULL,NULL,70.0920,11
12877,Robot Roller-Derby Disco Dodgeball,Mac,4,NULL,NULL,NULL,70.0920,11
8921,White Night,Linux,7,NULL,61.8750,8,70.0728,11
8921,White Night,PC (Microsoft Windows),7,NULL,61.8750,8,70.0728,11
8921,White Night,Mac,7,NULL,61.8750,8,70.0728,11
8921,White Night,PlayStation 4,7,NULL,61.8750,8,70.0728,11
8921,White Night,Xbox One,7,NULL,61.8750,8,70.0728,11
8921,White Night,Nintendo Switch,7,NULL,61.8750,8,70.0728,11
80348,MapleStory 2,PC (Microsoft Windows),4,1,100.0000,2,73.9556,21
32365,Hell Let Loose,PC (Microsoft Windows),19,5,75.0000,2,75.0014,16
32365,Hell Let Loose,PlayStation 5,19,5,75.0000,2,75.0014,16
135554,Worms Rumble,PC (Microsoft Windows),5,2,63.7500,4,57.5309,19
135554,Worms Rumble,PlayStation 4,5,2,63.7500,4,57.5309,19
135554,Worms Rumble,Xbox One,5,2,63.7500,4,57.5309,19
135554,Worms Rumble,Nintendo Switch,5,2,63.7500,4,57.5309,19
135554,Worms Rumble,PlayStation 5,5,2,63.7500,4,57.5309,19
364,Heroes of Might and Magic III: The Restoration of Erathia,Linux,164,NULL,91.0000,1,89.3941,497
364,Heroes of Might and Magic III: The Restoration of Erathia,PC (Microsoft Windows),164,NULL,91.0000,1,89.3941,497
364,Heroes of Might and Magic III: The Restoration of Erathia,Mac,164,NULL,91.0000,1,89.3941,497
6466,Master of Magic,PC (Microsoft Windows),12,NULL,NULL,NULL,89.6007,29
68,Master of Orion II: Battle at Antares,PC (Microsoft Windows),20,NULL,NULL,NULL,92.0323,62
68,Master of Orion II: Battle at Antares,Mac,20,NULL,NULL,NULL,92.0323,62
91,Need for Speed II,PC (Microsoft Windows),22,NULL,60.0000,1,75.9527,140
863,Sid Meier's Alpha Centauri,Linux,18,NULL,91.0000,1,90.4561,48
863,Sid Meier's Alpha Centauri,PC (Microsoft Windows),18,NULL,91.0000,1,90.4561,48
863,Sid Meier's Alpha Centauri,Mac,18,NULL,91.0000,1,90.4561,48
22,System Shock 2,PC (Microsoft Windows),115,NULL,NULL,NULL,89.8539,280
22,System Shock 2,Mac,115,NULL,NULL,NULL,89.8539,280
54572,Artifact,Linux,7,NULL,82.5000,6,63.2752,14
54572,Artifact,PC (Microsoft Windows),7,NULL,82.5000,6,63.2752,14
54572,Artifact,Mac,7,NULL,82.5000,6,63.2752,14
656,Crusader: No Regret,PC (Microsoft Windows),3,NULL,NULL,NULL,79.6581,13
656,Crusader: No Regret,Mac,3,NULL,NULL,NULL,79.6581,13
16957,Counter-Strike Nexon: Studio,PC (Microsoft Windows),2,NULL,NULL,NULL,20.7489,18
934,Wing Commander IV: The Price of Freedom,PC (Microsoft Windows),4,NULL,62.5000,2,89.4257,20
934,Wing Commander IV: The Price of Freedom,Mac,4,NULL,62.5000,2,89.4257,20
1230,Phantasy Star IV: The End of the Millennium,PC (Microsoft Windows),9,NULL,NULL,NULL,89.4262,38
119416,Dota Underlords,Linux,5,NULL,NULL,NULL,67.6311,43
119416,Dota Underlords,PC (Microsoft Windows),5,NULL,NULL,NULL,67.6311,43
119416,Dota Underlords,Mac,5,NULL,NULL,NULL,67.6311,43
119416,Dota Underlords,Android,5,NULL,NULL,NULL,67.6311,43
119416,Dota Underlords,iOS,5,NULL,NULL,NULL,67.6311,43
10126,Knights of Pen and Paper II,Linux,7,NULL,75.0000,1,70.4894,17
10126,Knights of Pen and Paper II,PC (Microsoft Windows),7,NULL,75.0000,1,70.4894,17
10126,Knights of Pen and Paper II,Mac,7,NULL,75.0000,1,70.4894,17
10126,Knights of Pen and Paper II,PlayStation 4,7,NULL,75.0000,1,70.4894,17
325,Hellgate: London,PC (Microsoft Windows),16,NULL,70.0000,3,79.6467,45
295,Command & Conquer: Red Alert,PC (Microsoft Windows),102,NULL,NULL,NULL,86.1572,283
35,Dungeon Keeper,PC (Microsoft Windows),55,NULL,10.0000,0,85.7069,148
35,Dungeon Keeper,Mac,55,NULL,10.0000,0,85.7069,148
35,Dungeon Keeper,Android,55,NULL,10.0000,0,85.7069,148
8293,Discworld Noir,PC (Microsoft Windows),11,NULL,NULL,NULL,92.3020,20
11226,Anstoss 3,PC (Microsoft Windows),2,NULL,NULL,NULL,99.3409,11
7675,Hard West,Linux,13,NULL,70.2857,8,69.0482,17
7675,Hard West,PC (Microsoft Windows),13,NULL,70.2857,8,69.0482,17
7675,Hard West,Mac,13,NULL,70.2857,8,69.0482,17
7675,Hard West,PlayStation 4,13,NULL,70.2857,8,69.0482,17
7675,Hard West,Nintendo Switch,13,NULL,70.2857,8,69.0482,17
322,Blade Runner,PC (Microsoft Windows),21,NULL,NULL,NULL,85.6769,57
4415,Magic Carpet,PC (Microsoft Windows),5,NULL,75.0000,1,80.0827,19
4415,Magic Carpet,Mac,5,NULL,75.0000,1,80.0827,19
513,Phantasy Star Online 2,PC (Microsoft Windows),18,NULL,76.6667,3,71.4909,18
513,Phantasy Star Online 2,PlayStation 4,18,NULL,76.6667,3,71.4909,18
513,Phantasy Star Online 2,Xbox One,18,NULL,76.6667,3,71.4909,18
55038,Immortal: Unchained,PC (Microsoft Windows),23,4,45.3333,3,50.7427,16
55038,Immortal: Unchained,PlayStation 4,23,4,45.3333,3,50.7427,16
55038,Immortal: Unchained,Xbox One,23,4,45.3333,3,50.7427,16
908,Tom Clancy's Rainbow Six 3: Raven Shield,PC (Microsoft Windows),13,NULL,81.6667,3,80.6457,42
908,Tom Clancy's Rainbow Six 3: Raven Shield,Mac,13,NULL,81.6667,3,80.6457,42
9908,TrackMania United,PC (Microsoft Windows),6,NULL,78.5000,2,79.9708,15
39188,Despicable Me: Minion Rush,PC (Microsoft Windows),1,NULL,NULL,NULL,60.6888,15
39188,Despicable Me: Minion Rush,Android,1,NULL,NULL,NULL,60.6888,15
39188,Despicable Me: Minion Rush,iOS,1,NULL,NULL,NULL,60.6888,15
11600,Corpse Party BloodCovered: ...Repeated Fear,iOS,4,NULL,NULL,NULL,73.0529,15
109533,Assassin's Creed III: Liberation - Remastered,PC (Microsoft Windows),1,NULL,NULL,NULL,69.8604,12
109533,Assassin's Creed III: Liberation - Remastered,PlayStation 4,1,NULL,NULL,NULL,69.8604,12
109533,Assassin's Creed III: Liberation - Remastered,Xbox One,1,NULL,NULL,NULL,69.8604,12
109533,Assassin's Creed III: Liberation - Remastered,Nintendo Switch,1,NULL,NULL,NULL,69.8604,12
2593,Cube World,Linux,5,2,0.0000,1,65.0040,22
2593,Cube World,PC (Microsoft Windows),5,2,0.0000,1,65.0040,22
2593,Cube World,Mac,5,2,0.0000,1,65.0040,22
7222,Two Worlds,PC (Microsoft Windows),17,NULL,62.5000,3,66.1996,53
488,Kane & Lynch 2: Dog Days,PC (Microsoft Windows),28,NULL,69.4286,8,67.7567,94
5244,Transformers: The Game,PC (Microsoft Windows),12,NULL,56.7500,10,67.6493,42
5180,Spider-Man: Friend or Foe,PC (Microsoft Windows),8,NULL,55.0000,6,57.7596,32
2698,Tony Hawk's Underground,PC (Microsoft Windows),34,NULL,80.0000,3,79.7778,137
165126,Crysis 2 Remastered,PC (Microsoft Windows),2,NULL,NULL,NULL,74.3867,12
165126,Crysis 2 Remastered,PlayStation 4,2,NULL,NULL,NULL,74.3867,12
165126,Crysis 2 Remastered,Xbox One,2,NULL,NULL,NULL,74.3867,12
165126,Crysis 2 Remastered,Nintendo Switch,2,NULL,NULL,NULL,74.3867,12
3275,Z,PC (Microsoft Windows),10,NULL,NULL,NULL,70.9939,34
3275,Z,Mac,10,NULL,NULL,NULL,70.9939,34
3275,Z,Android,10,NULL,NULL,NULL,70.9939,34
3275,Z,iOS,10,NULL,NULL,NULL,70.9939,34
61,Monkey Island 2: LeChuck's Revenge,Mac,171,NULL,NULL,NULL,88.7881,458
5850,Grand Theft Auto: The Trilogy,PC (Microsoft Windows),21,NULL,NULL,NULL,88.0967,18
5850,Grand Theft Auto: The Trilogy,Mac,21,NULL,NULL,NULL,88.0967,18
5850,Grand Theft Auto: The Trilogy,PlayStation 4,21,NULL,NULL,NULL,88.0967,18
877,Star Trek: Voyager - Elite Force,PC (Microsoft Windows),6,NULL,80.0000,1,75.1832,28
877,Star Trek: Voyager - Elite Force,Mac,6,NULL,80.0000,1,75.1832,28
7739,Might and Magic VII: For Blood and Honor,PC (Microsoft Windows),11,NULL,NULL,NULL,89.0417,22
8137,"Sheep, Dog 'n' Wolf",PC (Microsoft Windows),7,NULL,NULL,NULL,70.7887,21
2470,Virtua Cop 2,PC (Microsoft Windows),5,NULL,NULL,NULL,72.1194,35
926,Unreal Tournament 2003,Linux,36,NULL,NULL,NULL,83.6976,104
926,Unreal Tournament 2003,PC (Microsoft Windows),36,NULL,NULL,NULL,83.6976,104
926,Unreal Tournament 2003,Mac,36,NULL,NULL,NULL,83.6976,104
239,StarCraft II: Wings of Liberty,PC (Microsoft Windows),257,NULL,89.4000,9,87.2661,820
239,StarCraft II: Wings of Liberty,Mac,257,NULL,89.4000,9,87.2661,820
77354,Injustice: Gods Among Us,Android,2,1,NULL,NULL,73.7713,11
77354,Injustice: Gods Among Us,iOS,2,1,NULL,NULL,73.7713,11
24930,Off,PC (Microsoft Windows),8,NULL,NULL,NULL,95.6851,41
5565,Golden Axe,Linux,40,NULL,65.0000,2,76.2058,178
5565,Golden Axe,PC (Microsoft Windows),40,NULL,65.0000,2,76.2058,178
5565,Golden Axe,Mac,40,NULL,65.0000,2,76.2058,178
114420,When the Darkness comes,PC (Microsoft Windows),1,1,90.0000,1,70.1549,16
75092,Cube Escape: Seasons,PC (Microsoft Windows),1,NULL,NULL,NULL,71.3139,24
75092,Cube Escape: Seasons,Mac,1,NULL,NULL,NULL,71.3139,24
75092,Cube Escape: Seasons,Android,1,NULL,NULL,NULL,71.3139,24
75092,Cube Escape: Seasons,iOS,1,NULL,NULL,NULL,71.3139,24
75092,Cube Escape: Seasons,Web browser,1,NULL,NULL,NULL,71.3139,24
4180,Star Wars: Bounty Hunter,PlayStation 4,7,NULL,60.0000,1,63.8218,18
725,Galactic Civilizations II: Dread Lords,PC (Microsoft Windows),1,NULL,86.0000,3,72.7546,14
10949,Ys Origin,PC (Microsoft Windows),5,NULL,80.2000,11,80.6359,36
10949,Ys Origin,PlayStation 4,5,NULL,80.2000,11,80.6359,36
10949,Ys Origin,Xbox One,5,NULL,80.2000,11,80.6359,36
10949,Ys Origin,Nintendo Switch,5,NULL,80.2000,11,80.6359,36
8145,Spelunky Classic,PC (Microsoft Windows),18,NULL,94.3750,0,85.7791,36
8361,Transformers: Fall of Cybertron,PC (Microsoft Windows),16,NULL,80.6364,11,72.3330,39
8361,Transformers: Fall of Cybertron,PlayStation 4,16,NULL,80.6364,11,72.3330,39
8361,Transformers: Fall of Cybertron,Xbox One,16,NULL,80.6364,11,72.3330,39
31198,Eternal Card Game,PC (Microsoft Windows),5,NULL,NULL,NULL,63.8590,21
31198,Eternal Card Game,Mac,5,NULL,NULL,NULL,63.8590,21
31198,Eternal Card Game,Android,5,NULL,NULL,NULL,63.8590,21
31198,Eternal Card Game,iOS,5,NULL,NULL,NULL,63.8590,21
31198,Eternal Card Game,Xbox One,5,NULL,NULL,NULL,63.8590,21
31198,Eternal Card Game,Nintendo Switch,5,NULL,NULL,NULL,63.8590,21
7514,King's Quest VII: The Princeless Bride,PC (Microsoft Windows),5,NULL,NULL,NULL,70.3651,17
7514,King's Quest VII: The Princeless Bride,Mac,5,NULL,NULL,NULL,70.3651,17
6328,Legend of Grimrock,Linux,33,NULL,75.0000,4,79.8140,85
6328,Legend of Grimrock,PC (Microsoft Windows),33,NULL,75.0000,4,79.8140,85
6328,Legend of Grimrock,Mac,33,NULL,75.0000,4,79.8140,85
6328,Legend of Grimrock,iOS,33,NULL,75.0000,4,79.8140,85
2448,Quantum Conundrum,PC (Microsoft Windows),10,NULL,74.0909,11,70.6998,37
5152,Shaun White Snowboarding,PC (Microsoft Windows),6,NULL,60.6667,4,77.9990,13
5152,Shaun White Snowboarding,Mac,6,NULL,60.6667,4,77.9990,13
5152,Shaun White Snowboarding,iOS,6,NULL,60.6667,4,77.9990,13
494,Bulletstorm,PC (Microsoft Windows),85,NULL,87.1429,10,79.4680,302
11081,Amplitude,PlayStation 4,1,NULL,78.3333,8,73.2366,14
6943,Condemned 2: Bloodshot,PC (Microsoft Windows),9,NULL,85.4000,8,74.4799,36
5504,Transport Tycoon,iOS,9,NULL,NULL,NULL,87.5283,30
180,Full Throttle,PC (Microsoft Windows),49,NULL,87.0000,1,83.2229,142
180,Full Throttle,Mac,49,NULL,87.0000,1,83.2229,142
4331,Cyberia,Linux,5,NULL,NULL,NULL,73.1242,14
4331,Cyberia,PC (Microsoft Windows),5,NULL,NULL,NULL,73.1242,14
4331,Cyberia,Mac,5,NULL,NULL,NULL,73.1242,14
117525,Kingdom Hearts Dream Drop Distance HD,PC (Microsoft Windows),6,NULL,NULL,NULL,71.3776,25
117525,Kingdom Hearts Dream Drop Distance HD,PlayStation 4,6,NULL,NULL,NULL,71.3776,25
117525,Kingdom Hearts Dream Drop Distance HD,Xbox One,6,NULL,NULL,NULL,71.3776,25
117525,Kingdom Hearts Dream Drop Distance HD,Nintendo Switch,6,NULL,NULL,NULL,71.3776,25
4964,Kung Fu Panda,PC (Microsoft Windows),5,NULL,73.0000,6,67.8015,39
7234,Viking: Battle for Asgard,PC (Microsoft Windows),11,NULL,70.0000,5,69.2120,29
134602,Bugsnax,PC (Microsoft Windows),7,1,76.2857,9,74.8724,38
134602,Bugsnax,Mac,7,1,76.2857,9,74.8724,38
134602,Bugsnax,PlayStation 4,7,1,76.2857,9,74.8724,38
134602,Bugsnax,Xbox One,7,1,76.2857,9,74.8724,38
134602,Bugsnax,Nintendo Switch,7,1,76.2857,9,74.8724,38
134602,Bugsnax,PlayStation 5,7,1,76.2857,9,74.8724,38
7116,Freedom Planet,Linux,16,1,82.4286,8,71.3003,42
7116,Freedom Planet,PC (Microsoft Windows),16,1,82.4286,8,71.3003,42
7116,Freedom Planet,Mac,16,1,82.4286,8,71.3003,42
7116,Freedom Planet,PlayStation 4,16,1,82.4286,8,71.3003,42
7116,Freedom Planet,Nintendo Switch,16,1,82.4286,8,71.3003,42
1373,F1 2012,PC (Microsoft Windows),6,NULL,76.5000,6,73.1203,24
1373,F1 2012,Mac,6,NULL,76.5000,6,73.1203,24
133131,The Mortuary Assistant,PC (Microsoft Windows),2,1,NULL,NULL,79.3238,14
133131,The Mortuary Assistant,Nintendo Switch,2,1,NULL,NULL,79.3238,14
8971,Football Manager 2006,PC (Microsoft Windows),3,NULL,85.0000,2,77.1602,17
8971,Football Manager 2006,Mac,3,NULL,85.0000,2,77.1602,17
142391,Stumble Guys,PC (Microsoft Windows),2,NULL,NULL,NULL,65.5047,17
142391,Stumble Guys,Android,2,NULL,NULL,NULL,65.5047,17
142391,Stumble Guys,iOS,2,NULL,NULL,NULL,65.5047,17
142391,Stumble Guys,Xbox One,2,NULL,NULL,NULL,65.5047,17
191408,Nintendo Switch Sports,Nintendo Switch,2,NULL,72.4286,10,72.2208,18
7590,Escape Goat,Linux,5,NULL,NULL,NULL,71.1888,12
7590,Escape Goat,PC (Microsoft Windows),5,NULL,NULL,NULL,71.1888,12
7590,Escape Goat,Mac,5,NULL,NULL,NULL,71.1888,12
7590,Escape Goat,Nintendo Switch,5,NULL,NULL,NULL,71.1888,12
2040,Knights of Honor,PC (Microsoft Windows),8,NULL,79.0000,1,82.8697,21
83504,Wildermyth,Linux,2,NULL,88.5000,2,81.8860,22
83504,Wildermyth,PC (Microsoft Windows),2,NULL,88.5000,2,81.8860,22
83504,Wildermyth,Mac,2,NULL,88.5000,2,81.8860,22
1012,Gotham City Impostors,PC (Microsoft Windows),9,NULL,73.1429,8,69.7313,33
7601,Plague Inc: Evolved,Linux,39,2,80.0000,3,78.4038,115
7601,Plague Inc: Evolved,PC (Microsoft Windows),39,2,80.0000,3,78.4038,115
7601,Plague Inc: Evolved,Mac,39,2,80.0000,3,78.4038,115
7601,Plague Inc: Evolved,PlayStation 4,39,2,80.0000,3,78.4038,115
7601,Plague Inc: Evolved,Xbox One,39,2,80.0000,3,78.4038,115
7601,Plague Inc: Evolved,Nintendo Switch,39,2,80.0000,3,78.4038,115
8972,Football Manager 2009,PC (Microsoft Windows),6,NULL,80.0000,3,79.1763,18
8972,Football Manager 2009,Mac,6,NULL,80.0000,3,79.1763,18
636,Clive Barker's Undying,PC (Microsoft Windows),27,NULL,NULL,NULL,82.5811,62
636,Clive Barker's Undying,Mac,27,NULL,NULL,NULL,82.5811,62
25935,The Artful Escape,PC (Microsoft Windows),4,9,83.3333,8,82.6546,40
25935,The Artful Escape,PlayStation 4,4,9,83.3333,8,82.6546,40
25935,The Artful Escape,Xbox One,4,9,83.3333,8,82.6546,40
25935,The Artful Escape,Nintendo Switch,4,9,83.3333,8,82.6546,40
25935,The Artful Escape,PlayStation 5,4,9,83.3333,8,82.6546,40
7857,Hatred,Linux,14,2,43.3333,4,49.7569,44
7857,Hatred,PC (Microsoft Windows),14,2,43.3333,4,49.7569,44
76217,Doom,Nintendo Switch,6,NULL,77.1429,8,79.3666,48
41,Deus Ex,PC (Microsoft Windows),299,NULL,90.5000,3,87.0085,701
41,Deus Ex,Mac,299,NULL,90.5000,3,87.0085,701
215,Warhammer Online: Age of Reckoning,PC (Microsoft Windows),3,NULL,89.5000,4,75.5918,18
215,Warhammer Online: Age of Reckoning,Mac,3,NULL,89.5000,4,75.5918,18
1064,The Secret World,PC (Microsoft Windows),11,NULL,72.1429,9,74.8644,18
5261,WALL-E,PC (Microsoft Windows),3,NULL,61.4286,8,56.0034,20
5261,WALL-E,Mac,3,NULL,61.4286,8,56.0034,20
915,Tony Hawk's Pro Skater 4,PC (Microsoft Windows),41,NULL,76.0000,3,79.5884,142
915,Tony Hawk's Pro Skater 4,Mac,41,NULL,76.0000,3,79.5884,142
568,Marvel: Ultimate Alliance 2,PC (Microsoft Windows),23,NULL,67.5000,10,74.7281,66
568,Marvel: Ultimate Alliance 2,PlayStation 4,23,NULL,67.5000,10,74.7281,66
568,Marvel: Ultimate Alliance 2,Xbox One,23,NULL,67.5000,10,74.7281,66
914,Tony Hawk's Pro Skater 3,PC (Microsoft Windows),50,NULL,88.5000,4,81.1100,220
914,Tony Hawk's Pro Skater 3,Mac,50,NULL,88.5000,4,81.1100,220
4923,Ice Age: Dawn of the Dinosaurs,PC (Microsoft Windows),3,NULL,100.0000,2,70.7875,14
11056,Persona 4: Dancing All Night,PlayStation 4,12,NULL,78.3333,11,71.6712,25
114152,SD Gundam G Generation Cross Rays,PC (Microsoft Windows),2,2,75.0000,2,45.1954,28
114152,SD Gundam G Generation Cross Rays,PlayStation 4,2,2,75.0000,2,45.1954,28
114152,SD Gundam G Generation Cross Rays,Nintendo Switch,2,2,75.0000,2,45.1954,28
88970,Final Fantasy IX,PC (Microsoft Windows),2,NULL,NULL,NULL,89.7444,20
88970,Final Fantasy IX,Android,2,NULL,NULL,NULL,89.7444,20
88970,Final Fantasy IX,iOS,2,NULL,NULL,NULL,89.7444,20
26769,Fire Emblem Warriors,Nintendo Switch,20,2,78.3636,13,63.8989,21
27088,Party Hard 2,PC (Microsoft Windows),10,8,80.0000,2,62.5295,13
27088,Party Hard 2,Mac,10,8,80.0000,2,62.5295,13
27088,Party Hard 2,PlayStation 4,10,8,80.0000,2,62.5295,13
27088,Party Hard 2,Xbox One,10,8,80.0000,2,62.5295,13
27088,Party Hard 2,Nintendo Switch,10,8,80.0000,2,62.5295,13
86316,Muse Dash,PC (Microsoft Windows),4,NULL,66.6667,3,80.3421,41
86316,Muse Dash,Mac,4,NULL,66.6667,3,80.3421,41
86316,Muse Dash,Android,4,NULL,66.6667,3,80.3421,41
86316,Muse Dash,iOS,4,NULL,66.6667,3,80.3421,41
86316,Muse Dash,Nintendo Switch,4,NULL,66.6667,3,80.3421,41
1447,Suikoden,PC (Microsoft Windows),21,NULL,92.5000,3,83.1831,62
722,Freespace 2,PC (Microsoft Windows),12,NULL,81.5000,2,79.2813,24
1831,The Walking Dead: Survival Instinct,PC (Microsoft Windows),10,NULL,30.0000,2,35.0987,33
28723,Age of Empires III: Complete Collection,PC (Microsoft Windows),3,NULL,NULL,NULL,78.9820,16
22844,The Last Blade,Linux,3,NULL,70.0000,2,70.2748,15
22844,The Last Blade,PC (Microsoft Windows),3,NULL,70.0000,2,70.2748,15
22844,The Last Blade,Mac,3,NULL,70.0000,2,70.2748,15
10225,Hook,Linux,5,1,NULL,NULL,70.9182,19
10225,Hook,PC (Microsoft Windows),5,1,NULL,NULL,70.9182,19
10225,Hook,Mac,5,1,NULL,NULL,70.9182,19
10225,Hook,Android,5,1,NULL,NULL,70.9182,19
10225,Hook,iOS,5,1,NULL,NULL,70.9182,19
10225,Hook,Nintendo Switch,5,1,NULL,NULL,70.9182,19
32124,Pokémon: Magikarp Jump,Android,7,NULL,NULL,NULL,56.3120,29
32124,Pokémon: Magikarp Jump,iOS,7,NULL,NULL,NULL,56.3120,29
9902,Age of Mythology: Extended Edition,PC (Microsoft Windows),14,NULL,68.5000,2,83.5775,41
15545,Vector,PC (Microsoft Windows),6,NULL,70.0000,1,73.1562,22
15545,Vector,Android,6,NULL,70.0000,1,73.1562,22
15545,Vector,iOS,6,NULL,70.0000,1,73.1562,22
15545,Vector,Web browser,6,NULL,70.0000,1,73.1562,22
1159,Tomb Raider: The Angel of Darkness,PC (Microsoft Windows),24,NULL,61.5000,4,62.4431,94
1159,Tomb Raider: The Angel of Darkness,Mac,24,NULL,61.5000,4,62.4431,94
53,The Elder Scrolls II: Daggerfall,PC (Microsoft Windows),20,NULL,NULL,NULL,81.7353,58
1152,Secrets of the Ark: A Broken Sword Game,PC (Microsoft Windows),12,NULL,60.0000,2,69.3682,37
11584,Running With Rifles,Linux,4,NULL,NULL,NULL,71.5949,14
11584,Running With Rifles,PC (Microsoft Windows),4,NULL,NULL,NULL,71.5949,14
11584,Running With Rifles,Mac,4,NULL,NULL,NULL,71.5949,14
9977,Anna: Extended Edition,Linux,7,NULL,NULL,NULL,63.3218,11
9977,Anna: Extended Edition,PC (Microsoft Windows),7,NULL,NULL,NULL,63.3218,11
9977,Anna: Extended Edition,Mac,7,NULL,NULL,NULL,63.3218,11
11060,Hexcells Plus,Linux,5,NULL,NULL,NULL,67.9516,22
11060,Hexcells Plus,PC (Microsoft Windows),5,NULL,NULL,NULL,67.9516,22
11060,Hexcells Plus,Mac,5,NULL,NULL,NULL,67.9516,22
113113,Crash Team Racing Nitro-Fueled,PlayStation 4,22,9,82.3333,13,85.8305,68
113113,Crash Team Racing Nitro-Fueled,Xbox One,22,9,82.3333,13,85.8305,68
113113,Crash Team Racing Nitro-Fueled,Nintendo Switch,22,9,82.3333,13,85.8305,68
100357,Temtem,PC (Microsoft Windows),7,3,75.0000,1,71.1194,15
100357,Temtem,PlayStation 4,7,3,75.0000,1,71.1194,15
100357,Temtem,Xbox One,7,3,75.0000,1,71.1194,15
100357,Temtem,Nintendo Switch,7,3,75.0000,1,71.1194,15
100357,Temtem,PlayStation 5,7,3,75.0000,1,71.1194,15
11447,Guild of Dungeoneering,PC (Microsoft Windows),3,NULL,79.0000,5,69.3645,21
11447,Guild of Dungeoneering,Mac,3,NULL,79.0000,5,69.3645,21
11447,Guild of Dungeoneering,Android,3,NULL,79.0000,5,69.3645,21
11447,Guild of Dungeoneering,iOS,3,NULL,79.0000,5,69.3645,21
20757,Evolve Stage 2,PC (Microsoft Windows),8,1,85.0000,2,70.7013,11
7058,Lost: Via Domus,PC (Microsoft Windows),7,NULL,52.5000,3,65.0592,32
324,Age of Mythology,PC (Microsoft Windows),135,NULL,75.6667,3,81.4990,384
324,Age of Mythology,Mac,135,NULL,75.6667,3,81.4990,384
3794,Barnyard,PC (Microsoft Windows),5,NULL,63.2500,3,87.9415,13
9603,Hexcells,Linux,6,NULL,NULL,NULL,69.3796,27
9603,Hexcells,PC (Microsoft Windows),6,NULL,NULL,NULL,69.3796,27
9603,Hexcells,Mac,6,NULL,NULL,NULL,69.3796,27
9603,Hexcells,iOS,6,NULL,NULL,NULL,69.3796,27
11794,Sudden Strike,PC (Microsoft Windows),6,NULL,NULL,NULL,80.8197,14
14359,Post Mortem,PC (Microsoft Windows),8,NULL,NULL,NULL,78.2371,26
37135,Yoshi's Crafted World,Nintendo Switch,18,10,79.2500,14,77.3405,40
11762,Paperboy,iOS,9,NULL,76.6667,2,54.1436,77
8389,ToeJam & Earl,Linux,14,NULL,NULL,NULL,85.2669,36
8389,ToeJam & Earl,PC (Microsoft Windows),14,NULL,NULL,NULL,85.2669,36
8389,ToeJam & Earl,Mac,14,NULL,NULL,NULL,85.2669,36
8565,Kingpin: Life of Crime,Linux,8,NULL,NULL,NULL,73.6133,29
8565,Kingpin: Life of Crime,PC (Microsoft Windows),8,NULL,NULL,NULL,73.6133,29
15389,Crashlands,PC (Microsoft Windows),17,1,79.5000,4,72.4665,22
15389,Crashlands,Mac,17,1,79.5000,4,72.4665,22
15389,Crashlands,Android,17,1,79.5000,4,72.4665,22
15389,Crashlands,iOS,17,1,79.5000,4,72.4665,22
15389,Crashlands,Xbox One,17,1,79.5000,4,72.4665,22
15389,Crashlands,Nintendo Switch,17,1,79.5000,4,72.4665,22
533,Dishonored,PC (Microsoft Windows),413,NULL,90.3571,15,84.7957,1418
12942,Boulder Dash,Android,5,NULL,80.0000,1,72.7584,30
12942,Boulder Dash,iOS,5,NULL,80.0000,1,72.7584,30
219,MDK,PC (Microsoft Windows),30,NULL,NULL,NULL,77.6733,94
219,MDK,Mac,30,NULL,NULL,NULL,77.6733,94
9909,TrackMania Nations,PC (Microsoft Windows),22,NULL,NULL,NULL,77.6030,42
3481,Earthworm Jim 2,Linux,21,NULL,NULL,NULL,76.5653,83
3481,Earthworm Jim 2,PC (Microsoft Windows),21,NULL,NULL,NULL,76.5653,83
138375,The Jackbox Party Pack 7,Linux,NULL,NULL,77.8000,5,78.7916,11
138375,The Jackbox Party Pack 7,PC (Microsoft Windows),NULL,NULL,77.8000,5,78.7916,11
138375,The Jackbox Party Pack 7,Mac,NULL,NULL,77.8000,5,78.7916,11
138375,The Jackbox Party Pack 7,Android,NULL,NULL,77.8000,5,78.7916,11
138375,The Jackbox Party Pack 7,iOS,NULL,NULL,77.8000,5,78.7916,11
138375,The Jackbox Party Pack 7,PlayStation 4,NULL,NULL,77.8000,5,78.7916,11
138375,The Jackbox Party Pack 7,Xbox One,NULL,NULL,77.8000,5,78.7916,11
138375,The Jackbox Party Pack 7,Nintendo Switch,NULL,NULL,77.8000,5,78.7916,11
138375,The Jackbox Party Pack 7,PlayStation 5,NULL,NULL,77.8000,5,78.7916,11
10239,Ark: Survival Evolved,Linux,178,5,68.8750,10,68.9510,166
10239,Ark: Survival Evolved,PC (Microsoft Windows),178,5,68.8750,10,68.9510,166
10239,Ark: Survival Evolved,Mac,178,5,68.8750,10,68.9510,166
10239,Ark: Survival Evolved,Android,178,5,68.8750,10,68.9510,166
10239,Ark: Survival Evolved,iOS,178,5,68.8750,10,68.9510,166
10239,Ark: Survival Evolved,PlayStation 4,178,5,68.8750,10,68.9510,166
10239,Ark: Survival Evolved,Xbox One,178,5,68.8750,10,68.9510,166
10239,Ark: Survival Evolved,Nintendo Switch,178,5,68.8750,10,68.9510,166
133305,Chorus,PC (Microsoft Windows),1,9,74.5714,9,70.4319,25
133305,Chorus,PlayStation 4,1,9,74.5714,9,70.4319,25
133305,Chorus,Xbox One,1,9,74.5714,9,70.4319,25
133305,Chorus,PlayStation 5,1,9,74.5714,9,70.4319,25
6863,Sherlock Holmes: Nemesis,PC (Microsoft Windows),4,NULL,50.0000,2,68.8329,24
7439,Blue Estate,PC (Microsoft Windows),4,NULL,60.0000,3,64.9016,14
7439,Blue Estate,PlayStation 4,4,NULL,60.0000,3,64.9016,14
7439,Blue Estate,Xbox One,4,NULL,60.0000,3,64.9016,14
67902,Aimlabs,Linux,1,NULL,NULL,NULL,69.9068,13
67902,Aimlabs,PC (Microsoft Windows),1,NULL,NULL,NULL,69.9068,13
75244,Onrush,PC (Microsoft Windows),17,NULL,78.9000,12,68.1013,31
75244,Onrush,PlayStation 4,17,NULL,78.9000,12,68.1013,31
75244,Onrush,Xbox One,17,NULL,78.9000,12,68.1013,31
3079,Tiny and Big: Grandpa's Leftovers,Linux,4,NULL,78.7500,4,69.7526,33
3079,Tiny and Big: Grandpa's Leftovers,PC (Microsoft Windows),4,NULL,78.7500,4,69.7526,33
3079,Tiny and Big: Grandpa's Leftovers,Mac,4,NULL,78.7500,4,69.7526,33
13460,Where's My Water?,PC (Microsoft Windows),5,NULL,NULL,NULL,75.1851,18
13460,Where's My Water?,Android,5,NULL,NULL,NULL,75.1851,18
13460,Where's My Water?,iOS,5,NULL,NULL,NULL,75.1851,18
6836,LEGO Batman 2: DC Super Heroes,PC (Microsoft Windows),37,NULL,80.7000,10,74.4387,98
6836,LEGO Batman 2: DC Super Heroes,Mac,37,NULL,80.7000,10,74.4387,98
4446,Columns,Linux,7,NULL,NULL,NULL,68.1170,41
4446,Columns,PC (Microsoft Windows),7,NULL,NULL,NULL,68.1170,41
4446,Columns,Mac,7,NULL,NULL,NULL,68.1170,41
6212,Total Immersion Racing,PC (Microsoft Windows),1,NULL,NULL,NULL,71.0328,11
6212,Total Immersion Racing,Mac,1,NULL,NULL,NULL,71.0328,11
11123,ToeJam & Earl in Panic on Funkotron,Linux,2,NULL,NULL,NULL,66.5080,12
11123,ToeJam & Earl in Panic on Funkotron,PC (Microsoft Windows),2,NULL,NULL,NULL,66.5080,12
11123,ToeJam & Earl in Panic on Funkotron,Mac,2,NULL,NULL,NULL,66.5080,12
2914,Leisure Suit Larry: Box Office Bust,PC (Microsoft Windows),5,NULL,20.0000,2,31.3609,12
9969,Alien Storm,Linux,2,NULL,NULL,NULL,69.6744,29
9969,Alien Storm,PC (Microsoft Windows),2,NULL,NULL,NULL,69.6744,29
9969,Alien Storm,Mac,2,NULL,NULL,NULL,69.6744,29
70385,SCP: Secret Laboratory,PC (Microsoft Windows),3,NULL,NULL,NULL,80.8215,24
11058,Skylanders: SuperChargers,PlayStation 4,NULL,NULL,79.0000,12,67.6207,8
11058,Skylanders: SuperChargers,Xbox One,NULL,NULL,79.0000,12,67.6207,8
4586,Ace Ventura,PC (Microsoft Windows),4,NULL,NULL,NULL,78.7579,12
19576,Skylanders: Imaginators,PlayStation 4,3,NULL,78.3077,16,69.1959,11
19576,Skylanders: Imaginators,Xbox One,3,NULL,78.3077,16,69.1959,11
19576,Skylanders: Imaginators,Nintendo Switch,3,NULL,78.3077,16,69.1959,11
22712,Slither.io,Linux,37,3,NULL,NULL,69.9264,27
22712,Slither.io,PC (Microsoft Windows),37,3,NULL,NULL,69.9264,27
22712,Slither.io,Mac,37,3,NULL,NULL,69.9264,27
22712,Slither.io,Android,37,3,NULL,NULL,69.9264,27
22712,Slither.io,iOS,37,3,NULL,NULL,69.9264,27
22712,Slither.io,Web browser,37,3,NULL,NULL,69.9264,27
5159,Skylanders: Swap Force,PlayStation 4,4,NULL,82.5333,17,77.0339,20
5159,Skylanders: Swap Force,Xbox One,4,NULL,82.5333,17,77.0339,20
134822,Operation: Tango,PC (Microsoft Windows),NULL,2,90.0000,1,79.7596,14
134822,Operation: Tango,PlayStation 4,NULL,2,90.0000,1,79.7596,14
134822,Operation: Tango,Xbox One,NULL,2,90.0000,1,79.7596,14
134822,Operation: Tango,PlayStation 5,NULL,2,90.0000,1,79.7596,14
26774,"Snipperclips: Cut It Out, Together!",Nintendo Switch,11,NULL,79.8667,17,71.9179,26
210,Star Wars: The Clone Wars - Republic Heroes,PC (Microsoft Windows),5,NULL,41.6667,5,48.2469,21
6166,Subway Surfers,PC (Microsoft Windows),11,NULL,NULL,NULL,69.5360,73
6166,Subway Surfers,Android,11,NULL,NULL,NULL,69.5360,73
6166,Subway Surfers,iOS,11,NULL,NULL,NULL,69.5360,73
6166,Subway Surfers,Web browser,11,NULL,NULL,NULL,69.5360,73
6201,TOCA Race Driver 2,PC (Microsoft Windows),9,NULL,85.0000,3,71.4009,15
5586,F1 2013,PC (Microsoft Windows),6,NULL,78.8000,12,76.5938,26
5586,F1 2013,Mac,6,NULL,78.8000,12,76.5938,26
2161,Playboy: The Mansion,PC (Microsoft Windows),6,NULL,55.0000,3,51.6712,14
2475,Temple Run,Android,11,NULL,70.0000,1,73.2271,43
2475,Temple Run,iOS,11,NULL,70.0000,1,73.2271,43
8232,Grey Goo,PC (Microsoft Windows),6,2,83.0000,4,70.2927,18
12524,Recettear: An Item Shop's Tale,Linux,5,NULL,76.0000,2,69.1226,44
12524,Recettear: An Item Shop's Tale,PC (Microsoft Windows),5,NULL,76.0000,2,69.1226,44
3697,The Settlers IV,PC (Microsoft Windows),12,NULL,NULL,NULL,80.6935,32
3697,The Settlers IV,Android,12,NULL,NULL,NULL,80.6935,32
3697,The Settlers IV,iOS,12,NULL,NULL,NULL,80.6935,32
213639,My Hero Ultra Rumble,PC (Microsoft Windows),2,NULL,NULL,NULL,89.8463,161
213639,My Hero Ultra Rumble,PlayStation 4,2,NULL,NULL,NULL,89.8463,161
213639,My Hero Ultra Rumble,Xbox One,2,NULL,NULL,NULL,89.8463,161
213639,My Hero Ultra Rumble,Nintendo Switch,2,NULL,NULL,NULL,89.8463,161
3695,The Settlers 7: Paths to a Kingdom,PC (Microsoft Windows),16,NULL,70.0000,2,70.2292,23
3695,The Settlers 7: Paths to a Kingdom,Mac,16,NULL,70.0000,2,70.2292,23
9739,Crossfire,PC (Microsoft Windows),7,NULL,NULL,NULL,46.9709,23
27283,Earth Defense Force 5,PC (Microsoft Windows),2,NULL,67.1111,11,82.9684,10
27283,Earth Defense Force 5,PlayStation 4,2,NULL,67.1111,11,82.9684,10
8129,Walt Disney World Quest: Magical Racing Tour,PC (Microsoft Windows),4,NULL,80.0000,2,74.1730,14
146564,Needy Streamer Overload,PC (Microsoft Windows),2,1,NULL,NULL,71.6970,15
146564,Needy Streamer Overload,Mac,2,1,NULL,NULL,71.6970,15
146564,Needy Streamer Overload,Nintendo Switch,2,1,NULL,NULL,71.6970,15
13664,Distraint,PC (Microsoft Windows),9,NULL,65.0000,2,74.0206,36
142941,Potion Craft,PC (Microsoft Windows),4,3,70.0000,2,72.5156,24
142941,Potion Craft,PlayStation 4,4,3,70.0000,2,72.5156,24
142941,Potion Craft,Xbox One,4,3,70.0000,2,72.5156,24
142941,Potion Craft,Nintendo Switch,4,3,70.0000,2,72.5156,24
5901,Legacy of Kain: Defiance,PC (Microsoft Windows),23,NULL,NULL,NULL,82.3406,56
8763,Crimzon Clover: World Ignition,PC (Microsoft Windows),3,NULL,NULL,NULL,89.3703,11
58783,The Playroom,PlayStation 4,1,NULL,NULL,NULL,77.0797,13
15128,NightSky,Linux,NULL,NULL,86.0000,3,80.5395,13
15128,NightSky,PC (Microsoft Windows),NULL,NULL,86.0000,3,80.5395,13
15128,NightSky,Mac,NULL,NULL,86.0000,3,80.5395,13
24464,Solitairica,PC (Microsoft Windows),3,NULL,80.0000,1,62.3997,11
24464,Solitairica,Mac,3,NULL,80.0000,1,62.3997,11
24464,Solitairica,Android,3,NULL,80.0000,1,62.3997,11
24464,Solitairica,iOS,3,NULL,80.0000,1,62.3997,11
162,Star Wars: Rebel Assault II - The Hidden Empire,PC (Microsoft Windows),3,NULL,75.0000,1,68.6287,18
162,Star Wars: Rebel Assault II - The Hidden Empire,Mac,3,NULL,75.0000,1,68.6287,18
10496,Wizardry: Bane of the Cosmic Forge,Linux,4,NULL,NULL,NULL,97.7517,14
10496,Wizardry: Bane of the Cosmic Forge,PC (Microsoft Windows),4,NULL,NULL,NULL,97.7517,14
10496,Wizardry: Bane of the Cosmic Forge,Mac,4,NULL,NULL,NULL,97.7517,14
2995,The Movies,PC (Microsoft Windows),29,NULL,86.5000,3,77.4309,102
2995,The Movies,Mac,29,NULL,86.5000,3,77.4309,102
119156,Pokémon Masters,Android,3,4,NULL,NULL,46.7823,26
119156,Pokémon Masters,iOS,3,4,NULL,NULL,46.7823,26
9332,Worms HD,iOS,7,NULL,71.5000,4,62.2409,15
9713,Polda,PC (Microsoft Windows),4,NULL,NULL,NULL,76.2400,16
4059,Over the Hedge,PC (Microsoft Windows),5,NULL,57.6000,6,53.2208,16
70833,Knowledge is Power,PlayStation 4,8,NULL,67.5000,3,75.2749,19
8975,Football Manager 2014,Linux,9,NULL,83.8571,7,88.0687,32
8975,Football Manager 2014,PC (Microsoft Windows),9,NULL,83.8571,7,88.0687,32
8975,Football Manager 2014,Mac,9,NULL,83.8571,7,88.0687,32
11219,Sonic the Hedgehog 3 & Knuckles,PC (Microsoft Windows),36,NULL,NULL,NULL,89.1090,119
11230,StarLancer,PC (Microsoft Windows),2,NULL,70.0000,1,85.7360,11
145439,Escape Simulator,PC (Microsoft Windows),1,NULL,100.0000,1,89.7806,16
145439,Escape Simulator,Mac,1,NULL,100.0000,1,89.7806,16
126450,Impostor Factory,Linux,NULL,1,NULL,NULL,78.8798,15
126450,Impostor Factory,PC (Microsoft Windows),NULL,1,NULL,NULL,78.8798,15
126450,Impostor Factory,Mac,NULL,1,NULL,NULL,78.8798,15
23236,"Cook, Serve, Delicious! 2!!",Linux,12,2,82.5000,2,79.7346,19
23236,"Cook, Serve, Delicious! 2!!",PC (Microsoft Windows),12,2,82.5000,2,79.7346,19
23236,"Cook, Serve, Delicious! 2!!",Mac,12,2,82.5000,2,79.7346,19
23236,"Cook, Serve, Delicious! 2!!",PlayStation 4,12,2,82.5000,2,79.7346,19
23236,"Cook, Serve, Delicious! 2!!",Xbox One,12,2,82.5000,2,79.7346,19
23236,"Cook, Serve, Delicious! 2!!",Nintendo Switch,12,2,82.5000,2,79.7346,19
8509,Skylanders: Trap Team,Android,NULL,NULL,79.5333,16,68.8788,11
8509,Skylanders: Trap Team,iOS,NULL,NULL,79.5333,16,68.8788,11
8509,Skylanders: Trap Team,PlayStation 4,NULL,NULL,79.5333,16,68.8788,11
8509,Skylanders: Trap Team,Xbox One,NULL,NULL,79.5333,16,68.8788,11
33501,Bloons TD Battles,PC (Microsoft Windows),1,NULL,NULL,NULL,78.1174,18
33501,Bloons TD Battles,Mac,1,NULL,NULL,NULL,78.1174,18
33501,Bloons TD Battles,Android,1,NULL,NULL,NULL,78.1174,18
33501,Bloons TD Battles,iOS,1,NULL,NULL,NULL,78.1174,18
5795,CSI: Crime Scene Investigation,PC (Microsoft Windows),2,NULL,80.0000,1,73.5465,14
5795,CSI: Crime Scene Investigation,Mac,2,NULL,80.0000,1,73.5465,14
80360,Burrito Bison: Launcha Libre,Android,2,NULL,NULL,NULL,79.5551,13
80360,Burrito Bison: Launcha Libre,iOS,2,NULL,NULL,NULL,79.5551,13
43097,Shark Dating Simulator XL,PC (Microsoft Windows),6,NULL,NULL,NULL,58.4615,13
15559,Just Dance 2015,PlayStation 4,5,NULL,76.6667,4,88.6812,17
15559,Just Dance 2015,Xbox One,5,NULL,76.6667,4,88.6812,17
21646,Rivals of Aether,PC (Microsoft Windows),13,NULL,NULL,NULL,78.5283,24
21646,Rivals of Aether,Xbox One,13,NULL,NULL,NULL,78.5283,24
21646,Rivals of Aether,Nintendo Switch,13,NULL,NULL,NULL,78.5283,24
3241,Cookie Clicker,Linux,6,NULL,85.0000,1,70.7518,43
3241,Cookie Clicker,PC (Microsoft Windows),6,NULL,85.0000,1,70.7518,43
3241,Cookie Clicker,Mac,6,NULL,85.0000,1,70.7518,43
3241,Cookie Clicker,Android,6,NULL,85.0000,1,70.7518,43
3241,Cookie Clicker,Web browser,6,NULL,85.0000,1,70.7518,43
330,SimCity 2000,PC (Microsoft Windows),39,NULL,71.0000,2,77.4467,152
330,SimCity 2000,Mac,39,NULL,71.0000,2,77.4467,152
15856,Bionic Commando Rearmed,PC (Microsoft Windows),4,NULL,88.8571,8,56.0320,15
119207,Aquapark.io,Android,64,NULL,NULL,NULL,74.6456,56
119207,Aquapark.io,iOS,64,NULL,NULL,NULL,74.6456,56
119207,Aquapark.io,Nintendo Switch,64,NULL,NULL,NULL,74.6456,56
148352,Samorost 1,PC (Microsoft Windows),1,NULL,NULL,NULL,79.0252,16
148352,Samorost 1,Mac,1,NULL,NULL,NULL,79.0252,16
148352,Samorost 1,Android,1,NULL,NULL,NULL,79.0252,16
148352,Samorost 1,iOS,1,NULL,NULL,NULL,79.0252,16
3256,Just Dance 2014,PlayStation 4,6,NULL,77.6667,6,79.5286,23
3256,Just Dance 2014,Xbox One,6,NULL,77.6667,6,79.5286,23
28465,Porno Studio Tycoon,PC (Microsoft Windows),26,NULL,NULL,NULL,50.7606,11
28465,Porno Studio Tycoon,Mac,26,NULL,NULL,NULL,50.7606,11
28,Space Quest: The Sarien Encounter,Mac,2,NULL,NULL,NULL,75.7259,25
2157,LEGO Rock Raiders,PC (Microsoft Windows),6,NULL,NULL,NULL,75.0626,16
5617,Yaiba: Ninja Gaiden Z,PC (Microsoft Windows),2,NULL,46.4167,13,64.9217,13
4696,Twisted Metal 2,PC (Microsoft Windows),17,NULL,73.0000,1,74.9621,59
507,I Am Alive,PC (Microsoft Windows),25,NULL,69.1250,8,67.9113,75
140781,Gartic Phone,Web browser,2,NULL,NULL,NULL,81.4728,17
76638,Baba is You,Linux,7,3,80.0000,6,81.1870,124
76638,Baba is You,PC (Microsoft Windows),7,3,80.0000,6,81.1870,124
76638,Baba is You,Mac,7,3,80.0000,6,81.1870,124
76638,Baba is You,Android,7,3,80.0000,6,81.1870,124
76638,Baba is You,iOS,7,3,80.0000,6,81.1870,124
76638,Baba is You,Nintendo Switch,7,3,80.0000,6,81.1870,124
5100,Pirates of the Caribbean: At World's End,PC (Microsoft Windows),12,NULL,58.7500,5,51.5750,30
10238,Depression Quest,Linux,3,NULL,50.0000,1,25.9010,15
10238,Depression Quest,PC (Microsoft Windows),3,NULL,50.0000,1,25.9010,15
10238,Depression Quest,Mac,3,NULL,50.0000,1,25.9010,15
10238,Depression Quest,Web browser,3,NULL,50.0000,1,25.9010,15
2131,Forza Motorsport 5,Xbox One,22,3,78.1818,11,75.2828,44
7887,Vindictus,PC (Microsoft Windows),8,NULL,70.0000,1,60.9942,14
105482,The Cycle,PC (Microsoft Windows),9,2,NULL,NULL,55.6453,11
17354,Only If,Linux,20,NULL,80.0000,1,67.6790,17
17354,Only If,PC (Microsoft Windows),20,NULL,80.0000,1,67.6790,17
17354,Only If,Mac,20,NULL,80.0000,1,67.6790,17
57217,Ironsight,PC (Microsoft Windows),3,NULL,NULL,NULL,51.1627,11
7843,America's Army: Proving Grounds,PC (Microsoft Windows),8,2,NULL,NULL,68.3866,11
7843,America's Army: Proving Grounds,PlayStation 4,8,2,NULL,NULL,68.3866,11
1902,Dirty Bomb,PC (Microsoft Windows),17,8,60.0000,1,59.6337,34
116414,Rad,PC (Microsoft Windows),6,2,73.9167,13,59.0186,7
116414,Rad,PlayStation 4,6,2,73.9167,13,59.0186,7
116414,Rad,Xbox One,6,2,73.9167,13,59.0186,7
116414,Rad,Nintendo Switch,6,2,73.9167,13,59.0186,7
3432,World of Warplanes,PC (Microsoft Windows),3,NULL,63.3333,5,59.7447,17
11161,South Park: The Fractured But Whole,PC (Microsoft Windows),234,106,84.6667,21,80.5415,232
11161,South Park: The Fractured But Whole,PlayStation 4,234,106,84.6667,21,80.5415,232
11161,South Park: The Fractured But Whole,Xbox One,234,106,84.6667,21,80.5415,232
11161,South Park: The Fractured But Whole,Nintendo Switch,234,106,84.6667,21,80.5415,232
90101,Super Smash Bros. Ultimate,Nintendo Switch,112,27,86.6000,18,87.0831,686
1916,Lost Planet 3,PC (Microsoft Windows),16,NULL,57.6667,13,69.4431,30
1916,Lost Planet 3,Xbox One,16,NULL,57.6667,13,69.4431,30
115425,Darkest Dungeon II,PC (Microsoft Windows),1,5,77.5000,4,89.4865,20
122338,Ring Fit Adventure,Nintendo Switch,3,NULL,84.4000,6,81.8193,30
3277,Rust,Linux,62,16,77.5000,8,70.2677,144
3277,Rust,PC (Microsoft Windows),62,16,77.5000,8,70.2677,144
3277,Rust,Mac,62,16,77.5000,8,70.2677,144
3277,Rust,PlayStation 4,62,16,77.5000,8,70.2677,144
3277,Rust,Xbox One,62,16,77.5000,8,70.2677,144
1834,Family Guy: Back to the Multiverse,PC (Microsoft Windows),3,NULL,33.3333,3,71.0818,11
7433,FIFA World,PC (Microsoft Windows),6,NULL,NULL,NULL,56.9610,15
8582,Bad Rats,PC (Microsoft Windows),2,NULL,NULL,NULL,35.9496,18
55029,Age of Empires IV,PC (Microsoft Windows),32,87,81.5714,9,72.5503,58
54218,Persona 5: Dancing in Starlight,PlayStation 4,2,NULL,75.0000,7,70.8715,26
35994,Survivalist,PC (Microsoft Windows),4,NULL,NULL,NULL,70.2894,12
6777,The Impossible Game,Linux,8,NULL,75.0000,2,79.9210,15
6777,The Impossible Game,PC (Microsoft Windows),8,NULL,75.0000,2,79.9210,15
6777,The Impossible Game,Mac,8,NULL,75.0000,2,79.9210,15
6777,The Impossible Game,Android,8,NULL,75.0000,2,79.9210,15
6777,The Impossible Game,iOS,8,NULL,75.0000,2,79.9210,15
9786,The Expendabros,PC (Microsoft Windows),13,NULL,80.0000,1,71.1992,56
9786,The Expendabros,Mac,13,NULL,80.0000,1,71.1992,56
11135,Beyond Eyes,Linux,5,NULL,55.1250,9,68.7635,16
11135,Beyond Eyes,PC (Microsoft Windows),5,NULL,55.1250,9,68.7635,16
11135,Beyond Eyes,Mac,5,NULL,55.1250,9,68.7635,16
11135,Beyond Eyes,PlayStation 4,5,NULL,55.1250,9,68.7635,16
11135,Beyond Eyes,Xbox One,5,NULL,55.1250,9,68.7635,16
113378,Granblue Fantasy: Versus,PC (Microsoft Windows),1,7,78.2222,11,79.9780,11
113378,Granblue Fantasy: Versus,PlayStation 4,1,7,78.2222,11,79.9780,11
852,King's Quest II: Romancing the Throne,PC (Microsoft Windows),5,NULL,NULL,NULL,57.2356,22
852,King's Quest II: Romancing the Throne,Mac,5,NULL,NULL,NULL,57.2356,22
178351,Crab Game,Linux,6,NULL,NULL,NULL,55.4058,24
178351,Crab Game,PC (Microsoft Windows),6,NULL,NULL,NULL,55.4058,24
178351,Crab Game,Mac,6,NULL,NULL,NULL,55.4058,24
8426,Cognition: An Erica Reed Thriller,PC (Microsoft Windows),5,NULL,72.0000,0,79.5118,17
8426,Cognition: An Erica Reed Thriller,Mac,5,NULL,72.0000,0,79.5118,17
8426,Cognition: An Erica Reed Thriller,iOS,5,NULL,72.0000,0,79.5118,17
271,Vietcong,PC (Microsoft Windows),10,NULL,70.0000,1,72.7204,44
15916,Mount Your Friends,PC (Microsoft Windows),2,NULL,NULL,NULL,69.3032,23
3006,Disney's Chicken Little,PC (Microsoft Windows),8,NULL,55.0000,1,68.0439,20
81147,Hyrule Warriors: Definitive Edition,Nintendo Switch,14,NULL,74.7500,9,79.6902,26
7201,Supreme Commander 2,PC (Microsoft Windows),10,NULL,73.0000,7,72.7228,28
7201,Supreme Commander 2,Mac,10,NULL,73.0000,7,72.7228,28
4844,LEGO The Hobbit,PC (Microsoft Windows),26,1,72.3636,12,69.9718,82
4844,LEGO The Hobbit,Mac,26,1,72.3636,12,69.9718,82
4844,LEGO The Hobbit,PlayStation 4,26,1,72.3636,12,69.9718,82
4844,LEGO The Hobbit,Xbox One,26,1,72.3636,12,69.9718,82
2153,FIFA Soccer 13,PC (Microsoft Windows),41,NULL,85.0667,13,75.0332,175
1931,Gobliins 2: The Prince Buffoon,iOS,3,NULL,NULL,NULL,79.9306,13
19241,Unravel Two,PC (Microsoft Windows),35,3,80.9091,13,78.2599,129
19241,Unravel Two,PlayStation 4,35,3,80.9091,13,78.2599,129
19241,Unravel Two,Xbox One,35,3,80.9091,13,78.2599,129
19241,Unravel Two,Nintendo Switch,35,3,80.9091,13,78.2599,129
15429,The King of Fighters '98,Android,15,NULL,60.0000,1,78.9275,59
20871,Zombie Army Trilogy,PC (Microsoft Windows),11,NULL,71.0000,8,62.7005,23
20871,Zombie Army Trilogy,PlayStation 4,11,NULL,71.0000,8,62.7005,23
20871,Zombie Army Trilogy,Xbox One,11,NULL,71.0000,8,62.7005,23
20871,Zombie Army Trilogy,Nintendo Switch,11,NULL,71.0000,8,62.7005,23
3942,Harry Potter and the Goblet of Fire,PC (Microsoft Windows),29,NULL,57.3333,4,61.2479,109
18968,Call of Duty: Infinite Warfare,PC (Microsoft Windows),124,13,77.2400,32,71.0217,305
18968,Call of Duty: Infinite Warfare,PlayStation 4,124,13,77.2400,32,71.0217,305
18968,Call of Duty: Infinite Warfare,Xbox One,124,13,77.2400,32,71.0217,305
116681,Hob: The Definitive Edition,Nintendo Switch,7,NULL,65.0000,2,76.9120,12
105447,Touhou Luna Nights,PC (Microsoft Windows),4,NULL,88.0000,1,74.3511,40
105447,Touhou Luna Nights,PlayStation 4,4,NULL,88.0000,1,74.3511,40
105447,Touhou Luna Nights,Xbox One,4,NULL,88.0000,1,74.3511,40
105447,Touhou Luna Nights,Nintendo Switch,4,NULL,88.0000,1,74.3511,40
105447,Touhou Luna Nights,PlayStation 5,4,NULL,88.0000,1,74.3511,40
22294,TrackMania Sunrise,PC (Microsoft Windows),6,1,90.0000,1,79.9848,17
76770,Bridge Constructor Portal,Linux,9,NULL,80.2500,4,72.2814,35
76770,Bridge Constructor Portal,PC (Microsoft Windows),9,NULL,80.2500,4,72.2814,35
76770,Bridge Constructor Portal,Mac,9,NULL,80.2500,4,72.2814,35
76770,Bridge Constructor Portal,Android,9,NULL,80.2500,4,72.2814,35
76770,Bridge Constructor Portal,iOS,9,NULL,80.2500,4,72.2814,35
76770,Bridge Constructor Portal,PlayStation 4,9,NULL,80.2500,4,72.2814,35
76770,Bridge Constructor Portal,Xbox One,9,NULL,80.2500,4,72.2814,35
76770,Bridge Constructor Portal,Nintendo Switch,9,NULL,80.2500,4,72.2814,35
277,Battlefield 2,PC (Microsoft Windows),98,NULL,93.0000,4,81.6663,289
135992,Balan Wonderworld,PC (Microsoft Windows),NULL,3,57.0000,7,27.6045,11
135992,Balan Wonderworld,PlayStation 4,NULL,3,57.0000,7,27.6045,11
135992,Balan Wonderworld,Xbox One,NULL,3,57.0000,7,27.6045,11
135992,Balan Wonderworld,Nintendo Switch,NULL,3,57.0000,7,27.6045,11
135992,Balan Wonderworld,PlayStation 5,NULL,3,57.0000,7,27.6045,11
135108,Kingdom Hearts: Melody of Memory,PC (Microsoft Windows),NULL,1,77.0000,8,80.4275,16
135108,Kingdom Hearts: Melody of Memory,PlayStation 4,NULL,1,77.0000,8,80.4275,16
135108,Kingdom Hearts: Melody of Memory,Xbox One,NULL,1,77.0000,8,80.4275,16
135108,Kingdom Hearts: Melody of Memory,Nintendo Switch,NULL,1,77.0000,8,80.4275,16
77992,Mortal Kombat X Mobile,Android,1,NULL,NULL,NULL,79.8743,11
77992,Mortal Kombat X Mobile,iOS,1,NULL,NULL,NULL,79.8743,11
113376,MO:Astray,PC (Microsoft Windows),2,2,NULL,NULL,69.9189,11
113376,MO:Astray,iOS,2,2,NULL,NULL,69.9189,11
113376,MO:Astray,Nintendo Switch,2,2,NULL,NULL,69.9189,11
5145,Secret Files: Tunguska,PC (Microsoft Windows),15,NULL,65.0000,3,72.8370,28
5145,Secret Files: Tunguska,Android,15,NULL,65.0000,3,72.8370,28
5145,Secret Files: Tunguska,iOS,15,NULL,65.0000,3,72.8370,28
5145,Secret Files: Tunguska,Nintendo Switch,15,NULL,65.0000,3,72.8370,28
13228,Runaway 3: A Twist of Fate,PC (Microsoft Windows),8,NULL,NULL,NULL,72.4771,14
13228,Runaway 3: A Twist of Fate,iOS,8,NULL,NULL,NULL,72.4771,14
6940,The Club,PC (Microsoft Windows),7,NULL,73.6000,6,51.3280,16
5780,Cold Fear,PC (Microsoft Windows),11,NULL,67.3333,4,70.7035,44
3117,Gray Matter,PC (Microsoft Windows),8,NULL,60.0000,2,62.8064,26
13189,Masochisia,Linux,22,1,NULL,NULL,57.6503,13
13189,Masochisia,PC (Microsoft Windows),22,1,NULL,NULL,57.6503,13
13189,Masochisia,Mac,22,1,NULL,NULL,57.6503,13
13686,Kingdom: Classic,Linux,23,NULL,70.0000,3,68.0143,69
13686,Kingdom: Classic,PC (Microsoft Windows),23,NULL,70.0000,3,68.0143,69
13686,Kingdom: Classic,Mac,23,NULL,70.0000,3,68.0143,69
116422,Tails of Iron,PC (Microsoft Windows),3,NULL,90.0000,1,76.3661,19
116422,Tails of Iron,PlayStation 4,3,NULL,90.0000,1,76.3661,19
116422,Tails of Iron,Xbox One,3,NULL,90.0000,1,76.3661,19
116422,Tails of Iron,Nintendo Switch,3,NULL,90.0000,1,76.3661,19
116422,Tails of Iron,PlayStation 5,3,NULL,90.0000,1,76.3661,19
19940,Pac-Man and the Ghostly Adventures,PC (Microsoft Windows),NULL,NULL,58.0667,15,69.9766,6
3103,Summoner,PC (Microsoft Windows),5,NULL,80.0000,1,80.3683,12
3103,Summoner,Mac,5,NULL,80.0000,1,80.3683,12
26565,Yuppie Psycho,Linux,4,NULL,85.0000,1,84.2528,27
26565,Yuppie Psycho,PC (Microsoft Windows),4,NULL,85.0000,1,84.2528,27
26565,Yuppie Psycho,Mac,4,NULL,85.0000,1,84.2528,27
26565,Yuppie Psycho,Xbox One,4,NULL,85.0000,1,84.2528,27
240496,Pineapple on pizza,Linux,2,NULL,NULL,NULL,77.0509,11
240496,Pineapple on pizza,PC (Microsoft Windows),2,NULL,NULL,NULL,77.0509,11
240496,Pineapple on pizza,Mac,2,NULL,NULL,NULL,77.0509,11
30155,Rocksmith 2014 Edition: Remastered,PC (Microsoft Windows),5,NULL,NULL,NULL,92.1667,15
30155,Rocksmith 2014 Edition: Remastered,Mac,5,NULL,NULL,NULL,92.1667,15
30155,Rocksmith 2014 Edition: Remastered,Xbox One,5,NULL,NULL,NULL,92.1667,15
6009,Viscera Cleanup Detail,PC (Microsoft Windows),16,3,NULL,NULL,77.1424,39
6009,Viscera Cleanup Detail,Mac,16,3,NULL,NULL,77.1424,39
46980,Kara no Shoujo,PC (Microsoft Windows),1,NULL,NULL,NULL,89.7064,11
18440,Dead In Bermuda,PC (Microsoft Windows),7,NULL,75.0000,1,50.4002,11
18440,Dead In Bermuda,Mac,7,NULL,75.0000,1,50.4002,11
18440,Dead In Bermuda,Android,7,NULL,75.0000,1,50.4002,11
18440,Dead In Bermuda,iOS,7,NULL,75.0000,1,50.4002,11
7767,Mini Metro,Linux,32,1,100.0000,1,76.2968,102
7767,Mini Metro,PC (Microsoft Windows),32,1,100.0000,1,76.2968,102
7767,Mini Metro,Mac,32,1,100.0000,1,76.2968,102
7767,Mini Metro,Android,32,1,100.0000,1,76.2968,102
7767,Mini Metro,iOS,32,1,100.0000,1,76.2968,102
7767,Mini Metro,PlayStation 4,32,1,100.0000,1,76.2968,102
7767,Mini Metro,Nintendo Switch,32,1,100.0000,1,76.2968,102
55039,God's Trigger,PC (Microsoft Windows),7,2,90.0000,1,63.6109,11
55039,God's Trigger,PlayStation 4,7,2,90.0000,1,63.6109,11
55039,God's Trigger,Xbox One,7,2,90.0000,1,63.6109,11
16309,A Life in Silk: The First Cumming,PC (Microsoft Windows),62,3,NULL,NULL,77.3733,13
16309,A Life in Silk: The First Cumming,Mac,62,3,NULL,NULL,77.3733,13
35715,Eternal Senia,PC (Microsoft Windows),2,NULL,NULL,NULL,71.5694,12
103218,NBA 2K19,PC (Microsoft Windows),11,2,82.1111,10,55.9080,51
103218,NBA 2K19,iOS,11,2,82.1111,10,55.9080,51
103218,NBA 2K19,PlayStation 4,11,2,82.1111,10,55.9080,51
103218,NBA 2K19,Xbox One,11,2,82.1111,10,55.9080,51
103218,NBA 2K19,Nintendo Switch,11,2,82.1111,10,55.9080,51
15710,Aviary Attorney,PC (Microsoft Windows),7,NULL,79.3333,5,75.1068,21
15710,Aviary Attorney,Mac,7,NULL,79.3333,5,75.1068,21
14688,12 is Better than 6,Linux,7,NULL,60.0000,2,69.4956,18
14688,12 is Better than 6,PC (Microsoft Windows),7,NULL,60.0000,2,69.4956,18
14688,12 is Better than 6,Mac,7,NULL,60.0000,2,69.4956,18
14688,12 is Better than 6,Nintendo Switch,7,NULL,60.0000,2,69.4956,18
116522,The Wild at Heart,PC (Microsoft Windows),3,1,82.5000,3,68.8514,11
116522,The Wild at Heart,Mac,3,1,82.5000,3,68.8514,11
116522,The Wild at Heart,PlayStation 4,3,1,82.5000,3,68.8514,11
116522,The Wild at Heart,Xbox One,3,1,82.5000,3,68.8514,11
116522,The Wild at Heart,Nintendo Switch,3,1,82.5000,3,68.8514,11
2689,MySims,PC (Microsoft Windows),1,NULL,68.1667,5,57.6379,15
9435,Urban Trial Freestyle,PC (Microsoft Windows),1,NULL,64.2500,11,69.9302,7
9435,Urban Trial Freestyle,iOS,1,NULL,64.2500,11,69.9302,7
3968,Dragon's Dogma,PC (Microsoft Windows),29,NULL,76.9000,10,71.9313,77
75127,Cube Escape: Case 23,Mac,1,NULL,NULL,NULL,70.7714,17
75127,Cube Escape: Case 23,Android,1,NULL,NULL,NULL,70.7714,17
75127,Cube Escape: Case 23,iOS,1,NULL,NULL,NULL,70.7714,17
165247,Quake,PC (Microsoft Windows),1,NULL,95.0000,1,86.3243,18
165247,Quake,PlayStation 4,1,NULL,95.0000,1,86.3243,18
165247,Quake,Xbox One,1,NULL,95.0000,1,86.3243,18
165247,Quake,Nintendo Switch,1,NULL,95.0000,1,86.3243,18
165247,Quake,PlayStation 5,1,NULL,95.0000,1,86.3243,18
1981,Saints Row IV,PC (Microsoft Windows),126,NULL,84.1429,18,75.1831,437
1981,Saints Row IV,PlayStation 4,126,NULL,84.1429,18,75.1831,437
1981,Saints Row IV,Xbox One,126,NULL,84.1429,18,75.1831,437
159298,Yu-Gi-Oh! Master Duel,PC (Microsoft Windows),6,NULL,80.0000,2,74.3343,32
159298,Yu-Gi-Oh! Master Duel,Android,6,NULL,80.0000,2,74.3343,32
159298,Yu-Gi-Oh! Master Duel,iOS,6,NULL,80.0000,2,74.3343,32
159298,Yu-Gi-Oh! Master Duel,PlayStation 4,6,NULL,80.0000,2,74.3343,32
159298,Yu-Gi-Oh! Master Duel,Xbox One,6,NULL,80.0000,2,74.3343,32
159298,Yu-Gi-Oh! Master Duel,Nintendo Switch,6,NULL,80.0000,2,74.3343,32
159298,Yu-Gi-Oh! Master Duel,PlayStation 5,6,NULL,80.0000,2,74.3343,32
144054,Pokémon Legends: Arceus,Nintendo Switch,22,11,85.3333,12,77.4782,98
80,The Witcher,PC (Microsoft Windows),219,NULL,88.0000,4,82.4554,631
80,The Witcher,Mac,219,NULL,88.0000,4,82.4554,631
107218,Desperados III,Linux,17,17,85.8889,11,86.9774,70
107218,Desperados III,PC (Microsoft Windows),17,17,85.8889,11,86.9774,70
107218,Desperados III,Mac,17,17,85.8889,11,86.9774,70
107218,Desperados III,PlayStation 4,17,17,85.8889,11,86.9774,70
107218,Desperados III,Xbox One,17,17,85.8889,11,86.9774,70
5240,Toy Story 3: The Video Game,PC (Microsoft Windows),12,NULL,72.5000,7,73.1062,38
5240,Toy Story 3: The Video Game,Mac,12,NULL,72.5000,7,73.1062,38
23,System Shock,Mac,24,NULL,NULL,NULL,90.4630,67
144765,Life is Strange: True Colors,PC (Microsoft Windows),11,3,84.2727,13,78.8660,116
144765,Life is Strange: True Colors,PlayStation 4,11,3,84.2727,13,78.8660,116
144765,Life is Strange: True Colors,Xbox One,11,3,84.2727,13,78.8660,116
144765,Life is Strange: True Colors,Nintendo Switch,11,3,84.2727,13,78.8660,116
144765,Life is Strange: True Colors,PlayStation 5,11,3,84.2727,13,78.8660,116
172427,Kirby and the Forgotten Land,Nintendo Switch,10,1,87.8750,11,82.0820,52
23323,The Legend of Heroes: Trails to Azure,PC (Microsoft Windows),1,NULL,83.0000,3,90.2696,14
23323,The Legend of Heroes: Trails to Azure,PlayStation 4,1,NULL,83.0000,3,90.2696,14
23323,The Legend of Heroes: Trails to Azure,Nintendo Switch,1,NULL,83.0000,3,90.2696,14
28649,Stoneshard,Linux,4,3,NULL,NULL,76.9209,13
28649,Stoneshard,PC (Microsoft Windows),4,3,NULL,NULL,76.9209,13
28649,Stoneshard,Mac,4,3,NULL,NULL,76.9209,13
332,Monopoly,PC (Microsoft Windows),5,NULL,71.0000,1,66.0218,14
332,Monopoly,Mac,5,NULL,71.0000,1,66.0218,14
143612,Neon White,PC (Microsoft Windows),4,2,88.6000,8,88.8716,49
143612,Neon White,PlayStation 4,4,2,88.6000,8,88.8716,49
143612,Neon White,Nintendo Switch,4,2,88.6000,8,88.8716,49
143612,Neon White,PlayStation 5,4,2,88.6000,8,88.8716,49
8332,Rollcage,PC (Microsoft Windows),2,NULL,79.0000,2,76.7996,17
158,Star Wars Episode I: The Phantom Menace,PC (Microsoft Windows),12,NULL,NULL,NULL,58.7229,70
80332,Sven Co-op,PC (Microsoft Windows),1,NULL,NULL,NULL,79.3872,13
8941,Project Eden,PC (Microsoft Windows),5,NULL,70.0000,1,69.9709,15
451,Operation Flashpoint: Dragon Rising,PC (Microsoft Windows),19,NULL,79.4000,6,70.1003,33
26428,Alto's Odyssey,PC (Microsoft Windows),4,1,NULL,NULL,66.8441,23
26428,Alto's Odyssey,Mac,4,1,NULL,NULL,66.8441,23
26428,Alto's Odyssey,Android,4,1,NULL,NULL,66.8441,23
26428,Alto's Odyssey,iOS,4,1,NULL,NULL,66.8441,23
11333,Contradiction: Spot the Liar!,PC (Microsoft Windows),3,NULL,80.0000,1,71.6302,15
11333,Contradiction: Spot the Liar!,Mac,3,NULL,80.0000,1,71.6302,15
11333,Contradiction: Spot the Liar!,iOS,3,NULL,80.0000,1,71.6302,15
26597,Pathway,Linux,13,1,73.5000,2,79.4209,14
26597,Pathway,PC (Microsoft Windows),13,1,73.5000,2,79.4209,14
26597,Pathway,Mac,13,1,73.5000,2,79.4209,14
26597,Pathway,Nintendo Switch,13,1,73.5000,2,79.4209,14
19010,Battle: Los Angeles,PC (Microsoft Windows),4,NULL,60.0000,1,40.0193,12
7240,Wanted: Weapons of Fate,PC (Microsoft Windows),11,NULL,63.7500,6,57.4160,30
5988,Dungeon Siege III,PC (Microsoft Windows),9,NULL,76.1667,9,69.6803,51
96275,The Stillness of the Wind,PC (Microsoft Windows),5,1,60.0000,2,63.6147,13
96275,The Stillness of the Wind,Mac,5,1,60.0000,2,63.6147,13
96275,The Stillness of the Wind,iOS,5,1,60.0000,2,63.6147,13
96275,The Stillness of the Wind,Nintendo Switch,5,1,60.0000,2,63.6147,13
48135,Mario Is Missing!,Mac,NULL,NULL,NULL,NULL,20.8488,13
134588,Kena: Bridge of Spirits,PC (Microsoft Windows),19,34,83.7500,11,79.3456,112
134588,Kena: Bridge of Spirits,PlayStation 4,19,34,83.7500,11,79.3456,112
134588,Kena: Bridge of Spirits,PlayStation 5,19,34,83.7500,11,79.3456,112
191407,Live A Live,PC (Microsoft Windows),3,2,78.8333,8,84.5169,11
191407,Live A Live,PlayStation 4,3,2,78.8333,8,84.5169,11
191407,Live A Live,Nintendo Switch,3,2,78.8333,8,84.5169,11
191407,Live A Live,PlayStation 5,3,2,78.8333,8,84.5169,11
4681,Asterix at the Olympic Games,PC (Microsoft Windows),2,NULL,70.0000,1,59.6837,13
1254,DmC: Devil May Cry,PC (Microsoft Windows),125,NULL,81.5000,16,76.3506,389
9262,The Incredible Machine 2,PC (Microsoft Windows),10,NULL,NULL,NULL,94.2007,23
9262,The Incredible Machine 2,Mac,10,NULL,NULL,NULL,94.2007,23
9231,Sid Meier's Pirates!,PC (Microsoft Windows),5,NULL,71.0000,5,74.1143,34
9231,Sid Meier's Pirates!,Mac,5,NULL,71.0000,5,74.1143,34
193,Day of the Tentacle,Mac,98,NULL,NULL,NULL,91.0850,325
7840,Crusader: No Remorse,PC (Microsoft Windows),6,NULL,70.0000,2,76.9097,19
7840,Crusader: No Remorse,Mac,6,NULL,70.0000,2,76.9097,19
5241,Toy Story Mania!,PC (Microsoft Windows),2,NULL,45.5000,4,48.4443,12
7241,Warhammer: Mark of Chaos,PC (Microsoft Windows),1,NULL,60.0000,4,60.3174,15
191411,Xenoblade Chronicles 3,Nintendo Switch,4,2,90.3333,9,84.4589,24
147340,The Past Within,PC (Microsoft Windows),NULL,1,NULL,NULL,69.9500,12
147340,The Past Within,Mac,NULL,1,NULL,NULL,69.9500,12
147340,The Past Within,Android,NULL,1,NULL,NULL,69.9500,12
147340,The Past Within,iOS,NULL,1,NULL,NULL,69.9500,12
147340,The Past Within,Nintendo Switch,NULL,1,NULL,NULL,69.9500,12
2673,Guitar Hero: Aerosmith,PC (Microsoft Windows),9,NULL,64.3333,8,74.6096,45
2673,Guitar Hero: Aerosmith,Mac,9,NULL,64.3333,8,74.6096,45
6415,Grid: Autosport,PC (Microsoft Windows),20,1,78.0769,14,65.8924,44
6415,Grid: Autosport,Mac,20,1,78.0769,14,65.8924,44
6415,Grid: Autosport,Android,20,1,78.0769,14,65.8924,44
6415,Grid: Autosport,iOS,20,1,78.0769,14,65.8924,44
6415,Grid: Autosport,Nintendo Switch,20,1,78.0769,14,65.8924,44
764,Jazz Jackrabbit 2,PC (Microsoft Windows),32,NULL,NULL,NULL,78.5700,77
764,Jazz Jackrabbit 2,Mac,32,NULL,NULL,NULL,78.5700,77
24080,Utawarerumono,PC (Microsoft Windows),NULL,NULL,NULL,NULL,88.3515,21
1281,Awesomenauts,Linux,14,NULL,72.5000,8,67.0491,53
1281,Awesomenauts,PC (Microsoft Windows),14,NULL,72.5000,8,67.0491,53
1281,Awesomenauts,Mac,14,NULL,72.5000,8,67.0491,53
9140,Guilty Gear,PC (Microsoft Windows),6,NULL,NULL,NULL,79.4546,25
9140,Guilty Gear,PlayStation 4,6,NULL,NULL,NULL,79.4546,25
9140,Guilty Gear,Nintendo Switch,6,NULL,NULL,NULL,79.4546,25
130185,We Went Back,PC (Microsoft Windows),2,NULL,NULL,NULL,59.3704,11
2124,Freelancer,PC (Microsoft Windows),25,NULL,70.0000,2,83.1288,55
42931,Bloodborne: Game of the Year Edition,PlayStation 4,20,NULL,NULL,NULL,97.1023,79
1335,Natural Selection 2,PC (Microsoft Windows),10,NULL,85.0000,2,77.8000,24
3153,Castle Crashers,PC (Microsoft Windows),62,NULL,78.7500,5,78.4174,254
3153,Castle Crashers,Mac,62,NULL,78.7500,5,78.4174,254
38045,Dream Daddy: A Dad Dating Simulator,Linux,10,NULL,71.2500,5,74.0660,14
38045,Dream Daddy: A Dad Dating Simulator,PC (Microsoft Windows),10,NULL,71.2500,5,74.0660,14
38045,Dream Daddy: A Dad Dating Simulator,Mac,10,NULL,71.2500,5,74.0660,14
717,Football Manager 2011,PC (Microsoft Windows),5,NULL,82.0000,4,89.0142,29
717,Football Manager 2011,Mac,5,NULL,82.0000,4,89.0142,29
75123,Samsara Room,PC (Microsoft Windows),1,NULL,NULL,NULL,61.4537,31
75123,Samsara Room,Mac,1,NULL,NULL,NULL,61.4537,31
75123,Samsara Room,Android,1,NULL,NULL,NULL,61.4537,31
75123,Samsara Room,iOS,1,NULL,NULL,NULL,61.4537,31
75123,Samsara Room,Web browser,1,NULL,NULL,NULL,61.4537,31
763,Heroes of Newerth,Linux,7,NULL,71.0000,1,83.0291,22
763,Heroes of Newerth,PC (Microsoft Windows),7,NULL,71.0000,1,83.0291,22
763,Heroes of Newerth,Mac,7,NULL,71.0000,1,83.0291,22
27725,The Room: Old Sins,PC (Microsoft Windows),18,1,80.0000,1,81.1806,36
27725,The Room: Old Sins,Android,18,1,80.0000,1,81.1806,36
27725,The Room: Old Sins,iOS,18,1,80.0000,1,81.1806,36
16198,realMyst,PC (Microsoft Windows),3,NULL,NULL,NULL,79.1101,13
16198,realMyst,iOS,3,NULL,NULL,NULL,79.1101,13
4412,Zero Wing,Linux,2,NULL,NULL,NULL,69.7370,13
4412,Zero Wing,PC (Microsoft Windows),2,NULL,NULL,NULL,69.7370,13
4412,Zero Wing,Mac,2,NULL,NULL,NULL,69.7370,13
7499,Escape Dead Island,PC (Microsoft Windows),9,1,35.0000,6,55.4176,16
7499,Escape Dead Island,Xbox One,9,1,35.0000,6,55.4176,16
107,Hidden & Dangerous 2,PC (Microsoft Windows),9,NULL,86.0000,2,79.9905,21
36912,Laser League,PC (Microsoft Windows),3,NULL,79.2500,4,60.2516,16
36912,Laser League,PlayStation 4,3,NULL,79.2500,4,60.2516,16
36912,Laser League,Xbox One,3,NULL,79.2500,4,60.2516,16
243,Who Wants to Be a Millionaire,PC (Microsoft Windows),1,NULL,60.0000,1,77.6585,16
243,Who Wants to Be a Millionaire,iOS,1,NULL,60.0000,1,77.6585,16
8701,Dino D-Day,Linux,4,NULL,NULL,NULL,52.6075,20
8701,Dino D-Day,PC (Microsoft Windows),4,NULL,NULL,NULL,52.6075,20
143613,Splatoon 3,Nintendo Switch,17,4,82.0000,10,82.0113,29
8515,Twinsen's Little Big Adventure Classic,PC (Microsoft Windows),20,NULL,NULL,NULL,84.1118,41
8515,Twinsen's Little Big Adventure Classic,Mac,20,NULL,NULL,NULL,84.1118,41
75131,Cube Escape: The Cave,Mac,1,NULL,NULL,NULL,89.2408,13
75131,Cube Escape: The Cave,Android,1,NULL,NULL,NULL,89.2408,13
75131,Cube Escape: The Cave,iOS,1,NULL,NULL,NULL,89.2408,13
38680,Hill Climb Racing,PC (Microsoft Windows),4,NULL,NULL,NULL,74.4934,25
38680,Hill Climb Racing,Android,4,NULL,NULL,NULL,74.4934,25
38680,Hill Climb Racing,iOS,4,NULL,NULL,NULL,74.4934,25
7235,Virtua Tennis 3,PC (Microsoft Windows),8,NULL,90.0000,3,70.1023,29
11235,Future Cop: LAPD,PC (Microsoft Windows),3,NULL,65.0000,1,78.0838,22
11235,Future Cop: LAPD,Mac,3,NULL,65.0000,1,78.0838,22
111081,The Witch's House MV,PC (Microsoft Windows),NULL,NULL,NULL,NULL,88.8647,14
111081,The Witch's House MV,PlayStation 4,NULL,NULL,NULL,NULL,88.8647,14
111081,The Witch's House MV,Xbox One,NULL,NULL,NULL,NULL,88.8647,14
111081,The Witch's House MV,Nintendo Switch,NULL,NULL,NULL,NULL,88.8647,14
1336,Contract J.A.C.K.,PC (Microsoft Windows),4,NULL,55.0000,1,67.6214,12
5336,Super Time Force,Xbox One,4,2,81.3636,12,79.5601,4
152201,Mario + Rabbids Sparks of Hope,Nintendo Switch,5,3,88.5000,8,80.6795,12
17832,Don't Starve Together,Linux,50,NULL,NULL,NULL,75.5799,166
17832,Don't Starve Together,PC (Microsoft Windows),50,NULL,NULL,NULL,75.5799,166
17832,Don't Starve Together,Mac,50,NULL,NULL,NULL,75.5799,166
17832,Don't Starve Together,PlayStation 4,50,NULL,NULL,NULL,75.5799,166
17832,Don't Starve Together,Xbox One,50,NULL,NULL,NULL,75.5799,166
17832,Don't Starve Together,Nintendo Switch,50,NULL,NULL,NULL,75.5799,166
103244,Signalis,PC (Microsoft Windows),2,6,85.4000,7,79.1049,64
103244,Signalis,PlayStation 4,2,6,85.4000,7,79.1049,64
103244,Signalis,Xbox One,2,6,85.4000,7,79.1049,64
103244,Signalis,Nintendo Switch,2,6,85.4000,7,79.1049,64
18337,Dofus,Linux,7,NULL,70.0000,2,88.9530,35
18337,Dofus,PC (Microsoft Windows),7,NULL,70.0000,2,88.9530,35
18337,Dofus,Mac,7,NULL,70.0000,2,88.9530,35
18337,Dofus,Web browser,7,NULL,70.0000,2,88.9530,35
19271,Angry Birds Rio,PC (Microsoft Windows),5,NULL,60.0000,1,64.5501,45
19271,Angry Birds Rio,Mac,5,NULL,60.0000,1,64.5501,45
19271,Angry Birds Rio,Android,5,NULL,60.0000,1,64.5501,45
19271,Angry Birds Rio,iOS,5,NULL,60.0000,1,64.5501,45
19275,Angry Birds Seasons,PC (Microsoft Windows),7,NULL,NULL,NULL,70.2799,37
19275,Angry Birds Seasons,Mac,7,NULL,NULL,NULL,70.2799,37
19275,Angry Birds Seasons,Android,7,NULL,NULL,NULL,70.2799,37
19275,Angry Birds Seasons,iOS,7,NULL,NULL,NULL,70.2799,37
19275,Angry Birds Seasons,Web browser,7,NULL,NULL,NULL,70.2799,37
4647,Pro Evolution Soccer 2008,PC (Microsoft Windows),12,NULL,77.5000,4,75.8009,66
5635,Ridiculous Fishing,Android,7,NULL,80.0000,1,77.4382,16
5635,Ridiculous Fishing,iOS,7,NULL,80.0000,1,77.4382,16
191930,Pokémon Violet,Nintendo Switch,8,1,80.0000,1,70.8196,35
14364,Matterfall,PlayStation 4,7,4,67.8462,14,75.5746,9
35626,Golf Story,Nintendo Switch,22,1,83.2857,9,79.8414,35
18081,Devil Daggers,Linux,8,NULL,78.3333,4,75.9622,33
18081,Devil Daggers,PC (Microsoft Windows),8,NULL,78.3333,4,75.9622,33
18081,Devil Daggers,Mac,8,NULL,78.3333,4,75.9622,33
7145,The Whispered World,PC (Microsoft Windows),13,NULL,60.0000,3,77.1940,38
7145,The Whispered World,Mac,13,NULL,60.0000,3,77.1940,38
7145,The Whispered World,iOS,13,NULL,60.0000,3,77.1940,38
892,King's Quest: Quest for the Crown,PC (Microsoft Windows),6,NULL,NULL,NULL,70.3302,25
892,King's Quest: Quest for the Crown,Mac,6,NULL,NULL,NULL,70.3302,25
3235,Blur,PC (Microsoft Windows),29,NULL,79.4000,8,76.3164,99
7892,Guardians of Middle-earth,PC (Microsoft Windows),2,NULL,73.3750,11,32.9358,7
25623,Monster Hunter Generations Ultimate,Nintendo Switch,7,NULL,80.1667,8,81.9255,30
7518,Shank,Linux,30,NULL,67.8571,8,73.0026,85
7518,Shank,PC (Microsoft Windows),30,NULL,67.8571,8,73.0026,85
7518,Shank,Mac,30,NULL,67.8571,8,73.0026,85
2908,Leisure Suit Larry III: Passionate Patti in Pursuit of the Pulsating Pectoral,Linux,5,NULL,NULL,NULL,64.6887,21
2908,Leisure Suit Larry III: Passionate Patti in Pursuit of the Pulsating Pectoral,PC (Microsoft Windows),5,NULL,NULL,NULL,64.6887,21
9623,Shank 2,Linux,12,NULL,74.7500,6,77.0699,34
9623,Shank 2,PC (Microsoft Windows),12,NULL,74.7500,6,77.0699,34
9623,Shank 2,Mac,12,NULL,74.7500,6,77.0699,34
11247,Duck Game,PC (Microsoft Windows),15,NULL,83.2500,4,85.2174,74
11247,Duck Game,PlayStation 4,15,NULL,83.2500,4,85.2174,74
11247,Duck Game,Nintendo Switch,15,NULL,83.2500,4,85.2174,74
126459,Valorant,PC (Microsoft Windows),115,30,78.3333,7,73.8183,237
15997,Nancy Drew: Last Train to Blue Moon Canyon,PC (Microsoft Windows),1,NULL,NULL,NULL,70.1997,11
18239,Plug & Play,Linux,2,NULL,60.0000,1,75.7799,21
18239,Plug & Play,PC (Microsoft Windows),2,NULL,60.0000,1,75.7799,21
18239,Plug & Play,Mac,2,NULL,60.0000,1,75.7799,21
18239,Plug & Play,Android,2,NULL,60.0000,1,75.7799,21
18239,Plug & Play,iOS,2,NULL,60.0000,1,75.7799,21
1959,Alone in the Dark 3,PC (Microsoft Windows),7,NULL,NULL,NULL,73.2338,12
1959,Alone in the Dark 3,Mac,7,NULL,NULL,NULL,73.2338,12
6879,Space Hulk: Deathwing,PC (Microsoft Windows),21,15,59.8889,11,59.7875,5
6879,Space Hulk: Deathwing,PlayStation 4,21,15,59.8889,11,59.7875,5
6879,Space Hulk: Deathwing,Xbox One,21,15,59.8889,11,59.7875,5
7223,Two Worlds II,Linux,16,NULL,68.6667,9,72.2163,36
7223,Two Worlds II,PC (Microsoft Windows),16,NULL,68.6667,9,72.2163,36
7223,Two Worlds II,Mac,16,NULL,68.6667,9,72.2163,36
13179,The Misadventures of P.B. Winterbottom,PC (Microsoft Windows),6,NULL,81.3333,4,70.6819,15
211,Armed and Dangerous,PC (Microsoft Windows),9,NULL,82.5000,2,76.1775,16
15454,Ys VI: The Ark of Napishtim,PC (Microsoft Windows),8,NULL,71.7500,9,79.9399,27
680,Enemy Territory: Quake Wars,Linux,5,NULL,81.0000,7,63.3066,16
680,Enemy Territory: Quake Wars,PC (Microsoft Windows),5,NULL,81.0000,7,63.3066,16
680,Enemy Territory: Quake Wars,Mac,5,NULL,81.0000,7,63.3066,16
394,Final Fantasy Tactics: The War of the Lions,Android,21,NULL,NULL,NULL,89.7500,45
394,Final Fantasy Tactics: The War of the Lions,iOS,21,NULL,NULL,NULL,89.7500,45
117820,Transport Fever 2,Linux,6,3,72.0000,2,79.7757,11
117820,Transport Fever 2,PC (Microsoft Windows),6,3,72.0000,2,79.7757,11
117820,Transport Fever 2,Mac,6,3,72.0000,2,79.7757,11
5151,Shaun White Skateboarding,PC (Microsoft Windows),3,NULL,51.1667,9,69.5567,11
508,TrackMania 2: Canyon,PC (Microsoft Windows),5,NULL,81.5000,3,63.7105,13
74837,Universal Paperclips,Android,1,NULL,NULL,NULL,80.3137,12
74837,Universal Paperclips,iOS,1,NULL,NULL,NULL,80.3137,12
74837,Universal Paperclips,Web browser,1,NULL,NULL,NULL,80.3137,12
8584,Fistful of Frags,Linux,8,NULL,NULL,NULL,85.2251,33
8584,Fistful of Frags,PC (Microsoft Windows),8,NULL,NULL,NULL,85.2251,33
8584,Fistful of Frags,Mac,8,NULL,NULL,NULL,85.2251,33
4111,Test Drive 6,PC (Microsoft Windows),4,NULL,NULL,NULL,63.6876,12
11240,Joe Danger,PC (Microsoft Windows),5,NULL,80.0000,3,83.0689,11
11240,Joe Danger,iOS,5,NULL,80.0000,3,83.0689,11
107187,Inmost,PC (Microsoft Windows),1,6,80.0000,1,75.8768,30
107187,Inmost,Mac,1,6,80.0000,1,75.8768,30
107187,Inmost,iOS,1,6,80.0000,1,75.8768,30
107187,Inmost,Nintendo Switch,1,6,80.0000,1,75.8768,30
9986,Art of Murder: FBI Confidential,PC (Microsoft Windows),4,1,49.0000,2,67.5532,12
72327,Streets of Rage Remake,PC (Microsoft Windows),1,1,NULL,NULL,97.6036,12
122646,People Playground,PC (Microsoft Windows),1,NULL,NULL,NULL,70.1085,13
212878,Omega Strikers,PC (Microsoft Windows),3,NULL,90.0000,1,69.8275,12
212878,Omega Strikers,Android,3,NULL,90.0000,1,69.8275,12
212878,Omega Strikers,iOS,3,NULL,90.0000,1,69.8275,12
212878,Omega Strikers,PlayStation 4,3,NULL,90.0000,1,69.8275,12
212878,Omega Strikers,Xbox One,3,NULL,90.0000,1,69.8275,12
212878,Omega Strikers,Nintendo Switch,3,NULL,90.0000,1,69.8275,12
212878,Omega Strikers,PlayStation 5,3,NULL,90.0000,1,69.8275,12
2599,Game Dev Tycoon,Linux,56,NULL,80.0000,2,75.3431,268
2599,Game Dev Tycoon,PC (Microsoft Windows),56,NULL,80.0000,2,75.3431,268
2599,Game Dev Tycoon,Mac,56,NULL,80.0000,2,75.3431,268
2599,Game Dev Tycoon,Android,56,NULL,80.0000,2,75.3431,268
2599,Game Dev Tycoon,iOS,56,NULL,80.0000,2,75.3431,268
2599,Game Dev Tycoon,Nintendo Switch,56,NULL,80.0000,2,75.3431,268
21344,Jenny LeClue: Detectivu,Linux,4,2,80.0000,1,84.5897,16
21344,Jenny LeClue: Detectivu,PC (Microsoft Windows),4,2,80.0000,1,84.5897,16
21344,Jenny LeClue: Detectivu,Mac,4,2,80.0000,1,84.5897,16
21344,Jenny LeClue: Detectivu,iOS,4,2,80.0000,1,84.5897,16
21344,Jenny LeClue: Detectivu,PlayStation 4,4,2,80.0000,1,84.5897,16
21344,Jenny LeClue: Detectivu,Nintendo Switch,4,2,80.0000,1,84.5897,16
11736,Mountain,Linux,6,NULL,NULL,NULL,46.0121,21
11736,Mountain,PC (Microsoft Windows),6,NULL,NULL,NULL,46.0121,21
11736,Mountain,Mac,6,NULL,NULL,NULL,46.0121,21
11736,Mountain,iOS,6,NULL,NULL,NULL,46.0121,21
27092,GreedFall,PC (Microsoft Windows),75,79,70.6364,13,75.3135,128
27092,GreedFall,PlayStation 4,75,79,70.6364,13,75.3135,128
27092,GreedFall,Xbox One,75,79,70.6364,13,75.3135,128
27092,GreedFall,PlayStation 5,75,79,70.6364,13,75.3135,128
6258,The Guild 2,Linux,9,NULL,68.0000,2,79.6878,22
6258,The Guild 2,PC (Microsoft Windows),9,NULL,68.0000,2,79.6878,22
54842,Biomutant,PC (Microsoft Windows),103,180,74.2941,21,56.8766,43
54842,Biomutant,PlayStation 4,103,180,74.2941,21,56.8766,43
54842,Biomutant,Xbox One,103,180,74.2941,21,56.8766,43
54842,Biomutant,Nintendo Switch,103,180,74.2941,21,56.8766,43
54842,Biomutant,PlayStation 5,103,180,74.2941,21,56.8766,43
2352,Bloodline Champions,PC (Microsoft Windows),3,NULL,74.0000,3,84.9015,15
2352,Bloodline Champions,Mac,3,NULL,74.0000,3,84.9015,15
26834,Utawarerumono: Mask of Truth,PC (Microsoft Windows),1,NULL,76.8750,9,90.0517,26
26834,Utawarerumono: Mask of Truth,PlayStation 4,1,NULL,76.8750,9,90.0517,26
13101,Shatter,Linux,4,NULL,85.6000,6,75.5382,14
13101,Shatter,PC (Microsoft Windows),4,NULL,85.6000,6,75.5382,14
13101,Shatter,Mac,4,NULL,85.6000,6,75.5382,14
22426,RapeLay,PC (Microsoft Windows),42,NULL,NULL,NULL,69.3943,11
19341,Diep.io,iOS,10,NULL,NULL,NULL,70.0358,11
19341,Diep.io,Web browser,10,NULL,NULL,NULL,70.0358,11
41047,Gorn,PC (Microsoft Windows),2,NULL,73.4000,5,79.5678,14
41047,Gorn,PlayStation 4,2,NULL,73.4000,5,79.5678,14
8482,Lure of the Temptress,Linux,9,NULL,NULL,NULL,74.6091,11
8482,Lure of the Temptress,PC (Microsoft Windows),9,NULL,NULL,NULL,74.6091,11
8482,Lure of the Temptress,Mac,9,NULL,NULL,NULL,74.6091,11
6147,Mercenary Kings,PC (Microsoft Windows),9,NULL,75.0000,5,69.2887,20
6147,Mercenary Kings,Mac,9,NULL,75.0000,5,69.2887,20
6147,Mercenary Kings,PlayStation 4,9,NULL,75.0000,5,69.2887,20
6147,Mercenary Kings,Xbox One,9,NULL,75.0000,5,69.2887,20
28955,SimCity 3000 Unlimited,Linux,3,NULL,NULL,NULL,85.7917,14
28955,SimCity 3000 Unlimited,PC (Microsoft Windows),3,NULL,NULL,NULL,85.7917,14
6852,Renegade,Nintendo Switch,NULL,NULL,39.0000,0,60.4030,18
10662,Disney's Tarzan,PC (Microsoft Windows),29,NULL,NULL,NULL,70.1164,97
19245,Batman: Return to Arkham,PlayStation 4,28,8,76.9000,10,81.8687,37
19245,Batman: Return to Arkham,Xbox One,28,8,76.9000,10,81.8687,37
5525,Populous: The Beginning,PC (Microsoft Windows),11,1,NULL,NULL,74.9869,28
18857,Ruiner,Linux,52,13,76.1667,15,77.8934,96
18857,Ruiner,PC (Microsoft Windows),52,13,76.1667,15,77.8934,96
18857,Ruiner,Mac,52,13,76.1667,15,77.8934,96
18857,Ruiner,PlayStation 4,52,13,76.1667,15,77.8934,96
18857,Ruiner,Xbox One,52,13,76.1667,15,77.8934,96
18857,Ruiner,Nintendo Switch,52,13,76.1667,15,77.8934,96
2902,Dead Island: Epidemic,PC (Microsoft Windows),4,1,NULL,NULL,40.7680,11
5736,Bad Boys: Miami Takedown,PC (Microsoft Windows),4,NULL,51.0000,3,50.1388,11
126489,WorldBox: God Simulator,Linux,18,1,NULL,NULL,82.9543,32
126489,WorldBox: God Simulator,PC (Microsoft Windows),18,1,NULL,NULL,82.9543,32
126489,WorldBox: God Simulator,Android,18,1,NULL,NULL,82.9543,32
126489,WorldBox: God Simulator,iOS,18,1,NULL,NULL,82.9543,32
122611,Terminator: Resistance,PC (Microsoft Windows),27,3,51.2500,4,68.3710,34
122611,Terminator: Resistance,PlayStation 4,27,3,51.2500,4,68.3710,34
122611,Terminator: Resistance,Xbox One,27,3,51.2500,4,68.3710,34
44158,Minecraft: Story Mode - Season Two,PC (Microsoft Windows),6,NULL,74.1000,2,68.4040,21
44158,Minecraft: Story Mode - Season Two,Mac,6,NULL,74.1000,2,68.4040,21
44158,Minecraft: Story Mode - Season Two,Android,6,NULL,74.1000,2,68.4040,21
44158,Minecraft: Story Mode - Season Two,iOS,6,NULL,74.1000,2,68.4040,21
44158,Minecraft: Story Mode - Season Two,PlayStation 4,6,NULL,74.1000,2,68.4040,21
44158,Minecraft: Story Mode - Season Two,Xbox One,6,NULL,74.1000,2,68.4040,21
44158,Minecraft: Story Mode - Season Two,Nintendo Switch,6,NULL,74.1000,2,68.4040,21
665,Death Rally,PC (Microsoft Windows),14,NULL,60.0000,1,77.0233,33
665,Death Rally,iOS,14,NULL,60.0000,1,77.0233,33
16779,Nightmares from the Deep: The Cursed Heart,Linux,3,NULL,75.0000,2,71.3849,16
16779,Nightmares from the Deep: The Cursed Heart,PC (Microsoft Windows),3,NULL,75.0000,2,71.3849,16
16779,Nightmares from the Deep: The Cursed Heart,Mac,3,NULL,75.0000,2,71.3849,16
16779,Nightmares from the Deep: The Cursed Heart,PlayStation 4,3,NULL,75.0000,2,71.3849,16
16779,Nightmares from the Deep: The Cursed Heart,Xbox One,3,NULL,75.0000,2,71.3849,16
8457,Beavis and Butt-head in Virtual Stupidity,PC (Microsoft Windows),NULL,NULL,78.0000,1,79.7227,11
3110,Postal III,PC (Microsoft Windows),2,NULL,10.0000,1,11.0766,12
74858,Hill Climb Racing 2,PC (Microsoft Windows),2,NULL,NULL,NULL,79.8474,15
74858,Hill Climb Racing 2,Android,2,NULL,NULL,NULL,79.8474,15
74858,Hill Climb Racing 2,iOS,2,NULL,NULL,NULL,79.8474,15
11185,Pro Evolution Soccer 2016,PC (Microsoft Windows),25,NULL,83.8571,9,70.4777,69
11185,Pro Evolution Soccer 2016,PlayStation 4,25,NULL,83.8571,9,70.4777,69
11185,Pro Evolution Soccer 2016,Xbox One,25,NULL,83.8571,9,70.4777,69
7137,Pure,PC (Microsoft Windows),12,NULL,80.0000,5,78.1708,33
541,Ridge Racer Unbounded,PC (Microsoft Windows),6,NULL,75.8000,10,64.8416,18
2284,Rock of Ages,PC (Microsoft Windows),6,NULL,74.6000,7,75.7574,38
9642,MLB 14: The Show,PlayStation 4,3,NULL,82.5000,15,79.9900,6
2006,Magicka: Wizard Wars,PC (Microsoft Windows),5,1,68.0000,3,72.4118,12
1381,Payday: The Heist,PC (Microsoft Windows),38,NULL,72.5000,4,70.2397,117
502,Brink,PC (Microsoft Windows),18,NULL,73.3750,12,42.8594,60
17994,Hard Reset: Redux,PC (Microsoft Windows),5,NULL,72.0000,5,60.1085,14
17994,Hard Reset: Redux,PlayStation 4,5,NULL,72.0000,5,60.1085,14
17994,Hard Reset: Redux,Xbox One,5,NULL,72.0000,5,60.1085,14
36977,Deep Space Waifu,PC (Microsoft Windows),4,NULL,NULL,NULL,58.0091,11
204543,The Entropy Centre,PC (Microsoft Windows),2,7,84.0000,4,76.3554,13
204543,The Entropy Centre,PlayStation 4,2,7,84.0000,4,76.3554,13
204543,The Entropy Centre,Xbox One,2,7,84.0000,4,76.3554,13
204543,The Entropy Centre,Nintendo Switch,2,7,84.0000,4,76.3554,13
204543,The Entropy Centre,PlayStation 5,2,7,84.0000,4,76.3554,13
5969,Rochard,Linux,4,NULL,73.7500,5,64.4257,24
5969,Rochard,PC (Microsoft Windows),4,NULL,73.7500,5,64.4257,24
5969,Rochard,Mac,4,NULL,73.7500,5,64.4257,24
5969,Rochard,Android,4,NULL,73.7500,5,64.4257,24
450,Operation Flashpoint: Red River,PC (Microsoft Windows),12,NULL,65.2500,6,69.3473,19
3183,Sanctum,PC (Microsoft Windows),9,NULL,70.0000,1,60.2857,28
3183,Sanctum,Mac,9,NULL,70.0000,1,60.2857,28
13142,Fingerbones,PC (Microsoft Windows),1,NULL,NULL,NULL,59.9719,12
3778,FlatOut 3: Chaos & Destruction,PC (Microsoft Windows),1,NULL,10.0000,1,10.2776,15
21737,Pac-Man: Championship Edition DX,Android,4,NULL,98.0000,3,92.4777,23
21737,Pac-Man: Championship Edition DX,iOS,4,NULL,98.0000,3,92.4777,23
3119,Metin2,PC (Microsoft Windows),8,NULL,NULL,NULL,64.8744,46
19550,Just Dance 2017,PC (Microsoft Windows),15,3,70.7143,9,76.7380,25
19550,Just Dance 2017,PlayStation 4,15,3,70.7143,9,76.7380,25
19550,Just Dance 2017,Xbox One,15,3,70.7143,9,76.7380,25
19550,Just Dance 2017,Nintendo Switch,15,3,70.7143,9,76.7380,25
8141,Receiver,Linux,8,NULL,NULL,NULL,67.5620,12
8141,Receiver,PC (Microsoft Windows),8,NULL,NULL,NULL,67.5620,12
8141,Receiver,Mac,8,NULL,NULL,NULL,67.5620,12
28006,Ash of Gods: Redemption,Linux,8,2,70.0000,2,63.0422,16
28006,Ash of Gods: Redemption,PC (Microsoft Windows),8,2,70.0000,2,63.0422,16
28006,Ash of Gods: Redemption,Mac,8,2,70.0000,2,63.0422,16
28006,Ash of Gods: Redemption,PlayStation 4,8,2,70.0000,2,63.0422,16
28006,Ash of Gods: Redemption,Xbox One,8,2,70.0000,2,63.0422,16
28006,Ash of Gods: Redemption,Nintendo Switch,8,2,70.0000,2,63.0422,16
5257,Virtua Tennis 2009,PC (Microsoft Windows),5,NULL,75.0000,5,60.6888,16
5257,Virtua Tennis 2009,iOS,5,NULL,75.0000,5,60.6888,16
11643,Shoot Many Robots,PC (Microsoft Windows),NULL,NULL,75.4000,5,75.3674,11
11643,Shoot Many Robots,Android,NULL,NULL,75.4000,5,75.3674,11
37034,The Elder Scrolls V: Skyrim,Nintendo Switch,11,NULL,84.4000,12,89.8992,27
19746,Rez Infinite,PC (Microsoft Windows),13,3,91.5000,13,73.5921,22
19746,Rez Infinite,Android,13,3,91.5000,13,73.5921,22
19746,Rez Infinite,PlayStation 4,13,3,91.5000,13,73.5921,22
19746,Rez Infinite,PlayStation 5,13,3,91.5000,13,73.5921,22
26801,Guilty Gear Xrd: Rev 2,PC (Microsoft Windows),5,1,91.6667,3,79.0735,19
26801,Guilty Gear Xrd: Rev 2,PlayStation 4,5,1,91.6667,3,79.0735,19
3276,Z: Steel Soldiers,PC (Microsoft Windows),2,NULL,70.0000,1,84.8267,11
8747,Perfect World,PC (Microsoft Windows),6,NULL,NULL,NULL,60.6747,34
2957,Knack,PlayStation 4,21,1,60.2727,13,61.9538,68
6451,ArcheAge,PC (Microsoft Windows),12,3,94.0000,3,76.3628,41
15695,Hardware: Rivals,PlayStation 4,6,NULL,53.2000,6,59.7959,19
15430,The King of Fighters '99: Millennium Battle,Nintendo Switch,6,NULL,NULL,NULL,76.9989,34
103283,The Awesome Adventures of Captain Spirit,PC (Microsoft Windows),35,6,81.2857,9,76.2203,142
103283,The Awesome Adventures of Captain Spirit,PlayStation 4,35,6,81.2857,9,76.2203,142
103283,The Awesome Adventures of Captain Spirit,Xbox One,35,6,81.2857,9,76.2203,142
940,Wing Commander II: Vengeance of the Kilrathi,PC (Microsoft Windows),3,NULL,NULL,NULL,74.2015,14
940,Wing Commander II: Vengeance of the Kilrathi,Mac,3,NULL,NULL,NULL,74.2015,14
34392,Disgaea PC,PC (Microsoft Windows),6,NULL,NULL,NULL,82.2590,13
15707,Clash Royale,Android,38,NULL,NULL,NULL,76.4397,109
15707,Clash Royale,iOS,38,NULL,NULL,NULL,76.4397,109
133416,Cube Escape Collection,PC (Microsoft Windows),NULL,NULL,NULL,NULL,90.3991,14
133416,Cube Escape Collection,Mac,NULL,NULL,NULL,NULL,90.3991,14
133416,Cube Escape Collection,Android,NULL,NULL,NULL,NULL,90.3991,14
133416,Cube Escape Collection,iOS,NULL,NULL,NULL,NULL,90.3991,14
7833,Gorky 17,Linux,5,1,80.0000,1,79.9896,17
7833,Gorky 17,PC (Microsoft Windows),5,1,80.0000,1,79.9896,17
7833,Gorky 17,Mac,5,1,80.0000,1,79.9896,17
33720,Blood & Bacon,PC (Microsoft Windows),1,NULL,NULL,NULL,59.8003,22
8769,Drakensang: The River of Time,PC (Microsoft Windows),11,NULL,NULL,NULL,77.0808,18
165347,Marvel's Midnight Suns,PC (Microsoft Windows),5,7,85.5000,11,74.0324,15
165347,Marvel's Midnight Suns,PlayStation 4,5,7,85.5000,11,74.0324,15
165347,Marvel's Midnight Suns,Xbox One,5,7,85.5000,11,74.0324,15
165347,Marvel's Midnight Suns,Nintendo Switch,5,7,85.5000,11,74.0324,15
165347,Marvel's Midnight Suns,PlayStation 5,5,7,85.5000,11,74.0324,15
1868,Killzone: Liberation,PlayStation 4,3,NULL,80.0000,3,69.7879,20
1868,Killzone: Liberation,PlayStation 5,3,NULL,80.0000,3,69.7879,20
7477,Valkyria Chronicles,PC (Microsoft Windows),38,NULL,90.1250,9,86.8712,111
26845,Fire Emblem: Three Houses,Nintendo Switch,61,19,92.7778,14,86.2124,218
5178,Spider-Man 3,PC (Microsoft Windows),24,NULL,58.6667,9,62.6274,105
4755,The Amazing Spider-Man 2,PC (Microsoft Windows),22,1,52.2857,14,59.2155,71
4755,The Amazing Spider-Man 2,PlayStation 4,22,1,52.2857,14,59.2155,71
4755,The Amazing Spider-Man 2,Xbox One,22,1,52.2857,14,59.2155,71
1376,The Amazing Spider-Man,PC (Microsoft Windows),23,NULL,65.3000,7,65.6447,83
370,Heroes of Might and Magic V,PC (Microsoft Windows),40,NULL,81.6667,3,78.3674,204
370,Heroes of Might and Magic V,Mac,40,NULL,81.6667,3,78.3674,204
11134,Gigantic,PC (Microsoft Windows),8,1,76.5000,6,69.9555,11
11134,Gigantic,Xbox One,8,1,76.5000,6,69.9555,11
8260,King's Quest,PC (Microsoft Windows),10,NULL,71.4762,3,81.4172,28
8260,King's Quest,PlayStation 4,10,NULL,71.4762,3,81.4172,28
8260,King's Quest,Xbox One,10,NULL,71.4762,3,81.4172,28
10160,Heat Signature,PC (Microsoft Windows),6,1,80.0000,6,77.2005,18
7644,Blood,PC (Microsoft Windows),27,NULL,NULL,NULL,80.9563,69
7600,Alienation,PlayStation 4,13,2,73.1250,10,77.4724,28
25160,Star Trek: The Video Game,PC (Microsoft Windows),NULL,NULL,37.0000,12,NULL,NULL
7215,Test Drive Unlimited,PC (Microsoft Windows),28,NULL,80.5000,7,76.7394,81
13157,Allods Online,PC (Microsoft Windows),2,NULL,NULL,NULL,72.2095,19
2971,Lineage II,PC (Microsoft Windows),18,NULL,80.0000,1,75.0013,52
1644,James Bond 007: Everything or Nothing,PC (Microsoft Windows),11,NULL,79.8000,6,76.6246,33
1644,James Bond 007: Everything or Nothing,PlayStation 4,11,NULL,79.8000,6,76.6246,33
1343,The World Ends with You,Android,35,NULL,91.0000,5,76.9156,86
563,Aion,PC (Microsoft Windows),8,NULL,80.0000,3,68.8686,38
15925,"That Dragon, Cancer",Linux,8,NULL,77.5000,7,75.1299,27
15925,"That Dragon, Cancer",PC (Microsoft Windows),8,NULL,77.5000,7,75.1299,27
15925,"That Dragon, Cancer",Mac,8,NULL,77.5000,7,75.1299,27
15925,"That Dragon, Cancer",Android,8,NULL,77.5000,7,75.1299,27
15925,"That Dragon, Cancer",iOS,8,NULL,77.5000,7,75.1299,27
8204,iRacing,PC (Microsoft Windows),5,NULL,NULL,NULL,87.7951,13
2988,Prototype 2,PC (Microsoft Windows),55,NULL,77.1000,12,70.0372,180
2988,Prototype 2,PlayStation 4,55,NULL,77.1000,12,70.0372,180
2988,Prototype 2,Xbox One,55,NULL,77.1000,12,70.0372,180
20880,Castle Crashers Remastered,PlayStation 4,6,NULL,80.0000,3,85.9686,11
20880,Castle Crashers Remastered,Xbox One,6,NULL,80.0000,3,85.9686,11
20880,Castle Crashers Remastered,Nintendo Switch,6,NULL,80.0000,3,85.9686,11
4228,Sid Meier's Civilization IV: Colonization,PC (Microsoft Windows),8,NULL,77.3333,4,70.4205,30
4228,Sid Meier's Civilization IV: Colonization,Mac,8,NULL,77.3333,4,70.4205,30
24413,Micro Machines V3,PC (Microsoft Windows),4,NULL,NULL,NULL,88.5797,17
187715,The Closing Shift,PC (Microsoft Windows),NULL,NULL,NULL,NULL,72.5130,25
21349,Assassin's Creed: Altair's Chronicles,iOS,5,NULL,60.0000,2,60.8283,23
276,Supreme Commander,PC (Microsoft Windows),20,NULL,76.2500,5,76.8105,48
3601,Space Invaders,iOS,23,NULL,NULL,NULL,78.2727,143
191396,Fire Emblem Warriors: Three Hopes,Nintendo Switch,NULL,NULL,80.0000,9,79.9621,21
124036,PUBG Lite,PC (Microsoft Windows),7,1,NULL,NULL,69.0106,14
13140,The Sims Castaway Stories,PC (Microsoft Windows),7,NULL,65.0000,2,63.3615,19
13140,The Sims Castaway Stories,Mac,7,NULL,65.0000,2,63.3615,19
19453,Agony,PC (Microsoft Windows),44,22,39.2857,8,50.0683,16
19453,Agony,PlayStation 4,44,22,39.2857,8,50.0683,16
19453,Agony,Xbox One,44,22,39.2857,8,50.0683,16
19453,Agony,Nintendo Switch,44,22,39.2857,8,50.0683,16
12443,Magic: The Gathering,PC (Microsoft Windows),6,NULL,NULL,NULL,89.7985,18
112875,God of War Ragnarök,PlayStation 4,42,77,95.7500,12,93.7065,253
112875,God of War Ragnarök,PlayStation 5,42,77,95.7500,12,93.7065,253
114392,A Dance of Fire and Ice,Linux,1,NULL,NULL,NULL,82.0868,13
114392,A Dance of Fire and Ice,PC (Microsoft Windows),1,NULL,NULL,NULL,82.0868,13
114392,A Dance of Fire and Ice,Mac,1,NULL,NULL,NULL,82.0868,13
114392,A Dance of Fire and Ice,Android,1,NULL,NULL,NULL,82.0868,13
114392,A Dance of Fire and Ice,iOS,1,NULL,NULL,NULL,82.0868,13
9039,Blackwell Convergence,Linux,9,NULL,NULL,NULL,83.6381,42
9039,Blackwell Convergence,PC (Microsoft Windows),9,NULL,NULL,NULL,83.6381,42
9039,Blackwell Convergence,Mac,9,NULL,NULL,NULL,83.6381,42
26431,Enlisted,PC (Microsoft Windows),3,4,NULL,NULL,67.2776,14
26431,Enlisted,PlayStation 4,3,4,NULL,NULL,67.2776,14
26431,Enlisted,Xbox One,3,4,NULL,NULL,67.2776,14
26431,Enlisted,PlayStation 5,3,4,NULL,NULL,67.2776,14
16072,Emerald City Confidential,PC (Microsoft Windows),3,NULL,NULL,NULL,79.2746,11
119133,Elden Ring,PC (Microsoft Windows),118,96,96.9000,14,95.7949,640
119133,Elden Ring,PlayStation 4,118,96,96.9000,14,95.7949,640
119133,Elden Ring,Xbox One,118,96,96.9000,14,95.7949,640
119133,Elden Ring,PlayStation 5,118,96,96.9000,14,95.7949,640
2290,Pokémon Stadium 2,Nintendo Switch,34,NULL,60.0000,1,76.0265,134
8852,Master Levels for Doom II,Linux,5,NULL,NULL,NULL,70.1871,15
8852,Master Levels for Doom II,PC (Microsoft Windows),5,NULL,NULL,NULL,70.1871,15
17696,Magic Duels,PC (Microsoft Windows),5,NULL,70.0000,1,80.5539,19
17696,Magic Duels,iOS,5,NULL,70.0000,1,80.5539,19
17696,Magic Duels,Xbox One,5,NULL,70.0000,1,80.5539,19
1021,Aliens: Colonial Marines,PC (Microsoft Windows),19,NULL,45.0000,16,47.4553,79
35289,No Time to Explain: Remastered,Linux,4,NULL,NULL,NULL,59.2471,16
35289,No Time to Explain: Remastered,PC (Microsoft Windows),4,NULL,NULL,NULL,59.2471,16
35289,No Time to Explain: Remastered,Mac,4,NULL,NULL,NULL,59.2471,16
35289,No Time to Explain: Remastered,PlayStation 4,4,NULL,NULL,NULL,59.2471,16
35289,No Time to Explain: Remastered,Xbox One,4,NULL,NULL,NULL,59.2471,16
532,Hard Reset,PC (Microsoft Windows),17,NULL,69.5000,5,68.1815,45
4593,The Legend of Kage,PlayStation 4,2,NULL,NULL,NULL,68.3301,16
9139,Ibb & Obb,Linux,8,NULL,79.0000,5,71.0374,22
9139,Ibb & Obb,PC (Microsoft Windows),8,NULL,79.0000,5,71.0374,22
9139,Ibb & Obb,Nintendo Switch,8,NULL,79.0000,5,71.0374,22
15823,Where the Water Tastes Like Wine,Linux,15,3,70.3333,12,66.5864,14
15823,Where the Water Tastes Like Wine,PC (Microsoft Windows),15,3,70.3333,12,66.5864,14
15823,Where the Water Tastes Like Wine,Mac,15,3,70.3333,12,66.5864,14
15823,Where the Water Tastes Like Wine,PlayStation 4,15,3,70.3333,12,66.5864,14
15823,Where the Water Tastes Like Wine,Xbox One,15,3,70.3333,12,66.5864,14
15823,Where the Water Tastes Like Wine,Nintendo Switch,15,3,70.3333,12,66.5864,14
18166,Rising Storm 2: Vietnam,PC (Microsoft Windows),17,4,72.5000,3,70.1469,28
10199,The Path,PC (Microsoft Windows),8,NULL,80.0000,2,66.9959,20
10199,The Path,Mac,8,NULL,80.0000,2,66.9959,20
1163,Tomb Raider: Underworld,PC (Microsoft Windows),60,NULL,72.2500,6,74.4465,201
1163,Tomb Raider: Underworld,Mac,60,NULL,72.2500,6,74.4465,201
1163,Tomb Raider: Underworld,Web browser,60,NULL,72.2500,6,74.4465,201
272,Unreal Tournament,Linux,79,NULL,100.0000,1,85.3529,217
272,Unreal Tournament,PC (Microsoft Windows),79,NULL,100.0000,1,85.3529,217
272,Unreal Tournament,Mac,79,NULL,100.0000,1,85.3529,217
16000,Nancy Drew: Secret of the Old Clock,PC (Microsoft Windows),1,NULL,80.0000,1,79.7557,11
7346,The Legend of Zelda: Breath of the Wild,Nintendo Switch,705,142,97.5926,31,92.7344,1973
16365,Angry Birds Space,PC (Microsoft Windows),5,NULL,80.0000,2,77.9527,48
16365,Angry Birds Space,Mac,5,NULL,80.0000,2,77.9527,48
16365,Angry Birds Space,Android,5,NULL,80.0000,2,77.9527,48
16365,Angry Birds Space,iOS,5,NULL,80.0000,2,77.9527,48
16365,Angry Birds Space,PlayStation 4,5,NULL,80.0000,2,77.9527,48
546,Prey,Linux,39,NULL,76.7500,6,75.2427,157
546,Prey,PC (Microsoft Windows),39,NULL,76.7500,6,75.2427,157
546,Prey,Mac,39,NULL,76.7500,6,75.2427,157
25230,Plants vs. Zombies: Heroes,Android,3,NULL,85.0000,1,69.9138,14
25230,Plants vs. Zombies: Heroes,iOS,3,NULL,85.0000,1,69.9138,14
11328,Shadow Complex,PC (Microsoft Windows),21,NULL,85.0000,7,85.7462,43
11328,Shadow Complex,PlayStation 4,21,NULL,85.0000,7,85.7462,43
11328,Shadow Complex,Xbox One,21,NULL,85.0000,7,85.7462,43
1059,Kingdoms of Amalur: Reckoning,PC (Microsoft Windows),50,NULL,78.6364,13,76.4718,162
3802,Risen 2: Dark Waters,PC (Microsoft Windows),26,NULL,63.6667,7,71.2875,81
4083,Red Faction II,PC (Microsoft Windows),18,NULL,80.5000,4,68.1999,49
4083,Red Faction II,PlayStation 4,18,NULL,80.5000,4,68.1999,49
9634,Endless Space,PC (Microsoft Windows),17,NULL,75.0000,3,73.1537,41
8146,Closure,Linux,4,NULL,80.0000,2,72.9380,12
8146,Closure,PC (Microsoft Windows),4,NULL,80.0000,2,72.9380,12
8146,Closure,Mac,4,NULL,80.0000,2,72.9380,12
9141,Guilty Gear X,PC (Microsoft Windows),2,NULL,NULL,NULL,81.2082,23
1921,Black & White 2,PC (Microsoft Windows),22,NULL,73.3333,3,75.9085,56
1921,Black & White 2,Mac,22,NULL,73.3333,3,75.9085,56
81141,Post Scriptum,PC (Microsoft Windows),11,NULL,60.0000,1,89.8027,11
26758,Super Mario Odyssey,Nintendo Switch,369,88,96.7059,19,89.5443,1257
3126,Ultima Online,PC (Microsoft Windows),7,NULL,67.0000,1,95.9040,36
119,Mortal Kombat,PC (Microsoft Windows),89,NULL,84.8333,9,81.8754,340
7344,Ori and the Blind Forest,PC (Microsoft Windows),320,3,88.2857,17,87.4012,1094
7344,Ori and the Blind Forest,Xbox One,320,3,88.2857,17,87.4012,1094
7344,Ori and the Blind Forest,Nintendo Switch,320,3,88.2857,17,87.4012,1094
2959,Anno 2070,PC (Microsoft Windows),31,NULL,75.0000,1,75.3639,80
23921,Dragon Nest,PC (Microsoft Windows),3,NULL,NULL,NULL,79.1076,16
9320,X3: Terran Conflict,PC (Microsoft Windows),8,NULL,90.0000,1,65.3273,13
96032,Honkai Impact 3rd,PC (Microsoft Windows),6,NULL,NULL,NULL,71.4504,23
96032,Honkai Impact 3rd,Android,6,NULL,NULL,NULL,71.4504,23
96032,Honkai Impact 3rd,iOS,6,NULL,NULL,NULL,71.4504,23
142314,Cloud Climber,PC (Microsoft Windows),1,NULL,NULL,NULL,76.3669,11
36846,The End Is Nigh,Linux,17,2,74.3333,5,84.6007,37
36846,The End Is Nigh,PC (Microsoft Windows),17,2,74.3333,5,84.6007,37
36846,The End Is Nigh,Mac,17,2,74.3333,5,84.6007,37
36846,The End Is Nigh,PlayStation 4,17,2,74.3333,5,84.6007,37
36846,The End Is Nigh,Nintendo Switch,17,2,74.3333,5,84.6007,37
237,SimCity 3000,Linux,48,NULL,85.0000,1,81.5852,131
237,SimCity 3000,PC (Microsoft Windows),48,NULL,85.0000,1,81.5852,131
237,SimCity 3000,Mac,48,NULL,85.0000,1,81.5852,131
10260,Motocross Madness,PC (Microsoft Windows),2,NULL,NULL,NULL,78.9978,17
5589,Clash of Clans,Android,43,NULL,NULL,NULL,73.3070,134
5589,Clash of Clans,iOS,43,NULL,NULL,NULL,73.3070,134
489,Rift,Linux,9,NULL,83.7500,7,67.7551,39
489,Rift,PC (Microsoft Windows),9,NULL,83.7500,7,67.7551,39
12143,The Hitchhiker's Guide to the Galaxy,Mac,4,NULL,NULL,NULL,68.3694,11
5564,Viscera Cleanup Detail: Santa's Rampage,PC (Microsoft Windows),7,NULL,NULL,NULL,73.0511,13
5564,Viscera Cleanup Detail: Santa's Rampage,Android,7,NULL,NULL,NULL,73.0511,13
2482,The Godfather,PC (Microsoft Windows),37,NULL,80.0000,2,67.4461,120
6362,Heretic,PC (Microsoft Windows),10,1,NULL,NULL,79.6187,70
6362,Heretic,Mac,10,1,NULL,NULL,79.6187,70
9499,Farming Simulator 15,PC (Microsoft Windows),5,NULL,50.0000,7,71.2069,13
9499,Farming Simulator 15,Mac,5,NULL,50.0000,7,71.2069,13
9499,Farming Simulator 15,PlayStation 4,5,NULL,50.0000,7,71.2069,13
9499,Farming Simulator 15,Xbox One,5,NULL,50.0000,7,71.2069,13
26580,Sally Face,Linux,2,NULL,NULL,NULL,80.0000,29
26580,Sally Face,PC (Microsoft Windows),2,NULL,NULL,NULL,80.0000,29
26580,Sally Face,Mac,2,NULL,NULL,NULL,80.0000,29
26580,Sally Face,PlayStation 4,2,NULL,NULL,NULL,80.0000,29
26580,Sally Face,Xbox One,2,NULL,NULL,NULL,80.0000,29
26580,Sally Face,Nintendo Switch,2,NULL,NULL,NULL,80.0000,29
26580,Sally Face,PlayStation 5,2,NULL,NULL,NULL,80.0000,29
21713,Castlevania: Lords of Shadow - Ultimate Edition,PC (Microsoft Windows),9,NULL,84.0000,2,80.0885,13
8739,Monaco: What's Yours Is Mine,Linux,11,NULL,86.1111,10,69.7244,48
8739,Monaco: What's Yours Is Mine,PC (Microsoft Windows),11,NULL,86.1111,10,69.7244,48
8739,Monaco: What's Yours Is Mine,Mac,11,NULL,86.1111,10,69.7244,48
8739,Monaco: What's Yours Is Mine,Nintendo Switch,11,NULL,86.1111,10,69.7244,48
10253,Dungeons & Dragons: Shadow over Mystara,PC (Microsoft Windows),6,NULL,75.0000,2,81.0828,24
393,Final Fantasy III,PC (Microsoft Windows),22,NULL,63.7500,8,68.8819,106
393,Final Fantasy III,Android,22,NULL,63.7500,8,68.8819,106
393,Final Fantasy III,iOS,22,NULL,63.7500,8,68.8819,106
872,Sins of a Solar Empire,PC (Microsoft Windows),7,NULL,91.0000,4,82.4707,27
35371,Colony Survival,Linux,13,1,NULL,NULL,80.1971,11
35371,Colony Survival,PC (Microsoft Windows),13,1,NULL,NULL,80.1971,11
35371,Colony Survival,Mac,13,1,NULL,NULL,80.1971,11
102321,LEGO DC Super-Villains,PC (Microsoft Windows),8,1,70.1111,11,76.8565,20
102321,LEGO DC Super-Villains,Mac,8,1,70.1111,11,76.8565,20
102321,LEGO DC Super-Villains,PlayStation 4,8,1,70.1111,11,76.8565,20
102321,LEGO DC Super-Villains,Xbox One,8,1,70.1111,11,76.8565,20
102321,LEGO DC Super-Villains,Nintendo Switch,8,1,70.1111,11,76.8565,20
7327,Valiant Hearts: The Great War,PC (Microsoft Windows),118,2,76.1111,11,81.8714,345
7327,Valiant Hearts: The Great War,iOS,118,2,76.1111,11,81.8714,345
7327,Valiant Hearts: The Great War,PlayStation 4,118,2,76.1111,11,81.8714,345
7327,Valiant Hearts: The Great War,Xbox One,118,2,76.1111,11,81.8714,345
7327,Valiant Hearts: The Great War,Nintendo Switch,118,2,76.1111,11,81.8714,345
7347,Spintires,PC (Microsoft Windows),16,1,NULL,NULL,73.6190,26
11536,Senran Kagura: Shinovi Versus,PC (Microsoft Windows),5,NULL,71.8750,11,70.5359,13
2029,Evoland,Linux,19,NULL,80.0000,3,67.7460,82
2029,Evoland,PC (Microsoft Windows),19,NULL,80.0000,3,67.7460,82
2029,Evoland,Mac,19,NULL,80.0000,3,67.7460,82
2029,Evoland,Android,19,NULL,80.0000,3,67.7460,82
2029,Evoland,iOS,19,NULL,80.0000,3,67.7460,82
661,Darwinia,Linux,2,NULL,81.5000,3,70.6243,14
661,Darwinia,PC (Microsoft Windows),2,NULL,81.5000,3,70.6243,14
661,Darwinia,Mac,2,NULL,81.5000,3,70.6243,14
1182,Castlevania: Lords of Shadow 2,PC (Microsoft Windows),35,1,63.2000,16,73.3268,101
103316,Trials Rising,PC (Microsoft Windows),16,9,76.9000,14,70.9881,33
103316,Trials Rising,PlayStation 4,16,9,76.9000,14,70.9881,33
103316,Trials Rising,Xbox One,16,9,76.9000,14,70.9881,33
103316,Trials Rising,Nintendo Switch,16,9,76.9000,14,70.9881,33
3641,World Cup 98,PC (Microsoft Windows),5,NULL,NULL,NULL,84.6937,27
126294,FIFA 2000: Major League Soccer,PC (Microsoft Windows),3,NULL,NULL,NULL,69.6572,31
583,2002 FIFA World Cup,PC (Microsoft Windows),7,NULL,67.0000,2,64.6867,39
19282,Lifeline,PC (Microsoft Windows),5,NULL,80.0000,3,72.1829,15
19282,Lifeline,Mac,5,NULL,80.0000,3,72.1829,15
19282,Lifeline,Android,5,NULL,80.0000,3,72.1829,15
19282,Lifeline,iOS,5,NULL,80.0000,3,72.1829,15
8709,Marathon,Mac,7,NULL,NULL,NULL,83.0219,12
8709,Marathon,iOS,7,NULL,NULL,NULL,83.0219,12
9041,Blackwell Unbound,Linux,11,NULL,NULL,NULL,77.6037,48
9041,Blackwell Unbound,PC (Microsoft Windows),11,NULL,NULL,NULL,77.6037,48
9041,Blackwell Unbound,Mac,11,NULL,NULL,NULL,77.6037,48
9041,Blackwell Unbound,Android,11,NULL,NULL,NULL,77.6037,48
9041,Blackwell Unbound,iOS,11,NULL,NULL,NULL,77.6037,48
19554,Steep,PC (Microsoft Windows),36,8,72.8947,22,81.0828,90
19554,Steep,PlayStation 4,36,8,72.8947,22,81.0828,90
19554,Steep,Xbox One,36,8,72.8947,22,81.0828,90
19554,Steep,Nintendo Switch,36,8,72.8947,22,81.0828,90
9035,Tormentum: Dark Sorrow,Linux,11,NULL,76.6667,3,88.5019,26
9035,Tormentum: Dark Sorrow,PC (Microsoft Windows),11,NULL,76.6667,3,88.5019,26
9035,Tormentum: Dark Sorrow,Mac,11,NULL,76.6667,3,88.5019,26
9035,Tormentum: Dark Sorrow,Android,11,NULL,76.6667,3,88.5019,26
9035,Tormentum: Dark Sorrow,iOS,11,NULL,76.6667,3,88.5019,26
1801,Sly Cooper: Thieves in Time,PlayStation 4,26,NULL,79.8333,16,79.0600,71
8702,Dreaming Sarah,Linux,3,NULL,NULL,NULL,56.6279,15
8702,Dreaming Sarah,PC (Microsoft Windows),3,NULL,NULL,NULL,56.6279,15
8702,Dreaming Sarah,PlayStation 4,3,NULL,NULL,NULL,56.6279,15
8702,Dreaming Sarah,Xbox One,3,NULL,NULL,NULL,56.6279,15
8702,Dreaming Sarah,Nintendo Switch,3,NULL,NULL,NULL,56.6279,15
8702,Dreaming Sarah,PlayStation 5,3,NULL,NULL,NULL,56.6279,15
5489,Game of Thrones,PC (Microsoft Windows),10,NULL,57.1429,7,64.2753,38
16612,Twelve Minutes,PC (Microsoft Windows),16,53,78.7500,11,65.9720,154
16612,Twelve Minutes,Android,16,53,78.7500,11,65.9720,154
16612,Twelve Minutes,iOS,16,53,78.7500,11,65.9720,154
16612,Twelve Minutes,PlayStation 4,16,53,78.7500,11,65.9720,154
16612,Twelve Minutes,Xbox One,16,53,78.7500,11,65.9720,154
16612,Twelve Minutes,Nintendo Switch,16,53,78.7500,11,65.9720,154
16612,Twelve Minutes,PlayStation 5,16,53,78.7500,11,65.9720,154
19464,NHL 17,PlayStation 4,2,1,79.7222,19,79.3501,21
19464,NHL 17,Xbox One,2,1,79.7222,19,79.3501,21
4756,Child of Light,PC (Microsoft Windows),129,4,87.5000,16,82.1636,314
4756,Child of Light,PlayStation 4,129,4,87.5000,16,82.1636,314
4756,Child of Light,Xbox One,129,4,87.5000,16,82.1636,314
10988,They Bleed Pixels,Linux,3,NULL,80.0000,1,81.6710,13
10988,They Bleed Pixels,PC (Microsoft Windows),3,NULL,80.0000,1,81.6710,13
10988,They Bleed Pixels,Mac,3,NULL,80.0000,1,81.6710,13
10988,They Bleed Pixels,Nintendo Switch,3,NULL,80.0000,1,81.6710,13
1055,Red Orchestra 2: Heroes of Stalingrad,Linux,13,NULL,NULL,NULL,70.6298,40
1055,Red Orchestra 2: Heroes of Stalingrad,PC (Microsoft Windows),13,NULL,NULL,NULL,70.6298,40
28213,The Jackbox Party Pack 4,Linux,6,1,76.0000,4,76.5382,25
28213,The Jackbox Party Pack 4,PC (Microsoft Windows),6,1,76.0000,4,76.5382,25
28213,The Jackbox Party Pack 4,Mac,6,1,76.0000,4,76.5382,25
28213,The Jackbox Party Pack 4,Android,6,1,76.0000,4,76.5382,25
28213,The Jackbox Party Pack 4,iOS,6,1,76.0000,4,76.5382,25
28213,The Jackbox Party Pack 4,PlayStation 4,6,1,76.0000,4,76.5382,25
28213,The Jackbox Party Pack 4,Xbox One,6,1,76.0000,4,76.5382,25
28213,The Jackbox Party Pack 4,Nintendo Switch,6,1,76.0000,4,76.5382,25
13164,The Dwarves,Linux,7,3,58.5556,9,60.7612,12
13164,The Dwarves,PC (Microsoft Windows),7,3,58.5556,9,60.7612,12
13164,The Dwarves,Mac,7,3,58.5556,9,60.7612,12
13164,The Dwarves,PlayStation 4,7,3,58.5556,9,60.7612,12
13164,The Dwarves,Xbox One,7,3,58.5556,9,60.7612,12
119239,SpongeBob SquarePants: Battle for Bikini Bottom - Rehydrated,PC (Microsoft Windows),76,3,67.5000,9,80.9424,57
119239,SpongeBob SquarePants: Battle for Bikini Bottom - Rehydrated,Android,76,3,67.5000,9,80.9424,57
119239,SpongeBob SquarePants: Battle for Bikini Bottom - Rehydrated,iOS,76,3,67.5000,9,80.9424,57
119239,SpongeBob SquarePants: Battle for Bikini Bottom - Rehydrated,PlayStation 4,76,3,67.5000,9,80.9424,57
119239,SpongeBob SquarePants: Battle for Bikini Bottom - Rehydrated,Xbox One,76,3,67.5000,9,80.9424,57
119239,SpongeBob SquarePants: Battle for Bikini Bottom - Rehydrated,Nintendo Switch,76,3,67.5000,9,80.9424,57
119239,SpongeBob SquarePants: Battle for Bikini Bottom - Rehydrated,PlayStation 5,76,3,67.5000,9,80.9424,57
5335,Goat Simulator,Linux,53,4,52.0909,11,53.9580,229
5335,Goat Simulator,PC (Microsoft Windows),53,4,52.0909,11,53.9580,229
5335,Goat Simulator,Mac,53,4,52.0909,11,53.9580,229
5335,Goat Simulator,PlayStation 4,53,4,52.0909,11,53.9580,229
5335,Goat Simulator,Xbox One,53,4,52.0909,11,53.9580,229
11529,The Jackbox Party Pack,Linux,11,NULL,73.5000,2,64.1808,31
11529,The Jackbox Party Pack,PC (Microsoft Windows),11,NULL,73.5000,2,64.1808,31
11529,The Jackbox Party Pack,Mac,11,NULL,73.5000,2,64.1808,31
11529,The Jackbox Party Pack,Android,11,NULL,73.5000,2,64.1808,31
11529,The Jackbox Party Pack,iOS,11,NULL,73.5000,2,64.1808,31
11529,The Jackbox Party Pack,PlayStation 4,11,NULL,73.5000,2,64.1808,31
11529,The Jackbox Party Pack,Xbox One,11,NULL,73.5000,2,64.1808,31
11529,The Jackbox Party Pack,Nintendo Switch,11,NULL,73.5000,2,64.1808,31
273,Unreal,PC (Microsoft Windows),36,NULL,NULL,NULL,80.6110,102
273,Unreal,Mac,36,NULL,NULL,NULL,80.6110,102
146641,Super Auto Pets,PC (Microsoft Windows),NULL,NULL,NULL,NULL,74.6700,18
146641,Super Auto Pets,Android,NULL,NULL,NULL,NULL,74.6700,18
146641,Super Auto Pets,iOS,NULL,NULL,NULL,NULL,74.6700,18
146641,Super Auto Pets,Web browser,NULL,NULL,NULL,NULL,74.6700,18
4648,Pro Evolution Soccer 2009,PC (Microsoft Windows),13,NULL,90.0000,5,73.9927,65
6939,Clive Barker's Jericho,PC (Microsoft Windows),23,NULL,66.0000,3,76.4488,73
21020,Ys I & II Chronicles,PC (Microsoft Windows),4,NULL,71.0000,3,60.5854,16
27238,AM2R: Return of Samus,PC (Microsoft Windows),5,1,NULL,NULL,82.5242,39
27238,AM2R: Return of Samus,Android,5,1,NULL,NULL,82.5242,39
19506,Sonic Dash,Android,7,NULL,60.0000,1,73.9861,24
19506,Sonic Dash,iOS,7,NULL,60.0000,1,73.9861,24
9761,Cut the Rope,PC (Microsoft Windows),18,NULL,NULL,NULL,78.4614,57
9761,Cut the Rope,Android,18,NULL,NULL,NULL,78.4614,57
9761,Cut the Rope,iOS,18,NULL,NULL,NULL,78.4614,57
2348,Midtown Madness,PC (Microsoft Windows),9,NULL,NULL,NULL,71.5057,45
3348,Glover,PC (Microsoft Windows),1,NULL,NULL,NULL,68.6267,17
1047,Worms 3D,PC (Microsoft Windows),21,NULL,80.0000,1,72.3614,79
1047,Worms 3D,Mac,21,NULL,80.0000,1,72.3614,79
11797,LawBreakers,PC (Microsoft Windows),14,8,78.7857,18,61.6939,9
11797,LawBreakers,PlayStation 4,14,8,78.7857,18,61.6939,9
27308,Four Last Things,PC (Microsoft Windows),3,NULL,NULL,NULL,73.1726,13
27308,Four Last Things,iOS,3,NULL,NULL,NULL,73.1726,13
6244,Worms 4: Mayhem,PC (Microsoft Windows),14,NULL,60.0000,2,60.7752,43
135999,Tetris Effect: Connected,PC (Microsoft Windows),3,3,88.6000,12,95.7693,39
135999,Tetris Effect: Connected,PlayStation 4,3,3,88.6000,12,95.7693,39
135999,Tetris Effect: Connected,Xbox One,3,3,88.6000,12,95.7693,39
135999,Tetris Effect: Connected,Nintendo Switch,3,3,88.6000,12,95.7693,39
135999,Tetris Effect: Connected,PlayStation 5,3,3,88.6000,12,95.7693,39
668,Descent II,PC (Microsoft Windows),7,NULL,92.0000,1,70.4203,18
668,Descent II,Mac,7,NULL,92.0000,1,70.4203,18
561,Colin McRae: Dirt 2,PC (Microsoft Windows),39,NULL,79.0000,12,78.6296,117
561,Colin McRae: Dirt 2,Mac,39,NULL,79.0000,12,78.6296,117
8420,Star Trek: Elite Force II,PC (Microsoft Windows),5,NULL,76.3333,4,76.0444,15
8420,Star Trek: Elite Force II,Mac,5,NULL,76.3333,4,76.0444,15
2617,The Settlers II: Gold Edition,Mac,22,NULL,NULL,NULL,92.2065,41
2596,"The Settlers II: Veni, Vidi, Vici",Mac,15,NULL,NULL,NULL,82.1757,36
10998,Fate,PC (Microsoft Windows),2,NULL,NULL,NULL,61.1474,14
10998,Fate,Mac,2,NULL,NULL,NULL,61.1474,14
2895,NetHack,Linux,3,NULL,NULL,NULL,88.9328,15
2895,NetHack,PC (Microsoft Windows),3,NULL,NULL,NULL,88.9328,15
15120,The Tiny Bang Story,Linux,7,NULL,70.0000,1,72.9270,27
15120,The Tiny Bang Story,PC (Microsoft Windows),7,NULL,70.0000,1,72.9270,27
15120,The Tiny Bang Story,Mac,7,NULL,70.0000,1,72.9270,27
15120,The Tiny Bang Story,Android,7,NULL,70.0000,1,72.9270,27
15120,The Tiny Bang Story,iOS,7,NULL,70.0000,1,72.9270,27
15120,The Tiny Bang Story,Nintendo Switch,7,NULL,70.0000,1,72.9270,27
7689,Batman: Arkham Origins Blackgate,PC (Microsoft Windows),13,NULL,73.4000,5,70.0684,41
11465,Frogger,PC (Microsoft Windows),6,NULL,90.0000,1,46.4215,20
119256,Just Dance 2020,PC (Microsoft Windows),NULL,NULL,NULL,NULL,73.0664,11
119256,Just Dance 2020,PlayStation 4,NULL,NULL,NULL,NULL,73.0664,11
119256,Just Dance 2020,Xbox One,NULL,NULL,NULL,NULL,73.0664,11
119256,Just Dance 2020,Nintendo Switch,NULL,NULL,NULL,NULL,73.0664,11
11078,Shantae: Half-Genie Hero,PC (Microsoft Windows),29,2,80.7500,17,81.0238,52
11078,Shantae: Half-Genie Hero,PlayStation 4,29,2,80.7500,17,81.0238,52
11078,Shantae: Half-Genie Hero,Xbox One,29,2,80.7500,17,81.0238,52
11078,Shantae: Half-Genie Hero,Nintendo Switch,29,2,80.7500,17,81.0238,52
152271,Citizen Sleeper,PC (Microsoft Windows),3,2,80.0000,1,83.4500,35
152271,Citizen Sleeper,Mac,3,2,80.0000,1,83.4500,35
152271,Citizen Sleeper,PlayStation 4,3,2,80.0000,1,83.4500,35
152271,Citizen Sleeper,Xbox One,3,2,80.0000,1,83.4500,35
152271,Citizen Sleeper,Nintendo Switch,3,2,80.0000,1,83.4500,35
152271,Citizen Sleeper,PlayStation 5,3,2,80.0000,1,83.4500,35
5740,Batman: Vengeance,PC (Microsoft Windows),4,NULL,68.0000,3,66.6167,19
25838,The Isle,PC (Microsoft Windows),17,2,NULL,NULL,86.9708,19
1843,Tom Clancy's Rainbow Six: Rogue Spear,PC (Microsoft Windows),9,NULL,75.0000,1,82.1985,26
1843,Tom Clancy's Rainbow Six: Rogue Spear,Mac,9,NULL,75.0000,1,82.1985,26
6325,Gemini Rue,Linux,24,NULL,65.0000,3,84.7505,70
6325,Gemini Rue,PC (Microsoft Windows),24,NULL,65.0000,3,84.7505,70
6325,Gemini Rue,Mac,24,NULL,65.0000,3,84.7505,70
673,Doom,Linux,350,1,80.0000,0,85.0929,868
673,Doom,Mac,350,1,80.0000,0,85.0929,868
673,Doom,iOS,350,1,80.0000,0,85.0929,868
70708,Azur Lane,Android,6,NULL,NULL,NULL,79.3240,21
70708,Azur Lane,iOS,6,NULL,NULL,NULL,79.3240,21
361,Far Cry 2,PC (Microsoft Windows),101,NULL,85.0000,9,72.2752,431
94873,Sonic Mania Plus,PlayStation 4,7,NULL,86.7778,9,95.0747,45
94873,Sonic Mania Plus,Xbox One,7,NULL,86.7778,9,95.0747,45
94873,Sonic Mania Plus,Nintendo Switch,7,NULL,86.7778,9,95.0747,45
5054,NBA 2K10,PC (Microsoft Windows),3,NULL,82.8000,5,73.7673,23
119357,Immortals Fenyx Rising,PC (Microsoft Windows),39,50,73.7000,13,76.9922,87
119357,Immortals Fenyx Rising,PlayStation 4,39,50,73.7000,13,76.9922,87
119357,Immortals Fenyx Rising,Xbox One,39,50,73.7000,13,76.9922,87
119357,Immortals Fenyx Rising,Nintendo Switch,39,50,73.7000,13,76.9922,87
119357,Immortals Fenyx Rising,PlayStation 5,39,50,73.7000,13,76.9922,87
139078,Dyson Sphere Program,PC (Microsoft Windows),5,NULL,NULL,NULL,80.7443,22
139078,Dyson Sphere Program,Xbox One,5,NULL,NULL,NULL,80.7443,22
95832,Shantae: Half-Genie Hero Ultimate Edition,PC (Microsoft Windows),2,NULL,83.0000,3,89.3830,11
95832,Shantae: Half-Genie Hero Ultimate Edition,PlayStation 4,2,NULL,83.0000,3,89.3830,11
95832,Shantae: Half-Genie Hero Ultimate Edition,Xbox One,2,NULL,83.0000,3,89.3830,11
95832,Shantae: Half-Genie Hero Ultimate Edition,Nintendo Switch,2,NULL,83.0000,3,89.3830,11
95832,Shantae: Half-Genie Hero Ultimate Edition,PlayStation 5,2,NULL,83.0000,3,89.3830,11
23193,Battlerite,PC (Microsoft Windows),19,1,80.0000,13,79.5578,75
23193,Battlerite,Xbox One,19,1,80.0000,13,79.5578,75
6161,State of Emergency,PC (Microsoft Windows),3,NULL,66.6667,3,59.7861,12
12071,Eye of the Beholder II: The Legend of Darkmoon,Linux,7,NULL,NULL,NULL,87.2392,17
12071,Eye of the Beholder II: The Legend of Darkmoon,PC (Microsoft Windows),7,NULL,NULL,NULL,87.2392,17
12071,Eye of the Beholder II: The Legend of Darkmoon,Mac,7,NULL,NULL,NULL,87.2392,17
19224,DX-Ball,PC (Microsoft Windows),5,NULL,NULL,NULL,86.1262,12
4236,Worms Blast,PC (Microsoft Windows),5,NULL,NULL,NULL,64.3068,15
4236,Worms Blast,Mac,5,NULL,NULL,NULL,64.3068,15
4236,Worms Blast,Web browser,5,NULL,NULL,NULL,64.3068,15
5714,25 To Life,PC (Microsoft Windows),2,NULL,100.0000,2,47.5850,17
935,Wing Commander: Prophecy,PC (Microsoft Windows),4,NULL,67.0000,2,88.0694,11
893,King's Quest III: To Heir is Human,Mac,4,NULL,NULL,NULL,72.7931,24
2845,The Simpsons: Tapped Out,Android,5,NULL,NULL,NULL,66.2140,34
2845,The Simpsons: Tapped Out,iOS,5,NULL,NULL,NULL,66.2140,34
16845,Turbo Dismount,PC (Microsoft Windows),6,NULL,NULL,NULL,60.0982,12
16845,Turbo Dismount,Mac,6,NULL,NULL,NULL,60.0982,12
16845,Turbo Dismount,Android,6,NULL,NULL,NULL,60.0982,12
16845,Turbo Dismount,iOS,6,NULL,NULL,NULL,60.0982,12
16845,Turbo Dismount,Web browser,6,NULL,NULL,NULL,60.0982,12
27845,The Elder Scrolls IV: Oblivion - Game of the Year Edition,PC (Microsoft Windows),7,NULL,90.0000,1,89.3153,46
11075,NHL 16,PlayStation 4,4,1,78.7778,11,81.5295,20
11075,NHL 16,Xbox One,4,1,78.7778,11,81.5295,20
26821,Colin McRae Rally,PC (Microsoft Windows),4,NULL,50.0000,1,42.4711,11
26821,Colin McRae Rally,Mac,4,NULL,50.0000,1,42.4711,11
26821,Colin McRae Rally,Android,4,NULL,50.0000,1,42.4711,11
26821,Colin McRae Rally,iOS,4,NULL,50.0000,1,42.4711,11
1287,The Legend of Kyrandia 3: Malcolm's Revenge,Mac,3,NULL,NULL,NULL,62.4252,12
13153,Knock-knock,Linux,6,NULL,46.6667,3,50.0901,21
13153,Knock-knock,PC (Microsoft Windows),6,NULL,46.6667,3,50.0901,21
13153,Knock-knock,Mac,6,NULL,46.6667,3,50.0901,21
13153,Knock-knock,Android,6,NULL,46.6667,3,50.0901,21
13153,Knock-knock,iOS,6,NULL,46.6667,3,50.0901,21
13153,Knock-knock,PlayStation 4,6,NULL,46.6667,3,50.0901,21
13153,Knock-knock,Xbox One,6,NULL,46.6667,3,50.0901,21
13153,Knock-knock,Nintendo Switch,6,NULL,46.6667,3,50.0901,21
26878,Cultist Simulator,Linux,7,2,85.0000,2,67.5851,38
26878,Cultist Simulator,PC (Microsoft Windows),7,2,85.0000,2,67.5851,38
26878,Cultist Simulator,Mac,7,2,85.0000,2,67.5851,38
26878,Cultist Simulator,Android,7,2,85.0000,2,67.5851,38
26878,Cultist Simulator,iOS,7,2,85.0000,2,67.5851,38
671,Divine Divinity,PC (Microsoft Windows),18,NULL,83.0000,1,82.2274,44
36847,NHL 18,PlayStation 4,4,1,76.1250,9,70.0769,15
36847,NHL 18,Xbox One,4,1,76.1250,9,70.0769,15
9058,Praetorians,PC (Microsoft Windows),6,NULL,83.5000,2,87.4865,16
101211,Rage 2,PC (Microsoft Windows),83,54,68.6364,17,69.6868,151
101211,Rage 2,PlayStation 4,83,54,68.6364,17,69.6868,151
101211,Rage 2,Xbox One,83,54,68.6364,17,69.6868,151
1282,The Legend of Kyrandia,Mac,4,NULL,NULL,NULL,71.1020,23
11093,Armikrog,Linux,4,1,57.2222,11,76.2986,15
11093,Armikrog,PC (Microsoft Windows),4,1,57.2222,11,76.2986,15
11093,Armikrog,Mac,4,1,57.2222,11,76.2986,15
11093,Armikrog,PlayStation 4,4,1,57.2222,11,76.2986,15
11093,Armikrog,Xbox One,4,1,57.2222,11,76.2986,15
18294,The Punisher,PC (Microsoft Windows),16,NULL,78.6667,3,79.5542,51
114283,Persona 5 Royal,PC (Microsoft Windows),54,3,94.0000,14,96.4790,307
114283,Persona 5 Royal,PlayStation 4,54,3,94.0000,14,96.4790,307
114283,Persona 5 Royal,Xbox One,54,3,94.0000,14,96.4790,307
114283,Persona 5 Royal,Nintendo Switch,54,3,94.0000,14,96.4790,307
114283,Persona 5 Royal,PlayStation 5,54,3,94.0000,14,96.4790,307
1745,Mega Man X5,PC (Microsoft Windows),12,NULL,50.0000,1,74.6530,77
2605,BattleBlock Theater,Linux,28,NULL,89.2857,8,77.4129,152
2605,BattleBlock Theater,PC (Microsoft Windows),28,NULL,89.2857,8,77.4129,152
2605,BattleBlock Theater,Mac,28,NULL,89.2857,8,77.4129,152
43335,FIFA Soccer 2003,PC (Microsoft Windows),2,NULL,NULL,NULL,78.2809,23
3141,Tales of the Unknown: Volume I - The Bard's Tale,Mac,4,NULL,NULL,NULL,84.0451,14
4695,Twisted Metal,PC (Microsoft Windows),20,NULL,75.0000,5,75.0695,49
7049,Legendary,PC (Microsoft Windows),4,NULL,52.5000,3,57.3031,22
7325,Lara Croft and the Temple of Osiris,PC (Microsoft Windows),35,2,75.0909,11,70.0429,92
7325,Lara Croft and the Temple of Osiris,PlayStation 4,35,2,75.0909,11,70.0429,92
7325,Lara Croft and the Temple of Osiris,Xbox One,35,2,75.0909,11,70.0429,92
63,Escape from Monkey Island,PC (Microsoft Windows),27,NULL,90.0000,1,74.3784,123
63,Escape from Monkey Island,Mac,27,NULL,90.0000,1,74.3784,123
696,FIFA Soccer 07,PC (Microsoft Windows),25,NULL,75.4000,7,72.6186,100
24598,Marvel Future Fight,Android,8,NULL,65.0000,1,69.7604,16
24598,Marvel Future Fight,iOS,8,NULL,65.0000,1,69.7604,16
27155,Touhou Koumakyou: The Embodiment of Scarlet Devil,PC (Microsoft Windows),3,NULL,NULL,NULL,79.9599,36
7553,McPixel,Linux,4,NULL,75.0000,2,70.8554,29
7553,McPixel,PC (Microsoft Windows),4,NULL,75.0000,2,70.8554,29
7553,McPixel,Mac,4,NULL,75.0000,2,70.8554,29
7553,McPixel,Android,4,NULL,75.0000,2,70.8554,29
7553,McPixel,iOS,4,NULL,75.0000,2,70.8554,29
349,Battlefield 2142,PC (Microsoft Windows),23,NULL,79.7500,5,74.8383,82
349,Battlefield 2142,Mac,23,NULL,79.7500,5,74.8383,82
1746,Mega Man X6,PC (Microsoft Windows),9,NULL,NULL,NULL,67.8522,56
294,Hidden & Dangerous,PC (Microsoft Windows),8,NULL,NULL,NULL,79.5799,28
27156,Touhou Kaeizuka: Phantasmagoria of Flower View,PC (Microsoft Windows),3,NULL,NULL,NULL,79.8035,15
6778,Puzzle Agent 2,PC (Microsoft Windows),6,NULL,NULL,NULL,78.9791,18
6778,Puzzle Agent 2,Mac,6,NULL,NULL,NULL,78.9791,18
6778,Puzzle Agent 2,iOS,6,NULL,NULL,NULL,78.9791,18
18689,Yume Nikki,PC (Microsoft Windows),17,NULL,NULL,NULL,78.0596,71
18689,Yume Nikki,Web browser,17,NULL,NULL,NULL,78.0596,71
63998,Tsukihime,PC (Microsoft Windows),2,NULL,NULL,NULL,86.1777,11
199418,Dedalium,Web browser,12,NULL,NULL,NULL,90.7692,13
96437,Starfield,PC (Microsoft Windows),42,136,87.4286,10,62.2988,138
1374,F1 2011,PC (Microsoft Windows),8,NULL,76.6000,11,74.6755,25
1374,F1 2011,iOS,8,NULL,76.6000,11,74.6755,25
7047,The Last Remnant,PC (Microsoft Windows),11,NULL,56.5000,4,64.7180,18
11681,SkiFree,PC (Microsoft Windows),3,NULL,NULL,NULL,60.0367,16
11681,SkiFree,Mac,3,NULL,NULL,NULL,60.0367,16
11681,SkiFree,iOS,3,NULL,NULL,NULL,60.0367,16
142,Star Wars: Battlefront II,PC (Microsoft Windows),230,NULL,75.6000,5,84.9168,582
50834,Yu-Gi-Oh! Power of Chaos: Yugi the Destiny,PC (Microsoft Windows),8,NULL,NULL,NULL,60.4419,23
54789,MudRunner,PC (Microsoft Windows),17,2,70.0000,5,75.5915,35
54789,MudRunner,Android,17,2,70.0000,5,75.5915,35
54789,MudRunner,iOS,17,2,70.0000,5,75.5915,35
54789,MudRunner,PlayStation 4,17,2,70.0000,5,75.5915,35
54789,MudRunner,Xbox One,17,2,70.0000,5,75.5915,35
54789,MudRunner,Nintendo Switch,17,2,70.0000,5,75.5915,35
27827,Assassin's Creed: Director's Cut Edition,PC (Microsoft Windows),9,NULL,80.0000,2,73.3797,25
14378,Praey for the Gods,PC (Microsoft Windows),44,30,70.0000,2,64.9902,15
14378,Praey for the Gods,Mac,44,30,70.0000,2,64.9902,15
14378,Praey for the Gods,PlayStation 4,44,30,70.0000,2,64.9902,15
14378,Praey for the Gods,Xbox One,44,30,70.0000,2,64.9902,15
14378,Praey for the Gods,PlayStation 5,44,30,70.0000,2,64.9902,15
2361,Disney's 102 Dalmatians: Puppies to the Rescue,PC (Microsoft Windows),9,NULL,NULL,NULL,70.7964,29
7115,Need for Speed: Shift 2 Unleashed,PC (Microsoft Windows),25,NULL,81.1667,9,77.6236,80
15851,Score! Hero,Android,4,NULL,NULL,NULL,74.8782,27
15851,Score! Hero,iOS,4,NULL,NULL,NULL,74.8782,27
75100,Heroes of Hammerwatch,Linux,5,NULL,85.0000,0,70.0455,14
75100,Heroes of Hammerwatch,PC (Microsoft Windows),5,NULL,85.0000,0,70.0455,14
5870,Juiced,PC (Microsoft Windows),5,NULL,68.7500,5,62.1935,26
8491,Bio Menace,Linux,8,NULL,NULL,NULL,78.9017,16
8491,Bio Menace,PC (Microsoft Windows),8,NULL,NULL,NULL,78.9017,16
7024,Juiced 2: Hot Import Nights,PC (Microsoft Windows),4,NULL,70.0000,2,59.4876,21
141547,Evil West,PC (Microsoft Windows),2,11,72.0000,6,69.4679,21
141547,Evil West,PlayStation 4,2,11,72.0000,6,69.4679,21
141547,Evil West,Xbox One,2,11,72.0000,6,69.4679,21
141547,Evil West,PlayStation 5,2,11,72.0000,6,69.4679,21
1987,XIII,PC (Microsoft Windows),43,NULL,73.2000,7,77.8270,109
1987,XIII,Mac,43,NULL,73.2000,7,77.8270,109
3863,Conflict: Desert Storm,PC (Microsoft Windows),7,NULL,67.3333,4,70.1689,22
1885,Homefront,PC (Microsoft Windows),47,NULL,74.3333,14,68.7285,160
27874,Bad Dream: Coma,PC (Microsoft Windows),3,NULL,80.0000,1,68.3456,11
27874,Bad Dream: Coma,Mac,3,NULL,80.0000,1,68.3456,11
27874,Bad Dream: Coma,Nintendo Switch,3,NULL,80.0000,1,68.3456,11
6247,Trine,Linux,88,NULL,85.4286,9,76.6336,243
6247,Trine,PC (Microsoft Windows),88,NULL,85.4286,9,76.6336,243
6247,Trine,Mac,88,NULL,85.4286,9,76.6336,243
18076,Environmental Station Alpha,PC (Microsoft Windows),5,NULL,NULL,NULL,73.5460,11
18076,Environmental Station Alpha,Mac,5,NULL,NULL,NULL,73.5460,11
11765,The Static Speaks My Name,Linux,6,NULL,NULL,NULL,62.6738,21
11765,The Static Speaks My Name,PC (Microsoft Windows),6,NULL,NULL,NULL,62.6738,21
11765,The Static Speaks My Name,Mac,6,NULL,NULL,NULL,62.6738,21
61936,Where's My Water? 2,Android,1,NULL,NULL,NULL,75.1203,11
61936,Where's My Water? 2,iOS,1,NULL,NULL,NULL,75.1203,11
18855,Armies of Exigo,PC (Microsoft Windows),1,NULL,69.0000,3,87.4020,12
9253,Ingress,Android,6,NULL,96.0000,1,64.0479,14
9253,Ingress,iOS,6,NULL,96.0000,1,64.0479,14
22365,Moirai,Linux,4,NULL,NULL,NULL,70.2437,26
22365,Moirai,PC (Microsoft Windows),4,NULL,NULL,NULL,70.2437,26
22365,Moirai,Mac,4,NULL,NULL,NULL,70.2437,26
2047,Poker Night 2,PC (Microsoft Windows),8,NULL,65.0000,4,75.9078,26
2047,Poker Night 2,Mac,8,NULL,65.0000,4,75.9078,26
1972,Manhunt 2,PC (Microsoft Windows),18,NULL,61.0000,5,72.3366,61
121503,Doom II,PC (Microsoft Windows),1,NULL,NULL,NULL,89.9124,15
121503,Doom II,Android,1,NULL,NULL,NULL,89.9124,15
121503,Doom II,iOS,1,NULL,NULL,NULL,89.9124,15
121503,Doom II,PlayStation 4,1,NULL,NULL,NULL,89.9124,15
121503,Doom II,Xbox One,1,NULL,NULL,NULL,89.9124,15
121503,Doom II,Nintendo Switch,1,NULL,NULL,NULL,89.9124,15
11072,Madden NFL 16,PlayStation 4,6,NULL,84.2500,14,82.7096,14
11072,Madden NFL 16,Xbox One,6,NULL,84.2500,14,82.7096,14
7576,Drakan: Order of the Flame,PC (Microsoft Windows),5,1,NULL,NULL,89.2876,12
8290,Heavy Metal: F.A.K.K. 2,Linux,8,NULL,70.0000,1,79.9753,19
8290,Heavy Metal: F.A.K.K. 2,PC (Microsoft Windows),8,NULL,70.0000,1,79.9753,19
8290,Heavy Metal: F.A.K.K. 2,Mac,8,NULL,70.0000,1,79.9753,19
102805,WWE 2K19,PC (Microsoft Windows),18,6,71.6250,10,75.1265,32
102805,WWE 2K19,PlayStation 4,18,6,71.6250,10,75.1265,32
102805,WWE 2K19,Xbox One,18,6,71.6250,10,75.1265,32
2746,Madden NFL 08,PC (Microsoft Windows),4,NULL,74.1667,7,66.8710,15
2746,Madden NFL 08,Mac,4,NULL,74.1667,7,66.8710,15
11564,Gal*Gun: Double Peace,PC (Microsoft Windows),8,NULL,68.3333,10,79.7517,13
11564,Gal*Gun: Double Peace,PlayStation 4,8,NULL,68.3333,10,79.7517,13
123333,If Found...,PC (Microsoft Windows),2,NULL,85.0000,3,70.4011,12
123333,If Found...,Mac,2,NULL,85.0000,3,70.4011,12
123333,If Found...,iOS,2,NULL,85.0000,3,70.4011,12
123333,If Found...,Nintendo Switch,2,NULL,85.0000,3,70.4011,12
14753,Ace Combat 5: The Unsung War,PlayStation 4,2,NULL,76.0000,2,73.8543,17
6578,Quake Live,PC (Microsoft Windows),23,NULL,NULL,NULL,78.2250,59
88894,Tetris,Android,NULL,NULL,NULL,NULL,69.2907,12
57263,Chuchel,PC (Microsoft Windows),12,3,83.3333,3,72.6889,38
57263,Chuchel,Mac,12,3,83.3333,3,72.6889,38
57263,Chuchel,Android,12,3,83.3333,3,72.6889,38
57263,Chuchel,iOS,12,3,83.3333,3,72.6889,38
1621,Ultimate Mortal Kombat 3,PC (Microsoft Windows),27,NULL,60.0000,1,79.7376,137
1621,Ultimate Mortal Kombat 3,iOS,27,NULL,60.0000,1,79.7376,137
1915,Lost Planet 2,Linux,11,NULL,70.5000,11,67.9616,38
1915,Lost Planet 2,PC (Microsoft Windows),11,NULL,70.5000,11,67.9616,38
2738,LEGO Batman: The Videogame,PC (Microsoft Windows),45,NULL,75.7500,7,73.1539,192
2738,LEGO Batman: The Videogame,Mac,45,NULL,75.7500,7,73.1539,192
15857,Headlander,PC (Microsoft Windows),16,4,76.6667,23,78.2922,22
15857,Headlander,Mac,16,4,76.6667,23,78.2922,22
15857,Headlander,PlayStation 4,16,4,76.6667,23,78.2922,22
15857,Headlander,Xbox One,16,4,76.6667,23,78.2922,22
1747,Mega Man X7,PC (Microsoft Windows),6,1,NULL,NULL,41.1338,29
9757,Yars' Revenge,Web browser,1,NULL,45.0000,0,64.9119,12
85576,Donkey Kong Country: Tropical Freeze,Nintendo Switch,13,1,88.1667,14,79.9852,26
36897,A Way Out,PC (Microsoft Windows),157,31,75.3846,14,78.1985,390
36897,A Way Out,PlayStation 4,157,31,75.3846,14,78.1985,390
36897,A Way Out,Xbox One,157,31,75.3846,14,78.1985,390
280,Doom 3,Linux,100,NULL,86.0000,7,79.3591,332
280,Doom 3,PC (Microsoft Windows),100,NULL,86.0000,7,79.3591,332
280,Doom 3,Mac,100,NULL,86.0000,7,79.3591,332
2149,Trials Evolution,PC (Microsoft Windows),14,NULL,86.2500,8,78.6114,43
5560,Wonder Boy,PC (Microsoft Windows),2,NULL,NULL,NULL,69.6703,26
1338,Prison Architect,Linux,80,8,81.0769,15,75.9789,157
1338,Prison Architect,PC (Microsoft Windows),80,8,81.0769,15,75.9789,157
1338,Prison Architect,Mac,80,8,81.0769,15,75.9789,157
1338,Prison Architect,Android,80,8,81.0769,15,75.9789,157
1338,Prison Architect,iOS,80,8,81.0769,15,75.9789,157
1338,Prison Architect,PlayStation 4,80,8,81.0769,15,75.9789,157
1338,Prison Architect,Xbox One,80,8,81.0769,15,75.9789,157
1338,Prison Architect,Nintendo Switch,80,8,81.0769,15,75.9789,157
10031,Yooka-Laylee,Linux,69,24,69.7727,25,67.7914,86
10031,Yooka-Laylee,PC (Microsoft Windows),69,24,69.7727,25,67.7914,86
10031,Yooka-Laylee,Mac,69,24,69.7727,25,67.7914,86
10031,Yooka-Laylee,PlayStation 4,69,24,69.7727,25,67.7914,86
10031,Yooka-Laylee,Xbox One,69,24,69.7727,25,67.7914,86
10031,Yooka-Laylee,Nintendo Switch,69,24,69.7727,25,67.7914,86
7886,Crypt of the NecroDancer,Linux,27,NULL,87.8889,10,75.7710,121
7886,Crypt of the NecroDancer,PC (Microsoft Windows),27,NULL,87.8889,10,75.7710,121
7886,Crypt of the NecroDancer,Mac,27,NULL,87.8889,10,75.7710,121
7886,Crypt of the NecroDancer,iOS,27,NULL,87.8889,10,75.7710,121
7886,Crypt of the NecroDancer,PlayStation 4,27,NULL,87.8889,10,75.7710,121
7886,Crypt of the NecroDancer,Xbox One,27,NULL,87.8889,10,75.7710,121
7886,Crypt of the NecroDancer,Nintendo Switch,27,NULL,87.8889,10,75.7710,121
6581,Stick it to the Man!,PC (Microsoft Windows),11,NULL,78.2500,10,66.3604,36
6581,Stick it to the Man!,Mac,11,NULL,78.2500,10,66.3604,36
6581,Stick it to the Man!,PlayStation 4,11,NULL,78.2500,10,66.3604,36
6581,Stick it to the Man!,Xbox One,11,NULL,78.2500,10,66.3604,36
6581,Stick it to the Man!,Nintendo Switch,11,NULL,78.2500,10,66.3604,36
32614,Titan Quest Anniversary Edition,PC (Microsoft Windows),14,NULL,NULL,NULL,82.6521,51
32614,Titan Quest Anniversary Edition,PlayStation 4,14,NULL,NULL,NULL,82.6521,51
32614,Titan Quest Anniversary Edition,Xbox One,14,NULL,NULL,NULL,82.6521,51
32614,Titan Quest Anniversary Edition,Nintendo Switch,14,NULL,NULL,NULL,82.6521,51
126120,Say No! More,PC (Microsoft Windows),2,1,70.0000,2,88.5009,14
126120,Say No! More,Mac,2,1,70.0000,2,88.5009,14
126120,Say No! More,iOS,2,1,70.0000,2,88.5009,14
126120,Say No! More,Nintendo Switch,2,1,70.0000,2,88.5009,14
79392,Mobile Legends: Bang Bang,Android,10,NULL,NULL,NULL,59.5930,18
79392,Mobile Legends: Bang Bang,iOS,10,NULL,NULL,NULL,59.5930,18
26816,Fast RMX,Nintendo Switch,15,1,76.6667,10,75.6389,15
8983,Obduction,PC (Microsoft Windows),49,20,67.0000,10,77.5699,47
8983,Obduction,Mac,49,20,67.0000,10,77.5699,47
8983,Obduction,PlayStation 4,49,20,67.0000,10,77.5699,47
8983,Obduction,Xbox One,49,20,67.0000,10,77.5699,47
22704,Orwell: Keeping an Eye on You,Linux,33,4,85.8333,7,69.3569,106
22704,Orwell: Keeping an Eye on You,PC (Microsoft Windows),33,4,85.8333,7,69.3569,106
22704,Orwell: Keeping an Eye on You,Mac,33,4,85.8333,7,69.3569,106
22704,Orwell: Keeping an Eye on You,Android,33,4,85.8333,7,69.3569,106
22704,Orwell: Keeping an Eye on You,iOS,33,4,85.8333,7,69.3569,106
11186,Gears of War 4,PC (Microsoft Windows),77,6,83.1111,29,76.5986,192
11186,Gears of War 4,Xbox One,77,6,83.1111,29,76.5986,192
781,Majesty: The Fantasy Kingdom Sim,Linux,6,NULL,NULL,NULL,79.7939,28
781,Majesty: The Fantasy Kingdom Sim,PC (Microsoft Windows),6,NULL,NULL,NULL,79.7939,28
781,Majesty: The Fantasy Kingdom Sim,Mac,6,NULL,NULL,NULL,79.7939,28
781,Majesty: The Fantasy Kingdom Sim,Android,6,NULL,NULL,NULL,79.7939,28
781,Majesty: The Fantasy Kingdom Sim,iOS,6,NULL,NULL,NULL,79.7939,28
876,Icewind Dale II,PC (Microsoft Windows),23,NULL,86.0000,1,81.8273,70
104786,Devotion,PC (Microsoft Windows),6,2,89.2500,5,86.9019,29
4121,Mortal Kombat Trilogy,PC (Microsoft Windows),23,NULL,50.5000,1,74.4237,91
1006,Syndicate,PC (Microsoft Windows),29,NULL,78.6667,7,69.6779,97
2049,Slender: The Arrival,PC (Microsoft Windows),10,NULL,60.7143,7,71.8100,41
2049,Slender: The Arrival,Mac,10,NULL,60.7143,7,71.8100,41
2049,Slender: The Arrival,Android,10,NULL,60.7143,7,71.8100,41
2049,Slender: The Arrival,iOS,10,NULL,60.7143,7,71.8100,41
2049,Slender: The Arrival,PlayStation 4,10,NULL,60.7143,7,71.8100,41
2049,Slender: The Arrival,Xbox One,10,NULL,60.7143,7,71.8100,41
2049,Slender: The Arrival,Nintendo Switch,10,NULL,60.7143,7,71.8100,41
9112,The Book of Unwritten Tales 2,Linux,11,1,75.0000,2,86.8258,19
9112,The Book of Unwritten Tales 2,PC (Microsoft Windows),11,1,75.0000,2,86.8258,19
9112,The Book of Unwritten Tales 2,Mac,11,1,75.0000,2,86.8258,19
9112,The Book of Unwritten Tales 2,iOS,11,1,75.0000,2,86.8258,19
9112,The Book of Unwritten Tales 2,PlayStation 4,11,1,75.0000,2,86.8258,19
9112,The Book of Unwritten Tales 2,Xbox One,11,1,75.0000,2,86.8258,19
9112,The Book of Unwritten Tales 2,Nintendo Switch,11,1,75.0000,2,86.8258,19
3197,Shining Force II,PC (Microsoft Windows),6,NULL,NULL,NULL,85.4735,40
12,Vampire: The Masquerade - Redemption,PC (Microsoft Windows),20,NULL,60.0000,2,77.6408,57
12,Vampire: The Masquerade - Redemption,Mac,20,NULL,60.0000,2,77.6408,57
25211,Emily Is Away Too,Linux,18,1,80.5000,3,76.8593,46
25211,Emily Is Away Too,PC (Microsoft Windows),18,1,80.5000,3,76.8593,46
25211,Emily Is Away Too,Mac,18,1,80.5000,3,76.8593,46
55945,Brawl Stars,Android,15,NULL,0.0000,1,73.4982,45
55945,Brawl Stars,iOS,15,NULL,0.0000,1,73.4982,45
119190,Bug Fables: The Everlasting Sapling,PC (Microsoft Windows),4,NULL,90.0000,1,80.8941,15
119190,Bug Fables: The Everlasting Sapling,PlayStation 4,4,NULL,90.0000,1,80.8941,15
119190,Bug Fables: The Everlasting Sapling,Xbox One,4,NULL,90.0000,1,80.8941,15
119190,Bug Fables: The Everlasting Sapling,Nintendo Switch,4,NULL,90.0000,1,80.8941,15
8483,Crystal Caves,Linux,3,NULL,NULL,NULL,79.8460,13
8483,Crystal Caves,PC (Microsoft Windows),3,NULL,NULL,NULL,79.8460,13
8483,Crystal Caves,Mac,3,NULL,NULL,NULL,79.8460,13
13212,The Beginner's Guide,Linux,64,NULL,74.8333,7,79.1602,201
13212,The Beginner's Guide,PC (Microsoft Windows),64,NULL,74.8333,7,79.1602,201
13212,The Beginner's Guide,Mac,64,NULL,74.8333,7,79.1602,201
46787,Real Bout Fatal Fury 2: The Newcomers,Linux,1,NULL,NULL,NULL,78.2602,14
46787,Real Bout Fatal Fury 2: The Newcomers,PC (Microsoft Windows),1,NULL,NULL,NULL,78.2602,14
46787,Real Bout Fatal Fury 2: The Newcomers,Mac,1,NULL,NULL,NULL,78.2602,14
6359,Team Fortress Classic,Linux,15,NULL,NULL,NULL,72.1011,42
6359,Team Fortress Classic,PC (Microsoft Windows),15,NULL,NULL,NULL,72.1011,42
6359,Team Fortress Classic,Mac,15,NULL,NULL,NULL,72.1011,42
2946,FIFA Soccer 12,PC (Microsoft Windows),34,1,83.8182,11,74.1314,120
2946,FIFA Soccer 12,Mac,34,1,83.8182,11,74.1314,120
111054,Super Dragon Ball Heroes: World Mission,PC (Microsoft Windows),NULL,NULL,65.0000,4,57.6413,11
111054,Super Dragon Ball Heroes: World Mission,Nintendo Switch,NULL,NULL,65.0000,4,57.6413,11
24512,Ostriv,PC (Microsoft Windows),21,11,NULL,NULL,88.1261,11
9073,Deathmatch Classic,Linux,3,NULL,NULL,NULL,72.5678,16
9073,Deathmatch Classic,PC (Microsoft Windows),3,NULL,NULL,NULL,72.5678,16
9073,Deathmatch Classic,Mac,3,NULL,NULL,NULL,72.5678,16
50801,CSI: Miami,PC (Microsoft Windows),1,NULL,NULL,NULL,58.0589,12
50801,CSI: Miami,iOS,1,NULL,NULL,NULL,58.0589,12
8072,Sanitarium,PC (Microsoft Windows),27,NULL,92.0000,1,81.3990,71
8072,Sanitarium,Android,27,NULL,92.0000,1,81.3990,71
8072,Sanitarium,iOS,27,NULL,92.0000,1,81.3990,71
4782,CSI: Hard Evidence,PC (Microsoft Windows),1,NULL,50.0000,2,63.8025,15
4782,CSI: Hard Evidence,Mac,1,NULL,50.0000,2,63.8025,15
16387,Half Minute Hero: Super Mega Neo Climax Ultimate Boy,PC (Microsoft Windows),3,NULL,NULL,NULL,81.4780,12
116133,Islanders,Linux,5,NULL,90.0000,2,75.2461,32
116133,Islanders,PC (Microsoft Windows),5,NULL,90.0000,2,75.2461,32
116133,Islanders,Mac,5,NULL,90.0000,2,75.2461,32
36798,The Swords of Ditto,Linux,27,4,72.5556,10,68.3518,13
36798,The Swords of Ditto,PC (Microsoft Windows),27,4,72.5556,10,68.3518,13
36798,The Swords of Ditto,Mac,27,4,72.5556,10,68.3518,13
36798,The Swords of Ditto,Android,27,4,72.5556,10,68.3518,13
36798,The Swords of Ditto,PlayStation 4,27,4,72.5556,10,68.3518,13
25532,Fallout: New Vegas - Ultimate Edition,PC (Microsoft Windows),21,NULL,NULL,NULL,87.3793,70
2939,The Vanishing of Ethan Carter,PC (Microsoft Windows),116,3,82.3750,17,75.1007,317
2939,The Vanishing of Ethan Carter,PlayStation 4,116,3,82.3750,17,75.1007,317
2939,The Vanishing of Ethan Carter,Xbox One,116,3,82.3750,17,75.1007,317
2939,The Vanishing of Ethan Carter,Nintendo Switch,116,3,82.3750,17,75.1007,317
27344,Barotrauma,Linux,2,2,NULL,NULL,69.8310,18
27344,Barotrauma,PC (Microsoft Windows),2,2,NULL,NULL,69.8310,18
27344,Barotrauma,Mac,2,2,NULL,NULL,69.8310,18
7589,Ricochet,Linux,6,NULL,NULL,NULL,71.6491,20
7589,Ricochet,PC (Microsoft Windows),6,NULL,NULL,NULL,71.6491,20
7589,Ricochet,Mac,6,NULL,NULL,NULL,71.6491,20
3012,Osu!,Linux,42,NULL,NULL,NULL,73.1733,123
3012,Osu!,PC (Microsoft Windows),42,NULL,NULL,NULL,73.1733,123
3012,Osu!,Mac,42,NULL,NULL,NULL,73.1733,123
3012,Osu!,Android,42,NULL,NULL,NULL,73.1733,123
3012,Osu!,iOS,42,NULL,NULL,NULL,73.1733,123
5973,Broforce,Linux,80,1,72.0000,10,75.2370,282
5973,Broforce,PC (Microsoft Windows),80,1,72.0000,10,75.2370,282
5973,Broforce,Mac,80,1,72.0000,10,75.2370,282
5973,Broforce,PlayStation 4,80,1,72.0000,10,75.2370,282
5973,Broforce,Xbox One,80,1,72.0000,10,75.2370,282
5973,Broforce,Nintendo Switch,80,1,72.0000,10,75.2370,282
10067,Burnout Paradise: The Ultimate Box,PC (Microsoft Windows),19,NULL,85.0000,3,83.1343,53
3230,The Night of the Rabbit,PC (Microsoft Windows),15,NULL,80.2500,6,90.8424,24
3230,The Night of the Rabbit,Mac,15,NULL,80.2500,6,90.8424,24
18954,Neon Chrome,Linux,9,NULL,67.0000,9,68.3090,15
18954,Neon Chrome,PC (Microsoft Windows),9,NULL,67.0000,9,68.3090,15
18954,Neon Chrome,Mac,9,NULL,67.0000,9,68.3090,15
18954,Neon Chrome,Android,9,NULL,67.0000,9,68.3090,15
18954,Neon Chrome,PlayStation 4,9,NULL,67.0000,9,68.3090,15
18954,Neon Chrome,Xbox One,9,NULL,67.0000,9,68.3090,15
18954,Neon Chrome,Nintendo Switch,9,NULL,67.0000,9,68.3090,15
18954,Neon Chrome,PlayStation 5,9,NULL,67.0000,9,68.3090,15
3193,Need for Speed: Most Wanted,PC (Microsoft Windows),103,1,84.7368,17,73.9589,329
3731,Pajama Sam 2: Thunder and Lightning Aren't so Frightening,PC (Microsoft Windows),1,NULL,NULL,NULL,80.4097,14
3731,Pajama Sam 2: Thunder and Lightning Aren't so Frightening,Mac,1,NULL,NULL,NULL,80.4097,14
3731,Pajama Sam 2: Thunder and Lightning Aren't so Frightening,iOS,1,NULL,NULL,NULL,80.4097,14
3731,Pajama Sam 2: Thunder and Lightning Aren't so Frightening,PlayStation 4,1,NULL,NULL,NULL,80.4097,14
3731,Pajama Sam 2: Thunder and Lightning Aren't so Frightening,Nintendo Switch,1,NULL,NULL,NULL,80.4097,14
255,Arcanum: of Steamworks and Magick Obscura,PC (Microsoft Windows),40,NULL,NULL,NULL,89.0340,100
7849,Halo: Spartan Strike,PC (Microsoft Windows),8,1,80.0000,1,68.5114,20
7849,Halo: Spartan Strike,iOS,8,1,80.0000,1,68.5114,20
115054,Chernobylite,PC (Microsoft Windows),20,9,76.0000,4,68.3278,21
115054,Chernobylite,PlayStation 4,20,9,76.0000,4,68.3278,21
115054,Chernobylite,Xbox One,20,9,76.0000,4,68.3278,21
115054,Chernobylite,PlayStation 5,20,9,76.0000,4,68.3278,21
14946,Crayon Physics Deluxe,Linux,8,NULL,70.0000,2,70.4638,24
14946,Crayon Physics Deluxe,PC (Microsoft Windows),8,NULL,70.0000,2,70.4638,24
14946,Crayon Physics Deluxe,Mac,8,NULL,70.0000,2,70.4638,24
14946,Crayon Physics Deluxe,Android,8,NULL,70.0000,2,70.4638,24
14946,Crayon Physics Deluxe,iOS,8,NULL,70.0000,2,70.4638,24
530,Hitman: Absolution,PC (Microsoft Windows),224,NULL,76.4000,16,75.6505,544
616,Circle of Blood,PC (Microsoft Windows),68,NULL,75.0000,3,83.1723,169
616,Circle of Blood,Mac,68,NULL,75.0000,3,83.1723,169
7894,Blood Omen: Legacy of Kain,PC (Microsoft Windows),26,NULL,85.0000,1,76.4690,43
19351,Disciples II: Gallean's Return,PC (Microsoft Windows),4,NULL,NULL,NULL,89.9446,20
22436,Reigns,Linux,30,NULL,75.0000,6,70.1476,85
22436,Reigns,PC (Microsoft Windows),30,NULL,75.0000,6,70.1476,85
22436,Reigns,Mac,30,NULL,75.0000,6,70.1476,85
22436,Reigns,Android,30,NULL,75.0000,6,70.1476,85
22436,Reigns,iOS,30,NULL,75.0000,6,70.1476,85
2159,Race Driver: Grid,PC (Microsoft Windows),44,NULL,NULL,NULL,78.9369,128
2159,Race Driver: Grid,Mac,44,NULL,NULL,NULL,78.9369,128
21453,My Summer Car,PC (Microsoft Windows),36,1,NULL,NULL,70.0340,25
10345,Galactic Civilizations III,PC (Microsoft Windows),13,NULL,77.5000,4,77.5411,14
27117,Into the Breach,Linux,38,5,90.0000,14,82.5894,205
27117,Into the Breach,PC (Microsoft Windows),38,5,90.0000,14,82.5894,205
27117,Into the Breach,Mac,38,5,90.0000,14,82.5894,205
27117,Into the Breach,Android,38,5,90.0000,14,82.5894,205
27117,Into the Breach,iOS,38,5,90.0000,14,82.5894,205
27117,Into the Breach,Nintendo Switch,38,5,90.0000,14,82.5894,205
18167,Hello Neighbor,PC (Microsoft Windows),373,199,36.7500,10,45.2767,63
18167,Hello Neighbor,Android,373,199,36.7500,10,45.2767,63
18167,Hello Neighbor,iOS,373,199,36.7500,10,45.2767,63
18167,Hello Neighbor,PlayStation 4,373,199,36.7500,10,45.2767,63
18167,Hello Neighbor,Xbox One,373,199,36.7500,10,45.2767,63
18167,Hello Neighbor,Nintendo Switch,373,199,36.7500,10,45.2767,63
6230,E.Y.E: Divine Cybermancy,Linux,5,NULL,NULL,NULL,66.8467,15
6230,E.Y.E: Divine Cybermancy,PC (Microsoft Windows),5,NULL,NULL,NULL,66.8467,15
12497,4D Sports Boxing,Mac,5,NULL,NULL,NULL,89.2996,11
111117,Frog Detective 1: The Haunted Island,PC (Microsoft Windows),2,NULL,80.0000,1,59.1542,28
111117,Frog Detective 1: The Haunted Island,Mac,2,NULL,80.0000,1,59.1542,28
28574,Surviving Mars,Linux,45,8,73.5714,10,71.1134,60
28574,Surviving Mars,PC (Microsoft Windows),45,8,73.5714,10,71.1134,60
28574,Surviving Mars,Mac,45,8,73.5714,10,71.1134,60
28574,Surviving Mars,PlayStation 4,45,8,73.5714,10,71.1134,60
28574,Surviving Mars,Xbox One,45,8,73.5714,10,71.1134,60
13542,Refunct,Linux,11,NULL,NULL,NULL,69.7543,39
13542,Refunct,PC (Microsoft Windows),11,NULL,NULL,NULL,69.7543,39
13542,Refunct,Mac,11,NULL,NULL,NULL,69.7543,39
13542,Refunct,PlayStation 4,11,NULL,NULL,NULL,69.7543,39
13542,Refunct,Xbox One,11,NULL,NULL,NULL,69.7543,39
13542,Refunct,Nintendo Switch,11,NULL,NULL,NULL,69.7543,39
2042,Magicka,Linux,50,NULL,69.5000,4,71.5126,159
2042,Magicka,PC (Microsoft Windows),50,NULL,69.5000,4,71.5126,159
29116,Unreal Gold,PC (Microsoft Windows),10,NULL,NULL,NULL,78.2744,13
24723,Unreal Tournament: Game of the Year Edition,PC (Microsoft Windows),11,NULL,NULL,NULL,88.6570,25
18840,Metal Slug X,Linux,21,NULL,80.0000,1,78.1048,106
18840,Metal Slug X,PC (Microsoft Windows),21,NULL,80.0000,1,78.1048,106
18840,Metal Slug X,Mac,21,NULL,80.0000,1,78.1048,106
18840,Metal Slug X,Android,21,NULL,80.0000,1,78.1048,106
18840,Metal Slug X,iOS,21,NULL,80.0000,1,78.1048,106
41512,Cut the Rope: Time Travel,Android,5,2,NULL,NULL,75.5825,12
41512,Cut the Rope: Time Travel,iOS,5,2,NULL,NULL,75.5825,12
3750,Quantum Break,PC (Microsoft Windows),120,34,76.5217,26,75.1303,266
3750,Quantum Break,Xbox One,120,34,76.5217,26,75.1303,266
2444,Risen,PC (Microsoft Windows),50,NULL,80.5000,3,78.0900,137
13361,Brigador,Linux,8,2,73.6000,5,84.0937,13
13361,Brigador,PC (Microsoft Windows),8,2,73.6000,5,84.0937,13
13361,Brigador,Mac,8,2,73.6000,5,84.0937,13
25311,Star Control: Origins,PC (Microsoft Windows),17,5,69.7500,4,76.5457,11
836,Prince of Persia: The Sands of Time,PC (Microsoft Windows),205,NULL,84.2222,8,82.1510,595
7780,Tiny Wings,iOS,3,NULL,NULL,NULL,75.2135,11
2480,Torchlight,Linux,58,NULL,83.3333,5,73.8891,207
2480,Torchlight,PC (Microsoft Windows),58,NULL,83.3333,5,73.8891,207
2480,Torchlight,Mac,58,NULL,83.3333,5,73.8891,207
17219,Duet,Linux,3,NULL,NULL,NULL,71.6114,18
17219,Duet,PC (Microsoft Windows),3,NULL,NULL,NULL,71.6114,18
17219,Duet,Mac,3,NULL,NULL,NULL,71.6114,18
17219,Duet,Android,3,NULL,NULL,NULL,71.6114,18
17219,Duet,iOS,3,NULL,NULL,NULL,71.6114,18
19376,Basement,Linux,19,NULL,NULL,NULL,70.3429,12
19376,Basement,PC (Microsoft Windows),19,NULL,NULL,NULL,70.3429,12
19376,Basement,Mac,19,NULL,NULL,NULL,70.3429,12
16997,Rhapsody: A Musical Adventure,PC (Microsoft Windows),3,NULL,65.0000,3,60.8005,11
16997,Rhapsody: A Musical Adventure,Nintendo Switch,3,NULL,65.0000,3,60.8005,11
11646,Ziggurat,Linux,17,NULL,79.5000,4,65.0232,35
11646,Ziggurat,PC (Microsoft Windows),17,NULL,79.5000,4,65.0232,35
11646,Ziggurat,Mac,17,NULL,79.5000,4,65.0232,35
11646,Ziggurat,PlayStation 4,17,NULL,79.5000,4,65.0232,35
11646,Ziggurat,Xbox One,17,NULL,79.5000,4,65.0232,35
11646,Ziggurat,Nintendo Switch,17,NULL,79.5000,4,65.0232,35
11351,Black Mirror II: Reigning Evil,PC (Microsoft Windows),8,NULL,NULL,NULL,75.0543,35
44,Overlord,PC (Microsoft Windows),39,NULL,70.0000,4,77.3987,112
178125,Grand Theft Auto: Vice City - The Definitive Edition,PC (Microsoft Windows),2,NULL,NULL,NULL,60.2181,12
178125,Grand Theft Auto: Vice City - The Definitive Edition,PlayStation 4,2,NULL,NULL,NULL,60.2181,12
178125,Grand Theft Auto: Vice City - The Definitive Edition,Xbox One,2,NULL,NULL,NULL,60.2181,12
178125,Grand Theft Auto: Vice City - The Definitive Edition,Nintendo Switch,2,NULL,NULL,NULL,60.2181,12
178125,Grand Theft Auto: Vice City - The Definitive Edition,PlayStation 5,2,NULL,NULL,NULL,60.2181,12
11567,Elex,PC (Microsoft Windows),92,21,59.6667,3,70.1103,75
11567,Elex,PlayStation 4,92,21,59.6667,3,70.1103,75
11567,Elex,Xbox One,92,21,59.6667,3,70.1103,75
120974,Your Turn to Die: Death Game by Majority,PC (Microsoft Windows),6,1,NULL,NULL,81.3027,26
120974,Your Turn to Die: Death Game by Majority,Web browser,6,1,NULL,NULL,81.3027,26
46999,The Witch's House,PC (Microsoft Windows),3,NULL,NULL,NULL,80.3019,24
156151,Nickelodeon All-Star Brawl,PC (Microsoft Windows),1,2,66.8000,5,69.6867,16
156151,Nickelodeon All-Star Brawl,PlayStation 4,1,2,66.8000,5,69.6867,16
156151,Nickelodeon All-Star Brawl,Xbox One,1,2,66.8000,5,69.6867,16
156151,Nickelodeon All-Star Brawl,Nintendo Switch,1,2,66.8000,5,69.6867,16
156151,Nickelodeon All-Star Brawl,PlayStation 5,1,2,66.8000,5,69.6867,16
51485,Super Fancy Pants Adventure,PC (Microsoft Windows),25,NULL,NULL,NULL,81.0318,17
51485,Super Fancy Pants Adventure,Mac,25,NULL,NULL,NULL,81.0318,17
51485,Super Fancy Pants Adventure,Android,25,NULL,NULL,NULL,81.0318,17
51485,Super Fancy Pants Adventure,iOS,25,NULL,NULL,NULL,81.0318,17
6045,Not a Hero,Linux,14,1,70.0909,12,69.7073,40
6045,Not a Hero,PC (Microsoft Windows),14,1,70.0909,12,69.7073,40
6045,Not a Hero,Mac,14,1,70.0909,12,69.7073,40
6045,Not a Hero,PlayStation 4,14,1,70.0909,12,69.7073,40
6045,Not a Hero,Xbox One,14,1,70.0909,12,69.7073,40
9984,Cogs,Linux,4,NULL,60.0000,1,74.9610,13
9984,Cogs,PC (Microsoft Windows),4,NULL,60.0000,1,74.9610,13
9984,Cogs,Mac,4,NULL,60.0000,1,74.9610,13
9984,Cogs,Android,4,NULL,60.0000,1,74.9610,13
9984,Cogs,iOS,4,NULL,60.0000,1,74.9610,13
127782,Warcraft II: Battle.net Edition,PC (Microsoft Windows),1,NULL,NULL,NULL,85.5968,23
127782,Warcraft II: Battle.net Edition,Mac,1,NULL,NULL,NULL,85.5968,23
9580,Grandia II,PC (Microsoft Windows),21,NULL,74.5000,3,78.0834,46
832,Planescape: Torment,Linux,98,NULL,70.0000,2,89.9728,300
832,Planescape: Torment,PC (Microsoft Windows),98,NULL,70.0000,2,89.9728,300
832,Planescape: Torment,Mac,98,NULL,70.0000,2,89.9728,300
832,Planescape: Torment,iOS,98,NULL,70.0000,2,89.9728,300
135842,Eternal Return,PC (Microsoft Windows),3,NULL,NULL,NULL,72.6253,12
15428,The King of Fighters '97,Android,10,NULL,NULL,NULL,79.6207,49
103338,Daemon X Machina,PC (Microsoft Windows),8,5,70.8000,11,78.8472,60
103338,Daemon X Machina,Nintendo Switch,8,5,70.8000,11,78.8472,60
701,FIFA Soccer 2002: Major League Soccer,PC (Microsoft Windows),12,NULL,NULL,NULL,71.8350,68
20875,Project Highrise,PC (Microsoft Windows),21,1,81.0000,7,66.3637,22
20875,Project Highrise,Mac,21,1,81.0000,7,66.3637,22
20875,Project Highrise,iOS,21,1,81.0000,7,66.3637,22
20875,Project Highrise,PlayStation 4,21,1,81.0000,7,66.3637,22
20875,Project Highrise,Xbox One,21,1,81.0000,7,66.3637,22
20875,Project Highrise,Nintendo Switch,21,1,81.0000,7,66.3637,22
9477,Soldiers: Heroes of World War II,PC (Microsoft Windows),5,NULL,84.3333,3,75.9488,14
6566,Art of Fighting 3: The Path of The Warrior,PC (Microsoft Windows),1,NULL,NULL,NULL,60.8853,11
5042,King's Bounty: Armored Princess,PC (Microsoft Windows),9,NULL,90.0000,2,81.8762,59
5042,King's Bounty: Armored Princess,Mac,9,NULL,90.0000,2,81.8762,59
50199,Metro: Last Light Redux,Linux,59,NULL,NULL,NULL,80.6567,160
50199,Metro: Last Light Redux,PC (Microsoft Windows),59,NULL,NULL,NULL,80.6567,160
50199,Metro: Last Light Redux,Mac,59,NULL,NULL,NULL,80.6567,160
50199,Metro: Last Light Redux,PlayStation 4,59,NULL,NULL,NULL,80.6567,160
50199,Metro: Last Light Redux,Xbox One,59,NULL,NULL,NULL,80.6567,160
50199,Metro: Last Light Redux,Nintendo Switch,59,NULL,NULL,NULL,80.6567,160
6146,Stranglehold,PC (Microsoft Windows),11,NULL,80.2500,6,73.1102,55
9945,Super Crate Box,PC (Microsoft Windows),2,NULL,92.5000,2,64.5893,12
9945,Super Crate Box,Mac,2,NULL,92.5000,2,64.5893,12
9945,Super Crate Box,iOS,2,NULL,92.5000,2,64.5893,12
9945,Super Crate Box,Nintendo Switch,2,NULL,92.5000,2,64.5893,12
429,Call of Juarez,PC (Microsoft Windows),38,NULL,74.6000,4,74.3612,126
90714,Martha Is Dead,PC (Microsoft Windows),1,6,73.7500,4,73.5281,19
90714,Martha Is Dead,PlayStation 4,1,6,73.7500,4,73.5281,19
90714,Martha Is Dead,Xbox One,1,6,73.7500,4,73.5281,19
90714,Martha Is Dead,PlayStation 5,1,6,73.7500,4,73.5281,19
4622,Super Contra,PC (Microsoft Windows),14,NULL,58.3333,3,76.7140,77
121823,Acting Lessons,PC (Microsoft Windows),1,NULL,NULL,NULL,57.7821,12
29,Space Quest II: Vohaul's Revenge,Mac,2,NULL,NULL,NULL,73.3962,21
132083,Everhood,PC (Microsoft Windows),1,NULL,76.6667,4,73.0399,27
132083,Everhood,Nintendo Switch,1,NULL,76.6667,4,73.0399,27
12815,Stories: The Path of Destinies,PC (Microsoft Windows),20,1,70.7500,9,69.3470,84
12815,Stories: The Path of Destinies,PlayStation 4,20,1,70.7500,9,69.3470,84
12815,Stories: The Path of Destinies,Xbox One,20,1,70.7500,9,69.3470,84
27413,Genesis Noir,PC (Microsoft Windows),2,4,76.8333,7,68.9718,20
27413,Genesis Noir,Mac,2,4,76.8333,7,68.9718,20
27413,Genesis Noir,Xbox One,2,4,76.8333,7,68.9718,20
27413,Genesis Noir,Nintendo Switch,2,4,76.8333,7,68.9718,20
4641,The Age of Decadence,PC (Microsoft Windows),7,2,55.0000,2,85.4343,26
2940,Killer Is Dead,PC (Microsoft Windows),25,NULL,56.6000,12,57.7051,70
2940,Killer Is Dead,Xbox One,25,NULL,56.6000,12,57.7051,70
6066,Severed,iOS,15,1,83.9333,16,75.2270,21
6066,Severed,Nintendo Switch,15,1,83.9333,16,75.2270,21
6514,"Monsters, Inc. Scream Team",PC (Microsoft Windows),NULL,NULL,54.0000,1,66.8073,11
4184,Street Racing Syndicate,PC (Microsoft Windows),1,NULL,59.5000,3,55.0566,16
5062,Chaos on Deponia,Linux,24,NULL,80.0000,2,83.4565,87
5062,Chaos on Deponia,PC (Microsoft Windows),24,NULL,80.0000,2,83.4565,87
5062,Chaos on Deponia,Mac,24,NULL,80.0000,2,83.4565,87
5062,Chaos on Deponia,PlayStation 4,24,NULL,80.0000,2,83.4565,87
5062,Chaos on Deponia,Xbox One,24,NULL,80.0000,2,83.4565,87
5062,Chaos on Deponia,Nintendo Switch,24,NULL,80.0000,2,83.4565,87
25581,Iron Harvest,PC (Microsoft Windows),14,26,80.6667,3,70.0062,15
25581,Iron Harvest,PlayStation 4,14,26,80.6667,3,70.0062,15
25581,Iron Harvest,Xbox One,14,26,80.6667,3,70.0062,15
9740,Deus Ex: Human Revolution - Director's Cut,PC (Microsoft Windows),34,1,89.8333,6,89.2352,125
9740,Deus Ex: Human Revolution - Director's Cut,Mac,34,1,89.8333,6,89.2352,125
8979,Puzzle Quest 2,Linux,NULL,NULL,80.5556,11,64.1803,12
8979,Puzzle Quest 2,PC (Microsoft Windows),NULL,NULL,80.5556,11,64.1803,12
1884,Carmageddon TDR 2000,PC (Microsoft Windows),15,NULL,NULL,NULL,80.0095,35
27304,Ys VIII: Lacrimosa of Dana,PC (Microsoft Windows),14,NULL,85.1333,16,89.7966,51
27304,Ys VIII: Lacrimosa of Dana,PlayStation 4,14,NULL,85.1333,16,89.7966,51
27304,Ys VIII: Lacrimosa of Dana,Nintendo Switch,14,NULL,85.1333,16,89.7966,51
27304,Ys VIII: Lacrimosa of Dana,PlayStation 5,14,NULL,85.1333,16,89.7966,51
21972,"The Secret Monster Society: Chapter 1 - Monsters, Fires and Forbidden Forests",PC (Microsoft Windows),10,NULL,NULL,NULL,85.1176,12
21972,"The Secret Monster Society: Chapter 1 - Monsters, Fires and Forbidden Forests",Mac,10,NULL,NULL,NULL,85.1176,12
13548,Utawarerumono: Mask of Deception,PC (Microsoft Windows),NULL,NULL,66.0000,3,80.1269,27
13548,Utawarerumono: Mask of Deception,PlayStation 4,NULL,NULL,66.0000,3,80.1269,27
556,Medal of Honor,Linux,53,NULL,74.4444,14,69.3462,231
556,Medal of Honor,PC (Microsoft Windows),53,NULL,74.4444,14,69.3462,231
13677,Downwell,PC (Microsoft Windows),33,NULL,77.5000,9,76.3931,106
13677,Downwell,Android,33,NULL,77.5000,9,76.3931,106
13677,Downwell,iOS,33,NULL,77.5000,9,76.3931,106
13677,Downwell,PlayStation 4,33,NULL,77.5000,9,76.3931,106
13677,Downwell,Nintendo Switch,33,NULL,77.5000,9,76.3931,106
113102,Sundered: Eldritch Edition,Linux,5,NULL,NULL,NULL,60.3136,14
113102,Sundered: Eldritch Edition,PC (Microsoft Windows),5,NULL,NULL,NULL,60.3136,14
113102,Sundered: Eldritch Edition,Mac,5,NULL,NULL,NULL,60.3136,14
113102,Sundered: Eldritch Edition,PlayStation 4,5,NULL,NULL,NULL,60.3136,14
113102,Sundered: Eldritch Edition,Xbox One,5,NULL,NULL,NULL,60.3136,14
113102,Sundered: Eldritch Edition,Nintendo Switch,5,NULL,NULL,NULL,60.3136,14
7635,Primordia,Linux,21,NULL,65.0000,4,85.6154,50
7635,Primordia,PC (Microsoft Windows),21,NULL,65.0000,4,85.6154,50
7635,Primordia,Mac,21,NULL,65.0000,4,85.6154,50
7635,Primordia,iOS,21,NULL,65.0000,4,85.6154,50
7635,Primordia,Nintendo Switch,21,NULL,65.0000,4,85.6154,50
2924,Broken Sword 5: The Serpent's Curse,Linux,28,4,70.7143,14,72.6233,58
2924,Broken Sword 5: The Serpent's Curse,PC (Microsoft Windows),28,4,70.7143,14,72.6233,58
2924,Broken Sword 5: The Serpent's Curse,Mac,28,4,70.7143,14,72.6233,58
2924,Broken Sword 5: The Serpent's Curse,PlayStation 4,28,4,70.7143,14,72.6233,58
2924,Broken Sword 5: The Serpent's Curse,Xbox One,28,4,70.7143,14,72.6233,58
2924,Broken Sword 5: The Serpent's Curse,Nintendo Switch,28,4,70.7143,14,72.6233,58
86457,The World Next Door,PC (Microsoft Windows),4,1,64.2000,6,59.9770,11
86457,The World Next Door,Mac,4,1,64.2000,6,59.9770,11
86457,The World Next Door,Nintendo Switch,4,1,64.2000,6,59.9770,11
36649,Tropico 6,Linux,46,10,76.5000,8,76.4005,36
36649,Tropico 6,PC (Microsoft Windows),46,10,76.5000,8,76.4005,36
36649,Tropico 6,Mac,46,10,76.5000,8,76.4005,36
36649,Tropico 6,PlayStation 4,46,10,76.5000,8,76.4005,36
36649,Tropico 6,Xbox One,46,10,76.5000,8,76.4005,36
36649,Tropico 6,Nintendo Switch,46,10,76.5000,8,76.4005,36
36649,Tropico 6,PlayStation 5,46,10,76.5000,8,76.4005,36
6044,"Invisible, Inc.",Linux,29,2,85.6000,12,77.5794,58
6044,"Invisible, Inc.",PC (Microsoft Windows),29,2,85.6000,12,77.5794,58
6044,"Invisible, Inc.",Mac,29,2,85.6000,12,77.5794,58
6044,"Invisible, Inc.",iOS,29,2,85.6000,12,77.5794,58
6044,"Invisible, Inc.",PlayStation 4,29,2,85.6000,12,77.5794,58
6044,"Invisible, Inc.",Nintendo Switch,29,2,85.6000,12,77.5794,58
1564,SoulCalibur,Android,20,NULL,40.0000,3,83.2527,97
1564,SoulCalibur,iOS,20,NULL,40.0000,3,83.2527,97
854,Sam & Max: Beyond Time and Space,PC (Microsoft Windows),9,NULL,70.5000,6,79.8617,26
854,Sam & Max: Beyond Time and Space,Xbox One,9,NULL,70.5000,6,79.8617,26
2484,Winning Eleven: Pro Evolution Soccer 2007,PC (Microsoft Windows),25,NULL,73.1667,5,77.6870,115
909,Tom Clancy's Rainbow Six: Vegas,PC (Microsoft Windows),26,NULL,85.7500,5,75.2018,120
2004,Torment: Tides of Numenera,Linux,60,35,82.1364,27,75.3332,51
2004,Torment: Tides of Numenera,PC (Microsoft Windows),60,35,82.1364,27,75.3332,51
2004,Torment: Tides of Numenera,Mac,60,35,82.1364,27,75.3332,51
2004,Torment: Tides of Numenera,PlayStation 4,60,35,82.1364,27,75.3332,51
2004,Torment: Tides of Numenera,Xbox One,60,35,82.1364,27,75.3332,51
36766,Q.U.B.E. 2,PC (Microsoft Windows),18,1,72.8333,7,67.5713,41
36766,Q.U.B.E. 2,PlayStation 4,18,1,72.8333,7,67.5713,41
36766,Q.U.B.E. 2,Xbox One,18,1,72.8333,7,67.5713,41
36766,Q.U.B.E. 2,Nintendo Switch,18,1,72.8333,7,67.5713,41
134101,FIFA 21,PC (Microsoft Windows),22,2,72.3750,12,69.2658,81
134101,FIFA 21,PlayStation 4,22,2,72.3750,12,69.2658,81
134101,FIFA 21,Xbox One,22,2,72.3750,12,69.2658,81
134101,FIFA 21,PlayStation 5,22,2,72.3750,12,69.2658,81
3227,Nuclear Throne,Linux,29,2,84.0000,6,69.8405,78
3227,Nuclear Throne,PC (Microsoft Windows),29,2,84.0000,6,69.8405,78
3227,Nuclear Throne,Mac,29,2,84.0000,6,69.8405,78
3227,Nuclear Throne,PlayStation 4,29,2,84.0000,6,69.8405,78
3227,Nuclear Throne,Xbox One,29,2,84.0000,6,69.8405,78
3227,Nuclear Throne,Nintendo Switch,29,2,84.0000,6,69.8405,78
5421,Microsoft Minesweeper,PC (Microsoft Windows),11,1,NULL,NULL,68.2334,67
18454,Goetia,Linux,7,NULL,90.0000,1,70.7877,18
18454,Goetia,PC (Microsoft Windows),7,NULL,90.0000,1,70.7877,18
18454,Goetia,Mac,7,NULL,90.0000,1,70.7877,18
18454,Goetia,PlayStation 4,7,NULL,90.0000,1,70.7877,18
18454,Goetia,Xbox One,7,NULL,90.0000,1,70.7877,18
18454,Goetia,Nintendo Switch,7,NULL,90.0000,1,70.7877,18
1830,Mars: War Logs,PC (Microsoft Windows),6,NULL,65.0000,4,65.8673,26
13558,The Legend of Heroes: Trails of Cold Steel II,PC (Microsoft Windows),15,NULL,80.8182,12,81.9417,28
13558,The Legend of Heroes: Trails of Cold Steel II,PlayStation 4,15,NULL,80.8182,12,81.9417,28
11492,Mafia III,PC (Microsoft Windows),198,45,67.8261,28,67.1461,364
11492,Mafia III,Mac,198,45,67.8261,28,67.1461,364
11492,Mafia III,PlayStation 4,198,45,67.8261,28,67.1461,364
11492,Mafia III,Xbox One,198,45,67.8261,28,67.1461,364
80916,Omensight,PC (Microsoft Windows),26,3,78.7500,9,79.6865,28
80916,Omensight,PlayStation 4,26,3,78.7500,9,79.6865,28
80916,Omensight,Xbox One,26,3,78.7500,9,79.6865,28
80916,Omensight,Nintendo Switch,26,3,78.7500,9,79.6865,28
3598,Shadow Man,PC (Microsoft Windows),10,NULL,70.0000,1,72.0168,33
1265,PlanetSide 2,PC (Microsoft Windows),27,NULL,82.5714,11,71.1014,88
1265,PlanetSide 2,PlayStation 4,27,NULL,82.5714,11,71.1014,88
9054,Threes!,Android,7,NULL,82.6667,3,82.3310,20
9054,Threes!,iOS,7,NULL,82.6667,3,82.3310,20
9054,Threes!,Xbox One,7,NULL,82.6667,3,82.3310,20
9054,Threes!,Web browser,7,NULL,82.6667,3,82.3310,20
18819,NBA 2K17,PC (Microsoft Windows),19,2,85.0000,14,80.8812,46
18819,NBA 2K17,PlayStation 4,19,2,85.0000,14,80.8812,46
18819,NBA 2K17,Xbox One,19,2,85.0000,14,80.8812,46
21892,Fallout 3: Game of the Year Edition,PC (Microsoft Windows),40,NULL,92.0000,1,91.9579,138
113431,Ys IX: Monstrum Nox,PC (Microsoft Windows),1,5,84.0000,8,79.9994,17
113431,Ys IX: Monstrum Nox,PlayStation 4,1,5,84.0000,8,79.9994,17
113431,Ys IX: Monstrum Nox,Nintendo Switch,1,5,84.0000,8,79.9994,17
113431,Ys IX: Monstrum Nox,PlayStation 5,1,5,84.0000,8,79.9994,17
144725,Necromunda: Hired Gun,PC (Microsoft Windows),3,4,61.7500,5,67.0150,15
144725,Necromunda: Hired Gun,PlayStation 4,3,4,61.7500,5,67.0150,15
144725,Necromunda: Hired Gun,Xbox One,3,4,61.7500,5,67.0150,15
144725,Necromunda: Hired Gun,PlayStation 5,3,4,61.7500,5,67.0150,15
11669,Vane,PC (Microsoft Windows),18,11,48.4286,8,54.8951,13
11669,Vane,PlayStation 4,18,11,48.4286,8,54.8951,13
76725,Freddy Fazbear's Pizzeria Simulator,PC (Microsoft Windows),8,NULL,NULL,NULL,79.6487,24
284,Wolfenstein 3D,PC (Microsoft Windows),83,NULL,56.0000,1,77.7380,278
284,Wolfenstein 3D,Mac,83,NULL,56.0000,1,77.7380,278
284,Wolfenstein 3D,iOS,83,NULL,56.0000,1,77.7380,278
284,Wolfenstein 3D,Xbox One,83,NULL,56.0000,1,77.7380,278
284,Wolfenstein 3D,Web browser,83,NULL,56.0000,1,77.7380,278
1280,Breath of Fire IV,PC (Microsoft Windows),17,NULL,80.0000,1,84.0444,62
27359,Tower of Time,Linux,4,NULL,78.3333,4,70.1331,19
27359,Tower of Time,PC (Microsoft Windows),4,NULL,78.3333,4,70.1331,19
27359,Tower of Time,iOS,4,NULL,78.3333,4,70.1331,19
27359,Tower of Time,PlayStation 4,4,NULL,78.3333,4,70.1331,19
27359,Tower of Time,Xbox One,4,NULL,78.3333,4,70.1331,19
27359,Tower of Time,Nintendo Switch,4,NULL,78.3333,4,70.1331,19
3585,Re-Volt,Linux,29,NULL,NULL,NULL,77.9134,76
3585,Re-Volt,PC (Microsoft Windows),29,NULL,NULL,NULL,77.9134,76
3585,Re-Volt,Android,29,NULL,NULL,NULL,77.9134,76
3585,Re-Volt,iOS,29,NULL,NULL,NULL,77.9134,76
7324,NHL 15,PlayStation 4,6,1,62.2222,9,75.0685,20
7324,NHL 15,Xbox One,6,1,62.2222,9,75.0685,20
1257,South Park,PC (Microsoft Windows),5,NULL,41.0000,1,52.1233,39
114286,Madden NFL 20,PC (Microsoft Windows),6,1,75.5000,9,68.3748,23
114286,Madden NFL 20,PlayStation 4,6,1,75.5000,9,68.3748,23
114286,Madden NFL 20,Xbox One,6,1,75.5000,9,68.3748,23
44143,Hand Simulator,PC (Microsoft Windows),2,NULL,NULL,NULL,67.2517,18
14702,Cibele,PC (Microsoft Windows),4,NULL,65.6667,4,64.8585,14
14702,Cibele,Mac,4,NULL,65.6667,4,64.8585,14
274,Tropico,PC (Microsoft Windows),13,NULL,82.0000,2,81.7910,45
274,Tropico,Mac,13,NULL,82.0000,2,81.7910,45
134581,Marvel's Spider-Man: Miles Morales,PC (Microsoft Windows),30,4,88.6250,19,79.8195,266
134581,Marvel's Spider-Man: Miles Morales,PlayStation 4,30,4,88.6250,19,79.8195,266
134581,Marvel's Spider-Man: Miles Morales,PlayStation 5,30,4,88.6250,19,79.8195,266
3818,Bionicle Heroes,PC (Microsoft Windows),3,NULL,52.2500,5,56.6321,15
9418,Back to Bed,Linux,4,NULL,72.0000,1,67.9863,25
9418,Back to Bed,PC (Microsoft Windows),4,NULL,72.0000,1,67.9863,25
9418,Back to Bed,Mac,4,NULL,72.0000,1,67.9863,25
9418,Back to Bed,Android,4,NULL,72.0000,1,67.9863,25
9418,Back to Bed,iOS,4,NULL,72.0000,1,67.9863,25
9418,Back to Bed,PlayStation 4,4,NULL,72.0000,1,67.9863,25
9418,Back to Bed,Nintendo Switch,4,NULL,72.0000,1,67.9863,25
750,Homeworld 2,PC (Microsoft Windows),16,NULL,75.0000,3,87.4730,31
750,Homeworld 2,Mac,16,NULL,75.0000,3,87.4730,31
61616,Thief Simulator,PC (Microsoft Windows),7,NULL,NULL,NULL,65.8724,21
61616,Thief Simulator,Mac,7,NULL,NULL,NULL,65.8724,21
61616,Thief Simulator,PlayStation 4,7,NULL,NULL,NULL,65.8724,21
61616,Thief Simulator,Xbox One,7,NULL,NULL,NULL,65.8724,21
61616,Thief Simulator,Nintendo Switch,7,NULL,NULL,NULL,65.8724,21
53818,Tomb Raider: Game of the Year Edition,PC (Microsoft Windows),8,NULL,NULL,NULL,87.3642,28
107237,Reigns: Game of Thrones,Linux,6,NULL,73.7500,5,61.0290,15
107237,Reigns: Game of Thrones,PC (Microsoft Windows),6,NULL,73.7500,5,61.0290,15
107237,Reigns: Game of Thrones,Mac,6,NULL,73.7500,5,61.0290,15
107237,Reigns: Game of Thrones,Android,6,NULL,73.7500,5,61.0290,15
107237,Reigns: Game of Thrones,iOS,6,NULL,73.7500,5,61.0290,15
107237,Reigns: Game of Thrones,Nintendo Switch,6,NULL,73.7500,5,61.0290,15
141568,Myst,PC (Microsoft Windows),1,NULL,71.0000,3,84.2869,17
141568,Myst,Mac,1,NULL,71.0000,3,84.2869,17
141568,Myst,Xbox One,1,NULL,71.0000,3,84.2869,17
3962,Kao the Kangaroo: Round 2,PC (Microsoft Windows),5,NULL,NULL,NULL,79.8175,20
13215,Cossacks 3,Linux,15,5,80.0000,2,66.4272,17
13215,Cossacks 3,PC (Microsoft Windows),15,5,80.0000,2,66.4272,17
13215,Cossacks 3,Mac,15,5,80.0000,2,66.4272,17
26,X-COM: Apocalypse,PC (Microsoft Windows),4,NULL,NULL,NULL,78.5767,12
6032,Borderlands: The Pre-Sequel,Linux,102,7,75.4667,16,73.1440,305
6032,Borderlands: The Pre-Sequel,PC (Microsoft Windows),102,7,75.4667,16,73.1440,305
6032,Borderlands: The Pre-Sequel,Mac,102,7,75.4667,16,73.1440,305
6032,Borderlands: The Pre-Sequel,Android,102,7,75.4667,16,73.1440,305
6032,Borderlands: The Pre-Sequel,PlayStation 4,102,7,75.4667,16,73.1440,305
6032,Borderlands: The Pre-Sequel,Xbox One,102,7,75.4667,16,73.1440,305
6032,Borderlands: The Pre-Sequel,Nintendo Switch,102,7,75.4667,16,73.1440,305
12268,Winter Games,Mac,3,NULL,90.0000,1,60.1434,28
10681,Alwa's Awakening,Linux,16,5,74.6000,7,80.0985,11
10681,Alwa's Awakening,PC (Microsoft Windows),16,5,74.6000,7,80.0985,11
10681,Alwa's Awakening,Mac,16,5,74.6000,7,80.0985,11
10681,Alwa's Awakening,PlayStation 4,16,5,74.6000,7,80.0985,11
10681,Alwa's Awakening,Xbox One,16,5,74.6000,7,80.0985,11
10681,Alwa's Awakening,Nintendo Switch,16,5,74.6000,7,80.0985,11
18723,Frog Fractions,Web browser,3,NULL,NULL,NULL,70.4645,12
6556,Art of Fighting 2,PC (Microsoft Windows),3,NULL,NULL,NULL,59.4292,21
6556,Art of Fighting 2,Nintendo Switch,3,NULL,NULL,NULL,59.4292,21
1410,Metal Slug 5,PC (Microsoft Windows),12,NULL,50.0000,1,80.1922,61
5982,Pirates of the Caribbean,PC (Microsoft Windows),19,NULL,49.3333,5,80.9548,45
1046,Star Control II,Linux,3,NULL,NULL,NULL,96.4997,16
1046,Star Control II,PC (Microsoft Windows),3,NULL,NULL,NULL,96.4997,16
1046,Star Control II,Mac,3,NULL,NULL,NULL,96.4997,16
74904,Amid Evil,PC (Microsoft Windows),9,NULL,88.6667,4,85.3859,32
2487,Dragonsphere,Linux,5,NULL,NULL,NULL,63.0016,11
2487,Dragonsphere,PC (Microsoft Windows),5,NULL,NULL,NULL,63.0016,11
2487,Dragonsphere,Mac,5,NULL,NULL,NULL,63.0016,11
1270,Darksiders,Linux,117,NULL,81.6250,11,79.0059,375
1270,Darksiders,PC (Microsoft Windows),117,NULL,81.6250,11,79.0059,375
27028,Deemo,Android,5,NULL,NULL,NULL,89.6720,18
27028,Deemo,iOS,5,NULL,NULL,NULL,89.6720,18
27028,Deemo,Nintendo Switch,5,NULL,NULL,NULL,89.6720,18
6854,R-Type II,Android,3,NULL,NULL,NULL,76.4801,14
596,American Conquest,PC (Microsoft Windows),7,NULL,90.0000,2,68.6264,11
4101,Second Sight,PC (Microsoft Windows),19,NULL,72.6000,5,80.1390,34
18037,Ever17: The Out of Infinity,PC (Microsoft Windows),8,NULL,NULL,NULL,83.1986,25
18037,Ever17: The Out of Infinity,Android,8,NULL,NULL,NULL,83.1986,25
18037,Ever17: The Out of Infinity,iOS,8,NULL,NULL,NULL,83.1986,25
15444,Homeworld: Deserts of Kharak,PC (Microsoft Windows),14,NULL,85.0000,8,82.3192,20
15444,Homeworld: Deserts of Kharak,Mac,14,NULL,85.0000,8,82.3192,20
25358,Deus Ex: Game of the Year Edition,PC (Microsoft Windows),16,NULL,NULL,NULL,89.5438,44
9715,Castlevania: Lords of Shadow - Mirror of Fate HD,PC (Microsoft Windows),11,NULL,80.0000,1,71.3376,30
9014,Quadrilateral Cowboy,Linux,8,1,84.2308,16,88.2565,14
9014,Quadrilateral Cowboy,PC (Microsoft Windows),8,1,84.2308,16,88.2565,14
9014,Quadrilateral Cowboy,Mac,8,1,84.2308,16,88.2565,14
25964,Icey,PC (Microsoft Windows),7,NULL,76.8571,8,77.8989,21
25964,Icey,Mac,7,NULL,76.8571,8,77.8989,21
25964,Icey,Android,7,NULL,76.8571,8,77.8989,21
25964,Icey,iOS,7,NULL,76.8571,8,77.8989,21
25964,Icey,PlayStation 4,7,NULL,76.8571,8,77.8989,21
25964,Icey,Nintendo Switch,7,NULL,76.8571,8,77.8989,21
6732,Rise & Shine,Linux,27,2,60.3000,11,72.9277,22
6732,Rise & Shine,PC (Microsoft Windows),27,2,60.3000,11,72.9277,22
6732,Rise & Shine,Mac,27,2,60.3000,11,72.9277,22
6732,Rise & Shine,PlayStation 4,27,2,60.3000,11,72.9277,22
6732,Rise & Shine,Xbox One,27,2,60.3000,11,72.9277,22
6732,Rise & Shine,Nintendo Switch,27,2,60.3000,11,72.9277,22
24863,Wasteland 3,Linux,25,29,87.1111,12,82.0126,65
24863,Wasteland 3,PC (Microsoft Windows),25,29,87.1111,12,82.0126,65
24863,Wasteland 3,Mac,25,29,87.1111,12,82.0126,65
24863,Wasteland 3,PlayStation 4,25,29,87.1111,12,82.0126,65
24863,Wasteland 3,Xbox One,25,29,87.1111,12,82.0126,65
22422,Sexy Beach 3,PC (Microsoft Windows),50,NULL,NULL,NULL,71.6923,22
19961,Q.U.B.E: Director's Cut,Linux,6,NULL,80.0000,5,70.6478,15
19961,Q.U.B.E: Director's Cut,PC (Microsoft Windows),6,NULL,80.0000,5,70.6478,15
19961,Q.U.B.E: Director's Cut,Mac,6,NULL,80.0000,5,70.6478,15
19961,Q.U.B.E: Director's Cut,PlayStation 4,6,NULL,80.0000,5,70.6478,15
19961,Q.U.B.E: Director's Cut,Xbox One,6,NULL,80.0000,5,70.6478,15
862,Sam & Max: Save the World,PC (Microsoft Windows),10,NULL,82.2222,2,73.9434,41
25364,Heroes of Might and Magic IV: Complete Edition,PC (Microsoft Windows),1,NULL,NULL,NULL,81.6263,11
9282,Messiah,PC (Microsoft Windows),8,NULL,NULL,NULL,75.8647,11
135451,Crash Bandicoot: Warped,PC (Microsoft Windows),1,NULL,NULL,NULL,80.5858,16
135451,Crash Bandicoot: Warped,PlayStation 4,1,NULL,NULL,NULL,80.5858,16
135451,Crash Bandicoot: Warped,Xbox One,1,NULL,NULL,NULL,80.5858,16
135451,Crash Bandicoot: Warped,Nintendo Switch,1,NULL,NULL,NULL,80.5858,16
5716,Advent Rising,PC (Microsoft Windows),10,NULL,68.7500,5,79.6423,21
116156,Solar Ash,PC (Microsoft Windows),5,24,81.8571,10,72.3137,12
116156,Solar Ash,PlayStation 4,5,24,81.8571,10,72.3137,12
116156,Solar Ash,Xbox One,5,24,81.8571,10,72.3137,12
116156,Solar Ash,Nintendo Switch,5,24,81.8571,10,72.3137,12
116156,Solar Ash,PlayStation 5,5,24,81.8571,10,72.3137,12
9817,Dark Fall,PC (Microsoft Windows),6,NULL,62.0000,2,77.7654,11
5622,Anachronox,PC (Microsoft Windows),9,NULL,70.0000,1,76.4203,29
86148,Celeste Classic,Linux,2,NULL,NULL,NULL,79.8400,15
86148,Celeste Classic,PC (Microsoft Windows),2,NULL,NULL,NULL,79.8400,15
86148,Celeste Classic,Mac,2,NULL,NULL,NULL,79.8400,15
86148,Celeste Classic,Web browser,2,NULL,NULL,NULL,79.8400,15
86148,Celeste Classic,Nintendo Switch,2,NULL,NULL,NULL,79.8400,15
6176,Still Life 2,PC (Microsoft Windows),8,NULL,NULL,NULL,54.9483,25
6176,Still Life 2,Mac,8,NULL,NULL,NULL,54.9483,25
11679,Lula: The Sexy Empire,PC (Microsoft Windows),15,NULL,80.0000,1,70.0312,20
5523,Reus,Linux,9,NULL,75.0000,6,63.5993,35
5523,Reus,PC (Microsoft Windows),9,NULL,75.0000,6,63.5993,35
5523,Reus,Mac,9,NULL,75.0000,6,63.5993,35
5523,Reus,PlayStation 4,9,NULL,75.0000,6,63.5993,35
5523,Reus,Xbox One,9,NULL,75.0000,6,63.5993,35
10,Jade Empire: Special Edition,PC (Microsoft Windows),37,NULL,80.0000,3,80.4809,65
10,Jade Empire: Special Edition,Mac,37,NULL,80.0000,3,80.4809,65
10,Jade Empire: Special Edition,Android,37,NULL,80.0000,3,80.4809,65
10,Jade Empire: Special Edition,iOS,37,NULL,80.0000,3,80.4809,65
2614,Constructor,PC (Microsoft Windows),8,NULL,NULL,NULL,78.7043,15
79,Stubbs the Zombie in Rebel Without a Pulse,PC (Microsoft Windows),14,NULL,62.5000,6,72.5014,32
79,Stubbs the Zombie in Rebel Without a Pulse,Mac,14,NULL,62.5000,6,72.5014,32
79,Stubbs the Zombie in Rebel Without a Pulse,PlayStation 4,14,NULL,62.5000,6,72.5014,32
79,Stubbs the Zombie in Rebel Without a Pulse,Xbox One,14,NULL,62.5000,6,72.5014,32
79,Stubbs the Zombie in Rebel Without a Pulse,Nintendo Switch,14,NULL,62.5000,6,72.5014,32
7025,Jurassic Park: The Game,PC (Microsoft Windows),8,NULL,61.2500,4,69.4609,43
7025,Jurassic Park: The Game,Mac,8,NULL,61.2500,4,69.4609,43
7025,Jurassic Park: The Game,iOS,8,NULL,61.2500,4,69.4609,43
96027,Red Faction: Guerrilla Re-Mars-tered,PC (Microsoft Windows),2,NULL,68.2857,7,66.7671,13
96027,Red Faction: Guerrilla Re-Mars-tered,PlayStation 4,2,NULL,68.2857,7,66.7671,13
96027,Red Faction: Guerrilla Re-Mars-tered,Xbox One,2,NULL,68.2857,7,66.7671,13
96027,Red Faction: Guerrilla Re-Mars-tered,Nintendo Switch,2,NULL,68.2857,7,66.7671,13
7405,Everybody's Gone to the Rapture,PC (Microsoft Windows),52,7,78.8182,14,73.0142,152
7405,Everybody's Gone to the Rapture,PlayStation 4,52,7,78.8182,14,73.0142,152
5126,Rogue Trooper,PC (Microsoft Windows),11,NULL,76.0000,4,79.9750,26
46986,StarCraft II: Trilogy,PC (Microsoft Windows),1,NULL,NULL,NULL,91.5007,23
78536,Beholder 2,Linux,6,2,89.6667,3,77.4707,22
78536,Beholder 2,PC (Microsoft Windows),6,2,89.6667,3,77.4707,22
78536,Beholder 2,Mac,6,2,89.6667,3,77.4707,22
78536,Beholder 2,PlayStation 4,6,2,89.6667,3,77.4707,22
78536,Beholder 2,Xbox One,6,2,89.6667,3,77.4707,22
78536,Beholder 2,Nintendo Switch,6,2,89.6667,3,77.4707,22
113512,What Never Was,Linux,5,NULL,NULL,NULL,69.2933,21
113512,What Never Was,PC (Microsoft Windows),5,NULL,NULL,NULL,69.2933,21
797,Myst III: Exile,PC (Microsoft Windows),13,NULL,NULL,NULL,87.5565,45
797,Myst III: Exile,Mac,13,NULL,NULL,NULL,87.5565,45
36952,Wolfenstein II: The New Colossus,PC (Microsoft Windows),205,14,86.5455,27,82.1069,462
36952,Wolfenstein II: The New Colossus,PlayStation 4,205,14,86.5455,27,82.1069,462
36952,Wolfenstein II: The New Colossus,Xbox One,205,14,86.5455,27,82.1069,462
36952,Wolfenstein II: The New Colossus,Nintendo Switch,205,14,86.5455,27,82.1069,462
119313,Fall Guys,PC (Microsoft Windows),289,3,76.6000,15,75.4752,359
119313,Fall Guys,PlayStation 4,289,3,76.6000,15,75.4752,359
119313,Fall Guys,Xbox One,289,3,76.6000,15,75.4752,359
119313,Fall Guys,Nintendo Switch,289,3,76.6000,15,75.4752,359
119313,Fall Guys,PlayStation 5,289,3,76.6000,15,75.4752,359
951,Carmageddon II: Carpocalypse Now,PC (Microsoft Windows),17,NULL,NULL,NULL,79.2120,75
951,Carmageddon II: Carpocalypse Now,Mac,17,NULL,NULL,NULL,79.2120,75
97257,Tails Noir,Linux,1,8,77.5000,4,68.2432,17
97257,Tails Noir,PC (Microsoft Windows),1,8,77.5000,4,68.2432,17
97257,Tails Noir,Mac,1,8,77.5000,4,68.2432,17
97257,Tails Noir,PlayStation 4,1,8,77.5000,4,68.2432,17
97257,Tails Noir,Xbox One,1,8,77.5000,4,68.2432,17
97257,Tails Noir,Nintendo Switch,1,8,77.5000,4,68.2432,17
97257,Tails Noir,PlayStation 5,1,8,77.5000,4,68.2432,17
134583,Forspoken,PC (Microsoft Windows),7,49,67.3333,10,61.6121,12
134583,Forspoken,PlayStation 5,7,49,67.3333,10,61.6121,12
135450,Crash Bandicoot 2: Cortex Strikes Back,PC (Microsoft Windows),1,NULL,NULL,NULL,82.9988,17
135450,Crash Bandicoot 2: Cortex Strikes Back,PlayStation 4,1,NULL,NULL,NULL,82.9988,17
135450,Crash Bandicoot 2: Cortex Strikes Back,Xbox One,1,NULL,NULL,NULL,82.9988,17
135450,Crash Bandicoot 2: Cortex Strikes Back,Nintendo Switch,1,NULL,NULL,NULL,82.9988,17
28059,Microsoft Solitaire Collection,PC (Microsoft Windows),4,NULL,NULL,NULL,70.0670,13
28059,Microsoft Solitaire Collection,Android,4,NULL,NULL,NULL,70.0670,13
28059,Microsoft Solitaire Collection,iOS,4,NULL,NULL,NULL,70.0670,13
28059,Microsoft Solitaire Collection,Web browser,4,NULL,NULL,NULL,70.0670,13
54538,Magic: The Gathering Arena,PC (Microsoft Windows),14,3,84.5000,5,75.6883,44
54538,Magic: The Gathering Arena,Mac,14,3,84.5000,5,75.6883,44
54538,Magic: The Gathering Arena,Android,14,3,84.5000,5,75.6883,44
1913,Lost Planet: Extreme Condition,PC (Microsoft Windows),12,NULL,74.2000,6,70.2694,78
660,Darkstone,PC (Microsoft Windows),4,NULL,NULL,NULL,68.3940,15
7647,Yesterday,PC (Microsoft Windows),6,NULL,67.5000,2,68.0073,29
7647,Yesterday,iOS,6,NULL,67.5000,2,68.0073,29
5408,The Book of Unwritten Tales,PC (Microsoft Windows),12,NULL,50.0000,1,80.5897,45
5408,The Book of Unwritten Tales,Mac,12,NULL,50.0000,1,80.5897,45
721,Freedom Force vs. The 3rd Reich,PC (Microsoft Windows),5,NULL,97.0000,1,88.7426,13
74159,Forza Horizon 2 Presents Fast & Furious,Xbox One,5,NULL,NULL,NULL,79.9062,11
812,NFL Blitz,PC (Microsoft Windows),1,NULL,80.0000,1,79.8595,12
116685,Heave Ho,PC (Microsoft Windows),1,2,80.0000,2,72.9295,16
116685,Heave Ho,Mac,1,2,80.0000,2,72.9295,16
116685,Heave Ho,Nintendo Switch,1,2,80.0000,2,72.9295,16
27994,Blossom Tales: The Sleeping King,PC (Microsoft Windows),6,NULL,79.7500,5,79.9467,12
27994,Blossom Tales: The Sleeping King,Nintendo Switch,6,NULL,79.7500,5,79.9467,12
7610,Game of Thrones: A Telltale Games Series,PC (Microsoft Windows),95,1,75.0196,59,70.2241,300
7610,Game of Thrones: A Telltale Games Series,Mac,95,1,75.0196,59,70.2241,300
7610,Game of Thrones: A Telltale Games Series,Android,95,1,75.0196,59,70.2241,300
7610,Game of Thrones: A Telltale Games Series,iOS,95,1,75.0196,59,70.2241,300
7610,Game of Thrones: A Telltale Games Series,PlayStation 4,95,1,75.0196,59,70.2241,300
7610,Game of Thrones: A Telltale Games Series,Xbox One,95,1,75.0196,59,70.2241,300
21074,Shin Megami Tensei,PC (Microsoft Windows),12,NULL,70.0000,1,70.5703,26
21074,Shin Megami Tensei,Nintendo Switch,12,NULL,70.0000,1,70.5703,26
313,SWAT 3: Close Quarters Battle,PC (Microsoft Windows),10,NULL,NULL,NULL,80.8151,25
9694,Danganronpa 2: Goodbye Despair,Linux,41,NULL,85.0000,10,83.5886,194
9694,Danganronpa 2: Goodbye Despair,PC (Microsoft Windows),41,NULL,85.0000,10,83.5886,194
9694,Danganronpa 2: Goodbye Despair,Mac,41,NULL,85.0000,10,83.5886,194
9694,Danganronpa 2: Goodbye Despair,Nintendo Switch,41,NULL,85.0000,10,83.5886,194
7574,FIFA 15,PlayStation 4,70,2,81.4667,14,72.3216,240
7574,FIFA 15,Xbox One,70,2,81.4667,14,72.3216,240
5540,Moebius: Empire Rising,Linux,4,2,50.0000,3,79.9613,11
5540,Moebius: Empire Rising,PC (Microsoft Windows),4,2,50.0000,3,79.9613,11
5540,Moebius: Empire Rising,Mac,4,2,50.0000,3,79.9613,11
5540,Moebius: Empire Rising,Android,4,2,50.0000,3,79.9613,11
5540,Moebius: Empire Rising,iOS,4,2,50.0000,3,79.9613,11
107927,The Longing,Linux,1,NULL,70.0000,1,69.3745,11
107927,The Longing,PC (Microsoft Windows),1,NULL,70.0000,1,69.3745,11
107927,The Longing,Mac,1,NULL,70.0000,1,69.3745,11
107927,The Longing,Nintendo Switch,1,NULL,70.0000,1,69.3745,11
21760,Metal Slug XX,PC (Microsoft Windows),3,NULL,73.0000,3,76.9072,18
21760,Metal Slug XX,PlayStation 4,3,NULL,73.0000,3,76.9072,18
3025,Middle-earth: Shadow of Mordor,Linux,401,17,83.8889,20,80.1795,1096
3025,Middle-earth: Shadow of Mordor,PC (Microsoft Windows),401,17,83.8889,20,80.1795,1096
3025,Middle-earth: Shadow of Mordor,Mac,401,17,83.8889,20,80.1795,1096
3025,Middle-earth: Shadow of Mordor,PlayStation 4,401,17,83.8889,20,80.1795,1096
3025,Middle-earth: Shadow of Mordor,Xbox One,401,17,83.8889,20,80.1795,1096
119422,eFootball PES 2020,PC (Microsoft Windows),21,2,77.4286,10,69.5617,53
119422,eFootball PES 2020,PlayStation 4,21,2,77.4286,10,69.5617,53
119422,eFootball PES 2020,Xbox One,21,2,77.4286,10,69.5617,53
7083,Ultima IX: Ascension,PC (Microsoft Windows),1,NULL,50.0000,1,74.8205,13
7592,Space Rangers,PC (Microsoft Windows),5,NULL,90.0000,1,87.8783,19
18366,Sniper Elite 4,PC (Microsoft Windows),64,9,76.2105,23,73.0841,126
18366,Sniper Elite 4,PlayStation 4,64,9,76.2105,23,73.0841,126
18366,Sniper Elite 4,Xbox One,64,9,76.2105,23,73.0841,126
18366,Sniper Elite 4,Nintendo Switch,64,9,76.2105,23,73.0841,126
26165,Marvel's Guardians of the Galaxy: The Telltale Series,PC (Microsoft Windows),36,4,69.0250,6,70.4340,68
26165,Marvel's Guardians of the Galaxy: The Telltale Series,Mac,36,4,69.0250,6,70.4340,68
26165,Marvel's Guardians of the Galaxy: The Telltale Series,Android,36,4,69.0250,6,70.4340,68
26165,Marvel's Guardians of the Galaxy: The Telltale Series,iOS,36,4,69.0250,6,70.4340,68
26165,Marvel's Guardians of the Galaxy: The Telltale Series,PlayStation 4,36,4,69.0250,6,70.4340,68
26165,Marvel's Guardians of the Galaxy: The Telltale Series,Xbox One,36,4,69.0250,6,70.4340,68
15894,Hearts of Iron IV,Linux,44,1,83.8333,7,79.4070,115
15894,Hearts of Iron IV,PC (Microsoft Windows),44,1,83.8333,7,79.4070,115
15894,Hearts of Iron IV,Mac,44,1,83.8333,7,79.4070,115
5857,Guilty Gear Isuka,PC (Microsoft Windows),NULL,NULL,NULL,NULL,58.7806,11
1385,War of the Roses,PC (Microsoft Windows),3,NULL,79.4000,6,43.8607,13
19561,Days Gone,PC (Microsoft Windows),304,131,74.6875,20,80.1903,328
19561,Days Gone,PlayStation 4,304,131,74.6875,20,80.1903,328
2918,Crusader Kings II,Linux,72,NULL,83.5000,2,85.1177,188
2918,Crusader Kings II,PC (Microsoft Windows),72,NULL,83.5000,2,85.1177,188
2918,Crusader Kings II,Mac,72,NULL,83.5000,2,85.1177,188
11393,Chaos;Child,PC (Microsoft Windows),4,NULL,81.6667,6,83.8718,13
11393,Chaos;Child,Android,4,NULL,81.6667,6,83.8718,13
11393,Chaos;Child,iOS,4,NULL,81.6667,6,83.8718,13
11393,Chaos;Child,PlayStation 4,4,NULL,81.6667,6,83.8718,13
11393,Chaos;Child,Xbox One,4,NULL,81.6667,6,83.8718,13
11393,Chaos;Child,Nintendo Switch,4,NULL,81.6667,6,83.8718,13
75184,Superflight,PC (Microsoft Windows),9,NULL,NULL,NULL,70.7574,19
19600,A King's Tale: Final Fantasy XV,PlayStation 4,3,NULL,59.5000,2,69.9379,13
19600,A King's Tale: Final Fantasy XV,Xbox One,3,NULL,59.5000,2,69.9379,13
113905,Catherine Classic,PC (Microsoft Windows),4,NULL,80.0000,1,77.2643,27
217554,Octopath Traveler II,PC (Microsoft Windows),1,2,89.3333,9,89.9574,15
217554,Octopath Traveler II,PlayStation 4,1,2,89.3333,9,89.9574,15
217554,Octopath Traveler II,Xbox One,1,2,89.3333,9,89.9574,15
217554,Octopath Traveler II,Nintendo Switch,1,2,89.3333,9,89.9574,15
217554,Octopath Traveler II,PlayStation 5,1,2,89.3333,9,89.9574,15
8708,Uninvited,PC (Microsoft Windows),2,NULL,NULL,NULL,68.7582,12
8708,Uninvited,Mac,2,NULL,NULL,NULL,68.7582,12
14788,SiN Episodes: Emergence,PC (Microsoft Windows),3,NULL,75.0000,3,73.0830,19
11147,Rare Replay,Xbox One,12,1,86.8571,15,78.0732,20
2640,Halo: Combat Evolved Anniversary,PC (Microsoft Windows),62,NULL,80.0000,8,81.2539,168
2640,Halo: Combat Evolved Anniversary,Xbox One,62,NULL,80.0000,8,81.2539,168
5447,Stonehearth,PC (Microsoft Windows),23,17,NULL,NULL,74.3434,16
152064,Jurassic World Evolution 2,PC (Microsoft Windows),1,1,72.4000,8,70.7099,16
152064,Jurassic World Evolution 2,PlayStation 4,1,1,72.4000,8,70.7099,16
152064,Jurassic World Evolution 2,Xbox One,1,1,72.4000,8,70.7099,16
152064,Jurassic World Evolution 2,PlayStation 5,1,1,72.4000,8,70.7099,16
1655,Final Fight,iOS,28,NULL,NULL,NULL,79.9988,119
10628,Shrek SuperSlam,PC (Microsoft Windows),4,NULL,57.6667,4,64.4580,15
3752,Peggle 2,PlayStation 4,8,NULL,80.6667,8,75.6248,29
3752,Peggle 2,Xbox One,8,NULL,80.6667,8,75.6248,29
11550,Endless Space 2,PC (Microsoft Windows),30,5,80.1429,8,83.9976,46
11550,Endless Space 2,Mac,30,5,80.1429,8,83.9976,46
5542,Tesla Effect: A Tex Murphy Adventure,PC (Microsoft Windows),6,3,68.5000,3,79.0880,18
5542,Tesla Effect: A Tex Murphy Adventure,Mac,6,3,68.5000,3,79.0880,18
278,Runaway: A Road Adventure,PC (Microsoft Windows),16,NULL,NULL,NULL,78.7758,51
8978,Jetpack Joyride,PC (Microsoft Windows),16,NULL,67.0000,3,73.5397,67
8978,Jetpack Joyride,Android,16,NULL,67.0000,3,73.5397,67
8978,Jetpack Joyride,iOS,16,NULL,67.0000,3,73.5397,67
8978,Jetpack Joyride,PlayStation 4,16,NULL,67.0000,3,73.5397,67
8978,Jetpack Joyride,Web browser,16,NULL,67.0000,3,73.5397,67
120170,Solasta: Crown of the Magister,PC (Microsoft Windows),2,4,77.5000,2,73.2160,14
120170,Solasta: Crown of the Magister,Mac,2,4,77.5000,2,73.2160,14
120170,Solasta: Crown of the Magister,Xbox One,2,4,77.5000,2,73.2160,14
102163,Dawn of Man,PC (Microsoft Windows),10,2,70.0000,1,71.5436,34
102163,Dawn of Man,Mac,10,2,70.0000,1,71.5436,34
102163,Dawn of Man,PlayStation 4,10,2,70.0000,1,71.5436,34
102163,Dawn of Man,Xbox One,10,2,70.0000,1,71.5436,34
103222,Totally Accurate Battlegrounds,PC (Microsoft Windows),7,NULL,NULL,NULL,59.1679,15
93620,Minecraft: PlayStation 4 Edition,PlayStation 4,4,NULL,NULL,NULL,75.9732,11
3976,The Maw,PC (Microsoft Windows),3,1,78.0000,4,67.2909,13
27857,Assassin's Creed II: Deluxe Edition,PC (Microsoft Windows),5,NULL,NULL,NULL,94.6425,16
27857,Assassin's Creed II: Deluxe Edition,Mac,5,NULL,NULL,NULL,94.6425,16
27857,Assassin's Creed II: Deluxe Edition,iOS,5,NULL,NULL,NULL,94.6425,16
97690,Paratopic,Linux,1,NULL,NULL,NULL,77.9802,17
97690,Paratopic,PC (Microsoft Windows),1,NULL,NULL,NULL,77.9802,17
97690,Paratopic,Mac,1,NULL,NULL,NULL,77.9802,17
97690,Paratopic,Xbox One,1,NULL,NULL,NULL,77.9802,17
97690,Paratopic,Nintendo Switch,1,NULL,NULL,NULL,77.9802,17
11238,"Cook, Serve, Delicious!",Linux,11,NULL,NULL,NULL,83.7597,32
11238,"Cook, Serve, Delicious!",PC (Microsoft Windows),11,NULL,NULL,NULL,83.7597,32
11238,"Cook, Serve, Delicious!",Mac,11,NULL,NULL,NULL,83.7597,32
11238,"Cook, Serve, Delicious!",Android,11,NULL,NULL,NULL,83.7597,32
11238,"Cook, Serve, Delicious!",iOS,11,NULL,NULL,NULL,83.7597,32
11238,"Cook, Serve, Delicious!",PlayStation 4,11,NULL,NULL,NULL,83.7597,32
11238,"Cook, Serve, Delicious!",Xbox One,11,NULL,NULL,NULL,83.7597,32
11238,"Cook, Serve, Delicious!",Nintendo Switch,11,NULL,NULL,NULL,83.7597,32
11238,"Cook, Serve, Delicious!",PlayStation 5,11,NULL,NULL,NULL,83.7597,32
19121,Guacamelee!: Gold Edition,Linux,10,NULL,94.0000,2,89.8466,24
19121,Guacamelee!: Gold Edition,PC (Microsoft Windows),10,NULL,94.0000,2,89.8466,24
19121,Guacamelee!: Gold Edition,Mac,10,NULL,94.0000,2,89.8466,24
152257,Wartales,PC (Microsoft Windows),2,3,83.0000,1,79.9712,14
152257,Wartales,Nintendo Switch,2,3,83.0000,1,79.9712,14
55090,Yakuza Kiwami 2,PC (Microsoft Windows),20,1,85.8182,12,85.8651,102
55090,Yakuza Kiwami 2,PlayStation 4,20,1,85.8182,12,85.8651,102
55090,Yakuza Kiwami 2,Xbox One,20,1,85.8182,12,85.8651,102
11057,WWE 2K16,PC (Microsoft Windows),11,NULL,66.4545,13,70.0290,39
11057,WWE 2K16,PlayStation 4,11,NULL,66.4545,13,70.0290,39
11057,WWE 2K16,Xbox One,11,NULL,66.4545,13,70.0290,39
5050,Nancy Drew: The White Wolf of Icicle Creek,PC (Microsoft Windows),1,NULL,70.0000,1,70.0080,11
8862,Guacamelee! Super Turbo Championship Edition,PC (Microsoft Windows),42,NULL,86.3333,6,81.6291,109
8862,Guacamelee! Super Turbo Championship Edition,PlayStation 4,42,NULL,86.3333,6,81.6291,109
8862,Guacamelee! Super Turbo Championship Edition,Xbox One,42,NULL,86.3333,6,81.6291,109
8862,Guacamelee! Super Turbo Championship Edition,Nintendo Switch,42,NULL,86.3333,6,81.6291,109
126212,Trepang2,PC (Microsoft Windows),NULL,4,83.5000,2,94.8729,11
126212,Trepang2,PlayStation 5,NULL,4,83.5000,2,94.8729,11
5867,Jade Empire,PC (Microsoft Windows),63,NULL,82.5000,3,78.5896,102
5867,Jade Empire,Mac,63,NULL,82.5000,3,78.5896,102
115309,Suzerain,Linux,3,2,72.0000,1,80.1513,17
115309,Suzerain,PC (Microsoft Windows),3,2,72.0000,1,80.1513,17
115309,Suzerain,Mac,3,2,72.0000,1,80.1513,17
115309,Suzerain,Android,3,2,72.0000,1,80.1513,17
115309,Suzerain,iOS,3,2,72.0000,1,80.1513,17
115309,Suzerain,Nintendo Switch,3,2,72.0000,1,80.1513,17
726,Ghost Master,PC (Microsoft Windows),3,NULL,67.0000,3,67.7285,21
726,Ghost Master,Mac,3,NULL,67.0000,3,67.7285,21
111469,Among Us,PC (Microsoft Windows),78,NULL,81.7500,9,72.5174,324
111469,Among Us,Android,78,NULL,81.7500,9,72.5174,324
111469,Among Us,iOS,78,NULL,81.7500,9,72.5174,324
111469,Among Us,PlayStation 4,78,NULL,81.7500,9,72.5174,324
111469,Among Us,Xbox One,78,NULL,81.7500,9,72.5174,324
111469,Among Us,Nintendo Switch,78,NULL,81.7500,9,72.5174,324
111469,Among Us,PlayStation 5,78,NULL,81.7500,9,72.5174,324
83368,Mindustry,Linux,2,NULL,NULL,NULL,70.2592,11
83368,Mindustry,PC (Microsoft Windows),2,NULL,NULL,NULL,70.2592,11
83368,Mindustry,Mac,2,NULL,NULL,NULL,70.2592,11
83368,Mindustry,Android,2,NULL,NULL,NULL,70.2592,11
83368,Mindustry,iOS,2,NULL,NULL,NULL,70.2592,11
119387,No More Heroes III,PC (Microsoft Windows),3,5,69.4000,8,77.0677,14
119387,No More Heroes III,PlayStation 4,3,5,69.4000,8,77.0677,14
119387,No More Heroes III,Xbox One,3,5,69.4000,8,77.0677,14
119387,No More Heroes III,Nintendo Switch,3,5,69.4000,8,77.0677,14
119387,No More Heroes III,PlayStation 5,3,5,69.4000,8,77.0677,14
27167,Touhou Fuujinroku: Mountain of Faith,PC (Microsoft Windows),3,NULL,NULL,NULL,79.9112,13
9539,Out There,Linux,7,NULL,80.0000,1,75.5286,12
9539,Out There,PC (Microsoft Windows),7,NULL,80.0000,1,75.5286,12
9539,Out There,Mac,7,NULL,80.0000,1,75.5286,12
9539,Out There,Android,7,NULL,80.0000,1,75.5286,12
9539,Out There,iOS,7,NULL,80.0000,1,75.5286,12
19539,Forza Horizon 3,PC (Microsoft Windows),91,10,88.9615,28,83.6233,138
19539,Forza Horizon 3,Xbox One,91,10,88.9615,28,83.6233,138
3817,TMNT,PC (Microsoft Windows),10,NULL,52.7500,2,60.8968,36
1817,Dragon Quest VI: Realms of Revelation,Android,8,NULL,83.0000,4,75.9673,19
1817,Dragon Quest VI: Realms of Revelation,iOS,8,NULL,83.0000,4,75.9673,19
10388,Legends of Eisenwald,PC (Microsoft Windows),3,NULL,67.5000,2,65.7639,12
9795,Pixel Dungeon,PC (Microsoft Windows),7,1,NULL,NULL,79.3966,12
9795,Pixel Dungeon,Android,7,1,NULL,NULL,79.3966,12
9795,Pixel Dungeon,iOS,7,1,NULL,NULL,79.3966,12
163,Star Wars: Rogue Squadron,PC (Microsoft Windows),21,NULL,NULL,NULL,78.8826,97
14247,Super Smash Flash 2,Linux,3,NULL,NULL,NULL,78.9369,12
14247,Super Smash Flash 2,PC (Microsoft Windows),3,NULL,NULL,NULL,78.9369,12
14247,Super Smash Flash 2,Mac,3,NULL,NULL,NULL,78.9369,12
14247,Super Smash Flash 2,Web browser,3,NULL,NULL,NULL,78.9369,12
732,Grand Theft Auto: San Andreas,PC (Microsoft Windows),996,2,93.1429,7,90.5720,2769
732,Grand Theft Auto: San Andreas,Mac,996,2,93.1429,7,90.5720,2769
732,Grand Theft Auto: San Andreas,Android,996,2,93.1429,7,90.5720,2769
732,Grand Theft Auto: San Andreas,iOS,996,2,93.1429,7,90.5720,2769
732,Grand Theft Auto: San Andreas,PlayStation 4,996,2,93.1429,7,90.5720,2769
230,StarCraft,PC (Microsoft Windows),320,NULL,NULL,NULL,88.7136,928
230,StarCraft,Mac,320,NULL,NULL,NULL,88.7136,928
8000,TOCA Championship Racing,PC (Microsoft Windows),3,NULL,NULL,NULL,72.5313,13
231,Half-Life,Linux,797,NULL,80.0000,1,88.8875,2113
231,Half-Life,PC (Microsoft Windows),797,NULL,80.0000,1,88.8875,2113
231,Half-Life,Mac,797,NULL,80.0000,1,88.8875,2113
95340,PUBG Mobile,Android,39,NULL,87.0000,1,62.5932,83
95340,PUBG Mobile,iOS,39,NULL,87.0000,1,62.5932,83
113345,Nier: Automata - Game of the Yorha Edition,PC (Microsoft Windows),3,1,0.0000,2,92.1289,37
113345,Nier: Automata - Game of the Yorha Edition,PlayStation 4,3,1,0.0000,2,92.1289,37
233,Half-Life 2,Linux,903,NULL,91.0000,8,90.7915,2487
233,Half-Life 2,PC (Microsoft Windows),903,NULL,91.0000,8,90.7915,2487
233,Half-Life 2,Mac,903,NULL,91.0000,8,90.7915,2487
233,Half-Life 2,Android,903,NULL,91.0000,8,90.7915,2487
33049,Mandagon,PC (Microsoft Windows),4,NULL,NULL,NULL,64.3748,20
33049,Mandagon,Mac,4,NULL,NULL,NULL,64.3748,20
733,Grand Theft Auto: Vice City,PC (Microsoft Windows),779,1,94.0000,6,87.6897,2187
733,Grand Theft Auto: Vice City,Mac,779,1,94.0000,6,87.6897,2187
126,Diablo II,PC (Microsoft Windows),348,NULL,90.0000,2,88.3436,1126
126,Diablo II,Mac,348,NULL,90.0000,2,88.3436,1126
501,Batman: Arkham City,PC (Microsoft Windows),621,NULL,91.2000,13,87.1133,1959
501,Batman: Arkham City,Nintendo Switch,621,NULL,91.2000,13,87.1133,1959
15457,Ys: Memories of Celceta,PC (Microsoft Windows),7,NULL,81.2222,11,79.8092,29
7882,Madden NFL 15,PlayStation 4,2,NULL,82.5000,13,70.0112,12
7882,Madden NFL 15,Xbox One,2,NULL,82.5000,13,70.0112,12
181,Grim Fandango,PC (Microsoft Windows),162,NULL,NULL,NULL,85.7629,332
4711,Bee Movie Game,PC (Microsoft Windows),5,NULL,51.6000,6,54.9472,12
245,Command & Conquer: Red Alert 2,PC (Microsoft Windows),144,NULL,90.0000,1,87.1851,333
118171,Missed Messages.,Linux,NULL,NULL,NULL,NULL,63.0982,23
118171,Missed Messages.,PC (Microsoft Windows),NULL,NULL,NULL,NULL,63.0982,23
118171,Missed Messages.,Mac,NULL,NULL,NULL,NULL,63.0982,23
130,Warcraft II: Tides of Darkness,PC (Microsoft Windows),115,NULL,92.5000,1,85.4617,309
130,Warcraft II: Tides of Darkness,Mac,115,NULL,92.5000,1,85.4617,309
910,Tom Clancy's Splinter Cell,PC (Microsoft Windows),116,NULL,84.5556,9,82.9672,327
910,Tom Clancy's Splinter Cell,Mac,116,NULL,84.5556,9,82.9672,327
2943,Scribblenauts Unlimited,PC (Microsoft Windows),27,NULL,72.2000,11,72.3478,95
2943,Scribblenauts Unlimited,iOS,27,NULL,72.2000,11,72.3478,95
1048,Hitman: Blood Money,PC (Microsoft Windows),155,1,80.3333,4,83.5597,440
2671,Guitar Hero III: Legends of Rock,PC (Microsoft Windows),69,NULL,83.6667,7,83.9981,302
2671,Guitar Hero III: Legends of Rock,Mac,69,NULL,83.6667,7,83.9981,302
18997,Kathy Rain,PC (Microsoft Windows),19,NULL,81.0000,3,79.0533,42
18997,Kathy Rain,Mac,19,NULL,81.0000,3,79.0533,42
18997,Kathy Rain,iOS,19,NULL,81.0000,3,79.0533,42
6245,Worms Forts: Under Siege,PC (Microsoft Windows),9,NULL,40.0000,1,75.2470,20
74531,Deiland,PC (Microsoft Windows),2,NULL,NULL,NULL,56.3449,16
74531,Deiland,Mac,2,NULL,NULL,NULL,56.3449,16
74531,Deiland,PlayStation 4,2,NULL,NULL,NULL,56.3449,16
11758,Onimusha 3: Demon Siege,PC (Microsoft Windows),19,NULL,82.0000,4,84.5001,69
942,World of Goo,Linux,83,NULL,86.7500,5,79.7246,262
942,World of Goo,PC (Microsoft Windows),83,NULL,86.7500,5,79.7246,262
942,World of Goo,Mac,83,NULL,86.7500,5,79.7246,262
942,World of Goo,Android,83,NULL,86.7500,5,79.7246,262
942,World of Goo,iOS,83,NULL,86.7500,5,79.7246,262
942,World of Goo,Nintendo Switch,83,NULL,86.7500,5,79.7246,262
133917,Metal Gear,PC (Microsoft Windows),NULL,NULL,NULL,NULL,75.4981,12
133917,Metal Gear,Nintendo Switch,NULL,NULL,NULL,NULL,75.4981,12
133917,Metal Gear,PlayStation 5,NULL,NULL,NULL,NULL,75.4981,12
26950,Marvel's Avengers,PC (Microsoft Windows),140,168,72.7692,17,61.7186,112
26950,Marvel's Avengers,PlayStation 4,140,168,72.7692,17,61.7186,112
26950,Marvel's Avengers,Xbox One,140,168,72.7692,17,61.7186,112
26950,Marvel's Avengers,PlayStation 5,140,168,72.7692,17,61.7186,112
8372,Orcs Must Die! 2,PC (Microsoft Windows),23,NULL,82.2500,4,74.9260,86
20509,Zuma Deluxe,PC (Microsoft Windows),4,NULL,75.0000,2,77.5636,27
20509,Zuma Deluxe,Mac,4,NULL,75.0000,2,77.5636,27
20509,Zuma Deluxe,Xbox One,4,NULL,75.0000,2,77.5636,27
2355,Orcs Must Die!,PC (Microsoft Windows),22,NULL,86.2500,5,72.1050,85
334,Zoo Tycoon,PC (Microsoft Windows),24,NULL,68.3333,6,77.9774,76
334,Zoo Tycoon,Mac,24,NULL,68.3333,6,77.9774,76
125,Diablo,PC (Microsoft Windows),155,NULL,NULL,NULL,83.7383,466
125,Diablo,Mac,155,NULL,NULL,NULL,83.7383,466
986,Halo 2,PC (Microsoft Windows),150,NULL,80.6667,7,84.3527,535
986,Halo 2,Xbox One,150,NULL,80.6667,7,84.3527,535
42929,Batman: Arkham Knight - Game of the Year Edition,PlayStation 4,3,NULL,NULL,NULL,91.8434,17
42929,Batman: Arkham Knight - Game of the Year Edition,Xbox One,3,NULL,NULL,NULL,91.8434,17
5627,Nosgoth,PC (Microsoft Windows),16,9,NULL,NULL,67.9253,20
3224,Loadout,PC (Microsoft Windows),15,3,79.0000,4,59.9360,37
3224,Loadout,PlayStation 4,15,3,79.0000,4,59.9360,37
16605,Gears of War: Ultimate Edition,PC (Microsoft Windows),43,NULL,77.7222,19,80.6526,92
16605,Gears of War: Ultimate Edition,Xbox One,43,NULL,77.7222,19,80.6526,92
19853,Duelyst,PC (Microsoft Windows),6,1,82.1429,8,78.8933,13
19853,Duelyst,Mac,6,1,82.1429,8,78.8933,13
2973,The Lord of the Rings: The Return of the King,PC (Microsoft Windows),57,NULL,75.0000,2,76.3956,208
2973,The Lord of the Rings: The Return of the King,Mac,57,NULL,75.0000,2,76.3956,208
2720,Bully,PC (Microsoft Windows),60,1,91.7500,6,80.6955,251
2720,Bully,PlayStation 4,60,1,91.7500,6,80.6955,251
1971,Manhunt,PC (Microsoft Windows),47,NULL,71.6667,3,77.9406,157
1971,Manhunt,PlayStation 4,47,NULL,71.6667,3,77.9406,157
5730,BlackSite: Area 51,PC (Microsoft Windows),8,NULL,58.0000,4,63.2660,25
12523,Faeria,Linux,6,NULL,82.5000,5,78.6177,18
12523,Faeria,PC (Microsoft Windows),6,NULL,82.5000,5,78.6177,18
12523,Faeria,Mac,6,NULL,82.5000,5,78.6177,18
12523,Faeria,Android,6,NULL,82.5000,5,78.6177,18
12523,Faeria,iOS,6,NULL,82.5000,5,78.6177,18
12523,Faeria,PlayStation 4,6,NULL,82.5000,5,78.6177,18
12523,Faeria,Xbox One,6,NULL,82.5000,5,78.6177,18
12523,Faeria,Nintendo Switch,6,NULL,82.5000,5,78.6177,18
500,Batman: Arkham Asylum,PC (Microsoft Windows),696,NULL,89.4000,8,85.8333,2128
500,Batman: Arkham Asylum,Mac,696,NULL,89.4000,8,85.8333,2128
500,Batman: Arkham Asylum,Nintendo Switch,696,NULL,89.4000,8,85.8333,2128
3041,Shining Force,Linux,11,NULL,NULL,NULL,80.0711,37
3041,Shining Force,PC (Microsoft Windows),11,NULL,NULL,NULL,80.0711,37
3041,Shining Force,Mac,11,NULL,NULL,NULL,80.0711,37
3041,Shining Force,iOS,11,NULL,NULL,NULL,80.0711,37
1164,Tomb Raider,Linux,661,NULL,84.6429,15,81.8933,1885
1164,Tomb Raider,PC (Microsoft Windows),661,NULL,84.6429,15,81.8933,1885
1164,Tomb Raider,Mac,661,NULL,84.6429,15,81.8933,1885
9448,TrackMania 2: Stadium,PC (Microsoft Windows),11,NULL,80.0000,1,75.5625,22
82502,Data Wing,Android,2,NULL,NULL,NULL,85.3515,14
82502,Data Wing,iOS,2,NULL,NULL,NULL,85.3515,14
20586,Super Street Fighter IV: Arcade Edition,PC (Microsoft Windows),3,NULL,82.0000,8,84.4602,21
621,Call of Duty,PC (Microsoft Windows),191,NULL,86.6667,4,81.8275,644
621,Call of Duty,Mac,191,NULL,86.6667,4,81.8275,644
18095,Icy Tower,PC (Microsoft Windows),3,NULL,NULL,NULL,51.7621,15
18095,Icy Tower,Mac,3,NULL,NULL,NULL,51.7621,15
8814,QWOP,Android,3,NULL,NULL,NULL,74.9469,12
8814,QWOP,Web browser,3,NULL,NULL,NULL,74.9469,12
529,Far Cry 3,PC (Microsoft Windows),685,NULL,89.5333,16,83.8287,1733
2164,The Neverhood,PC (Microsoft Windows),30,NULL,NULL,NULL,89.2060,87
4122,Legacy of Kain: Soul Reaver,PC (Microsoft Windows),43,NULL,NULL,NULL,80.6433,133
634,Sid Meier's Civilization II,PC (Microsoft Windows),50,NULL,82.5000,2,88.1667,137
634,Sid Meier's Civilization II,Mac,50,NULL,82.5000,2,88.1667,137
1879,Terraria,Linux,169,NULL,81.0000,17,81.3863,671
1879,Terraria,PC (Microsoft Windows),169,NULL,81.0000,17,81.3863,671
1879,Terraria,Mac,169,NULL,81.0000,17,81.3863,671
1879,Terraria,Android,169,NULL,81.0000,17,81.3863,671
1879,Terraria,iOS,169,NULL,81.0000,17,81.3863,671
1879,Terraria,PlayStation 4,169,NULL,81.0000,17,81.3863,671
1879,Terraria,Xbox One,169,NULL,81.0000,17,81.3863,671
1879,Terraria,Nintendo Switch,169,NULL,81.0000,17,81.3863,671
94,Need for Speed: Porsche Unleashed,PC (Microsoft Windows),48,NULL,NULL,NULL,82.1501,169
286,Quake II,Linux,337,NULL,NULL,NULL,83.5211,249
286,Quake II,PC (Microsoft Windows),337,NULL,NULL,NULL,83.5211,249
286,Quake II,Mac,337,NULL,NULL,NULL,83.5211,249
8196,Microsoft Spider Solitaire,PC (Microsoft Windows),14,NULL,NULL,NULL,70.4496,26
880,Resident Evil 2,PC (Microsoft Windows),139,NULL,55.0000,3,83.7049,442
966,Resident Evil 3: Nemesis,PC (Microsoft Windows),108,NULL,NULL,NULL,80.3510,346
67166,3D SexVilla 2: Ever-Lust,PC (Microsoft Windows),17,1,NULL,NULL,50.7093,13
5004,Metal Slug Anthology,PlayStation 4,5,NULL,74.8000,6,80.7434,30
11208,NieR: Automata,PC (Microsoft Windows),324,32,85.7200,30,91.4609,1029
11208,NieR: Automata,PlayStation 4,324,32,85.7200,30,91.4609,1029
7323,Rise of the Tomb Raider,Linux,382,46,87.0400,27,81.5594,1012
7323,Rise of the Tomb Raider,PC (Microsoft Windows),382,46,87.0400,27,81.5594,1012
7323,Rise of the Tomb Raider,Mac,382,46,87.0400,27,81.5594,1012
7323,Rise of the Tomb Raider,PlayStation 4,382,46,87.0400,27,81.5594,1012
7323,Rise of the Tomb Raider,Xbox One,382,46,87.0400,27,81.5594,1012
1272,SimCity,PC (Microsoft Windows),24,NULL,58.7500,0,85.8573,111
1272,SimCity,Mac,24,NULL,58.7500,0,85.8573,111
39239,Smash Hit,PC (Microsoft Windows),2,NULL,NULL,NULL,74.5056,13
39239,Smash Hit,Android,2,NULL,NULL,NULL,74.5056,13
39239,Smash Hit,iOS,2,NULL,NULL,NULL,74.5056,13
196,Outlaws,PC (Microsoft Windows),11,NULL,NULL,NULL,83.2002,35
152242,A Plague Tale: Requiem,PC (Microsoft Windows),7,21,85.5000,9,84.9639,112
152242,A Plague Tale: Requiem,Nintendo Switch,7,21,85.5000,9,84.9639,112
152242,A Plague Tale: Requiem,PlayStation 5,7,21,85.5000,9,84.9639,112
23695,Sonic Adventure DX: Director's Cut,PC (Microsoft Windows),8,1,53.5000,2,66.6132,65
111654,MLB The Show 19,PlayStation 4,4,1,85.6000,6,79.7347,14
51577,Rise of Industry,Linux,14,2,72.0000,2,56.9774,17
51577,Rise of Industry,PC (Microsoft Windows),14,2,72.0000,2,56.9774,17
51577,Rise of Industry,Mac,14,2,72.0000,2,56.9774,17
11570,Halo Wars 2,PC (Microsoft Windows),30,11,76.7368,25,75.4871,41
11570,Halo Wars 2,Xbox One,30,11,76.7368,25,75.4871,41
23835,Absolute Drift: Zen Edition,PC (Microsoft Windows),7,1,70.5000,2,61.8030,11
23835,Absolute Drift: Zen Edition,iOS,7,1,70.5000,2,61.8030,11
23835,Absolute Drift: Zen Edition,PlayStation 4,7,1,70.5000,2,61.8030,11
23835,Absolute Drift: Zen Edition,Xbox One,7,1,70.5000,2,61.8030,11
23835,Absolute Drift: Zen Edition,Nintendo Switch,7,1,70.5000,2,61.8030,11
980,Grand Theft Auto,PC (Microsoft Windows),114,NULL,80.0000,1,75.9840,386
1608,Empire Earth II,PC (Microsoft Windows),6,NULL,75.0000,4,69.4112,27
236,Myst,PC (Microsoft Windows),48,NULL,54.7500,4,75.9730,134
236,Myst,Mac,48,NULL,54.7500,4,75.9730,134
236,Myst,iOS,48,NULL,54.7500,4,75.9730,134
241,Counter-Strike,Linux,119,NULL,70.0000,2,83.4030,527
241,Counter-Strike,PC (Microsoft Windows),119,NULL,70.0000,2,83.4030,527
241,Counter-Strike,Mac,119,NULL,70.0000,2,83.4030,527
1150,Broken Sword: The Smoking Mirror,PC (Microsoft Windows),53,NULL,NULL,NULL,83.6771,137
7519,SimTower,PC (Microsoft Windows),2,1,NULL,NULL,65.2808,16
7519,SimTower,Mac,2,1,NULL,NULL,65.2808,16
41888,Battlefield 3: Premium Edition,PC (Microsoft Windows),2,NULL,NULL,NULL,95.5992,21
127350,Weird West,PC (Microsoft Windows),1,13,67.8000,7,79.8224,15
127350,Weird West,PlayStation 4,1,13,67.8000,7,79.8224,15
127350,Weird West,Xbox One,1,13,67.8000,7,79.8224,15
127350,Weird West,PlayStation 5,1,13,67.8000,7,79.8224,15
602,Arx Fatalis,PC (Microsoft Windows),13,NULL,77.5000,3,78.3088,46
5519,Cannon Fodder,Linux,14,NULL,NULL,NULL,83.1966,45
5519,Cannon Fodder,PC (Microsoft Windows),14,NULL,NULL,NULL,83.1966,45
5519,Cannon Fodder,Mac,14,NULL,NULL,NULL,83.1966,45
6480,Disney's The Jungle Book,PC (Microsoft Windows),14,NULL,70.0000,1,83.1494,45
3048,The Order: 1886,PlayStation 4,69,11,62.5000,14,69.0410,208
19958,J-Stars Victory Vs+,PlayStation 4,3,NULL,67.0000,6,58.3279,12
6564,Rock n' Roll Racing,PC (Microsoft Windows),16,NULL,80.0000,1,83.0013,60
19450,Serial Cleaner,Linux,13,1,73.3333,8,69.2840,30
19450,Serial Cleaner,PC (Microsoft Windows),13,1,73.3333,8,69.2840,30
19450,Serial Cleaner,Mac,13,1,73.3333,8,69.2840,30
19450,Serial Cleaner,PlayStation 4,13,1,73.3333,8,69.2840,30
19450,Serial Cleaner,Xbox One,13,1,73.3333,8,69.2840,30
19450,Serial Cleaner,Nintendo Switch,13,1,73.3333,8,69.2840,30
4391,Vectorman 2,PC (Microsoft Windows),3,NULL,NULL,NULL,79.0548,16
39034,Assassin's Creed: Origins - Deluxe Edition,PC (Microsoft Windows),7,NULL,NULL,NULL,89.8759,15
39034,Assassin's Creed: Origins - Deluxe Edition,PlayStation 4,7,NULL,NULL,NULL,89.8759,15
39034,Assassin's Creed: Origins - Deluxe Edition,Xbox One,7,NULL,NULL,NULL,89.8759,15
23873,Ikenfell,PC (Microsoft Windows),7,4,90.0000,2,78.0002,14
23873,Ikenfell,Mac,7,4,90.0000,2,78.0002,14
23873,Ikenfell,PlayStation 4,7,4,90.0000,2,78.0002,14
23873,Ikenfell,Xbox One,7,4,90.0000,2,78.0002,14
23873,Ikenfell,Nintendo Switch,7,4,90.0000,2,78.0002,14
8118,Disney's Aladdin,PC (Microsoft Windows),35,NULL,80.0000,1,82.1847,133
1744,Mega Man X4,PC (Microsoft Windows),22,NULL,NULL,NULL,84.2142,109
1906,Gone Home,Linux,144,NULL,73.8000,16,74.2874,465
1906,Gone Home,PC (Microsoft Windows),144,NULL,73.8000,16,74.2874,465
1906,Gone Home,Mac,144,NULL,73.8000,16,74.2874,465
1906,Gone Home,iOS,144,NULL,73.8000,16,74.2874,465
1906,Gone Home,PlayStation 4,144,NULL,73.8000,16,74.2874,465
1906,Gone Home,Xbox One,144,NULL,73.8000,16,74.2874,465
1906,Gone Home,Nintendo Switch,144,NULL,73.8000,16,74.2874,465
741,Hearts of Iron III,PC (Microsoft Windows),8,NULL,80.0000,1,89.4428,28
741,Hearts of Iron III,Mac,8,NULL,80.0000,1,89.4428,28
2913,Leisure Suit Larry: Magna Cum Laude,PC (Microsoft Windows),1,NULL,70.2500,5,62.7127,30
2684,Mercenaries 2: World in Flames,PC (Microsoft Windows),13,NULL,69.6000,7,62.4646,42
6638,Wheelman,PC (Microsoft Windows),7,NULL,64.6667,8,60.9292,22
121531,Gamedec,PC (Microsoft Windows),4,14,72.0000,4,70.5448,11
121531,Gamedec,Nintendo Switch,4,14,72.0000,4,70.5448,11
121531,Gamedec,PlayStation 5,4,14,72.0000,4,70.5448,11
5082,Divinity: Original Sin,PC (Microsoft Windows),61,3,86.5556,11,84.8109,183
5082,Divinity: Original Sin,Mac,61,3,86.5556,11,84.8109,183
7161,Rise of the Argonauts,PC (Microsoft Windows),11,NULL,60.0000,3,72.1933,26
125110,Grimm's Hollow,PC (Microsoft Windows),NULL,NULL,NULL,NULL,79.1365,17
3111,Soldier of Fortune,Linux,26,NULL,90.0000,1,74.0817,101
3111,Soldier of Fortune,PC (Microsoft Windows),26,NULL,90.0000,1,74.0817,101
9495,Squad,PC (Microsoft Windows),44,6,82.5000,2,83.1308,57
9924,Sins of a Solar Empire: Rebellion,PC (Microsoft Windows),9,NULL,85.3333,4,80.1965,16
3082,Dear Esther,PC (Microsoft Windows),41,NULL,72.2500,4,71.2652,154
3082,Dear Esther,Mac,41,NULL,72.2500,4,71.2652,154
3082,Dear Esther,PlayStation 4,41,NULL,72.2500,4,71.2652,154
3082,Dear Esther,Xbox One,41,NULL,72.2500,4,71.2652,154
705,FIFA: Road to World Cup 98,PC (Microsoft Windows),23,NULL,NULL,NULL,83.5391,86
18041,Doritos Crash Course,PC (Microsoft Windows),7,NULL,NULL,NULL,75.7638,24
537,Assassin's Creed Revelations,PC (Microsoft Windows),298,NULL,81.7143,10,76.9942,977
55678,Door Kickers: Action Squad,PC (Microsoft Windows),4,2,82.5000,4,77.3414,15
55678,Door Kickers: Action Squad,Android,4,2,82.5000,4,77.3414,15
55678,Door Kickers: Action Squad,PlayStation 4,4,2,82.5000,4,77.3414,15
55678,Door Kickers: Action Squad,Xbox One,4,2,82.5000,4,77.3414,15
55678,Door Kickers: Action Squad,Nintendo Switch,4,2,82.5000,4,77.3414,15
5618,Hell Yeah! Wrath of the Dead Rabbit,PC (Microsoft Windows),7,NULL,73.6667,6,66.5783,23
133330,BPM: Bullets Per Minute,PC (Microsoft Windows),3,NULL,78.2500,5,75.0606,12
133330,BPM: Bullets Per Minute,PlayStation 4,3,NULL,78.2500,5,75.0606,12
133330,BPM: Bullets Per Minute,Xbox One,3,NULL,78.2500,5,75.0606,12
133330,BPM: Bullets Per Minute,Nintendo Switch,3,NULL,78.2500,5,75.0606,12
102122,Madden NFL 19,PC (Microsoft Windows),8,1,80.8889,10,69.9066,16
102122,Madden NFL 19,PlayStation 4,8,1,80.8889,10,69.9066,16
102122,Madden NFL 19,Xbox One,8,1,80.8889,10,69.9066,16
64,Tales of Monkey Island,PC (Microsoft Windows),23,NULL,80.0000,1,77.2886,65
64,Tales of Monkey Island,Mac,23,NULL,80.0000,1,77.2886,65
64,Tales of Monkey Island,iOS,23,NULL,80.0000,1,77.2886,65
9331,Worms,PC (Microsoft Windows),27,NULL,80.0000,2,77.2085,150
9331,Worms,Mac,27,NULL,80.0000,2,77.2085,150
1919,Deadpool,PC (Microsoft Windows),40,1,70.2308,16,70.1808,161
1919,Deadpool,PlayStation 4,40,1,70.2308,16,70.1808,161
1919,Deadpool,Xbox One,40,1,70.2308,16,70.1808,161
46745,Minecraft: Pocket Edition,Android,18,NULL,NULL,NULL,70.7185,35
46745,Minecraft: Pocket Edition,iOS,18,NULL,NULL,NULL,70.7185,35
10877,Sniper Elite: Nazi Zombie Army 2,PC (Microsoft Windows),4,NULL,NULL,NULL,67.2644,12
43492,Need for Speed: Most Wanted - Black Edition,PC (Microsoft Windows),1,NULL,NULL,NULL,87.8788,12
94969,Mark of the Ninja Remastered,Linux,11,1,NULL,NULL,81.0077,35
94969,Mark of the Ninja Remastered,PC (Microsoft Windows),11,1,NULL,NULL,81.0077,35
94969,Mark of the Ninja Remastered,Mac,11,1,NULL,NULL,81.0077,35
94969,Mark of the Ninja Remastered,PlayStation 4,11,1,NULL,NULL,81.0077,35
94969,Mark of the Ninja Remastered,Xbox One,11,1,NULL,NULL,81.0077,35
94969,Mark of the Ninja Remastered,Nintendo Switch,11,1,NULL,NULL,81.0077,35
26951,Pillars of Eternity II: Deadfire,Linux,41,5,85.1429,16,82.0429,70
26951,Pillars of Eternity II: Deadfire,PC (Microsoft Windows),41,5,85.1429,16,82.0429,70
26951,Pillars of Eternity II: Deadfire,Mac,41,5,85.1429,16,82.0429,70
26951,Pillars of Eternity II: Deadfire,PlayStation 4,41,5,85.1429,16,82.0429,70
26951,Pillars of Eternity II: Deadfire,Xbox One,41,5,85.1429,16,82.0429,70
26951,Pillars of Eternity II: Deadfire,Nintendo Switch,41,5,85.1429,16,82.0429,70
2354,Deadlight,PC (Microsoft Windows),26,NULL,71.4286,9,68.9633,108
562,Tom Clancy's Splinter Cell: Conviction,PC (Microsoft Windows),96,NULL,85.2000,6,76.6185,272
562,Tom Clancy's Splinter Cell: Conviction,Mac,96,NULL,85.2000,6,76.6185,272
562,Tom Clancy's Splinter Cell: Conviction,Android,96,NULL,85.2000,6,76.6185,272
562,Tom Clancy's Splinter Cell: Conviction,iOS,96,NULL,85.2000,6,76.6185,272
25,X-COM: Terror From the Deep,PC (Microsoft Windows),8,NULL,NULL,NULL,80.1646,31
145089,Nobody Saves the World,PC (Microsoft Windows),3,3,85.8571,8,79.9843,33
145089,Nobody Saves the World,PlayStation 4,3,3,85.8571,8,79.9843,33
145089,Nobody Saves the World,Xbox One,3,3,85.8571,8,79.9843,33
145089,Nobody Saves the World,Nintendo Switch,3,3,85.8571,8,79.9843,33
145089,Nobody Saves the World,PlayStation 5,3,3,85.8571,8,79.9843,33
114455,Pacify,PC (Microsoft Windows),71,21,NULL,NULL,60.6252,56
114455,Pacify,Mac,71,21,NULL,NULL,60.6252,56
9120,The Mark of Kri,PlayStation 4,6,NULL,70.0000,1,79.7257,12
9232,Pirates! Gold,PC (Microsoft Windows),2,NULL,NULL,NULL,89.7902,14
9232,Pirates! Gold,Mac,2,NULL,NULL,NULL,89.7902,14
11525,NBA 2K16,PC (Microsoft Windows),28,NULL,90.0000,5,75.8651,61
11525,NBA 2K16,PlayStation 4,28,NULL,90.0000,5,75.8651,61
11525,NBA 2K16,Xbox One,28,NULL,90.0000,5,75.8651,61
9651,Rory McIlroy PGA Tour,PlayStation 4,2,1,62.5000,11,70.0000,1
9651,Rory McIlroy PGA Tour,Xbox One,2,1,62.5000,11,70.0000,1
46941,Ao Oni,PC (Microsoft Windows),1,NULL,NULL,NULL,69.4395,34
3471,Doom 64,Xbox One,15,NULL,77.0000,2,75.9791,64
11270,The Cat Lady,Linux,53,NULL,NULL,NULL,94.6251,119
11270,The Cat Lady,PC (Microsoft Windows),53,NULL,NULL,NULL,94.6251,119
95118,Last Epoch,Linux,6,7,NULL,NULL,79.9653,13
95118,Last Epoch,PC (Microsoft Windows),6,7,NULL,NULL,79.9653,13
14746,Batman: The Telltale Series,PC (Microsoft Windows),122,16,75.1429,16,72.2712,302
14746,Batman: The Telltale Series,Mac,122,16,75.1429,16,72.2712,302
14746,Batman: The Telltale Series,Android,122,16,75.1429,16,72.2712,302
14746,Batman: The Telltale Series,iOS,122,16,75.1429,16,72.2712,302
14746,Batman: The Telltale Series,PlayStation 4,122,16,75.1429,16,72.2712,302
14746,Batman: The Telltale Series,Xbox One,122,16,75.1429,16,72.2712,302
14746,Batman: The Telltale Series,Nintendo Switch,122,16,75.1429,16,72.2712,302
22739,Uno,PC (Microsoft Windows),7,NULL,52.5000,2,69.6113,34
22739,Uno,PlayStation 4,7,NULL,52.5000,2,69.6113,34
22739,Uno,Xbox One,7,NULL,52.5000,2,69.6113,34
22739,Uno,Nintendo Switch,7,NULL,52.5000,2,69.6113,34
22739,Uno,PlayStation 5,7,NULL,52.5000,2,69.6113,34
27979,Kingdom Hearts HD 1.5 + 2.5 Remix,PC (Microsoft Windows),16,NULL,84.5556,10,90.7148,42
27979,Kingdom Hearts HD 1.5 + 2.5 Remix,PlayStation 4,16,NULL,84.5556,10,90.7148,42
27979,Kingdom Hearts HD 1.5 + 2.5 Remix,Xbox One,16,NULL,84.5556,10,90.7148,42
3087,Broken Age,Linux,54,3,76.5385,14,74.9862,151
3087,Broken Age,PC (Microsoft Windows),54,3,76.5385,14,74.9862,151
3087,Broken Age,Mac,54,3,76.5385,14,74.9862,151
3087,Broken Age,Android,54,3,76.5385,14,74.9862,151
3087,Broken Age,iOS,54,3,76.5385,14,74.9862,151
3087,Broken Age,PlayStation 4,54,3,76.5385,14,74.9862,151
3087,Broken Age,Xbox One,54,3,76.5385,14,74.9862,151
3087,Broken Age,Nintendo Switch,54,3,76.5385,14,74.9862,151
13200,Planetbase,PC (Microsoft Windows),15,NULL,75.0000,1,76.7237,24
13200,Planetbase,Mac,15,NULL,75.0000,1,76.7237,24
13200,Planetbase,PlayStation 4,15,NULL,75.0000,1,76.7237,24
13200,Planetbase,Xbox One,15,NULL,75.0000,1,76.7237,24
19552,Grow Up,PC (Microsoft Windows),11,3,68.5385,15,66.7399,22
19552,Grow Up,PlayStation 4,11,3,68.5385,15,66.7399,22
19552,Grow Up,Xbox One,11,3,68.5385,15,66.7399,22
20193,SCP: Containment Breach,PC (Microsoft Windows),10,NULL,NULL,NULL,79.2196,18
75124,Cube Escape: The Lake,Mac,1,NULL,NULL,NULL,67.3998,19
75124,Cube Escape: The Lake,Android,1,NULL,NULL,NULL,67.3998,19
75124,Cube Escape: The Lake,iOS,1,NULL,NULL,NULL,67.3998,19
75124,Cube Escape: The Lake,Web browser,1,NULL,NULL,NULL,67.3998,19
734,Ground Control,PC (Microsoft Windows),3,NULL,90.0000,1,81.4740,15
1940,Driveclub,PlayStation 4,45,13,77.2727,12,72.8776,85
7960,Angry Video Game Nerd Adventures,PC (Microsoft Windows),7,NULL,76.6667,3,60.7344,21
75125,Cube Escape: Arles,Mac,1,NULL,NULL,NULL,67.8860,19
75125,Cube Escape: Arles,Android,1,NULL,NULL,NULL,67.8860,19
75125,Cube Escape: Arles,iOS,1,NULL,NULL,NULL,67.8860,19
18865,Assassin's Creed II: Discovery,iOS,5,NULL,60.0000,1,59.2308,13
3011,Harry Potter and the Order of the Phoenix,PC (Microsoft Windows),20,NULL,57.8750,9,66.6766,81
3011,Harry Potter and the Order of the Phoenix,Mac,20,NULL,57.8750,9,66.6766,81
112660,Harry Potter and the Sorcerer's Stone,PC (Microsoft Windows),1,NULL,NULL,NULL,79.8059,28
112660,Harry Potter and the Sorcerer's Stone,Mac,1,NULL,NULL,NULL,79.8059,28
4906,Harry Potter and the Half-Blood Prince,PC (Microsoft Windows),23,NULL,65.5714,9,69.2837,71
4906,Harry Potter and the Half-Blood Prince,Mac,23,NULL,65.5714,9,69.2837,71
3943,Harry Potter and the Prisoner of Azkaban,PC (Microsoft Windows),44,NULL,74.0000,6,76.3155,139
907,TOCA Race Driver 3,PC (Microsoft Windows),10,NULL,83.3333,3,70.8246,21
907,TOCA Race Driver 3,Mac,10,NULL,83.3333,3,70.8246,21
27367,Yoku's Island Express,PC (Microsoft Windows),24,2,84.5000,11,84.3527,78
27367,Yoku's Island Express,PlayStation 4,24,2,84.5000,11,84.3527,78
27367,Yoku's Island Express,Xbox One,24,2,84.5000,11,84.3527,78
27367,Yoku's Island Express,Nintendo Switch,24,2,84.5000,11,84.3527,78
8366,Sniper Elite III,PC (Microsoft Windows),42,NULL,67.9167,13,71.3782,141
8366,Sniper Elite III,PlayStation 4,42,NULL,67.9167,13,71.3782,141
8366,Sniper Elite III,Xbox One,42,NULL,67.9167,13,71.3782,141
27438,Blaster Master Zero,PC (Microsoft Windows),5,NULL,82.5000,6,72.5955,21
27438,Blaster Master Zero,PlayStation 4,5,NULL,82.5000,6,72.5955,21
27438,Blaster Master Zero,Xbox One,5,NULL,82.5000,6,72.5955,21
27438,Blaster Master Zero,Nintendo Switch,5,NULL,82.5000,6,72.5955,21
132139,XCOM: Chimera Squad,PC (Microsoft Windows),14,1,78.0000,12,71.5054,27
145838,F1 2021,PC (Microsoft Windows),3,4,91.6667,7,79.7225,21
145838,F1 2021,PlayStation 4,3,4,91.6667,7,79.7225,21
145838,F1 2021,Xbox One,3,4,91.6667,7,79.7225,21
145838,F1 2021,PlayStation 5,3,4,91.6667,7,79.7225,21
7868,I am Bread,PC (Microsoft Windows),6,2,53.5714,7,53.4287,11
7868,I am Bread,Mac,6,2,53.5714,7,53.4287,11
7868,I am Bread,iOS,6,2,53.5714,7,53.4287,11
7868,I am Bread,PlayStation 4,6,2,53.5714,7,53.4287,11
7868,I am Bread,Xbox One,6,2,53.5714,7,53.4287,11
13154,Rage of Mages,PC (Microsoft Windows),1,NULL,NULL,NULL,60.4850,14
8347,The Long Dark,Linux,67,3,82.0000,8,76.5991,125
8347,The Long Dark,PC (Microsoft Windows),67,3,82.0000,8,76.5991,125
8347,The Long Dark,Mac,67,3,82.0000,8,76.5991,125
8347,The Long Dark,PlayStation 4,67,3,82.0000,8,76.5991,125
8347,The Long Dark,Xbox One,67,3,82.0000,8,76.5991,125
8347,The Long Dark,Nintendo Switch,67,3,82.0000,8,76.5991,125
4156,Sonic Heroes,PC (Microsoft Windows),22,NULL,61.6667,3,65.4972,174
6225,V-Rally: Championship Edition,PC (Microsoft Windows),3,NULL,NULL,NULL,61.5294,14
1886,Homefront: The Revolution,PC (Microsoft Windows),54,26,48.3182,25,63.1596,71
1886,Homefront: The Revolution,PlayStation 4,54,26,48.3182,25,63.1596,71
1886,Homefront: The Revolution,Xbox One,54,26,48.3182,25,63.1596,71
28086,Railway Empire,Linux,16,4,85.0000,3,78.4391,24
28086,Railway Empire,PC (Microsoft Windows),16,4,85.0000,3,78.4391,24
28086,Railway Empire,PlayStation 4,16,4,85.0000,3,78.4391,24
28086,Railway Empire,Xbox One,16,4,85.0000,3,78.4391,24
28086,Railway Empire,Nintendo Switch,16,4,85.0000,3,78.4391,24
34053,Nekopara Vol. 2,PC (Microsoft Windows),5,NULL,NULL,NULL,68.1640,16
34053,Nekopara Vol. 2,PlayStation 4,5,NULL,NULL,NULL,68.1640,16
34053,Nekopara Vol. 2,Nintendo Switch,5,NULL,NULL,NULL,68.1640,16
11789,Primal,PlayStation 4,10,NULL,50.0000,2,79.9747,19
26676,Kingdom Hearts 0.2: Birth by Sleep - A Fragmentary Passage,PC (Microsoft Windows),6,1,NULL,NULL,77.7318,28
26676,Kingdom Hearts 0.2: Birth by Sleep - A Fragmentary Passage,PlayStation 4,6,1,NULL,NULL,77.7318,28
26676,Kingdom Hearts 0.2: Birth by Sleep - A Fragmentary Passage,Xbox One,6,1,NULL,NULL,77.7318,28
26676,Kingdom Hearts 0.2: Birth by Sleep - A Fragmentary Passage,Nintendo Switch,6,1,NULL,NULL,77.7318,28
6082,PaRappa the Rapper 2,PlayStation 4,2,NULL,66.0000,2,76.1453,11
25776,One Night Stand,Linux,2,NULL,NULL,NULL,69.8755,13
25776,One Night Stand,PC (Microsoft Windows),2,NULL,NULL,NULL,69.8755,13
25776,One Night Stand,Mac,2,NULL,NULL,NULL,69.8755,13
25776,One Night Stand,PlayStation 4,2,NULL,NULL,NULL,69.8755,13
25776,One Night Stand,Xbox One,2,NULL,NULL,NULL,69.8755,13
25776,One Night Stand,Nintendo Switch,2,NULL,NULL,NULL,69.8755,13
25776,One Night Stand,PlayStation 5,2,NULL,NULL,NULL,69.8755,13
16998,Song of the Deep,PC (Microsoft Windows),15,2,68.9412,20,75.6368,23
16998,Song of the Deep,PlayStation 4,15,2,68.9412,20,75.6368,23
16998,Song of the Deep,Xbox One,15,2,68.9412,20,75.6368,23
1329,Turok: Evolution,PC (Microsoft Windows),4,NULL,50.0000,2,59.7729,26
8654,Adr1ft,PC (Microsoft Windows),38,13,68.0833,13,82.9562,30
8654,Adr1ft,PlayStation 4,38,13,68.0833,13,82.9562,30
8654,Adr1ft,Xbox One,38,13,68.0833,13,82.9562,30
18150,Mortal Kombat XL,PC (Microsoft Windows),23,1,88.0000,4,85.9312,78
18150,Mortal Kombat XL,PlayStation 4,23,1,88.0000,4,85.9312,78
18150,Mortal Kombat XL,Xbox One,23,1,88.0000,4,85.9312,78
3770,Evolve,PC (Microsoft Windows),35,17,77.1765,19,60.1604,80
3770,Evolve,PlayStation 4,35,17,77.1765,19,60.1604,80
3770,Evolve,Xbox One,35,17,77.1765,19,60.1604,80
19457,The Elder Scrolls V: Skyrim - Special Edition,PC (Microsoft Windows),128,10,81.6842,21,87.0993,295
19457,The Elder Scrolls V: Skyrim - Special Edition,PlayStation 4,128,10,81.6842,21,87.0993,295
19457,The Elder Scrolls V: Skyrim - Special Edition,Xbox One,128,10,81.6842,21,87.0993,295
19457,The Elder Scrolls V: Skyrim - Special Edition,PlayStation 5,128,10,81.6842,21,87.0993,295
26940,The Banner Saga 3,PC (Microsoft Windows),12,2,87.0000,9,89.2592,44
26940,The Banner Saga 3,Mac,12,2,87.0000,9,89.2592,44
26940,The Banner Saga 3,Android,12,2,87.0000,9,89.2592,44
26940,The Banner Saga 3,iOS,12,2,87.0000,9,89.2592,44
26940,The Banner Saga 3,PlayStation 4,12,2,87.0000,9,89.2592,44
26940,The Banner Saga 3,Xbox One,12,2,87.0000,9,89.2592,44
26940,The Banner Saga 3,Nintendo Switch,12,2,87.0000,9,89.2592,44
36616,They Are Billions,PC (Microsoft Windows),26,6,75.7143,8,77.5340,45
36616,They Are Billions,PlayStation 4,26,6,75.7143,8,77.5340,45
36616,They Are Billions,Xbox One,26,6,75.7143,8,77.5340,45
152247,Redfall,PC (Microsoft Windows),NULL,19,56.5000,11,37.8042,16
11291,Depth,PC (Microsoft Windows),8,NULL,NULL,NULL,60.2842,16
520,F.E.A.R. 2: Project Origin,PC (Microsoft Windows),78,NULL,76.0000,9,76.9946,223
27791,The Disney Afternoon Collection,PC (Microsoft Windows),9,2,78.5385,15,80.0000,2
27791,The Disney Afternoon Collection,PlayStation 4,9,2,78.5385,15,80.0000,2
27791,The Disney Afternoon Collection,Xbox One,9,2,78.5385,15,80.0000,2
6930,Street Fighter,PC (Microsoft Windows),8,NULL,NULL,NULL,57.3257,82
9520,SimAnt,PC (Microsoft Windows),NULL,NULL,NULL,NULL,71.8490,21
9520,SimAnt,Mac,NULL,NULL,NULL,NULL,71.8490,21
4758,D4: Dark Dreams Don't Die - Season 1,PC (Microsoft Windows),16,NULL,78.8750,9,76.5405,29
4758,D4: Dark Dreams Don't Die - Season 1,Xbox One,16,NULL,78.8750,9,76.5405,29
184,Indiana Jones and the Fate of Atlantis,Linux,140,NULL,NULL,NULL,90.5357,343
184,Indiana Jones and the Fate of Atlantis,PC (Microsoft Windows),140,NULL,NULL,NULL,90.5357,343
184,Indiana Jones and the Fate of Atlantis,Mac,140,NULL,NULL,NULL,90.5357,343
10734,Horizon Chase,PC (Microsoft Windows),6,NULL,NULL,NULL,71.3820,12
10734,Horizon Chase,Android,6,NULL,NULL,NULL,71.3820,12
10734,Horizon Chase,iOS,6,NULL,NULL,NULL,71.3820,12
19334,Final Fantasy: Brave Exvius,Android,19,NULL,70.0000,2,89.9127,11
19334,Final Fantasy: Brave Exvius,iOS,19,NULL,70.0000,2,89.9127,11
6063,Ape Escape 2,PlayStation 4,4,NULL,77.6667,3,83.7400,29
1976,Call of Juarez: Gunslinger,PC (Microsoft Windows),81,NULL,74.6000,10,77.9676,253
1976,Call of Juarez: Gunslinger,Nintendo Switch,81,NULL,74.6000,10,77.9676,253
4905,Harry Potter and the Deathly Hallows: Part 2,PC (Microsoft Windows),16,NULL,20.0000,4,56.4457,28
191,Loom,Linux,28,NULL,NULL,NULL,88.4744,70
191,Loom,PC (Microsoft Windows),28,NULL,NULL,NULL,88.4744,70
191,Loom,Mac,28,NULL,NULL,NULL,88.4744,70
14701,Pac-Man 256,Linux,5,NULL,75.1000,10,85.9671,21
14701,Pac-Man 256,PC (Microsoft Windows),5,NULL,75.1000,10,85.9671,21
14701,Pac-Man 256,Mac,5,NULL,75.1000,10,85.9671,21
14701,Pac-Man 256,Android,5,NULL,75.1000,10,85.9671,21
14701,Pac-Man 256,iOS,5,NULL,75.1000,10,85.9671,21
14701,Pac-Man 256,PlayStation 4,5,NULL,75.1000,10,85.9671,21
14701,Pac-Man 256,Xbox One,5,NULL,75.1000,10,85.9671,21
946,Football Manager 2008,PC (Microsoft Windows),7,NULL,80.0000,3,80.2758,34
946,Football Manager 2008,Mac,7,NULL,80.0000,3,80.2758,34
75140,Kards: The WWII Card Game,PC (Microsoft Windows),3,1,NULL,NULL,77.3199,12
75140,Kards: The WWII Card Game,Android,3,1,NULL,NULL,77.3199,12
75140,Kards: The WWII Card Game,iOS,3,1,NULL,NULL,77.3199,12
15537,Samorost 3,PC (Microsoft Windows),23,4,79.0000,8,75.2343,61
15537,Samorost 3,Mac,23,4,79.0000,8,75.2343,61
15537,Samorost 3,Android,23,4,79.0000,8,75.2343,61
15537,Samorost 3,iOS,23,4,79.0000,8,75.2343,61
27343,Full Metal Furies,Linux,4,1,85.6667,7,79.0498,13
27343,Full Metal Furies,PC (Microsoft Windows),4,1,85.6667,7,79.0498,13
27343,Full Metal Furies,Mac,4,1,85.6667,7,79.0498,13
27343,Full Metal Furies,Xbox One,4,1,85.6667,7,79.0498,13
27343,Full Metal Furies,Nintendo Switch,4,1,85.6667,7,79.0498,13
178282,Honkai: Star Rail,PC (Microsoft Windows),NULL,NULL,90.0000,2,71.6076,44
178282,Honkai: Star Rail,Android,NULL,NULL,90.0000,2,71.6076,44
178282,Honkai: Star Rail,iOS,NULL,NULL,90.0000,2,71.6076,44
178282,Honkai: Star Rail,PlayStation 5,NULL,NULL,90.0000,2,71.6076,44
119277,Genshin Impact,PC (Microsoft Windows),75,19,83.2857,9,80.4720,307
119277,Genshin Impact,Android,75,19,83.2857,9,80.4720,307
119277,Genshin Impact,iOS,75,19,83.2857,9,80.4720,307
119277,Genshin Impact,PlayStation 4,75,19,83.2857,9,80.4720,307
119277,Genshin Impact,PlayStation 5,75,19,83.2857,9,80.4720,307
11625,The Room,PC (Microsoft Windows),46,NULL,85.0000,2,80.7569,156
11625,The Room,Android,46,NULL,85.0000,2,80.7569,156
11625,The Room,iOS,46,NULL,85.0000,2,80.7569,156
11625,The Room,Nintendo Switch,46,NULL,85.0000,2,80.7569,156
19000,The Walking Dead: A New Frontier,PC (Microsoft Windows),88,19,74.8596,15,70.5316,233
19000,The Walking Dead: A New Frontier,Mac,88,19,74.8596,15,70.5316,233
19000,The Walking Dead: A New Frontier,Android,88,19,74.8596,15,70.5316,233
19000,The Walking Dead: A New Frontier,iOS,88,19,74.8596,15,70.5316,233
19000,The Walking Dead: A New Frontier,PlayStation 4,88,19,74.8596,15,70.5316,233
19000,The Walking Dead: A New Frontier,Xbox One,88,19,74.8596,15,70.5316,233
19000,The Walking Dead: A New Frontier,Nintendo Switch,88,19,74.8596,15,70.5316,233
27217,Redeemer,PC (Microsoft Windows),5,1,61.2500,6,70.2033,11
1042,Just Cause,PC (Microsoft Windows),42,NULL,60.0000,3,63.0974,140
133807,Trackmania,PC (Microsoft Windows),14,2,NULL,NULL,79.1629,43
133807,Trackmania,PlayStation 4,14,2,NULL,NULL,79.1629,43
133807,Trackmania,Xbox One,14,2,NULL,NULL,79.1629,43
133807,Trackmania,PlayStation 5,14,2,NULL,NULL,79.1629,43
9826,The Dream Machine,PC (Microsoft Windows),6,NULL,NULL,NULL,70.3697,16
9826,The Dream Machine,Mac,6,NULL,NULL,NULL,70.3697,16
25326,Toontown Online,PC (Microsoft Windows),4,NULL,NULL,NULL,75.2391,15
25326,Toontown Online,Mac,4,NULL,NULL,NULL,75.2391,15
59,The Elder Scrolls IV: Oblivion,PC (Microsoft Windows),482,NULL,94.2000,7,85.1186,1285
316,SWAT 4,PC (Microsoft Windows),41,NULL,85.0000,3,86.2330,111
1754,Mega Man Legends 2,PC (Microsoft Windows),6,1,80.0000,1,84.9667,21
9928,Dirt Rally,Linux,48,4,84.7692,15,82.3139,109
9928,Dirt Rally,PC (Microsoft Windows),48,4,84.7692,15,82.3139,109
9928,Dirt Rally,Mac,48,4,84.7692,15,82.3139,109
9928,Dirt Rally,PlayStation 4,48,4,84.7692,15,82.3139,109
9928,Dirt Rally,Xbox One,48,4,84.7692,15,82.3139,109
6077,1941: Counter Attack,PC (Microsoft Windows),2,NULL,NULL,NULL,64.2460,18
8700,Little Fighter 2,PC (Microsoft Windows),5,NULL,60.0000,0,80.0768,21
4821,Drawn to Life,iOS,1,NULL,77.5000,2,63.2291,16
23306,Asphalt 8: Airborne,PC (Microsoft Windows),77,3,NULL,NULL,72.8188,53
23306,Asphalt 8: Airborne,Mac,77,3,NULL,NULL,72.8188,53
23306,Asphalt 8: Airborne,Android,77,3,NULL,NULL,72.8188,53
23306,Asphalt 8: Airborne,iOS,77,3,NULL,NULL,72.8188,53
941,World in Conflict,PC (Microsoft Windows),13,NULL,94.0000,5,82.1865,48
2607,Sonic Lost World,PC (Microsoft Windows),11,2,58.0714,16,51.0034,42
144024,Final Fantasy VII Remake Intergrade,PC (Microsoft Windows),7,2,92.6250,10,87.0497,25
144024,Final Fantasy VII Remake Intergrade,PlayStation 5,7,2,92.6250,10,87.0497,25
19942,Stephen's Sausage Roll,Linux,6,NULL,100.0000,3,33.0134,15
19942,Stephen's Sausage Roll,PC (Microsoft Windows),6,NULL,100.0000,3,33.0134,15
19942,Stephen's Sausage Roll,Mac,6,NULL,100.0000,3,33.0134,15
165192,The Elder Scrolls V: Skyrim - Anniversary Edition,PC (Microsoft Windows),NULL,NULL,100.0000,2,98.6315,26
165192,The Elder Scrolls V: Skyrim - Anniversary Edition,PlayStation 4,NULL,NULL,100.0000,2,98.6315,26
165192,The Elder Scrolls V: Skyrim - Anniversary Edition,Xbox One,NULL,NULL,100.0000,2,98.6315,26
165192,The Elder Scrolls V: Skyrim - Anniversary Edition,Nintendo Switch,NULL,NULL,100.0000,2,98.6315,26
165192,The Elder Scrolls V: Skyrim - Anniversary Edition,PlayStation 5,NULL,NULL,100.0000,2,98.6315,26
10561,Moto Racer 2,PC (Microsoft Windows),2,NULL,NULL,NULL,84.1347,12
10089,Tengami,PC (Microsoft Windows),3,NULL,50.0000,2,41.4682,14
10089,Tengami,Mac,3,NULL,50.0000,2,41.4682,14
10089,Tengami,iOS,3,NULL,50.0000,2,41.4682,14
25646,Don't Knock Twice,PC (Microsoft Windows),21,NULL,NULL,NULL,62.9118,15
25646,Don't Knock Twice,PlayStation 4,21,NULL,NULL,NULL,62.9118,15
25646,Don't Knock Twice,Xbox One,21,NULL,NULL,NULL,62.9118,15
25646,Don't Knock Twice,Nintendo Switch,21,NULL,NULL,NULL,62.9118,15
157446,NBA 2K22,PC (Microsoft Windows),1,NULL,73.2857,9,57.9990,15
157446,NBA 2K22,PlayStation 4,1,NULL,73.2857,9,57.9990,15
157446,NBA 2K22,Xbox One,1,NULL,73.2857,9,57.9990,15
157446,NBA 2K22,Nintendo Switch,1,NULL,73.2857,9,57.9990,15
157446,NBA 2K22,PlayStation 5,1,NULL,73.2857,9,57.9990,15
553,Spider-Man: Shattered Dimensions,PC (Microsoft Windows),33,NULL,74.0000,13,71.7596,109
1319,Gears of War: Judgment,Xbox One,24,NULL,76.6667,11,69.8367,112
115991,The Riftbreaker,PC (Microsoft Windows),4,6,82.5000,2,71.8652,11
115991,The Riftbreaker,PlayStation 4,4,6,82.5000,2,71.8652,11
115991,The Riftbreaker,Xbox One,4,6,82.5000,2,71.8652,11
115991,The Riftbreaker,PlayStation 5,4,6,82.5000,2,71.8652,11
1114,Castlevania,PC (Microsoft Windows),66,NULL,NULL,NULL,78.6395,273
1649,007 Legends,PC (Microsoft Windows),7,NULL,45.7143,9,59.8220,17
138851,Not in the Groove,PC (Microsoft Windows),10,1,NULL,NULL,96.5142,15
202279,Marvel Snap,PC (Microsoft Windows),6,NULL,85.0000,3,78.5169,47
202279,Marvel Snap,Android,6,NULL,85.0000,3,78.5169,47
202279,Marvel Snap,iOS,6,NULL,85.0000,3,78.5169,47
35282,CrossCode,Linux,17,1,81.1250,8,96.7720,64
35282,CrossCode,PC (Microsoft Windows),17,1,81.1250,8,96.7720,64
35282,CrossCode,Mac,17,1,81.1250,8,96.7720,64
35282,CrossCode,PlayStation 4,17,1,81.1250,8,96.7720,64
35282,CrossCode,Xbox One,17,1,81.1250,8,96.7720,64
35282,CrossCode,Nintendo Switch,17,1,81.1250,8,96.7720,64
35282,CrossCode,PlayStation 5,17,1,81.1250,8,96.7720,64
2272,No More Heroes,PC (Microsoft Windows),25,NULL,81.0000,6,79.3808,104
2272,No More Heroes,Nintendo Switch,25,NULL,81.0000,6,79.3808,104
6902,Theatrhythm Final Fantasy,iOS,8,NULL,81.6667,6,79.8839,20
15928,Umihara Kawase,PC (Microsoft Windows),2,NULL,95.0000,1,71.7402,11
90055,Carrion,Linux,17,12,74.5556,11,77.2616,116
90055,Carrion,PC (Microsoft Windows),17,12,74.5556,11,77.2616,116
90055,Carrion,Mac,17,12,74.5556,11,77.2616,116
90055,Carrion,PlayStation 4,17,12,74.5556,11,77.2616,116
90055,Carrion,Xbox One,17,12,74.5556,11,77.2616,116
90055,Carrion,Nintendo Switch,17,12,74.5556,11,77.2616,116
90055,Carrion,PlayStation 5,17,12,74.5556,11,77.2616,116
36872,Forza Motorsport 7,PC (Microsoft Windows),35,4,86.1429,16,75.4016,48
36872,Forza Motorsport 7,Xbox One,35,4,86.1429,16,75.4016,48
132038,Maquette,PC (Microsoft Windows),5,1,76.4286,9,70.8269,18
132038,Maquette,PlayStation 4,5,1,76.4286,9,70.8269,18
132038,Maquette,Xbox One,5,1,76.4286,9,70.8269,18
132038,Maquette,Nintendo Switch,5,1,76.4286,9,70.8269,18
132038,Maquette,PlayStation 5,5,1,76.4286,9,70.8269,18
18812,Tales of Berseria,PC (Microsoft Windows),51,1,82.1429,17,79.7252,102
18812,Tales of Berseria,PlayStation 4,51,1,82.1429,17,79.7252,102
119341,Pistol Whip,PC (Microsoft Windows),2,NULL,87.0000,4,78.7200,16
4876,Disney G-Force,PC (Microsoft Windows),3,NULL,100.0000,5,79.2946,14
5817,Driv3r,PC (Microsoft Windows),20,NULL,51.0000,8,54.3419,71
194507,Moonscars,PC (Microsoft Windows),2,6,65.6667,3,70.2037,11
194507,Moonscars,PlayStation 4,2,6,65.6667,3,70.2037,11
194507,Moonscars,Xbox One,2,6,65.6667,3,70.2037,11
194507,Moonscars,Nintendo Switch,2,6,65.6667,3,70.2037,11
194507,Moonscars,PlayStation 5,2,6,65.6667,3,70.2037,11
5057,NBA 2K12,PC (Microsoft Windows),9,NULL,84.1667,7,81.6319,39
130508,Kill It With Fire,PC (Microsoft Windows),2,1,80.0000,1,60.4210,18
130508,Kill It With Fire,Android,2,1,80.0000,1,60.4210,18
130508,Kill It With Fire,iOS,2,1,80.0000,1,60.4210,18
130508,Kill It With Fire,PlayStation 4,2,1,80.0000,1,60.4210,18
130508,Kill It With Fire,Xbox One,2,1,80.0000,1,60.4210,18
130508,Kill It With Fire,Nintendo Switch,2,1,80.0000,1,60.4210,18
7435,Heroes & Generals,PC (Microsoft Windows),11,2,NULL,NULL,55.6477,35
121435,WWE 2K20,PC (Microsoft Windows),6,NULL,44.5714,8,52.6463,15
121435,WWE 2K20,PlayStation 4,6,NULL,44.5714,8,52.6463,15
121435,WWE 2K20,Xbox One,6,NULL,44.5714,8,52.6463,15
9932,Stronghold Legends,PC (Microsoft Windows),2,NULL,53.3333,3,78.6582,19
1382,Tony Hawk's Pro Skater HD,PC (Microsoft Windows),4,NULL,58.5000,11,43.6146,19
4797,Dead Rising,PC (Microsoft Windows),59,NULL,82.4000,8,73.8994,168
4797,Dead Rising,PlayStation 4,59,NULL,82.4000,8,73.8994,168
4797,Dead Rising,Xbox One,59,NULL,82.4000,8,73.8994,168
10373,Azure Striker Gunvolt,PC (Microsoft Windows),3,NULL,95.0000,3,73.3331,20
10373,Azure Striker Gunvolt,Xbox One,3,NULL,95.0000,3,73.3331,20
134561,Alex Kidd in Miracle World DX,PC (Microsoft Windows),NULL,1,62.0000,4,67.7198,11
134561,Alex Kidd in Miracle World DX,PlayStation 4,NULL,1,62.0000,4,67.7198,11
134561,Alex Kidd in Miracle World DX,Xbox One,NULL,1,62.0000,4,67.7198,11
134561,Alex Kidd in Miracle World DX,Nintendo Switch,NULL,1,62.0000,4,67.7198,11
134561,Alex Kidd in Miracle World DX,PlayStation 5,NULL,1,62.0000,4,67.7198,11
9179,Sword Coast Legends,Linux,10,4,63.3333,10,69.4532,11
9179,Sword Coast Legends,PC (Microsoft Windows),10,4,63.3333,10,69.4532,11
9179,Sword Coast Legends,PlayStation 4,10,4,63.3333,10,69.4532,11
9179,Sword Coast Legends,Xbox One,10,4,63.3333,10,69.4532,11
3020,Shadowrun Returns,Linux,55,NULL,72.5000,11,75.6837,140
3020,Shadowrun Returns,PC (Microsoft Windows),55,NULL,72.5000,11,75.6837,140
3020,Shadowrun Returns,Mac,55,NULL,72.5000,11,75.6837,140
3020,Shadowrun Returns,Android,55,NULL,72.5000,11,75.6837,140
3020,Shadowrun Returns,iOS,55,NULL,72.5000,11,75.6837,140
3020,Shadowrun Returns,PlayStation 4,55,NULL,72.5000,11,75.6837,140
3020,Shadowrun Returns,Xbox One,55,NULL,72.5000,11,75.6837,140
3020,Shadowrun Returns,Nintendo Switch,55,NULL,72.5000,11,75.6837,140
3020,Shadowrun Returns,PlayStation 5,55,NULL,72.5000,11,75.6837,140
16989,Teenage Mutant Ninja Turtles: Mutants in Manhattan,PC (Microsoft Windows),4,4,45.7692,14,50.8913,13
16989,Teenage Mutant Ninja Turtles: Mutants in Manhattan,PlayStation 4,4,4,45.7692,14,50.8913,13
16989,Teenage Mutant Ninja Turtles: Mutants in Manhattan,Xbox One,4,4,45.7692,14,50.8913,13
134072,Bright Memory,PC (Microsoft Windows),4,NULL,52.5000,4,69.4187,25
142803,Diablo II: Resurrected,PC (Microsoft Windows),21,10,80.4545,13,90.5938,56
142803,Diablo II: Resurrected,PlayStation 4,21,10,80.4545,13,90.5938,56
142803,Diablo II: Resurrected,Xbox One,21,10,80.4545,13,90.5938,56
142803,Diablo II: Resurrected,Nintendo Switch,21,10,80.4545,13,90.5938,56
142803,Diablo II: Resurrected,PlayStation 5,21,10,80.4545,13,90.5938,56
7584,Star Trek Online,PC (Microsoft Windows),12,NULL,67.5000,9,63.9791,29
7584,Star Trek Online,Mac,12,NULL,67.5000,9,63.9791,29
7584,Star Trek Online,PlayStation 4,12,NULL,67.5000,9,63.9791,29
7584,Star Trek Online,Xbox One,12,NULL,67.5000,9,63.9791,29
16287,Slime Rancher,Linux,38,NULL,77.6667,4,75.7198,153
16287,Slime Rancher,PC (Microsoft Windows),38,NULL,77.6667,4,75.7198,153
16287,Slime Rancher,Mac,38,NULL,77.6667,4,75.7198,153
16287,Slime Rancher,PlayStation 4,38,NULL,77.6667,4,75.7198,153
16287,Slime Rancher,Xbox One,38,NULL,77.6667,4,75.7198,153
10088,Hohokum,PC (Microsoft Windows),11,NULL,71.8889,9,70.1543,21
10088,Hohokum,PlayStation 4,11,NULL,71.8889,9,70.1543,21
18728,TrackMania,PC (Microsoft Windows),12,NULL,81.0000,3,82.5485,28
164664,Sekiro: Shadows Die Twice - GOTY Edition,PC (Microsoft Windows),2,NULL,NULL,NULL,97.3655,26
164664,Sekiro: Shadows Die Twice - GOTY Edition,PlayStation 4,2,NULL,NULL,NULL,97.3655,26
164664,Sekiro: Shadows Die Twice - GOTY Edition,Xbox One,2,NULL,NULL,NULL,97.3655,26
19728,Huntdown,Linux,5,3,82.0000,7,89.1657,20
19728,Huntdown,PC (Microsoft Windows),5,3,82.0000,7,89.1657,20
19728,Huntdown,Mac,5,3,82.0000,7,89.1657,20
19728,Huntdown,iOS,5,3,82.0000,7,89.1657,20
19728,Huntdown,PlayStation 4,5,3,82.0000,7,89.1657,20
19728,Huntdown,Xbox One,5,3,82.0000,7,89.1657,20
19728,Huntdown,Nintendo Switch,5,3,82.0000,7,89.1657,20
320,S.T.A.L.K.E.R.: Shadow of Chernobyl,PC (Microsoft Windows),103,NULL,80.0000,4,81.5114,332
8234,Die Hard Trilogy,PC (Microsoft Windows),6,NULL,75.0000,1,65.5120,36
205624,Dr. Doe's Chemistry Quiz,Web browser,7,NULL,NULL,NULL,77.4324,19
109458,Katamari Damacy Reroll,PC (Microsoft Windows),10,NULL,84.8571,10,84.2926,58
109458,Katamari Damacy Reroll,PlayStation 4,10,NULL,84.8571,10,84.2926,58
109458,Katamari Damacy Reroll,Xbox One,10,NULL,84.8571,10,84.2926,58
109458,Katamari Damacy Reroll,Nintendo Switch,10,NULL,84.8571,10,84.2926,58
1436,Fire Emblem: Genealogy of the Holy War,Nintendo Switch,7,NULL,NULL,NULL,85.7262,36
7436,Temple Run 2,Android,8,NULL,85.0000,2,72.2036,43
7436,Temple Run 2,iOS,8,NULL,85.0000,2,72.2036,43
26759,Arms,Nintendo Switch,17,4,77.6667,18,69.8824,49
121436,Sonic Robo Blast 2 Kart,Linux,8,NULL,NULL,NULL,87.5918,13
121436,Sonic Robo Blast 2 Kart,PC (Microsoft Windows),8,NULL,NULL,NULL,87.5918,13
121436,Sonic Robo Blast 2 Kart,Mac,8,NULL,NULL,NULL,87.5918,13
9473,Sonic the Hedgehog 4: Episode I,PC (Microsoft Windows),4,NULL,75.0000,6,36.4266,39
9473,Sonic the Hedgehog 4: Episode I,Android,4,NULL,75.0000,6,36.4266,39
9473,Sonic the Hedgehog 4: Episode I,iOS,4,NULL,75.0000,6,36.4266,39
7708,Saints Row: Gat Out of Hell,PC (Microsoft Windows),45,NULL,64.2727,11,69.6025,120
7708,Saints Row: Gat Out of Hell,PlayStation 4,45,NULL,64.2727,11,69.6025,120
7708,Saints Row: Gat Out of Hell,Xbox One,45,NULL,64.2727,11,69.6025,120
4225,Ultimate Spider-Man,PC (Microsoft Windows),42,NULL,73.6667,7,75.9283,138
11813,Universe Sandbox,Linux,7,NULL,NULL,NULL,81.9228,24
11813,Universe Sandbox,PC (Microsoft Windows),7,NULL,NULL,NULL,81.9228,24
11813,Universe Sandbox,Mac,7,NULL,NULL,NULL,81.9228,24
1990,VVVVVV,Linux,48,NULL,79.7500,6,79.0590,150
1990,VVVVVV,PC (Microsoft Windows),48,NULL,79.7500,6,79.0590,150
1990,VVVVVV,Mac,48,NULL,79.7500,6,79.0590,150
1990,VVVVVV,Android,48,NULL,79.7500,6,79.0590,150
1990,VVVVVV,iOS,48,NULL,79.7500,6,79.0590,150
1990,VVVVVV,PlayStation 4,48,NULL,79.7500,6,79.0590,150
1990,VVVVVV,Nintendo Switch,48,NULL,79.7500,6,79.0590,150
14567,BlazeRush,Linux,3,NULL,67.0000,3,64.1473,11
14567,BlazeRush,PC (Microsoft Windows),3,NULL,67.0000,3,64.1473,11
14567,BlazeRush,Mac,3,NULL,67.0000,3,64.1473,11
14567,BlazeRush,PlayStation 4,3,NULL,67.0000,3,64.1473,11
14567,BlazeRush,Nintendo Switch,3,NULL,67.0000,3,64.1473,11
751,Homeworld: Emergence,PC (Microsoft Windows),8,NULL,80.0000,1,80.5134,21
8225,Anno 1701,PC (Microsoft Windows),22,NULL,76.6667,3,75.5948,41
303,Anno 1602: Creation of a New World,PC (Microsoft Windows),30,NULL,NULL,NULL,87.4723,66
11837,Treasure Adventure Game,PC (Microsoft Windows),11,NULL,NULL,NULL,83.4781,11
3042,Dying Light,Linux,257,24,72.0588,20,80.7454,711
3042,Dying Light,PC (Microsoft Windows),257,24,72.0588,20,80.7454,711
3042,Dying Light,Mac,257,24,72.0588,20,80.7454,711
3042,Dying Light,PlayStation 4,257,24,72.0588,20,80.7454,711
3042,Dying Light,Xbox One,257,24,72.0588,20,80.7454,711
11800,Divinity: Original Sin II,PC (Microsoft Windows),118,22,91.3077,17,87.0316,295
11800,Divinity: Original Sin II,Mac,118,22,91.3077,17,87.0316,295
11800,Divinity: Original Sin II,iOS,118,22,91.3077,17,87.0316,295
11800,Divinity: Original Sin II,PlayStation 4,118,22,91.3077,17,87.0316,295
11800,Divinity: Original Sin II,Xbox One,118,22,91.3077,17,87.0316,295
7406,Aquaria,Linux,24,NULL,75.0000,2,96.5531,36
7406,Aquaria,PC (Microsoft Windows),24,NULL,75.0000,2,96.5531,36
7406,Aquaria,Mac,24,NULL,75.0000,2,96.5531,36
7406,Aquaria,iOS,24,NULL,75.0000,2,96.5531,36
3914,Fantastic 4,PC (Microsoft Windows),4,NULL,64.0000,5,62.8357,22
11612,BlazBlue: Chrono Phantasma Extend,PC (Microsoft Windows),4,NULL,85.0000,2,89.5297,16
11612,BlazBlue: Chrono Phantasma Extend,PlayStation 4,4,NULL,85.0000,2,89.5297,16
11612,BlazBlue: Chrono Phantasma Extend,Xbox One,4,NULL,85.0000,2,89.5297,16
24192,Enslaved: Odyssey to the West Premium Edition,PC (Microsoft Windows),9,NULL,NULL,NULL,79.9548,27
5591,Deus Ex: The Fall,PC (Microsoft Windows),8,NULL,59.0000,6,45.5600,31
5591,Deus Ex: The Fall,Android,8,NULL,59.0000,6,45.5600,31
5591,Deus Ex: The Fall,iOS,8,NULL,59.0000,6,45.5600,31
83847,7 Billion Humans,Linux,8,1,75.0000,1,70.2146,14
83847,7 Billion Humans,PC (Microsoft Windows),8,1,75.0000,1,70.2146,14
83847,7 Billion Humans,Mac,8,1,75.0000,1,70.2146,14
83847,7 Billion Humans,Android,8,1,75.0000,1,70.2146,14
83847,7 Billion Humans,iOS,8,1,75.0000,1,70.2146,14
83847,7 Billion Humans,Nintendo Switch,8,1,75.0000,1,70.2146,14
340,Command & Conquer: Tiberian Sun,PC (Microsoft Windows),47,NULL,NULL,NULL,82.2250,124
8440,The Bridge,Linux,12,NULL,69.0000,8,70.3250,69
8440,The Bridge,PC (Microsoft Windows),12,NULL,69.0000,8,70.3250,69
8440,The Bridge,Mac,12,NULL,69.0000,8,70.3250,69
8440,The Bridge,PlayStation 4,12,NULL,69.0000,8,70.3250,69
8440,The Bridge,Xbox One,12,NULL,69.0000,8,70.3250,69
8440,The Bridge,Nintendo Switch,12,NULL,69.0000,8,70.3250,69
93694,Iratus: Lord of the Dead,Linux,5,NULL,NULL,NULL,69.7445,18
93694,Iratus: Lord of the Dead,PC (Microsoft Windows),5,NULL,NULL,NULL,69.7445,18
93694,Iratus: Lord of the Dead,Mac,5,NULL,NULL,NULL,69.7445,18
20869,DmC: Devil May Cry - Definitive Edition,PlayStation 4,8,NULL,85.0000,8,79.9067,32
20869,DmC: Devil May Cry - Definitive Edition,Xbox One,8,NULL,85.0000,8,79.9067,32
18730,Cataclysm: Dark Days Ahead,Linux,7,NULL,NULL,NULL,90.0643,15
18730,Cataclysm: Dark Days Ahead,PC (Microsoft Windows),7,NULL,NULL,NULL,90.0643,15
18730,Cataclysm: Dark Days Ahead,Mac,7,NULL,NULL,NULL,90.0643,15
18730,Cataclysm: Dark Days Ahead,Web browser,7,NULL,NULL,NULL,90.0643,15
143113,Beacon Pines,PC (Microsoft Windows),2,1,85.0000,1,78.6888,24
143113,Beacon Pines,Xbox One,2,1,85.0000,1,78.6888,24
143113,Beacon Pines,Nintendo Switch,2,1,85.0000,1,78.6888,24
897,The Operative: No One Lives Forever,PC (Microsoft Windows),34,NULL,68.0000,1,83.5137,97
897,The Operative: No One Lives Forever,Mac,34,NULL,68.0000,1,83.5137,97
20150,Katana Zero,PC (Microsoft Windows),27,6,84.7500,10,79.5871,214
20150,Katana Zero,Mac,27,6,84.7500,10,79.5871,214
20150,Katana Zero,Xbox One,27,6,84.7500,10,79.5871,214
20150,Katana Zero,Nintendo Switch,27,6,84.7500,10,79.5871,214
102420,Dicey Dungeons,Linux,3,1,90.3333,3,71.8506,35
102420,Dicey Dungeons,PC (Microsoft Windows),3,1,90.3333,3,71.8506,35
102420,Dicey Dungeons,Mac,3,1,90.3333,3,71.8506,35
102420,Dicey Dungeons,Android,3,1,90.3333,3,71.8506,35
102420,Dicey Dungeons,iOS,3,1,90.3333,3,71.8506,35
102420,Dicey Dungeons,PlayStation 4,3,1,90.3333,3,71.8506,35
102420,Dicey Dungeons,Xbox One,3,1,90.3333,3,71.8506,35
102420,Dicey Dungeons,Nintendo Switch,3,1,90.3333,3,71.8506,35
102420,Dicey Dungeons,PlayStation 5,3,1,90.3333,3,71.8506,35
103329,Control,PC (Microsoft Windows),114,63,83.4000,17,83.2391,583
103329,Control,PlayStation 4,114,63,83.4000,17,83.2391,583
103329,Control,Xbox One,114,63,83.4000,17,83.2391,583
103329,Control,Nintendo Switch,114,63,83.4000,17,83.2391,583
103329,Control,PlayStation 5,114,63,83.4000,17,83.2391,583
36749,Monument Valley 2,Mac,23,NULL,80.0000,1,89.5750,59
36749,Monument Valley 2,Android,23,NULL,80.0000,1,89.5750,59
36749,Monument Valley 2,iOS,23,NULL,80.0000,1,89.5750,59
18433,Overcooked!,PC (Microsoft Windows),63,NULL,81.5385,14,82.4574,249
18433,Overcooked!,PlayStation 4,63,NULL,81.5385,14,82.4574,249
18433,Overcooked!,Xbox One,63,NULL,81.5385,14,82.4574,249
11602,Road Redemption,Linux,10,NULL,73.5000,5,69.9407,18
11602,Road Redemption,PC (Microsoft Windows),10,NULL,73.5000,5,69.9407,18
11602,Road Redemption,Mac,10,NULL,73.5000,5,69.9407,18
11602,Road Redemption,PlayStation 4,10,NULL,73.5000,5,69.9407,18
11602,Road Redemption,Xbox One,10,NULL,73.5000,5,69.9407,18
11602,Road Redemption,Nintendo Switch,10,NULL,73.5000,5,69.9407,18
23796,Super Mario Run,Android,61,4,70.3333,11,67.6976,111
23796,Super Mario Run,iOS,61,4,70.3333,11,67.6976,111
20046,Wasteland 2: Director's Cut,Linux,7,NULL,79.7333,17,80.1466,23
20046,Wasteland 2: Director's Cut,PC (Microsoft Windows),7,NULL,79.7333,17,80.1466,23
20046,Wasteland 2: Director's Cut,Mac,7,NULL,79.7333,17,80.1466,23
20046,Wasteland 2: Director's Cut,PlayStation 4,7,NULL,79.7333,17,80.1466,23
20046,Wasteland 2: Director's Cut,Xbox One,7,NULL,79.7333,17,80.1466,23
20046,Wasteland 2: Director's Cut,Nintendo Switch,7,NULL,79.7333,17,80.1466,23
19635,Naruto: Ultimate Ninja Storm,PC (Microsoft Windows),20,NULL,75.8000,5,73.6738,73
19635,Naruto: Ultimate Ninja Storm,PlayStation 4,20,NULL,75.8000,5,73.6738,73
19635,Naruto: Ultimate Ninja Storm,Xbox One,20,NULL,75.8000,5,73.6738,73
19635,Naruto: Ultimate Ninja Storm,Nintendo Switch,20,NULL,75.8000,5,73.6738,73
11119,Fallout Shelter,PC (Microsoft Windows),71,NULL,67.7778,9,63.7577,296
11119,Fallout Shelter,Android,71,NULL,67.7778,9,63.7577,296
11119,Fallout Shelter,iOS,71,NULL,67.7778,9,63.7577,296
11119,Fallout Shelter,PlayStation 4,71,NULL,67.7778,9,63.7577,296
11119,Fallout Shelter,Xbox One,71,NULL,67.7778,9,63.7577,296
11119,Fallout Shelter,Nintendo Switch,71,NULL,67.7778,9,63.7577,296
9533,Deus Ex: Human Revolution - The Missing Link,PC (Microsoft Windows),30,NULL,88.3333,4,84.0867,43
113866,Moving Out,PC (Microsoft Windows),13,3,74.5000,10,70.9450,33
113866,Moving Out,PlayStation 4,13,3,74.5000,10,70.9450,33
113866,Moving Out,Xbox One,13,3,74.5000,10,70.9450,33
113866,Moving Out,Nintendo Switch,13,3,74.5000,10,70.9450,33
2163,Proteus,Linux,9,NULL,70.0000,6,58.8706,28
2163,Proteus,PC (Microsoft Windows),9,NULL,70.0000,6,58.8706,28
2163,Proteus,Mac,9,NULL,70.0000,6,58.8706,28
139403,Jungles of Maxtheria,Linux,NULL,NULL,NULL,NULL,93.4772,21
139403,Jungles of Maxtheria,PC (Microsoft Windows),NULL,NULL,NULL,NULL,93.4772,21
139403,Jungles of Maxtheria,Mac,NULL,NULL,NULL,NULL,93.4772,21
20069,Sparkle 2,PC (Microsoft Windows),2,NULL,71.5000,5,74.3790,11
20069,Sparkle 2,PlayStation 4,2,NULL,71.5000,5,74.3790,11
20069,Sparkle 2,Xbox One,2,NULL,71.5000,5,74.3790,11
20069,Sparkle 2,Nintendo Switch,2,NULL,71.5000,5,74.3790,11
20069,Sparkle 2,PlayStation 5,2,NULL,71.5000,5,74.3790,11
196770,Sunflower Land,Web browser,62,1,NULL,NULL,94.6411,85
959,Command & Conquer: Red Alert 3,PC (Microsoft Windows),42,NULL,75.0000,8,74.4293,172
959,Command & Conquer: Red Alert 3,Mac,42,NULL,75.0000,8,74.4293,172
7434,Hay Day,Android,7,NULL,NULL,NULL,70.0543,21
7434,Hay Day,iOS,7,NULL,NULL,NULL,70.0543,21
111650,Warcraft III: Reforged,PC (Microsoft Windows),17,17,55.6667,7,54.2773,36
111650,Warcraft III: Reforged,Mac,17,17,55.6667,7,54.2773,36
3151,Electronic Super Joy,Linux,6,NULL,80.0000,2,74.0471,20
3151,Electronic Super Joy,PC (Microsoft Windows),6,NULL,80.0000,2,74.0471,20
3151,Electronic Super Joy,Mac,6,NULL,80.0000,2,74.0471,20
3151,Electronic Super Joy,PlayStation 4,6,NULL,80.0000,2,74.0471,20
3151,Electronic Super Joy,Xbox One,6,NULL,80.0000,2,74.0471,20
3151,Electronic Super Joy,Nintendo Switch,6,NULL,80.0000,2,74.0471,20
2530,Ultima Underworld II: Labyrinth of Worlds,PC (Microsoft Windows),6,NULL,NULL,NULL,72.5121,13
2530,Ultima Underworld II: Labyrinth of Worlds,Mac,6,NULL,NULL,NULL,72.5121,13
36660,Love Live! School Idol Festival,Android,4,1,NULL,NULL,73.7757,11
36660,Love Live! School Idol Festival,iOS,4,1,NULL,NULL,73.7757,11
3242,Gunpoint,Linux,28,NULL,87.5000,5,82.6404,92
3242,Gunpoint,PC (Microsoft Windows),28,NULL,87.5000,5,82.6404,92
3242,Gunpoint,Mac,28,NULL,87.5000,5,82.6404,92
39769,Area 51,PC (Microsoft Windows),4,NULL,NULL,NULL,67.7766,13
15862,Day of the Tentacle Remastered,Linux,32,1,84.5455,12,77.9242,85
15862,Day of the Tentacle Remastered,PC (Microsoft Windows),32,1,84.5455,12,77.9242,85
15862,Day of the Tentacle Remastered,Mac,32,1,84.5455,12,77.9242,85
15862,Day of the Tentacle Remastered,iOS,32,1,84.5455,12,77.9242,85
15862,Day of the Tentacle Remastered,PlayStation 4,32,1,84.5455,12,77.9242,85
15862,Day of the Tentacle Remastered,Xbox One,32,1,84.5455,12,77.9242,85
5974,Ninja Gaiden Sigma,PC (Microsoft Windows),17,NULL,89.8000,6,78.3660,40
5974,Ninja Gaiden Sigma,PlayStation 4,17,NULL,89.8000,6,78.3660,40
5974,Ninja Gaiden Sigma,Xbox One,17,NULL,89.8000,6,78.3660,40
5974,Ninja Gaiden Sigma,Nintendo Switch,17,NULL,89.8000,6,78.3660,40
81145,Mario Tennis Aces,Nintendo Switch,23,3,78.4000,15,69.7973,70
2064,Antichamber,Linux,76,NULL,82.6667,7,80.6903,175
2064,Antichamber,PC (Microsoft Windows),76,NULL,82.6667,7,80.6903,175
2064,Antichamber,Mac,76,NULL,82.6667,7,80.6903,175
2145,Trials HD,PC (Microsoft Windows),8,NULL,83.3333,5,77.0975,25
2145,Trials HD,Xbox One,8,NULL,83.3333,5,77.0975,25
1232,Phantasy Star II,PC (Microsoft Windows),5,NULL,NULL,NULL,79.6363,22
1232,Phantasy Star II,Mac,5,NULL,NULL,NULL,79.6363,22
16585,Dragon Quest V: Hand of the Heavenly Bride,Android,5,NULL,NULL,NULL,81.1345,17
16585,Dragon Quest V: Hand of the Heavenly Bride,iOS,5,NULL,NULL,NULL,81.1345,17
7081,Battlefield Hardline,PC (Microsoft Windows),74,12,72.7143,17,67.9358,237
7081,Battlefield Hardline,PlayStation 4,74,12,72.7143,17,67.9358,237
7081,Battlefield Hardline,Xbox One,74,12,72.7143,17,67.9358,237
14360,1979 Revolution: Black Friday,PC (Microsoft Windows),7,NULL,70.7500,5,78.6766,18
14360,1979 Revolution: Black Friday,Mac,7,NULL,70.7500,5,78.6766,18
14360,1979 Revolution: Black Friday,Android,7,NULL,70.7500,5,78.6766,18
14360,1979 Revolution: Black Friday,iOS,7,NULL,70.7500,5,78.6766,18
14360,1979 Revolution: Black Friday,PlayStation 4,7,NULL,70.7500,5,78.6766,18
14360,1979 Revolution: Black Friday,Xbox One,7,NULL,70.7500,5,78.6766,18
14360,1979 Revolution: Black Friday,Nintendo Switch,7,NULL,70.7500,5,78.6766,18
9759,Total War: Warhammer II - Serpent God Edition,PC (Microsoft Windows),6,NULL,NULL,NULL,89.8434,12
28751,Black Squad,PC (Microsoft Windows),14,2,NULL,NULL,64.2977,16
19463,Madden NFL 17,PlayStation 4,5,2,80.2353,20,70.0257,12
19463,Madden NFL 17,Xbox One,5,2,80.2353,20,70.0257,12
8321,Feeding Frenzy 2: Shipwreck Showdown,PC (Microsoft Windows),6,NULL,50.0000,1,70.2052,16
8321,Feeding Frenzy 2: Shipwreck Showdown,Xbox One,6,NULL,50.0000,1,70.2052,16
159299,Storyteller,PC (Microsoft Windows),1,2,82.0000,4,79.8818,18
159299,Storyteller,Android,1,2,82.0000,4,79.8818,18
159299,Storyteller,iOS,1,2,82.0000,4,79.8818,18
159299,Storyteller,Nintendo Switch,1,2,82.0000,4,79.8818,18
128,Assassin's Creed,PC (Microsoft Windows),364,NULL,80.7500,6,73.4370,1457
103294,Nier: Automata - Become as Gods Edition,PC (Microsoft Windows),4,NULL,89.0000,1,90.2406,20
103294,Nier: Automata - Become as Gods Edition,Xbox One,4,NULL,89.0000,1,90.2406,20
526,Need for Speed: The Run,PC (Microsoft Windows),39,NULL,66.5556,12,68.4170,191
28125,Layton's Mystery Journey: Katrielle and the Millionaire's Conspiracy,Android,7,NULL,65.2500,6,66.8063,11
28125,Layton's Mystery Journey: Katrielle and the Millionaire's Conspiracy,iOS,7,NULL,65.2500,6,66.8063,11
7671,Flappy Bird,Android,7,NULL,NULL,NULL,49.4510,47
7671,Flappy Bird,iOS,7,NULL,NULL,NULL,49.4510,47
5649,Blood Bowl,PC (Microsoft Windows),NULL,NULL,45.0000,4,80.8393,13
5649,Blood Bowl,iOS,NULL,NULL,45.0000,4,80.8393,13
8319,Gunman Chronicles,PC (Microsoft Windows),9,NULL,80.0000,1,76.9490,16
131890,Sea of Stars,PC (Microsoft Windows),NULL,4,89.5714,10,89.7527,27
131890,Sea of Stars,PlayStation 4,NULL,4,89.5714,10,89.7527,27
131890,Sea of Stars,Xbox One,NULL,4,89.5714,10,89.7527,27
131890,Sea of Stars,Nintendo Switch,NULL,4,89.5714,10,89.7527,27
131890,Sea of Stars,PlayStation 5,NULL,4,89.5714,10,89.7527,27
27717,Late Shift,PC (Microsoft Windows),11,1,52.0000,4,67.1873,52
27717,Late Shift,Mac,11,1,52.0000,4,67.1873,52
27717,Late Shift,PlayStation 4,11,1,52.0000,4,67.1873,52
27717,Late Shift,Xbox One,11,1,52.0000,4,67.1873,52
27717,Late Shift,Nintendo Switch,11,1,52.0000,4,67.1873,52
27717,Late Shift,PlayStation 5,11,1,52.0000,4,67.1873,52
103288,Jump Force,PC (Microsoft Windows),23,10,54.4545,14,59.6891,52
103288,Jump Force,PlayStation 4,23,10,54.4545,14,59.6891,52
103288,Jump Force,Xbox One,23,10,54.4545,14,59.6891,52
19405,F1 2016,PC (Microsoft Windows),9,NULL,83.0000,16,77.1003,18
19405,F1 2016,iOS,9,NULL,83.0000,16,77.1003,18
19405,F1 2016,PlayStation 4,9,NULL,83.0000,16,77.1003,18
19405,F1 2016,Xbox One,9,NULL,83.0000,16,77.1003,18
1367,Sniper: Ghost Warrior,Linux,20,NULL,56.3333,5,55.3209,75
1367,Sniper: Ghost Warrior,PC (Microsoft Windows),20,NULL,56.3333,5,55.3209,75
139134,Hatsune Miku: Colorful Stage!,Android,1,NULL,NULL,NULL,77.7512,12
139134,Hatsune Miku: Colorful Stage!,iOS,1,NULL,NULL,NULL,77.7512,12
15433,The King of Fighters 2003,PlayStation 4,6,NULL,50.0000,1,51.5037,24
15433,The King of Fighters 2003,Xbox One,6,NULL,50.0000,1,51.5037,24
15433,The King of Fighters 2003,Nintendo Switch,6,NULL,50.0000,1,51.5037,24
119270,Tales of Arise,PC (Microsoft Windows),7,31,87.3333,8,81.3590,50
119270,Tales of Arise,PlayStation 4,7,31,87.3333,8,81.3590,50
119270,Tales of Arise,Xbox One,7,31,87.3333,8,81.3590,50
119270,Tales of Arise,PlayStation 5,7,31,87.3333,8,81.3590,50
187043,Rising Star,Web browser,11,2,NULL,NULL,92.4883,11
6030,The Warriors,PlayStation 4,19,NULL,82.3333,5,83.4867,40
8722,Soldat,PC (Microsoft Windows),8,NULL,NULL,NULL,83.4299,16
28722,Crysis 2: Maximum Edition,PC (Microsoft Windows),2,NULL,NULL,NULL,75.5722,17
55028,Attack on Titan 2,PC (Microsoft Windows),13,1,74.6154,14,83.1028,13
55028,Attack on Titan 2,PlayStation 4,13,1,74.6154,14,83.1028,13
55028,Attack on Titan 2,Xbox One,13,1,74.6154,14,83.1028,13
55028,Attack on Titan 2,Nintendo Switch,13,1,74.6154,14,83.1028,13
71957,Framed Collection,Linux,4,1,80.5000,2,79.0556,13
71957,Framed Collection,PC (Microsoft Windows),4,1,80.5000,2,79.0556,13
71957,Framed Collection,Mac,4,1,80.5000,2,79.0556,13
71957,Framed Collection,Nintendo Switch,4,1,80.5000,2,79.0556,13
7658,Fable Anniversary,PC (Microsoft Windows),24,NULL,64.8000,10,81.5656,71
133004,Assassin's Creed Valhalla,PC (Microsoft Windows),63,24,85.0833,13,75.9219,215
133004,Assassin's Creed Valhalla,PlayStation 4,63,24,85.0833,13,75.9219,215
133004,Assassin's Creed Valhalla,Xbox One,63,24,85.0833,13,75.9219,215
133004,Assassin's Creed Valhalla,PlayStation 5,63,24,85.0833,13,75.9219,215
90099,Tom Clancy's The Division 2,PC (Microsoft Windows),128,49,85.2667,17,76.6611,171
90099,Tom Clancy's The Division 2,PlayStation 4,128,49,85.2667,17,76.6611,171
90099,Tom Clancy's The Division 2,Xbox One,128,49,85.2667,17,76.6611,171
8492,Lisa,Linux,34,NULL,NULL,NULL,92.8302,113
8492,Lisa,PC (Microsoft Windows),34,NULL,NULL,NULL,92.8302,113
8492,Lisa,Mac,34,NULL,NULL,NULL,92.8302,113
5606,Assassin's Creed Unity,PC (Microsoft Windows),244,26,70.9333,17,71.6383,715
5606,Assassin's Creed Unity,PlayStation 4,244,26,70.9333,17,71.6383,715
5606,Assassin's Creed Unity,Xbox One,244,26,70.9333,17,71.6383,715
9608,Mount & Blade II: Bannerlord,PC (Microsoft Windows),71,67,80.0000,1,77.0377,76
9608,Mount & Blade II: Bannerlord,PlayStation 4,71,67,80.0000,1,77.0377,76
9608,Mount & Blade II: Bannerlord,Xbox One,71,67,80.0000,1,77.0377,76
9608,Mount & Blade II: Bannerlord,PlayStation 5,71,67,80.0000,1,77.0377,76
8201,Daikatana,PC (Microsoft Windows),7,NULL,50.0000,1,56.0049,22
204621,Minecraft: Legends,PC (Microsoft Windows),NULL,3,71.0000,7,59.9376,12
204621,Minecraft: Legends,PlayStation 4,NULL,3,71.0000,7,59.9376,12
204621,Minecraft: Legends,Xbox One,NULL,3,71.0000,7,59.9376,12
204621,Minecraft: Legends,Nintendo Switch,NULL,3,71.0000,7,59.9376,12
204621,Minecraft: Legends,PlayStation 5,NULL,3,71.0000,7,59.9376,12
27508,Turok 2: Seeds of Evil,Linux,6,NULL,65.0000,3,77.3118,11
27508,Turok 2: Seeds of Evil,PC (Microsoft Windows),6,NULL,65.0000,3,77.3118,11
27508,Turok 2: Seeds of Evil,Mac,6,NULL,65.0000,3,77.3118,11
27508,Turok 2: Seeds of Evil,PlayStation 4,6,NULL,65.0000,3,77.3118,11
27508,Turok 2: Seeds of Evil,Xbox One,6,NULL,65.0000,3,77.3118,11
27508,Turok 2: Seeds of Evil,Nintendo Switch,6,NULL,65.0000,3,77.3118,11
103291,Gears Tactics,PC (Microsoft Windows),13,6,83.9091,13,73.3085,44
103291,Gears Tactics,Xbox One,13,6,83.9091,13,73.3085,44
40477,Slay the Spire,Linux,22,4,92.6667,9,85.3715,277
40477,Slay the Spire,PC (Microsoft Windows),22,4,92.6667,9,85.3715,277
40477,Slay the Spire,Mac,22,4,92.6667,9,85.3715,277
40477,Slay the Spire,Android,22,4,92.6667,9,85.3715,277
40477,Slay the Spire,iOS,22,4,92.6667,9,85.3715,277
40477,Slay the Spire,PlayStation 4,22,4,92.6667,9,85.3715,277
40477,Slay the Spire,Xbox One,22,4,92.6667,9,85.3715,277
40477,Slay the Spire,Nintendo Switch,22,4,92.6667,9,85.3715,277
8288,The Banner Saga 2,PC (Microsoft Windows),37,4,84.3846,16,88.5686,89
8288,The Banner Saga 2,Mac,37,4,84.3846,16,88.5686,89
8288,The Banner Saga 2,Android,37,4,84.3846,16,88.5686,89
8288,The Banner Saga 2,iOS,37,4,84.3846,16,88.5686,89
8288,The Banner Saga 2,PlayStation 4,37,4,84.3846,16,88.5686,89
8288,The Banner Saga 2,Xbox One,37,4,84.3846,16,88.5686,89
8288,The Banner Saga 2,Nintendo Switch,37,4,84.3846,16,88.5686,89
153700,Ghost of Tsushima: Director's Cut,PlayStation 4,6,3,93.7143,9,92.3319,56
153700,Ghost of Tsushima: Director's Cut,PlayStation 5,6,3,93.7143,9,92.3319,56
100562,198X,PC (Microsoft Windows),5,NULL,70.0000,3,79.5307,23
100562,198X,PlayStation 4,5,NULL,70.0000,3,79.5307,23
100562,198X,Xbox One,5,NULL,70.0000,3,79.5307,23
100562,198X,Nintendo Switch,5,NULL,70.0000,3,79.5307,23
68271,Darq,PC (Microsoft Windows),9,5,70.0000,1,80.0309,44
68271,Darq,Nintendo Switch,9,5,70.0000,1,80.0309,44
495,Metro 2033,PC (Microsoft Windows),224,NULL,87.2500,7,82.0442,686
1405,Hawken,PC (Microsoft Windows),5,NULL,45.0000,2,68.9454,30
1405,Hawken,PlayStation 4,5,NULL,45.0000,2,68.9454,30
1405,Hawken,Xbox One,5,NULL,45.0000,2,68.9454,30
846,Red Faction: Guerrilla,PC (Microsoft Windows),47,NULL,82.1667,10,75.3003,116
78511,Forza Motorsport,PC (Microsoft Windows),15,27,87.5000,9,79.3224,13
18615,Miitomo,Android,6,NULL,73.0000,2,58.3048,15
18615,Miitomo,iOS,6,NULL,73.0000,2,58.3048,15
98077,Grand Theft Auto V: Premium Online Edition,PC (Microsoft Windows),21,NULL,NULL,NULL,93.4813,35
98077,Grand Theft Auto V: Premium Online Edition,PlayStation 4,21,NULL,NULL,NULL,93.4813,35
98077,Grand Theft Auto V: Premium Online Edition,Xbox One,21,NULL,NULL,NULL,93.4813,35
7512,Emperor: Rise of the Middle Kingdom,PC (Microsoft Windows),9,NULL,80.0000,1,89.1895,18
129,Warcraft: Orcs & Humans,Mac,38,NULL,NULL,NULL,78.8533,134
542,LEGO Pirates of the Caribbean: The Video Game,PC (Microsoft Windows),29,NULL,70.6000,7,76.3829,89
542,LEGO Pirates of the Caribbean: The Video Game,Mac,29,NULL,70.6000,7,76.3829,89
217815,Call of Duty: Warzone 2.0,PC (Microsoft Windows),7,2,80.0000,3,67.0017,22
217815,Call of Duty: Warzone 2.0,PlayStation 4,7,2,80.0000,3,67.0017,22
217815,Call of Duty: Warzone 2.0,Xbox One,7,2,80.0000,3,67.0017,22
217815,Call of Duty: Warzone 2.0,PlayStation 5,7,2,80.0000,3,67.0017,22
1648,James Bond 007: Blood Stone,PC (Microsoft Windows),21,NULL,57.2500,12,71.1044,47
9607,Clannad,PC (Microsoft Windows),9,NULL,NULL,NULL,90.7969,29
138031,Aragami 2,PC (Microsoft Windows),1,2,74.0000,4,59.9635,15
138031,Aragami 2,PlayStation 4,1,2,74.0000,4,59.9635,15
138031,Aragami 2,Xbox One,1,2,74.0000,4,59.9635,15
138031,Aragami 2,Nintendo Switch,1,2,74.0000,4,59.9635,15
138031,Aragami 2,PlayStation 5,1,2,74.0000,4,59.9635,15
122386,Infernax,PC (Microsoft Windows),NULL,NULL,76.6667,5,79.9257,12
122386,Infernax,PlayStation 4,NULL,NULL,76.6667,5,79.9257,12
122386,Infernax,Xbox One,NULL,NULL,76.6667,5,79.9257,12
122386,Infernax,Nintendo Switch,NULL,NULL,76.6667,5,79.9257,12
122386,Infernax,PlayStation 5,NULL,NULL,76.6667,5,79.9257,12
112870,Spellbreak,PC (Microsoft Windows),16,10,75.6667,4,68.6904,38
112870,Spellbreak,PlayStation 4,16,10,75.6667,4,68.6904,38
112870,Spellbreak,Xbox One,16,10,75.6667,4,68.6904,38
112870,Spellbreak,Nintendo Switch,16,10,75.6667,4,68.6904,38
112870,Spellbreak,PlayStation 5,16,10,75.6667,4,68.6904,38
24515,Deceit,Linux,3,NULL,NULL,NULL,50.6850,24
24515,Deceit,PC (Microsoft Windows),3,NULL,NULL,NULL,50.6850,24
27277,Forma.8,PC (Microsoft Windows),10,NULL,78.3333,7,75.4901,17
27277,Forma.8,Mac,10,NULL,78.3333,7,75.4901,17
27277,Forma.8,Android,10,NULL,78.3333,7,75.4901,17
27277,Forma.8,iOS,10,NULL,78.3333,7,75.4901,17
27277,Forma.8,PlayStation 4,10,NULL,78.3333,7,75.4901,17
27277,Forma.8,Xbox One,10,NULL,78.3333,7,75.4901,17
27277,Forma.8,Nintendo Switch,10,NULL,78.3333,7,75.4901,17
122238,Xenoblade Chronicles: Definitive Edition,Nintendo Switch,13,5,91.3750,10,84.5166,44
1170,Destruction Derby 2,PC (Microsoft Windows),6,NULL,72.0000,1,73.2752,34
8476,Hocus Pocus,Linux,3,NULL,NULL,NULL,71.6481,11
8476,Hocus Pocus,PC (Microsoft Windows),3,NULL,NULL,NULL,71.6481,11
8476,Hocus Pocus,Mac,3,NULL,NULL,NULL,71.6481,11
138225,Super Mario 3D All-Stars,Nintendo Switch,16,3,84.8889,11,66.0263,40
105629,The Shapeshifting Detective,PC (Microsoft Windows),NULL,NULL,NULL,NULL,69.9863,12
105629,The Shapeshifting Detective,Mac,NULL,NULL,NULL,NULL,69.9863,12
105629,The Shapeshifting Detective,iOS,NULL,NULL,NULL,NULL,69.9863,12
105629,The Shapeshifting Detective,PlayStation 4,NULL,NULL,NULL,NULL,69.9863,12
105629,The Shapeshifting Detective,Xbox One,NULL,NULL,NULL,NULL,69.9863,12
105629,The Shapeshifting Detective,Nintendo Switch,NULL,NULL,NULL,NULL,69.9863,12
219442,Need for Speed: Unbound,PC (Microsoft Windows),2,5,77.1667,10,74.9799,21
219442,Need for Speed: Unbound,PlayStation 5,2,5,77.1667,10,74.9799,21
23689,Battle Chef Brigade,Linux,9,3,80.7143,10,73.3773,17
23689,Battle Chef Brigade,PC (Microsoft Windows),9,3,80.7143,10,73.3773,17
23689,Battle Chef Brigade,Mac,9,3,80.7143,10,73.3773,17
23689,Battle Chef Brigade,Nintendo Switch,9,3,80.7143,10,73.3773,17
127343,Godfall,PC (Microsoft Windows),5,13,68.3333,11,65.5523,13
127343,Godfall,PlayStation 4,5,13,68.3333,11,65.5523,13
127343,Godfall,Xbox One,5,13,68.3333,11,65.5523,13
127343,Godfall,PlayStation 5,5,13,68.3333,11,65.5523,13
2449,Lightning Returns: Final Fantasy XIII,PC (Microsoft Windows),24,2,70.0000,14,68.1841,80
2449,Lightning Returns: Final Fantasy XIII,Xbox One,24,2,70.0000,14,68.1841,80
109148,Unheard,PC (Microsoft Windows),3,NULL,65.0000,1,70.6130,12
109148,Unheard,Mac,3,NULL,65.0000,1,70.6130,12
109148,Unheard,iOS,3,NULL,65.0000,1,70.6130,12
109148,Unheard,PlayStation 4,3,NULL,65.0000,1,70.6130,12
109148,Unheard,Xbox One,3,NULL,65.0000,1,70.6130,12
109148,Unheard,Nintendo Switch,3,NULL,65.0000,1,70.6130,12
9460,Stronghold 2,PC (Microsoft Windows),12,NULL,70.3333,3,71.7148,52
19470,Injustice 2,PC (Microsoft Windows),86,20,86.3889,21,81.0452,175
19470,Injustice 2,PlayStation 4,86,20,86.3889,21,81.0452,175
19470,Injustice 2,Xbox One,86,20,86.3889,21,81.0452,175
11772,Shadowrun: Hong Kong,Linux,22,NULL,78.3333,3,85.8221,42
11772,Shadowrun: Hong Kong,PC (Microsoft Windows),22,NULL,78.3333,3,85.8221,42
11772,Shadowrun: Hong Kong,Mac,22,NULL,78.3333,3,85.8221,42
5616,LEGO Island 2: The Brickster's Revenge,PC (Microsoft Windows),6,NULL,NULL,NULL,69.9080,23
3035,The Stanley Parable,Linux,312,NULL,88.5000,9,83.6221,830
3035,The Stanley Parable,PC (Microsoft Windows),312,NULL,88.5000,9,83.6221,830
3035,The Stanley Parable,Mac,312,NULL,88.5000,9,83.6221,830
182278,MultiVersus,PC (Microsoft Windows),4,5,76.0000,4,69.5060,46
182278,MultiVersus,PlayStation 4,4,5,76.0000,4,69.5060,46
182278,MultiVersus,Xbox One,4,5,76.0000,4,69.5060,46
182278,MultiVersus,PlayStation 5,4,5,76.0000,4,69.5060,46
7818,Skyforge,PC (Microsoft Windows),13,2,75.0000,2,59.5546,20
7818,Skyforge,PlayStation 4,13,2,75.0000,2,59.5546,20
7818,Skyforge,Xbox One,13,2,75.0000,2,59.5546,20
7818,Skyforge,Nintendo Switch,13,2,75.0000,2,59.5546,20
3764,Madagascar,PC (Microsoft Windows),12,NULL,66.0000,6,72.4000,54
14327,Ultratron,Linux,5,NULL,70.5000,2,66.4869,12
14327,Ultratron,PC (Microsoft Windows),5,NULL,70.5000,2,66.4869,12
14327,Ultratron,Mac,5,NULL,70.5000,2,66.4869,12
14327,Ultratron,PlayStation 4,5,NULL,70.5000,2,66.4869,12
14327,Ultratron,Xbox One,5,NULL,70.5000,2,66.4869,12
718,Forsaken,PC (Microsoft Windows),2,NULL,NULL,NULL,60.4146,13
4999,Marvel: Ultimate Alliance,PC (Microsoft Windows),40,NULL,72.1429,9,77.4391,135
4999,Marvel: Ultimate Alliance,PlayStation 4,40,NULL,72.1429,9,77.4391,135
4999,Marvel: Ultimate Alliance,Xbox One,40,NULL,72.1429,9,77.4391,135
10635,Crossy Road,Android,5,NULL,80.0000,1,68.0247,38
10635,Crossy Road,iOS,5,NULL,80.0000,1,68.0247,38
10635,Crossy Road,Web browser,5,NULL,80.0000,1,68.0247,38
466,"Warhammer 40,000: Dawn of War II",Linux,29,NULL,81.0000,6,77.6146,97
466,"Warhammer 40,000: Dawn of War II",PC (Microsoft Windows),29,NULL,81.0000,6,77.6146,97
466,"Warhammer 40,000: Dawn of War II",Mac,29,NULL,81.0000,6,77.6146,97
133923,Paper Mario: The Origami King,Nintendo Switch,20,7,81.0909,13,75.5456,43
390,LEGO Racers 2,PC (Microsoft Windows),3,NULL,70.0000,1,59.7682,19
51310,S4 League,PC (Microsoft Windows),6,NULL,NULL,NULL,79.8904,16
261085,Quake II,PC (Microsoft Windows),NULL,NULL,98.0000,1,64.7406,12
261085,Quake II,PlayStation 4,NULL,NULL,98.0000,1,64.7406,12
261085,Quake II,Xbox One,NULL,NULL,98.0000,1,64.7406,12
261085,Quake II,Nintendo Switch,NULL,NULL,98.0000,1,64.7406,12
261085,Quake II,PlayStation 5,NULL,NULL,98.0000,1,64.7406,12
115843,Unpacking,Linux,8,3,92.5000,3,72.4090,113
115843,Unpacking,PC (Microsoft Windows),8,3,92.5000,3,72.4090,113
115843,Unpacking,Mac,8,3,92.5000,3,72.4090,113
115843,Unpacking,Android,8,3,92.5000,3,72.4090,113
115843,Unpacking,iOS,8,3,92.5000,3,72.4090,113
115843,Unpacking,PlayStation 4,8,3,92.5000,3,72.4090,113
115843,Unpacking,Xbox One,8,3,92.5000,3,72.4090,113
115843,Unpacking,Nintendo Switch,8,3,92.5000,3,72.4090,113
115843,Unpacking,PlayStation 5,8,3,92.5000,3,72.4090,113
26128,Lost Ark,PC (Microsoft Windows),30,1,81.2500,5,74.0273,70
8592,Pokémon Shuffle,Android,6,NULL,62.5000,3,63.6292,42
8592,Pokémon Shuffle,iOS,6,NULL,62.5000,3,63.6292,42
4663,Agatha Christie: And Then There Were None,PC (Microsoft Windows),7,NULL,56.0000,4,70.1161,16
28171,Ultimate Epic Battle Simulator,PC (Microsoft Windows),3,NULL,45.0000,2,60.2983,19
46614,Wadanohara and the Great Blue Sea,PC (Microsoft Windows),1,NULL,NULL,NULL,84.6753,15
374,Metal Gear,PC (Microsoft Windows),23,NULL,NULL,NULL,73.9134,109
374,Metal Gear,Nintendo Switch,23,NULL,NULL,NULL,73.9134,109
374,Metal Gear,PlayStation 5,23,NULL,NULL,NULL,73.9134,109
8292,Discworld II: Mortality Bytes!,PC (Microsoft Windows),11,NULL,NULL,NULL,88.3322,27
121947,The Suicide of Rachel Foster,Linux,3,3,64.7500,5,72.0555,45
121947,The Suicide of Rachel Foster,PC (Microsoft Windows),3,3,64.7500,5,72.0555,45
121947,The Suicide of Rachel Foster,PlayStation 4,3,3,64.7500,5,72.0555,45
121947,The Suicide of Rachel Foster,Xbox One,3,3,64.7500,5,72.0555,45
121947,The Suicide of Rachel Foster,Nintendo Switch,3,3,64.7500,5,72.0555,45
20022,Devil May Cry 4: Special Edition,PC (Microsoft Windows),9,NULL,80.3333,10,78.6858,45
20022,Devil May Cry 4: Special Edition,PlayStation 4,9,NULL,80.3333,10,78.6858,45
20022,Devil May Cry 4: Special Edition,Xbox One,9,NULL,80.3333,10,78.6858,45
55036,Anno 1800,PC (Microsoft Windows),59,29,82.8000,5,87.8435,92
27547,Fire Pro Wrestling World,PC (Microsoft Windows),10,1,77.5000,7,75.3316,11
27547,Fire Pro Wrestling World,PlayStation 4,10,1,77.5000,7,75.3316,11
1331,Limbo,Linux,353,1,84.0000,14,81.2464,1250
1331,Limbo,PC (Microsoft Windows),353,1,84.0000,14,81.2464,1250
1331,Limbo,Mac,353,1,84.0000,14,81.2464,1250
1331,Limbo,Android,353,1,84.0000,14,81.2464,1250
1331,Limbo,iOS,353,1,84.0000,14,81.2464,1250
1331,Limbo,PlayStation 4,353,1,84.0000,14,81.2464,1250
1331,Limbo,Xbox One,353,1,84.0000,14,81.2464,1250
1331,Limbo,Nintendo Switch,353,1,84.0000,14,81.2464,1250
174590,Tower of Fantasy,PC (Microsoft Windows),6,1,NULL,NULL,70.3658,11
174590,Tower of Fantasy,Android,6,1,NULL,NULL,70.3658,11
174590,Tower of Fantasy,iOS,6,1,NULL,NULL,70.3658,11
6145,Super Hang-On,Mac,4,NULL,NULL,NULL,76.2314,34
115,League of Legends,PC (Microsoft Windows),244,NULL,84.0000,6,75.1265,688
115,League of Legends,Mac,244,NULL,84.0000,6,75.1265,688
17555,Black the Fall,Linux,7,NULL,71.2500,7,70.4086,23
17555,Black the Fall,PC (Microsoft Windows),7,NULL,71.2500,7,70.4086,23
17555,Black the Fall,Mac,7,NULL,71.2500,7,70.4086,23
17555,Black the Fall,PlayStation 4,7,NULL,71.2500,7,70.4086,23
17555,Black the Fall,Xbox One,7,NULL,71.2500,7,70.4086,23
17555,Black the Fall,Nintendo Switch,7,NULL,71.2500,7,70.4086,23
7710,State of Decay: Year-One Survival Edition,PC (Microsoft Windows),13,NULL,65.8333,7,71.9570,19
7710,State of Decay: Year-One Survival Edition,Xbox One,13,NULL,65.8333,7,71.9570,19
124700,League of Legends: Wild Rift,Android,9,1,NULL,NULL,70.4729,20
124700,League of Legends: Wild Rift,iOS,9,1,NULL,NULL,70.4729,20
10354,Killer Instinct,PC (Microsoft Windows),16,NULL,71.2500,10,81.4951,33
10354,Killer Instinct,Xbox One,16,NULL,71.2500,10,81.4951,33
333,Quake,Linux,161,NULL,NULL,NULL,82.4560,295
333,Quake,PC (Microsoft Windows),161,NULL,NULL,NULL,82.4560,295
333,Quake,Mac,161,NULL,NULL,NULL,82.4560,295
5593,Daylight,PC (Microsoft Windows),1,NULL,49.7000,12,49.6381,18
5593,Daylight,PlayStation 4,1,NULL,49.7000,12,49.6381,18
117266,Chicory: A Colorful Tale,PC (Microsoft Windows),NULL,2,92.3333,3,83.7966,15
117266,Chicory: A Colorful Tale,Mac,NULL,2,92.3333,3,83.7966,15
117266,Chicory: A Colorful Tale,PlayStation 4,NULL,2,92.3333,3,83.7966,15
117266,Chicory: A Colorful Tale,Xbox One,NULL,2,92.3333,3,83.7966,15
117266,Chicory: A Colorful Tale,Nintendo Switch,NULL,2,92.3333,3,83.7966,15
117266,Chicory: A Colorful Tale,PlayStation 5,NULL,2,92.3333,3,83.7966,15
11798,Evoland 2,PC (Microsoft Windows),13,NULL,78.3333,3,80.0510,32
11798,Evoland 2,Mac,13,NULL,78.3333,3,80.0510,32
11798,Evoland 2,Android,13,NULL,78.3333,3,80.0510,32
11798,Evoland 2,iOS,13,NULL,78.3333,3,80.0510,32
4248,Dragon's Lair,Mac,10,NULL,53.3333,3,69.2771,30
4248,Dragon's Lair,Android,10,NULL,53.3333,3,69.2771,30
4248,Dragon's Lair,iOS,10,NULL,53.3333,3,69.2771,30
7388,Papo & Yo,Linux,17,NULL,74.5556,10,76.9884,52
7388,Papo & Yo,PC (Microsoft Windows),17,NULL,74.5556,10,76.9884,52
7388,Papo & Yo,Mac,17,NULL,74.5556,10,76.9884,52
9498,Deus Ex: Mankind Divided,Linux,193,46,82.8621,36,77.8612,437
9498,Deus Ex: Mankind Divided,PC (Microsoft Windows),193,46,82.8621,36,77.8612,437
9498,Deus Ex: Mankind Divided,Mac,193,46,82.8621,36,77.8612,437
9498,Deus Ex: Mankind Divided,PlayStation 4,193,46,82.8621,36,77.8612,437
9498,Deus Ex: Mankind Divided,Xbox One,193,46,82.8621,36,77.8612,437
139,Star Wars: Galactic Battlegrounds,PC (Microsoft Windows),15,NULL,NULL,NULL,79.7382,55
139,Star Wars: Galactic Battlegrounds,Mac,15,NULL,NULL,NULL,79.7382,55
543,Call of Juarez: The Cartel,Linux,16,NULL,50.8333,8,53.3566,50
543,Call of Juarez: The Cartel,PC (Microsoft Windows),16,NULL,50.8333,8,53.3566,50
2358,Chivalry: Medieval Warfare,Linux,31,NULL,72.0000,4,67.4214,109
2358,Chivalry: Medieval Warfare,PC (Microsoft Windows),31,NULL,72.0000,4,67.4214,109
2358,Chivalry: Medieval Warfare,Mac,31,NULL,72.0000,4,67.4214,109
2358,Chivalry: Medieval Warfare,PlayStation 4,31,NULL,72.0000,4,67.4214,109
2358,Chivalry: Medieval Warfare,Xbox One,31,NULL,72.0000,4,67.4214,109
134597,Astro's Playroom,PlayStation 5,9,NULL,80.8333,7,85.3899,150
3512,Hexen: Beyond Heretic,PC (Microsoft Windows),12,NULL,37.0000,2,73.4823,51
3512,Hexen: Beyond Heretic,Mac,12,NULL,37.0000,2,73.4823,51
943,Colin McRae: Dirt,PC (Microsoft Windows),29,NULL,81.0000,8,77.5293,81
41895,House Party,PC (Microsoft Windows),16,NULL,NULL,NULL,61.9479,16
20864,Assassin's Creed: Liberation HD,PC (Microsoft Windows),19,NULL,55.0000,3,62.3678,80
363,Heroes of Might and Magic II: The Succession Wars,PC (Microsoft Windows),34,NULL,NULL,NULL,84.7239,114
363,Heroes of Might and Magic II: The Succession Wars,Mac,34,NULL,NULL,NULL,84.7239,114
95069,428: Shibuya Scramble,PC (Microsoft Windows),2,NULL,82.5000,4,89.7359,15
95069,428: Shibuya Scramble,Android,2,NULL,82.5000,4,89.7359,15
95069,428: Shibuya Scramble,iOS,2,NULL,82.5000,4,89.7359,15
95069,428: Shibuya Scramble,PlayStation 4,2,NULL,82.5000,4,89.7359,15
1162,Tomb Raider: Anniversary,PC (Microsoft Windows),58,NULL,69.0000,8,76.7316,198
1162,Tomb Raider: Anniversary,Mac,58,NULL,69.0000,8,76.7316,198
367,Heroes of Might and Magic IV,PC (Microsoft Windows),37,NULL,74.0000,2,74.9117,153
367,Heroes of Might and Magic IV,Mac,37,NULL,74.0000,2,74.9117,153
275,Commandos: Strike Force,PC (Microsoft Windows),6,NULL,68.7500,5,64.5160,25
46664,Lucky Luke,PC (Microsoft Windows),4,NULL,NULL,NULL,69.5918,14
41621,Football Manager 2019,PC (Microsoft Windows),10,1,87.5000,5,90.5053,52
41621,Football Manager 2019,Mac,10,1,87.5000,5,90.5053,52
41621,Football Manager 2019,Android,10,1,87.5000,5,90.5053,52
41621,Football Manager 2019,iOS,10,1,87.5000,5,90.5053,52
144052,Pokémon Shining Pearl,Nintendo Switch,2,2,84.6667,3,79.7071,16
8499,Five Nights at Freddy's,PC (Microsoft Windows),50,NULL,71.6667,3,66.0526,116
13557,The Legend of Heroes: Trails of Cold Steel,PC (Microsoft Windows),14,NULL,81.5556,9,82.3517,43
13557,The Legend of Heroes: Trails of Cold Steel,PlayStation 4,14,NULL,81.5556,9,82.3517,43
6959,Dark Sector,PC (Microsoft Windows),14,NULL,70.4000,9,66.5642,49
373,Might & Magic: Heroes VI,PC (Microsoft Windows),21,NULL,77.6667,4,73.5066,84
250,The Chronicles of Riddick: Escape from Butcher Bay,PC (Microsoft Windows),47,NULL,89.0000,6,84.6701,110
250,The Chronicles of Riddick: Escape from Butcher Bay,Mac,47,NULL,89.0000,6,84.6701,110
7615,Might & Magic Heroes VII,PC (Microsoft Windows),24,5,66.0000,2,63.1703,41
106847,Coffee Talk,PC (Microsoft Windows),9,NULL,70.0000,4,72.0114,49
106847,Coffee Talk,Mac,9,NULL,70.0000,4,72.0114,49
106847,Coffee Talk,PlayStation 4,9,NULL,70.0000,4,72.0114,49
106847,Coffee Talk,Xbox One,9,NULL,70.0000,4,72.0114,49
106847,Coffee Talk,Nintendo Switch,9,NULL,70.0000,4,72.0114,49
34293,BioShock Remastered,PC (Microsoft Windows),27,NULL,NULL,NULL,85.3739,157
34293,BioShock Remastered,Mac,27,NULL,NULL,NULL,85.3739,157
34293,BioShock Remastered,PlayStation 4,27,NULL,NULL,NULL,85.3739,157
34293,BioShock Remastered,Xbox One,27,NULL,NULL,NULL,85.3739,157
34293,BioShock Remastered,Nintendo Switch,27,NULL,NULL,NULL,85.3739,157
20123,State of Mind,Linux,17,10,69.0000,11,69.6816,23
20123,State of Mind,PC (Microsoft Windows),17,10,69.0000,11,69.6816,23
20123,State of Mind,Mac,17,10,69.0000,11,69.6816,23
20123,State of Mind,PlayStation 4,17,10,69.0000,11,69.6816,23
20123,State of Mind,Xbox One,17,10,69.0000,11,69.6816,23
20123,State of Mind,Nintendo Switch,17,10,69.0000,11,69.6816,23
8716,Postal: Redux,Linux,7,2,59.2500,4,60.4114,13
8716,Postal: Redux,PC (Microsoft Windows),7,2,59.2500,4,60.4114,13
8716,Postal: Redux,PlayStation 4,7,2,59.2500,4,60.4114,13
8716,Postal: Redux,Nintendo Switch,7,2,59.2500,4,60.4114,13
27436,Kingdom Two Crowns,Linux,11,2,NULL,NULL,84.6652,32
27436,Kingdom Two Crowns,PC (Microsoft Windows),11,2,NULL,NULL,84.6652,32
27436,Kingdom Two Crowns,Mac,11,2,NULL,NULL,84.6652,32
27436,Kingdom Two Crowns,iOS,11,2,NULL,NULL,84.6652,32
27436,Kingdom Two Crowns,PlayStation 4,11,2,NULL,NULL,84.6652,32
27436,Kingdom Two Crowns,Xbox One,11,2,NULL,NULL,84.6652,32
27436,Kingdom Two Crowns,Nintendo Switch,11,2,NULL,NULL,84.6652,32
146544,Deepest Sword,PC (Microsoft Windows),1,1,NULL,NULL,68.8177,13
146544,Deepest Sword,Mac,1,1,NULL,NULL,68.8177,13
146544,Deepest Sword,Web browser,1,1,NULL,NULL,68.8177,13
21843,Corpse Party,Linux,8,NULL,77.2500,9,79.1734,25
21843,Corpse Party,PC (Microsoft Windows),8,NULL,77.2500,9,79.1734,25
25811,Shadowverse,PC (Microsoft Windows),3,NULL,80.0000,2,80.0137,17
25811,Shadowverse,Mac,3,NULL,80.0000,2,80.0137,17
25811,Shadowverse,Android,3,NULL,80.0000,2,80.0137,17
25811,Shadowverse,iOS,3,NULL,80.0000,2,80.0137,17
142909,Bowser's Fury,Nintendo Switch,2,1,NULL,NULL,79.4782,29
28545,Rabi-Ribi,PC (Microsoft Windows),6,NULL,85.2500,4,80.0255,18
28545,Rabi-Ribi,PlayStation 4,6,NULL,85.2500,4,80.0255,18
28545,Rabi-Ribi,Nintendo Switch,6,NULL,85.2500,4,80.0255,18
20326,Deliver us the Moon,PC (Microsoft Windows),10,4,77.5000,5,79.4022,49
20326,Deliver us the Moon,PlayStation 4,10,4,77.5000,5,79.4022,49
20326,Deliver us the Moon,Xbox One,10,4,77.5000,5,79.4022,49
20326,Deliver us the Moon,Nintendo Switch,10,4,77.5000,5,79.4022,49
20326,Deliver us the Moon,PlayStation 5,10,4,77.5000,5,79.4022,49
23345,Life is Feudal: Forest Village,PC (Microsoft Windows),14,NULL,NULL,NULL,70.6585,19
36278,The House in Fata Morgana,PC (Microsoft Windows),3,NULL,80.0000,1,88.6357,14
36278,The House in Fata Morgana,Android,3,NULL,80.0000,1,88.6357,14
36278,The House in Fata Morgana,iOS,3,NULL,80.0000,1,88.6357,14
36278,The House in Fata Morgana,PlayStation 4,3,NULL,80.0000,1,88.6357,14
8247,Marvel vs. Capcom 2: New Age of Heroes,iOS,23,NULL,80.0000,4,86.1875,100
360,Disney's Donald Duck: Goin' Quackers,PC (Microsoft Windows),7,NULL,62.0000,0,72.3582,26
132565,"Haiku, the Robot",PC (Microsoft Windows),3,1,NULL,NULL,50.5773,12
132565,"Haiku, the Robot",Mac,3,1,NULL,NULL,50.5773,12
132565,"Haiku, the Robot",Nintendo Switch,3,1,NULL,NULL,50.5773,12
15487,The Grinch,PC (Microsoft Windows),7,NULL,NULL,NULL,71.8836,12
29271,Nekopara Vol. 3,PC (Microsoft Windows),4,NULL,85.0000,2,67.1391,18
29271,Nekopara Vol. 3,PlayStation 4,4,NULL,85.0000,2,67.1391,18
29271,Nekopara Vol. 3,Nintendo Switch,4,NULL,85.0000,2,67.1391,18
7404,Beat Hazard,Linux,12,NULL,NULL,NULL,80.3036,36
7404,Beat Hazard,PC (Microsoft Windows),12,NULL,NULL,NULL,80.3036,36
7404,Beat Hazard,Mac,12,NULL,NULL,NULL,80.3036,36
143610,Triangle Strategy,PC (Microsoft Windows),5,5,84.1111,11,85.4362,18
143610,Triangle Strategy,Nintendo Switch,5,5,84.1111,11,85.4362,18
6246,Bit.Trip Runner,Linux,7,NULL,80.0000,1,72.1824,29
6246,Bit.Trip Runner,PC (Microsoft Windows),7,NULL,80.0000,1,72.1824,29
6246,Bit.Trip Runner,Mac,7,NULL,80.0000,1,72.1824,29
6246,Bit.Trip Runner,Nintendo Switch,7,NULL,80.0000,1,72.1824,29
11077,LEGO Dimensions,PlayStation 4,6,2,76.5833,16,70.9137,14
11077,LEGO Dimensions,Xbox One,6,2,76.5833,16,70.9137,14
2370,Puzzle Quest: Challenge of the Warlords,PC (Microsoft Windows),8,NULL,84.3333,6,70.1577,29
2370,Puzzle Quest: Challenge of the Warlords,iOS,8,NULL,84.3333,6,70.1577,29
2370,Puzzle Quest: Challenge of the Warlords,PlayStation 4,8,NULL,84.3333,6,70.1577,29
41623,The Walking Dead: The Complete First Season,PlayStation 4,13,NULL,NULL,NULL,84.7188,50
41623,The Walking Dead: The Complete First Season,Xbox One,13,NULL,NULL,NULL,84.7188,50
41623,The Walking Dead: The Complete First Season,Nintendo Switch,13,NULL,NULL,NULL,84.7188,50
36044,Finding Paradise,Linux,16,1,93.0000,2,79.9768,56
36044,Finding Paradise,PC (Microsoft Windows),16,1,93.0000,2,79.9768,56
36044,Finding Paradise,Mac,16,1,93.0000,2,79.9768,56
36044,Finding Paradise,Nintendo Switch,16,1,93.0000,2,79.9768,56
19935,Wizard of Legend,Linux,19,2,74.4000,5,70.8591,43
19935,Wizard of Legend,PC (Microsoft Windows),19,2,74.4000,5,70.8591,43
19935,Wizard of Legend,Mac,19,2,74.4000,5,70.8591,43
19935,Wizard of Legend,PlayStation 4,19,2,74.4000,5,70.8591,43
19935,Wizard of Legend,Xbox One,19,2,74.4000,5,70.8591,43
19935,Wizard of Legend,Nintendo Switch,19,2,74.4000,5,70.8591,43
24105,Aporia: Beyond the Valley,PC (Microsoft Windows),8,2,76.5000,2,77.5308,11
26915,Tokyo Xanadu eX+,PC (Microsoft Windows),4,1,76.6000,5,80.7614,12
26915,Tokyo Xanadu eX+,PlayStation 4,4,1,76.6000,5,80.7614,12
7705,Geometry Wars 3: Dimensions,Linux,6,NULL,84.8462,13,84.7873,14
7705,Geometry Wars 3: Dimensions,PC (Microsoft Windows),6,NULL,84.8462,13,84.7873,14
7705,Geometry Wars 3: Dimensions,Mac,6,NULL,84.8462,13,84.7873,14
7705,Geometry Wars 3: Dimensions,PlayStation 4,6,NULL,84.8462,13,84.7873,14
7705,Geometry Wars 3: Dimensions,Xbox One,6,NULL,84.8462,13,84.7873,14
884,Street Fighter IV,PC (Microsoft Windows),47,NULL,89.7778,11,80.5487,141
884,Street Fighter IV,Android,47,NULL,89.7778,11,80.5487,141
884,Street Fighter IV,iOS,47,NULL,89.7778,11,80.5487,141
7208,Bound By Flame,PC (Microsoft Windows),11,NULL,57.3636,12,62.9697,36
7208,Bound By Flame,PlayStation 4,11,NULL,57.3636,12,62.9697,36
7208,Bound By Flame,Xbox One,11,NULL,57.3636,12,62.9697,36
1065,Street Fighter X Tekken,PC (Microsoft Windows),15,NULL,80.4286,16,73.2980,73
1217,Shenmue,PC (Microsoft Windows),40,NULL,90.0000,1,85.8478,118
1217,Shenmue,PlayStation 4,40,NULL,90.0000,1,85.8478,118
1217,Shenmue,Xbox One,40,NULL,90.0000,1,85.8478,118
1827,Remember Me,PC (Microsoft Windows),72,NULL,70.4167,14,72.7629,217
1218,Shenmue II,PC (Microsoft Windows),29,NULL,70.0000,2,81.2615,73
1218,Shenmue II,PlayStation 4,29,NULL,70.0000,2,81.2615,73
1218,Shenmue II,Xbox One,29,NULL,70.0000,2,81.2615,73
217550,Fire Emblem Engage,Nintendo Switch,1,3,86.0000,9,69.9325,12
531,Ace Combat: Assault Horizon,PC (Microsoft Windows),11,NULL,81.6000,9,70.5482,33
12297,Montezuma's Revenge,Mac,3,NULL,NULL,NULL,70.7377,14
12297,Montezuma's Revenge,iOS,3,NULL,NULL,NULL,70.7377,14
10142,Home,PC (Microsoft Windows),2,NULL,70.0000,2,73.1879,20
10142,Home,Mac,2,NULL,70.0000,2,73.1879,20
10142,Home,iOS,2,NULL,70.0000,2,73.1879,20
10142,Home,PlayStation 4,2,NULL,70.0000,2,73.1879,20
10142,Home,Nintendo Switch,2,NULL,70.0000,2,73.1879,20
18356,On My Own,Linux,9,NULL,NULL,NULL,75.3061,11
18356,On My Own,PC (Microsoft Windows),9,NULL,NULL,NULL,75.3061,11
18356,On My Own,Mac,9,NULL,NULL,NULL,75.3061,11
18356,On My Own,Android,9,NULL,NULL,NULL,75.3061,11
18356,On My Own,iOS,9,NULL,NULL,NULL,75.3061,11
19521,Dead Rising 4,PC (Microsoft Windows),41,6,76.8421,24,70.3026,49
19521,Dead Rising 4,Xbox One,41,6,76.8421,24,70.3026,49
19085,Shadow Tactics: Blades of the Shogun,Linux,69,6,86.7273,13,86.7264,152
19085,Shadow Tactics: Blades of the Shogun,PC (Microsoft Windows),69,6,86.7273,13,86.7264,152
19085,Shadow Tactics: Blades of the Shogun,Mac,69,6,86.7273,13,86.7264,152
19085,Shadow Tactics: Blades of the Shogun,PlayStation 4,69,6,86.7273,13,86.7264,152
19085,Shadow Tactics: Blades of the Shogun,Xbox One,69,6,86.7273,13,86.7264,152
2652,Destroy All Humans! 2,PlayStation 4,8,NULL,75.0000,4,71.9820,17
873,Saints Row: The Third,PC (Microsoft Windows),176,NULL,84.5000,13,78.4465,569
873,Saints Row: The Third,Nintendo Switch,176,NULL,84.5000,13,78.4465,569
7606,Tearaway: Unfolded,PlayStation 4,29,4,86.3636,13,76.6960,35
228456,Dwarf Fortress,PC (Microsoft Windows),2,NULL,84.0000,1,81.9126,16
24905,Beholder,Linux,20,1,80.0000,3,76.9239,72
24905,Beholder,PC (Microsoft Windows),20,1,80.0000,3,76.9239,72
24905,Beholder,Mac,20,1,80.0000,3,76.9239,72
24905,Beholder,Android,20,1,80.0000,3,76.9239,72
24905,Beholder,iOS,20,1,80.0000,3,76.9239,72
122662,Going Under,PC (Microsoft Windows),1,4,78.5000,3,78.9952,13
122662,Going Under,PlayStation 4,1,4,78.5000,3,78.9952,13
122662,Going Under,Xbox One,1,4,78.5000,3,78.9952,13
122662,Going Under,Nintendo Switch,1,4,78.5000,3,78.9952,13
10962,Uncharted: The Nathan Drake Collection,PlayStation 4,149,4,85.1000,11,87.9841,240
3067,Knights and Merchants: The Shattered Kingdom,Linux,8,NULL,NULL,NULL,87.1174,28
3067,Knights and Merchants: The Shattered Kingdom,PC (Microsoft Windows),8,NULL,NULL,NULL,87.1174,28
1342,Beyond: Two Souls,PC (Microsoft Windows),176,11,66.3333,19,73.1413,578
1342,Beyond: Two Souls,PlayStation 4,176,11,66.3333,19,73.1413,578
890,Syberia,PC (Microsoft Windows),98,NULL,77.2000,6,80.7411,234
890,Syberia,Mac,98,NULL,77.2000,6,80.7411,234
890,Syberia,Android,98,NULL,77.2000,6,80.7411,234
890,Syberia,iOS,98,NULL,77.2000,6,80.7411,234
890,Syberia,Nintendo Switch,98,NULL,77.2000,6,80.7411,234
41876,Uncharted 3: Drake's Deception Remastered,PlayStation 4,10,NULL,NULL,NULL,83.7416,89
41877,Uncharted 2: Among Thieves Remastered,PlayStation 4,8,NULL,NULL,NULL,87.6507,105
10767,Rocketbirds: Hardboiled Chicken,Linux,4,NULL,65.0000,2,71.6946,17
10767,Rocketbirds: Hardboiled Chicken,PC (Microsoft Windows),4,NULL,65.0000,2,71.6946,17
10767,Rocketbirds: Hardboiled Chicken,Mac,4,NULL,65.0000,2,71.6946,17
10767,Rocketbirds: Hardboiled Chicken,PlayStation 4,4,NULL,65.0000,2,71.6946,17
6360,Zeno Clash,PC (Microsoft Windows),11,NULL,80.0000,4,76.1692,43
853,Sacrifice,PC (Microsoft Windows),10,NULL,60.0000,1,81.4346,19
853,Sacrifice,Mac,10,NULL,60.0000,1,81.4346,19
40,Mafia II,PC (Microsoft Windows),286,NULL,72.6250,11,81.7797,946
101448,Carto,PC (Microsoft Windows),3,NULL,82.5000,2,79.8453,27
101448,Carto,Mac,3,NULL,82.5000,2,79.8453,27
101448,Carto,PlayStation 4,3,NULL,82.5000,2,79.8453,27
101448,Carto,Xbox One,3,NULL,82.5000,2,79.8453,27
101448,Carto,Nintendo Switch,3,NULL,82.5000,2,79.8453,27
879,Commandos: Behind Enemy Lines,PC (Microsoft Windows),63,NULL,NULL,NULL,85.3133,170
102058,Outriders,PC (Microsoft Windows),16,31,77.7500,14,74.1900,59
102058,Outriders,PlayStation 4,16,31,77.7500,14,74.1900,59
102058,Outriders,Xbox One,16,31,77.7500,14,74.1900,59
102058,Outriders,PlayStation 5,16,31,77.7500,14,74.1900,59
76747,Atomic Heart,PC (Microsoft Windows),27,99,71.5000,8,66.6949,99
76747,Atomic Heart,PlayStation 4,27,99,71.5000,8,66.6949,99
76747,Atomic Heart,Xbox One,27,99,71.5000,8,66.6949,99
76747,Atomic Heart,PlayStation 5,27,99,71.5000,8,66.6949,99
2118,Blacklight: Retribution,PC (Microsoft Windows),9,NULL,75.0000,3,66.5824,32
2118,Blacklight: Retribution,PlayStation 4,9,NULL,75.0000,3,66.5824,32
101176,Bloodstained: Curse of the Moon,PC (Microsoft Windows),13,NULL,80.0000,3,80.8646,67
101176,Bloodstained: Curse of the Moon,PlayStation 4,13,NULL,80.0000,3,80.8646,67
101176,Bloodstained: Curse of the Moon,Xbox One,13,NULL,80.0000,3,80.8646,67
101176,Bloodstained: Curse of the Moon,Nintendo Switch,13,NULL,80.0000,3,80.8646,67
26534,Rappelz,PC (Microsoft Windows),3,NULL,NULL,NULL,62.4739,13
123395,Arknights,Android,5,NULL,NULL,NULL,85.7790,22
123395,Arknights,iOS,5,NULL,NULL,NULL,85.7790,22
6175,Still Life,PC (Microsoft Windows),16,NULL,68.3333,4,75.0463,61
5064,Goodbye Deponia,PC (Microsoft Windows),21,NULL,65.0000,3,81.9736,75
5064,Goodbye Deponia,Mac,21,NULL,65.0000,3,81.9736,75
5064,Goodbye Deponia,PlayStation 4,21,NULL,65.0000,3,81.9736,75
5064,Goodbye Deponia,Xbox One,21,NULL,65.0000,3,81.9736,75
5064,Goodbye Deponia,Nintendo Switch,21,NULL,65.0000,3,81.9736,75
17470,Agatha Christie: The ABC Murders,Linux,12,NULL,63.3333,3,71.0836,32
17470,Agatha Christie: The ABC Murders,PC (Microsoft Windows),12,NULL,63.3333,3,71.0836,32
17470,Agatha Christie: The ABC Murders,Mac,12,NULL,63.3333,3,71.0836,32
17470,Agatha Christie: The ABC Murders,PlayStation 4,12,NULL,63.3333,3,71.0836,32
17470,Agatha Christie: The ABC Murders,Xbox One,12,NULL,63.3333,3,71.0836,32
17470,Agatha Christie: The ABC Murders,Nintendo Switch,12,NULL,63.3333,3,71.0836,32
8794,A Bird Story,Linux,11,NULL,68.3333,3,75.0832,68
8794,A Bird Story,PC (Microsoft Windows),11,NULL,68.3333,3,75.0832,68
8794,A Bird Story,Mac,11,NULL,68.3333,3,75.0832,68
11183,Ronin,Linux,8,NULL,70.5714,8,69.0749,13
11183,Ronin,PC (Microsoft Windows),8,NULL,70.5714,8,69.0749,13
11183,Ronin,Mac,8,NULL,70.5714,8,69.0749,13
11183,Ronin,PlayStation 4,8,NULL,70.5714,8,69.0749,13
141533,Loop Hero,Linux,5,3,84.8571,11,74.9053,80
141533,Loop Hero,PC (Microsoft Windows),5,3,84.8571,11,74.9053,80
141533,Loop Hero,Mac,5,3,84.8571,11,74.9053,80
141533,Loop Hero,Xbox One,5,3,84.8571,11,74.9053,80
141533,Loop Hero,Nintendo Switch,5,3,84.8571,11,74.9053,80
7768,OlliOlli,Linux,7,NULL,79.0000,11,70.3338,23
7768,OlliOlli,PC (Microsoft Windows),7,NULL,79.0000,11,70.3338,23
7768,OlliOlli,Mac,7,NULL,79.0000,11,70.3338,23
7768,OlliOlli,Android,7,NULL,79.0000,11,70.3338,23
7768,OlliOlli,PlayStation 4,7,NULL,79.0000,11,70.3338,23
7768,OlliOlli,Xbox One,7,NULL,79.0000,11,70.3338,23
47452,Diablo III: Reaper of Souls - Ultimate Evil Edition,PlayStation 4,11,NULL,89.8889,10,80.3846,37
47452,Diablo III: Reaper of Souls - Ultimate Evil Edition,Xbox One,11,NULL,89.8889,10,80.3846,37
375,Metal Gear Solid,PC (Microsoft Windows),419,NULL,80.0000,1,90.5256,1267
375,Metal Gear Solid,Nintendo Switch,419,NULL,80.0000,1,90.5256,1267
375,Metal Gear Solid,PlayStation 5,419,NULL,80.0000,1,90.5256,1267
106,Zak McKracken and the Alien Mindbenders,PC (Microsoft Windows),19,NULL,NULL,NULL,73.3209,32
106,Zak McKracken and the Alien Mindbenders,Mac,19,NULL,NULL,NULL,73.3209,32
8469,Urban Chaos,PC (Microsoft Windows),2,NULL,90.0000,1,80.0395,17
11629,Terminal Velocity,PC (Microsoft Windows),1,NULL,69.0000,1,78.0742,16
11629,Terminal Velocity,Mac,1,NULL,69.0000,1,78.0742,16
51205,Jagged Alliance 2: Unfinished Business,PC (Microsoft Windows),3,NULL,NULL,NULL,80.3387,11
618,Brothers in Arms: Hell's Highway,PC (Microsoft Windows),19,NULL,78.2000,6,71.4367,60
19918,EA Sports UFC 2,iOS,4,NULL,74.0769,14,70.4281,25
19918,EA Sports UFC 2,PlayStation 4,4,NULL,74.0769,14,70.4281,25
19918,EA Sports UFC 2,Xbox One,4,NULL,74.0769,14,70.4281,25
25653,The Escapists 2,Linux,47,13,75.4444,9,67.6698,50
25653,The Escapists 2,PC (Microsoft Windows),47,13,75.4444,9,67.6698,50
25653,The Escapists 2,Mac,47,13,75.4444,9,67.6698,50
25653,The Escapists 2,PlayStation 4,47,13,75.4444,9,67.6698,50
25653,The Escapists 2,Xbox One,47,13,75.4444,9,67.6698,50
25653,The Escapists 2,Nintendo Switch,47,13,75.4444,9,67.6698,50
20275,The Witcher: Enhanced Edition,PC (Microsoft Windows),97,1,85.5000,6,79.9275,208
20275,The Witcher: Enhanced Edition,Mac,97,1,85.5000,6,79.9275,208
27832,The Witcher: Enhanced Edition Director's Cut,PC (Microsoft Windows),17,NULL,NULL,NULL,83.7366,64
27832,The Witcher: Enhanced Edition Director's Cut,iOS,17,NULL,NULL,NULL,83.7366,64
558,Just Cause 2,Linux,120,NULL,85.0000,9,77.8739,384
558,Just Cause 2,PC (Microsoft Windows),120,NULL,85.0000,9,77.8739,384
110834,Creaks,PC (Microsoft Windows),4,4,70.0000,1,81.6428,28
110834,Creaks,Mac,4,4,70.0000,1,81.6428,28
110834,Creaks,iOS,4,4,70.0000,1,81.6428,28
110834,Creaks,PlayStation 4,4,4,70.0000,1,81.6428,28
110834,Creaks,Xbox One,4,4,70.0000,1,81.6428,28
110834,Creaks,Nintendo Switch,4,4,70.0000,1,81.6428,28
1805,Crazy Taxi,PC (Microsoft Windows),39,NULL,60.0000,1,73.5767,188
1805,Crazy Taxi,Android,39,NULL,60.0000,1,73.5767,188
1805,Crazy Taxi,iOS,39,NULL,60.0000,1,73.5767,188
6180,The Suffering,PC (Microsoft Windows),20,NULL,81.5000,5,77.1393,59
7594,Space Rangers HD: A War Apart,PC (Microsoft Windows),4,NULL,NULL,NULL,89.9262,18
26948,Dirt 4,Linux,34,3,82.9167,15,70.3986,56
26948,Dirt 4,PC (Microsoft Windows),34,3,82.9167,15,70.3986,56
26948,Dirt 4,Mac,34,3,82.9167,15,70.3986,56
26948,Dirt 4,PlayStation 4,34,3,82.9167,15,70.3986,56
26948,Dirt 4,Xbox One,34,3,82.9167,15,70.3986,56
22117,Oceanhorn,Android,11,NULL,100.0000,1,73.7264,12
22117,Oceanhorn,iOS,11,NULL,100.0000,1,73.7264,12
28101,The Legend of Heroes: Trails in the Sky the 3rd,PC (Microsoft Windows),9,NULL,85.0000,2,88.4986,25
8986,The Legend of Heroes: Trails in the Sky,PC (Microsoft Windows),20,NULL,85.0000,5,84.8149,59
9327,"Please, Don't Touch Anything",Linux,6,NULL,80.0000,3,69.3625,29
9327,"Please, Don't Touch Anything",PC (Microsoft Windows),6,NULL,80.0000,3,69.3625,29
9327,"Please, Don't Touch Anything",Mac,6,NULL,80.0000,3,69.3625,29
9327,"Please, Don't Touch Anything",Android,6,NULL,80.0000,3,69.3625,29
9327,"Please, Don't Touch Anything",iOS,6,NULL,80.0000,3,69.3625,29
9327,"Please, Don't Touch Anything",PlayStation 4,6,NULL,80.0000,3,69.3625,29
9327,"Please, Don't Touch Anything",Xbox One,6,NULL,80.0000,3,69.3625,29
9327,"Please, Don't Touch Anything",Web browser,6,NULL,80.0000,3,69.3625,29
9327,"Please, Don't Touch Anything",Nintendo Switch,6,NULL,80.0000,3,69.3625,29
176057,Poppy Playtime,PC (Microsoft Windows),2,NULL,NULL,NULL,63.3184,18
176057,Poppy Playtime,Android,2,NULL,NULL,NULL,63.3184,18
176057,Poppy Playtime,iOS,2,NULL,NULL,NULL,63.3184,18
457,StarCraft II: Heart of the Swarm,PC (Microsoft Windows),106,NULL,89.1111,9,86.6424,250
457,StarCraft II: Heart of the Swarm,Mac,106,NULL,89.1111,9,86.6424,250
22753,Pro Evolution Soccer 2017,PC (Microsoft Windows),39,1,80.1111,13,72.6985,83
22753,Pro Evolution Soccer 2017,PlayStation 4,39,1,80.1111,13,72.6985,83
22753,Pro Evolution Soccer 2017,Xbox One,39,1,80.1111,13,72.6985,83
1836,Painkiller: Overdose,PC (Microsoft Windows),5,NULL,50.3333,3,69.1316,15
7352,Abzu,PC (Microsoft Windows),113,12,80.8519,29,77.6883,361
7352,Abzu,PlayStation 4,113,12,80.8519,29,77.6883,361
7352,Abzu,Xbox One,113,12,80.8519,29,77.6883,361
7352,Abzu,Nintendo Switch,113,12,80.8519,29,77.6883,361
16298,Adam's Venture: Origins,PC (Microsoft Windows),5,2,54.0000,2,68.5482,13
16298,Adam's Venture: Origins,PlayStation 4,5,2,54.0000,2,68.5482,13
16298,Adam's Venture: Origins,Xbox One,5,2,54.0000,2,68.5482,13
16298,Adam's Venture: Origins,Nintendo Switch,5,2,54.0000,2,68.5482,13
27081,FIFA 18,PC (Microsoft Windows),107,28,80.4000,17,71.4640,217
27081,FIFA 18,PlayStation 4,107,28,80.4000,17,71.4640,217
27081,FIFA 18,Xbox One,107,28,80.4000,17,71.4640,217
9658,Town of Salem,PC (Microsoft Windows),12,NULL,NULL,NULL,71.7346,37
9658,Town of Salem,Mac,12,NULL,NULL,NULL,71.7346,37
9658,Town of Salem,Android,12,NULL,NULL,NULL,71.7346,37
9658,Town of Salem,iOS,12,NULL,NULL,NULL,71.7346,37
9658,Town of Salem,Web browser,12,NULL,NULL,NULL,71.7346,37
20752,Heretic II,Linux,5,NULL,NULL,NULL,77.3433,15
20752,Heretic II,PC (Microsoft Windows),5,NULL,NULL,NULL,77.3433,15
20752,Heretic II,Mac,5,NULL,NULL,NULL,77.3433,15
948,Worms Armageddon,PC (Microsoft Windows),77,NULL,NULL,NULL,82.3888,269
948,Worms Armageddon,PlayStation 4,77,NULL,NULL,NULL,82.3888,269
948,Worms Armageddon,PlayStation 5,77,NULL,NULL,NULL,82.3888,269
528,Red Faction: Armageddon,PC (Microsoft Windows),30,NULL,75.4000,10,70.7781,68
307,Counter-Strike: Source,Linux,126,NULL,90.0000,3,78.6812,417
307,Counter-Strike: Source,PC (Microsoft Windows),126,NULL,90.0000,3,78.6812,417
307,Counter-Strike: Source,Mac,126,NULL,90.0000,3,78.6812,417
11171,Tom Clancy's Ghost Recon: Wildlands,PC (Microsoft Windows),110,19,72.9000,26,72.4704,201
11171,Tom Clancy's Ghost Recon: Wildlands,PlayStation 4,110,19,72.9000,26,72.4704,201
11171,Tom Clancy's Ghost Recon: Wildlands,Xbox One,110,19,72.9000,26,72.4704,201
6801,Far Cry 4,PC (Microsoft Windows),326,17,86.4211,22,76.4928,864
6801,Far Cry 4,PlayStation 4,326,17,86.4211,22,76.4928,864
6801,Far Cry 4,Xbox One,326,17,86.4211,22,76.4928,864
2213,BioForge,PC (Microsoft Windows),3,NULL,NULL,NULL,72.0473,13
11507,Master of Orion,Linux,10,6,74.3333,8,66.7872,16
11507,Master of Orion,PC (Microsoft Windows),10,6,74.3333,8,66.7872,16
11507,Master of Orion,Mac,10,6,74.3333,8,66.7872,16
452,Blackthorne,PC (Microsoft Windows),11,NULL,NULL,NULL,71.0953,31
452,Blackthorne,Mac,11,NULL,NULL,NULL,71.0953,31
3603,Spider-Man,PC (Microsoft Windows),65,NULL,35.0000,1,77.9808,222
3603,Spider-Man,Mac,65,NULL,35.0000,1,77.9808,222
25683,StarCraft: Remastered,PC (Microsoft Windows),21,4,85.0000,3,89.0585,27
25683,StarCraft: Remastered,Mac,21,4,85.0000,3,89.0585,27
7313,Heroes of the Storm,PC (Microsoft Windows),95,16,78.8889,12,73.9442,247
7313,Heroes of the Storm,Mac,95,16,78.8889,12,73.9442,247
9630,Fallout 4,PC (Microsoft Windows),503,58,84.6667,27,80.1240,1281
9630,Fallout 4,PlayStation 4,503,58,84.6667,27,80.1240,1281
9630,Fallout 4,Xbox One,503,58,84.6667,27,80.1240,1281
9630,Fallout 4,PlayStation 5,503,58,84.6667,27,80.1240,1281
25076,Red Dead Redemption 2,PC (Microsoft Windows),766,257,94.0588,27,92.4896,1896
25076,Red Dead Redemption 2,PlayStation 4,766,257,94.0588,27,92.4896,1896
25076,Red Dead Redemption 2,Xbox One,766,257,94.0588,27,92.4896,1896
98753,My Grandfather's Farm,PC (Microsoft Windows),9,NULL,NULL,NULL,94.6723,21
138949,Marvel's Spider-Man Remastered,PC (Microsoft Windows),10,1,78.2000,12,84.9312,103
138949,Marvel's Spider-Man Remastered,PlayStation 5,10,1,78.2000,12,84.9312,103
105594,Occupy White Walls,PC (Microsoft Windows),8,NULL,NULL,NULL,87.9915,13
6074,The Incredible Adventures of Van Helsing II,PC (Microsoft Windows),7,NULL,73.7500,4,62.0914,14
6074,The Incredible Adventures of Van Helsing II,Mac,7,NULL,73.7500,4,62.0914,14
6074,The Incredible Adventures of Van Helsing II,PlayStation 4,7,NULL,73.7500,4,62.0914,14
6074,The Incredible Adventures of Van Helsing II,Xbox One,7,NULL,73.7500,4,62.0914,14
2065,Plague Inc.,Android,14,NULL,80.0000,1,74.5578,91
2065,Plague Inc.,iOS,14,NULL,80.0000,1,74.5578,91
2065,Plague Inc.,Web browser,14,NULL,80.0000,1,74.5578,91
45582,FIFA Soccer 97,PC (Microsoft Windows),1,NULL,NULL,NULL,75.4476,20
698,FIFA 2001: Major League Soccer,PC (Microsoft Windows),9,NULL,NULL,NULL,75.6987,56
3136,FIFA Soccer 2004,PC (Microsoft Windows),11,NULL,80.0000,1,72.6377,49
2262,Gothic II,PC (Microsoft Windows),143,NULL,80.0000,1,87.4555,367
242408,Counter-Strike 2,Linux,NULL,1,NULL,NULL,63.4024,46
242408,Counter-Strike 2,PC (Microsoft Windows),NULL,1,NULL,NULL,63.4024,46
114287,FIFA 20,PC (Microsoft Windows),30,6,78.8571,10,69.2268,125
114287,FIFA 20,PlayStation 4,30,6,78.8571,10,69.2268,125
114287,FIFA 20,Xbox One,30,6,78.8571,10,69.2268,125
1891,Magic: The Gathering - Duels of the Planeswalkers 2013,PC (Microsoft Windows),4,NULL,80.0000,4,72.1389,19
1891,Magic: The Gathering - Duels of the Planeswalkers 2013,iOS,4,NULL,80.0000,4,72.1389,19
1881,Arma 3,Linux,48,NULL,72.8000,7,75.9953,97
1881,Arma 3,PC (Microsoft Windows),48,NULL,72.8000,7,75.9953,97
1881,Arma 3,Mac,48,NULL,72.8000,7,75.9953,97
10929,Stronghold Crusader II,PC (Microsoft Windows),8,NULL,64.0000,1,70.1643,23
13688,Armored Warriors,PC (Microsoft Windows),NULL,NULL,NULL,NULL,79.9191,16
13688,Armored Warriors,PlayStation 4,NULL,NULL,NULL,NULL,79.9191,16
13688,Armored Warriors,Xbox One,NULL,NULL,NULL,NULL,79.9191,16
13688,Armored Warriors,Nintendo Switch,NULL,NULL,NULL,NULL,79.9191,16
55057,Age of Empires III: Definitive Edition,PC (Microsoft Windows),6,2,80.7500,5,86.1662,19
18075,Carmageddon: Max Damage,PC (Microsoft Windows),8,1,53.2857,8,61.8096,16
18075,Carmageddon: Max Damage,PlayStation 4,8,1,53.2857,8,61.8096,16
18075,Carmageddon: Max Damage,Xbox One,8,1,53.2857,8,61.8096,16
28160,Atom RPG,Linux,8,3,NULL,NULL,90.9807,22
28160,Atom RPG,PC (Microsoft Windows),8,3,NULL,NULL,90.9807,22
28160,Atom RPG,Mac,8,3,NULL,NULL,90.9807,22
28160,Atom RPG,Android,8,3,NULL,NULL,90.9807,22
28160,Atom RPG,iOS,8,3,NULL,NULL,90.9807,22
28160,Atom RPG,PlayStation 4,8,3,NULL,NULL,90.9807,22
28160,Atom RPG,Xbox One,8,3,NULL,NULL,90.9807,22
28160,Atom RPG,Nintendo Switch,8,3,NULL,NULL,90.9807,22
3174,Grand Theft Auto IV: The Ballad of Gay Tony,PC (Microsoft Windows),97,NULL,91.0000,3,79.6813,199
3056,Rampage World Tour,PC (Microsoft Windows),4,NULL,NULL,NULL,71.4152,29
90,The Need for Speed,PC (Microsoft Windows),13,NULL,76.5000,2,71.7315,65
7878,Unturned,Linux,29,NULL,NULL,NULL,67.2909,115
7878,Unturned,PC (Microsoft Windows),29,NULL,NULL,NULL,67.2909,115
7878,Unturned,Mac,29,NULL,NULL,NULL,67.2909,115
7878,Unturned,PlayStation 4,29,NULL,NULL,NULL,67.2909,115
7878,Unturned,Xbox One,29,NULL,NULL,NULL,67.2909,115
7878,Unturned,PlayStation 5,29,NULL,NULL,NULL,67.2909,115
253,Stonekeep,PC (Microsoft Windows),6,NULL,66.0000,1,80.7932,12
253,Stonekeep,Mac,6,NULL,66.0000,1,80.7932,12
586,Abuse,Linux,2,NULL,86.0000,1,71.7128,16
586,Abuse,PC (Microsoft Windows),2,NULL,86.0000,1,71.7128,16
586,Abuse,Mac,2,NULL,86.0000,1,71.7128,16
586,Abuse,iOS,2,NULL,86.0000,1,71.7128,16
1158,Tomb Raider: The Last Revelation,PC (Microsoft Windows),37,NULL,NULL,NULL,77.2065,113
1158,Tomb Raider: The Last Revelation,Mac,37,NULL,NULL,NULL,77.2065,113
1889,Might & Magic: Clash of Heroes,PC (Microsoft Windows),11,NULL,84.5000,6,77.8428,31
1889,Might & Magic: Clash of Heroes,Android,11,NULL,84.5000,6,77.8428,31
1889,Might & Magic: Clash of Heroes,iOS,11,NULL,84.5000,6,77.8428,31
1156,Tomb Raider II,PC (Microsoft Windows),83,NULL,NULL,NULL,80.3157,244
1156,Tomb Raider II,Mac,83,NULL,NULL,NULL,80.3157,244
76263,Contraband Police,PC (Microsoft Windows),5,12,NULL,NULL,72.4966,13
10490,Knights and Merchants: The Peasants Rebellion,Linux,4,NULL,NULL,NULL,88.9162,14
10490,Knights and Merchants: The Peasants Rebellion,PC (Microsoft Windows),4,NULL,NULL,NULL,88.9162,14
10490,Knights and Merchants: The Peasants Rebellion,Mac,4,NULL,NULL,NULL,88.9162,14
3696,The Settlers III,PC (Microsoft Windows),27,NULL,NULL,NULL,81.8394,47
524,Dirt 3,PC (Microsoft Windows),54,NULL,85.8571,12,77.2820,175
7528,King's Quest VIII: The Mask of Eternity,PC (Microsoft Windows),5,NULL,NULL,NULL,84.7689,14
9,Jagged Alliance 2,Linux,22,NULL,NULL,NULL,86.9104,39
9,Jagged Alliance 2,PC (Microsoft Windows),22,NULL,NULL,NULL,86.9104,39
124701,Legends of Runeterra,PC (Microsoft Windows),8,2,83.0000,3,77.0113,46
124701,Legends of Runeterra,Android,8,2,83.0000,3,77.0113,46
124701,Legends of Runeterra,iOS,8,2,83.0000,3,77.0113,46
2274,Return of the Tentacle,Linux,12,12,NULL,NULL,88.4064,11
2274,Return of the Tentacle,PC (Microsoft Windows),12,12,NULL,NULL,88.4064,11
2274,Return of the Tentacle,Mac,12,12,NULL,NULL,88.4064,11
7510,Pharaoh,PC (Microsoft Windows),20,NULL,70.0000,1,86.6545,46
14533,Rayman Jungle Run,PC (Microsoft Windows),NULL,NULL,80.0000,1,72.5594,15
14533,Rayman Jungle Run,Android,NULL,NULL,80.0000,1,72.5594,15
14533,Rayman Jungle Run,iOS,NULL,NULL,80.0000,1,72.5594,15
19726,Rayman Fiesta Run,PC (Microsoft Windows),2,NULL,83.3333,3,74.9972,11
19726,Rayman Fiesta Run,Android,2,NULL,83.3333,3,74.9972,11
19726,Rayman Fiesta Run,iOS,2,NULL,83.3333,3,74.9972,11
1304,Tom Clancy's Ghost Recon Phantoms,PC (Microsoft Windows),5,NULL,55.0000,2,54.7681,22
6541,Disciples: Sacred Lands,PC (Microsoft Windows),3,NULL,NULL,NULL,83.4043,14
5812,Delta Force: Black Hawk Down,PC (Microsoft Windows),10,NULL,68.2500,4,71.1650,53
5812,Delta Force: Black Hawk Down,Mac,10,NULL,68.2500,4,71.1650,53
188,Indiana Jones and the Infernal Machine,PC (Microsoft Windows),8,NULL,90.0000,1,77.5389,29
9350,Delta Force: Land Warrior,PC (Microsoft Windows),4,NULL,NULL,NULL,70.4219,20
1274,SimCity,PC (Microsoft Windows),42,NULL,60.0769,15,70.6086,137
1274,SimCity,Mac,42,NULL,60.0769,15,70.6086,137
9979,Aliens versus Predator,Linux,13,NULL,NULL,NULL,75.7663,48
9979,Aliens versus Predator,PC (Microsoft Windows),13,NULL,NULL,NULL,75.7663,48
9979,Aliens versus Predator,Mac,13,NULL,NULL,NULL,75.7663,48
1979,Battlefield 4,PC (Microsoft Windows),247,16,80.2778,21,76.2888,691
1979,Battlefield 4,PlayStation 4,247,16,80.2778,21,76.2888,691
1979,Battlefield 4,Xbox One,247,16,80.2778,21,76.2888,691
36240,Icewind Dale: Enhanced Edition,Linux,12,NULL,70.0000,1,77.6537,17
36240,Icewind Dale: Enhanced Edition,PC (Microsoft Windows),12,NULL,70.0000,1,77.6537,17
36240,Icewind Dale: Enhanced Edition,Mac,12,NULL,70.0000,1,77.6537,17
36240,Icewind Dale: Enhanced Edition,Android,12,NULL,70.0000,1,77.6537,17
36240,Icewind Dale: Enhanced Edition,PlayStation 4,12,NULL,70.0000,1,77.6537,17
36240,Icewind Dale: Enhanced Edition,Xbox One,12,NULL,70.0000,1,77.6537,17
36240,Icewind Dale: Enhanced Edition,Nintendo Switch,12,NULL,70.0000,1,77.6537,17
753,Icewind Dale,PC (Microsoft Windows),33,NULL,90.0000,1,80.0233,95
753,Icewind Dale,Mac,33,NULL,90.0000,1,80.0233,95
753,Icewind Dale,iOS,33,NULL,90.0000,1,80.0233,95
138950,Monster Hunter Rise,PC (Microsoft Windows),13,6,88.1176,25,81.3260,50
138950,Monster Hunter Rise,PlayStation 4,13,6,88.1176,25,81.3260,50
138950,Monster Hunter Rise,Xbox One,13,6,88.1176,25,81.3260,50
138950,Monster Hunter Rise,Nintendo Switch,13,6,88.1176,25,81.3260,50
138950,Monster Hunter Rise,PlayStation 5,13,6,88.1176,25,81.3260,50
15863,Crimson Skies,PC (Microsoft Windows),3,NULL,80.0000,1,75.2967,17
3113,Soldier of Fortune: Payback,PC (Microsoft Windows),6,NULL,49.7500,5,27.6924,26
19817,Scorn,PC (Microsoft Windows),50,87,63.3333,4,72.6035,66
19817,Scorn,PlayStation 5,50,87,63.3333,4,72.6035,66
120551,Digimon Story Cyber Sleuth: Complete Edition,PC (Microsoft Windows),12,NULL,66.6667,4,82.8076,14
120551,Digimon Story Cyber Sleuth: Complete Edition,Nintendo Switch,12,NULL,66.6667,4,82.8076,14
57153,The Battle of Polytopia,Linux,2,NULL,NULL,NULL,89.4302,13
57153,The Battle of Polytopia,PC (Microsoft Windows),2,NULL,NULL,NULL,89.4302,13
57153,The Battle of Polytopia,Mac,2,NULL,NULL,NULL,89.4302,13
57153,The Battle of Polytopia,Android,2,NULL,NULL,NULL,89.4302,13
57153,The Battle of Polytopia,iOS,2,NULL,NULL,NULL,89.4302,13
57153,The Battle of Polytopia,Nintendo Switch,2,NULL,NULL,NULL,89.4302,13
47445,The Elder Scrolls V: Skyrim - Legendary Edition,PC (Microsoft Windows),21,NULL,NULL,NULL,91.4045,74
3154,The Lord of the Rings: The Battle for Middle-earth,PC (Microsoft Windows),83,NULL,83.7500,5,82.3962,201
5607,Smite,PC (Microsoft Windows),55,3,78.0000,6,69.9787,141
5607,Smite,Mac,55,3,78.0000,6,69.9787,141
5607,Smite,PlayStation 4,55,3,78.0000,6,69.9787,141
5607,Smite,Xbox One,55,3,78.0000,6,69.9787,141
5607,Smite,Nintendo Switch,55,3,78.0000,6,69.9787,141
7292,Mortal Kombat X,PC (Microsoft Windows),132,18,84.3889,21,79.9073,368
7292,Mortal Kombat X,PlayStation 4,132,18,84.3889,21,79.9073,368
7292,Mortal Kombat X,Xbox One,132,18,84.3889,21,79.9073,368
142549,Viewfinder,PC (Microsoft Windows),NULL,4,89.0000,5,77.2156,27
142549,Viewfinder,PlayStation 4,NULL,4,89.0000,5,77.2156,27
142549,Viewfinder,PlayStation 5,NULL,4,89.0000,5,77.2156,27
103286,Tales of Vesperia: Definitive Edition,PC (Microsoft Windows),14,4,82.1429,8,73.6421,34
103286,Tales of Vesperia: Definitive Edition,PlayStation 4,14,4,82.1429,8,73.6421,34
103286,Tales of Vesperia: Definitive Edition,Xbox One,14,4,82.1429,8,73.6421,34
103286,Tales of Vesperia: Definitive Edition,Nintendo Switch,14,4,82.1429,8,73.6421,34
132058,Rogue Legacy 2,PC (Microsoft Windows),6,2,90.5000,7,79.2653,25
132058,Rogue Legacy 2,PlayStation 4,6,2,90.5000,7,79.2653,25
132058,Rogue Legacy 2,Xbox One,6,2,90.5000,7,79.2653,25
132058,Rogue Legacy 2,Nintendo Switch,6,2,90.5000,7,79.2653,25
132058,Rogue Legacy 2,PlayStation 5,6,2,90.5000,7,79.2653,25
138569,Tormented Souls,PC (Microsoft Windows),NULL,1,82.0000,4,82.5395,15
138569,Tormented Souls,PlayStation 4,NULL,1,82.0000,4,82.5395,15
138569,Tormented Souls,Xbox One,NULL,1,82.0000,4,82.5395,15
138569,Tormented Souls,Nintendo Switch,NULL,1,82.0000,4,82.5395,15
138569,Tormented Souls,PlayStation 5,NULL,1,82.0000,4,82.5395,15
26341,Dragon Quest Heroes II,PC (Microsoft Windows),8,NULL,81.8667,16,70.2468,6
26341,Dragon Quest Heroes II,PlayStation 4,8,NULL,81.8667,16,70.2468,6
55027,Close to the Sun,PC (Microsoft Windows),16,3,60.6000,5,61.8069,31
55027,Close to the Sun,PlayStation 4,16,3,60.6000,5,61.8069,31
55027,Close to the Sun,Xbox One,16,3,60.6000,5,61.8069,31
55027,Close to the Sun,Nintendo Switch,16,3,60.6000,5,61.8069,31
38,Dead Space 2,PC (Microsoft Windows),255,NULL,90.0000,12,86.8642,791
11444,The Silent Age,PC (Microsoft Windows),15,NULL,70.0000,1,71.1349,46
11444,The Silent Age,Mac,15,NULL,70.0000,1,71.1349,46
11444,The Silent Age,Android,15,NULL,70.0000,1,71.1349,46
11444,The Silent Age,iOS,15,NULL,70.0000,1,71.1349,46
13156,Evil Islands: Curse of the Lost Soul,PC (Microsoft Windows),NULL,NULL,80.0000,1,78.9405,14
96,Need for Speed: Underground,PC (Microsoft Windows),194,NULL,76.5000,2,83.2805,656
17069,Rive,Linux,2,NULL,75.0909,11,86.9847,5
17069,Rive,PC (Microsoft Windows),2,NULL,75.0909,11,86.9847,5
17069,Rive,Mac,2,NULL,75.0909,11,86.9847,5
17069,Rive,PlayStation 4,2,NULL,75.0909,11,86.9847,5
17069,Rive,Xbox One,2,NULL,75.0909,11,86.9847,5
17069,Rive,Nintendo Switch,2,NULL,75.0909,11,86.9847,5
6347,ChuChu Rocket!,Android,2,NULL,NULL,NULL,74.5676,12
6347,ChuChu Rocket!,iOS,2,NULL,NULL,NULL,74.5676,12
120550,Olija,PC (Microsoft Windows),NULL,1,79.6667,8,61.8137,12
120550,Olija,PlayStation 4,NULL,1,79.6667,8,61.8137,12
120550,Olija,Xbox One,NULL,1,79.6667,8,61.8137,12
120550,Olija,Nintendo Switch,NULL,1,79.6667,8,61.8137,12
8262,Lethal League,Linux,12,NULL,62.5000,2,75.8444,41
8262,Lethal League,PC (Microsoft Windows),12,NULL,62.5000,2,75.8444,41
8262,Lethal League,Mac,12,NULL,62.5000,2,75.8444,41
8262,Lethal League,PlayStation 4,12,NULL,62.5000,2,75.8444,41
8262,Lethal League,Xbox One,12,NULL,62.5000,2,75.8444,41
8262,Lethal League,Web browser,12,NULL,62.5000,2,75.8444,41
140857,Perfect Vermin,Linux,2,NULL,NULL,NULL,69.7745,16
140857,Perfect Vermin,PC (Microsoft Windows),2,NULL,NULL,NULL,69.7745,16
236663,Metroid Prime Remastered,Nintendo Switch,2,1,93.6000,8,95.0845,26
114009,Dragon Ball Z: Kakarot,PC (Microsoft Windows),41,18,77.7500,16,69.9063,45
114009,Dragon Ball Z: Kakarot,PlayStation 4,41,18,77.7500,16,69.9063,45
114009,Dragon Ball Z: Kakarot,Xbox One,41,18,77.7500,16,69.9063,45
114009,Dragon Ball Z: Kakarot,PlayStation 5,41,18,77.7500,16,69.9063,45
25637,Metal Gear Solid V: The Definitive Experience,PC (Microsoft Windows),7,NULL,NULL,NULL,80.0853,14
25637,Metal Gear Solid V: The Definitive Experience,PlayStation 4,7,NULL,NULL,NULL,80.0853,14
25637,Metal Gear Solid V: The Definitive Experience,Xbox One,7,NULL,NULL,NULL,80.0853,14
302,Empire Earth,PC (Microsoft Windows),34,NULL,NULL,NULL,77.8201,126
18829,Planet Coaster,PC (Microsoft Windows),51,7,82.8333,15,82.9547,85
18829,Planet Coaster,Mac,51,7,82.8333,15,82.9547,85
8116,NaissanceE,PC (Microsoft Windows),3,NULL,NULL,NULL,65.6060,22
15431,The King of Fighters 2000,Linux,7,NULL,75.0000,1,78.2390,36
15431,The King of Fighters 2000,PC (Microsoft Windows),7,NULL,75.0000,1,78.2390,36
15431,The King of Fighters 2000,Mac,7,NULL,75.0000,1,78.2390,36
15431,The King of Fighters 2000,PlayStation 4,7,NULL,75.0000,1,78.2390,36
15431,The King of Fighters 2000,Nintendo Switch,7,NULL,75.0000,1,78.2390,36
4215,True Crime: New York City,PC (Microsoft Windows),13,NULL,64.0000,4,65.7609,50
113119,The Stanley Parable: Ultra Deluxe,Linux,8,3,82.6667,3,97.0252,73
113119,The Stanley Parable: Ultra Deluxe,PC (Microsoft Windows),8,3,82.6667,3,97.0252,73
113119,The Stanley Parable: Ultra Deluxe,Mac,8,3,82.6667,3,97.0252,73
113119,The Stanley Parable: Ultra Deluxe,PlayStation 4,8,3,82.6667,3,97.0252,73
113119,The Stanley Parable: Ultra Deluxe,Xbox One,8,3,82.6667,3,97.0252,73
113119,The Stanley Parable: Ultra Deluxe,Nintendo Switch,8,3,82.6667,3,97.0252,73
113119,The Stanley Parable: Ultra Deluxe,PlayStation 5,8,3,82.6667,3,97.0252,73
140204,BroodStar,PC (Microsoft Windows),4,1,NULL,NULL,89.1667,11
140204,BroodStar,Nintendo Switch,4,1,NULL,NULL,89.1667,11
9700,Higurashi When They Cry,PC (Microsoft Windows),10,NULL,90.0000,4,89.7716,24
9700,Higurashi When They Cry,Android,10,NULL,90.0000,4,89.7716,24
9700,Higurashi When They Cry,iOS,10,NULL,90.0000,4,89.7716,24
14763,Hob,PC (Microsoft Windows),46,6,72.1250,11,81.7317,64
14763,Hob,PlayStation 4,46,6,72.1250,11,81.7317,64
204627,Cocoon,PC (Microsoft Windows),1,4,89.0000,7,85.3747,28
204627,Cocoon,PlayStation 4,1,4,89.0000,7,85.3747,28
204627,Cocoon,Xbox One,1,4,89.0000,7,85.3747,28
204627,Cocoon,Nintendo Switch,1,4,89.0000,7,85.3747,28
204627,Cocoon,PlayStation 5,1,4,89.0000,7,85.3747,28
11649,The Park,PC (Microsoft Windows),8,NULL,65.5000,11,65.2998,27
11649,The Park,PlayStation 4,8,NULL,65.5000,11,65.2998,27
11649,The Park,Xbox One,8,NULL,65.5000,11,65.2998,27
11649,The Park,Nintendo Switch,8,NULL,65.5000,11,65.2998,27
1928,Indigo Prophecy,PC (Microsoft Windows),114,NULL,85.0000,5,82.7954,331
1928,Indigo Prophecy,PlayStation 4,114,NULL,85.0000,5,82.7954,331
15821,Seasons after Fall,Linux,6,2,74.5000,10,66.5895,27
15821,Seasons after Fall,PC (Microsoft Windows),6,2,74.5000,10,66.5895,27
15821,Seasons after Fall,Mac,6,2,74.5000,10,66.5895,27
15821,Seasons after Fall,PlayStation 4,6,2,74.5000,10,66.5895,27
15821,Seasons after Fall,Xbox One,6,2,74.5000,10,66.5895,27
13555,Indivisible,Linux,18,18,80.0000,13,80.9604,23
13555,Indivisible,PC (Microsoft Windows),18,18,80.0000,13,80.9604,23
13555,Indivisible,Mac,18,18,80.0000,13,80.9604,23
13555,Indivisible,PlayStation 4,18,18,80.0000,13,80.9604,23
13555,Indivisible,Xbox One,18,18,80.0000,13,80.9604,23
13555,Indivisible,Nintendo Switch,18,18,80.0000,13,80.9604,23
78149,Adventure Time: Pirates of the Enchiridion,PC (Microsoft Windows),7,4,52.6667,4,68.8366,13
78149,Adventure Time: Pirates of the Enchiridion,PlayStation 4,7,4,52.6667,4,68.8366,13
78149,Adventure Time: Pirates of the Enchiridion,Xbox One,7,4,52.6667,4,68.8366,13
78149,Adventure Time: Pirates of the Enchiridion,Nintendo Switch,7,4,52.6667,4,68.8366,13
2681,LEGO Star Wars: The Video Game,PC (Microsoft Windows),45,NULL,79.7500,4,76.1486,191
2681,LEGO Star Wars: The Video Game,Mac,45,NULL,79.7500,4,76.1486,191
3208,War of the Monsters,PlayStation 4,5,NULL,80.0000,2,74.6146,13
26166,Dauntless,PC (Microsoft Windows),34,15,76.0000,8,63.8193,60
26166,Dauntless,PlayStation 4,34,15,76.0000,8,63.8193,60
26166,Dauntless,Xbox One,34,15,76.0000,8,63.8193,60
26166,Dauntless,Nintendo Switch,34,15,76.0000,8,63.8193,60
26166,Dauntless,PlayStation 5,34,15,76.0000,8,63.8193,60
110474,Minecraft Dungeons,PC (Microsoft Windows),88,24,73.5833,15,69.3079,95
110474,Minecraft Dungeons,PlayStation 4,88,24,73.5833,15,69.3079,95
110474,Minecraft Dungeons,Xbox One,88,24,73.5833,15,69.3079,95
110474,Minecraft Dungeons,Nintendo Switch,88,24,73.5833,15,69.3079,95
19696,Worms W.M.D,Linux,18,NULL,79.1429,16,71.9211,44
19696,Worms W.M.D,PC (Microsoft Windows),18,NULL,79.1429,16,71.9211,44
19696,Worms W.M.D,Mac,18,NULL,79.1429,16,71.9211,44
19696,Worms W.M.D,PlayStation 4,18,NULL,79.1429,16,71.9211,44
19696,Worms W.M.D,Xbox One,18,NULL,79.1429,16,71.9211,44
19696,Worms W.M.D,Nintendo Switch,18,NULL,79.1429,16,71.9211,44
2050,LEGO Marvel Super Heroes,PC (Microsoft Windows),54,NULL,84.6316,20,79.2560,164
2050,LEGO Marvel Super Heroes,Mac,54,NULL,84.6316,20,79.2560,164
2050,LEGO Marvel Super Heroes,PlayStation 4,54,NULL,84.6316,20,79.2560,164
2050,LEGO Marvel Super Heroes,Xbox One,54,NULL,84.6316,20,79.2560,164
2050,LEGO Marvel Super Heroes,Nintendo Switch,54,NULL,84.6316,20,79.2560,164
8730,ScreamRide,Xbox One,1,NULL,74.0714,15,80.0000,2
11346,Her Story,Linux,61,NULL,85.0000,7,78.6259,224
11346,Her Story,PC (Microsoft Windows),61,NULL,85.0000,7,78.6259,224
11346,Her Story,Mac,61,NULL,85.0000,7,78.6259,224
11346,Her Story,Android,61,NULL,85.0000,7,78.6259,224
11346,Her Story,iOS,61,NULL,85.0000,7,78.6259,224
200165,Call of Duty: Modern Warfare II,PC (Microsoft Windows),18,10,79.5000,10,75.4827,56
200165,Call of Duty: Modern Warfare II,PlayStation 4,18,10,79.5000,10,75.4827,56
200165,Call of Duty: Modern Warfare II,Xbox One,18,10,79.5000,10,75.4827,56
200165,Call of Duty: Modern Warfare II,PlayStation 5,18,10,79.5000,10,75.4827,56
4928,The Incredible Hulk,PC (Microsoft Windows),4,NULL,59.2500,9,61.3279,26
9016,Apotheon,Linux,16,NULL,84.5000,4,69.7288,71
9016,Apotheon,PC (Microsoft Windows),16,NULL,84.5000,4,69.7288,71
9016,Apotheon,Mac,16,NULL,84.5000,4,69.7288,71
9016,Apotheon,PlayStation 4,16,NULL,84.5000,4,69.7288,71
4754,Alien: Isolation,Linux,228,10,85.6316,22,85.1560,523
4754,Alien: Isolation,PC (Microsoft Windows),228,10,85.6316,22,85.1560,523
4754,Alien: Isolation,Mac,228,10,85.6316,22,85.1560,523
4754,Alien: Isolation,PlayStation 4,228,10,85.6316,22,85.1560,523
4754,Alien: Isolation,Xbox One,228,10,85.6316,22,85.1560,523
4754,Alien: Isolation,Nintendo Switch,228,10,85.6316,22,85.1560,523
139346,Need for Speed: Hot Pursuit - Remastered,PC (Microsoft Windows),9,2,79.8333,6,76.7665,37
139346,Need for Speed: Hot Pursuit - Remastered,PlayStation 4,9,2,79.8333,6,76.7665,37
139346,Need for Speed: Hot Pursuit - Remastered,Xbox One,9,2,79.8333,6,76.7665,37
139346,Need for Speed: Hot Pursuit - Remastered,Nintendo Switch,9,2,79.8333,6,76.7665,37
509,Rage,PC (Microsoft Windows),77,NULL,80.8000,14,73.2406,243
509,Rage,Mac,77,NULL,80.8000,14,73.2406,243
8187,Just Cause 3,PC (Microsoft Windows),180,58,76.4737,22,76.7349,315
8187,Just Cause 3,PlayStation 4,180,58,76.4737,22,76.7349,315
8187,Just Cause 3,Xbox One,180,58,76.4737,22,76.7349,315
27920,Digimon Story: Cyber Sleuth - Hacker's Memory,PlayStation 4,10,1,73.2500,9,63.8293,12
1958,Alone in the Dark,PC (Microsoft Windows),17,NULL,45.0000,4,57.7366,71
113739,Bright Memory: Infinite,PC (Microsoft Windows),3,29,67.0000,5,57.6133,26
113739,Bright Memory: Infinite,Xbox One,3,29,67.0000,5,57.6133,26
113739,Bright Memory: Infinite,Nintendo Switch,3,29,67.0000,5,57.6133,26
113739,Bright Memory: Infinite,PlayStation 5,3,29,67.0000,5,57.6133,26
180960,Kid A Mnesia Exhibition,PC (Microsoft Windows),NULL,NULL,NULL,NULL,82.5105,11
180960,Kid A Mnesia Exhibition,Mac,NULL,NULL,NULL,NULL,82.5105,11
180960,Kid A Mnesia Exhibition,PlayStation 5,NULL,NULL,NULL,NULL,82.5105,11
539,Metro: Last Light,Linux,219,NULL,79.9000,13,82.5680,578
539,Metro: Last Light,PC (Microsoft Windows),219,NULL,79.9000,13,82.5680,578
539,Metro: Last Light,Mac,219,NULL,79.9000,13,82.5680,578
23907,Dead Rising: Triple Pack,PC (Microsoft Windows),1,NULL,72.1818,11,70.0000,1
23907,Dead Rising: Triple Pack,PlayStation 4,1,NULL,72.1818,11,70.0000,1
23907,Dead Rising: Triple Pack,Xbox One,1,NULL,72.1818,11,70.0000,1
5147,Sega Bass Fishing,Linux,5,NULL,67.0000,3,50.0916,11
5147,Sega Bass Fishing,PC (Microsoft Windows),5,NULL,67.0000,3,50.0916,11
137,Star Wars: The Force Unleashed II,Linux,47,NULL,64.5000,7,63.9189,241
137,Star Wars: The Force Unleashed II,PC (Microsoft Windows),47,NULL,64.5000,7,63.9189,241
137,Star Wars: The Force Unleashed II,iOS,47,NULL,64.5000,7,63.9189,241
9527,SpeedRunners,Linux,21,1,NULL,NULL,76.0464,84
9527,SpeedRunners,PC (Microsoft Windows),21,1,NULL,NULL,76.0464,84
9527,SpeedRunners,Mac,21,1,NULL,NULL,76.0464,84
9527,SpeedRunners,Android,21,1,NULL,NULL,76.0464,84
9527,SpeedRunners,iOS,21,1,NULL,NULL,76.0464,84
9527,SpeedRunners,PlayStation 4,21,1,NULL,NULL,76.0464,84
9527,SpeedRunners,Xbox One,21,1,NULL,NULL,76.0464,84
9527,SpeedRunners,Nintendo Switch,21,1,NULL,NULL,76.0464,84
17828,20XX,PC (Microsoft Windows),8,NULL,75.3333,3,69.9833,23
17828,20XX,PlayStation 4,8,NULL,75.3333,3,69.9833,23
17828,20XX,Xbox One,8,NULL,75.3333,3,69.9833,23
17828,20XX,Nintendo Switch,8,NULL,75.3333,3,69.9833,23
116191,Sniper Elite V2 Remastered,PC (Microsoft Windows),3,1,68.7500,5,66.7279,16
116191,Sniper Elite V2 Remastered,PlayStation 4,3,1,68.7500,5,66.7279,16
116191,Sniper Elite V2 Remastered,Xbox One,3,1,68.7500,5,66.7279,16
116191,Sniper Elite V2 Remastered,Nintendo Switch,3,1,68.7500,5,66.7279,16
229339,Super Mario 3D World,Nintendo Switch,2,NULL,NULL,NULL,88.8782,11
138227,Super Mario 3D World + Bowser's Fury,Nintendo Switch,12,2,90.7692,16,89.3875,52
11069,LEGO Marvel's Avengers,PC (Microsoft Windows),22,2,67.5882,19,61.6563,53
11069,LEGO Marvel's Avengers,Mac,22,2,67.5882,19,61.6563,53
11069,LEGO Marvel's Avengers,PlayStation 4,22,2,67.5882,19,61.6563,53
11069,LEGO Marvel's Avengers,Xbox One,22,2,67.5882,19,61.6563,53
51448,BlazBlue: Cross Tag Battle,PC (Microsoft Windows),9,1,76.8571,10,84.4519,22
51448,BlazBlue: Cross Tag Battle,PlayStation 4,9,1,76.8571,10,84.4519,22
51448,BlazBlue: Cross Tag Battle,Xbox One,9,1,76.8571,10,84.4519,22
51448,BlazBlue: Cross Tag Battle,Nintendo Switch,9,1,76.8571,10,84.4519,22
10964,Sniper: Ghost Warrior 3,PC (Microsoft Windows),36,7,53.3333,18,56.9349,40
10964,Sniper: Ghost Warrior 3,PlayStation 4,36,7,53.3333,18,56.9349,40
10964,Sniper: Ghost Warrior 3,Xbox One,36,7,53.3333,18,56.9349,40
99821,Metal Gear Solid 3: Snake Eater - HD Edition,PC (Microsoft Windows),6,NULL,NULL,NULL,95.5503,33
99821,Metal Gear Solid 3: Snake Eater - HD Edition,Android,6,NULL,NULL,NULL,95.5503,33
99821,Metal Gear Solid 3: Snake Eater - HD Edition,PlayStation 4,6,NULL,NULL,NULL,95.5503,33
99821,Metal Gear Solid 3: Snake Eater - HD Edition,Xbox One,6,NULL,NULL,NULL,95.5503,33
99821,Metal Gear Solid 3: Snake Eater - HD Edition,Nintendo Switch,6,NULL,NULL,NULL,95.5503,33
99821,Metal Gear Solid 3: Snake Eater - HD Edition,PlayStation 5,6,NULL,NULL,NULL,95.5503,33
9784,Bridge Constructor,Linux,5,NULL,65.8750,8,59.6906,19
9784,Bridge Constructor,PC (Microsoft Windows),5,NULL,65.8750,8,59.6906,19
9784,Bridge Constructor,Mac,5,NULL,65.8750,8,59.6906,19
9784,Bridge Constructor,Android,5,NULL,65.8750,8,59.6906,19
9784,Bridge Constructor,iOS,5,NULL,65.8750,8,59.6906,19
9784,Bridge Constructor,PlayStation 4,5,NULL,65.8750,8,59.6906,19
9784,Bridge Constructor,Xbox One,5,NULL,65.8750,8,59.6906,19
3060,Cooking Mama,iOS,4,NULL,68.5000,4,70.6982,22
121084,In Sound Mind,PC (Microsoft Windows),3,1,NULL,NULL,80.1927,13
121084,In Sound Mind,Nintendo Switch,3,1,NULL,NULL,80.1927,13
121084,In Sound Mind,PlayStation 5,3,1,NULL,NULL,80.1927,13
140158,Supfly Delivery Simulator,Linux,6,1,NULL,NULL,84.3902,12
140158,Supfly Delivery Simulator,PC (Microsoft Windows),6,1,NULL,NULL,84.3902,12
140158,Supfly Delivery Simulator,Mac,6,1,NULL,NULL,84.3902,12
140158,Supfly Delivery Simulator,Nintendo Switch,6,1,NULL,NULL,84.3902,12
129483,Monster Train,PC (Microsoft Windows),1,NULL,84.2500,5,83.9182,37
129483,Monster Train,Xbox One,1,NULL,84.2500,5,83.9182,37
25210,Disc Jam,PC (Microsoft Windows),10,2,69.7500,4,76.1651,24
25210,Disc Jam,PlayStation 4,10,2,69.7500,4,76.1651,24
25210,Disc Jam,Nintendo Switch,10,2,69.7500,4,76.1651,24
16203,Myst: Masterpiece Edition,PC (Microsoft Windows),2,NULL,NULL,NULL,80.2012,15
16203,Myst: Masterpiece Edition,Mac,2,NULL,NULL,NULL,80.2012,15
1255,MechWarrior Online,PC (Microsoft Windows),7,1,71.5000,5,89.1135,13
24654,New World,PC (Microsoft Windows),14,28,74.5000,7,66.0844,41
7146,The Dark Eye: Chains of Satinav,PC (Microsoft Windows),7,NULL,NULL,NULL,75.1963,29
7146,The Dark Eye: Chains of Satinav,Mac,7,NULL,NULL,NULL,75.1963,29
7146,The Dark Eye: Chains of Satinav,PlayStation 4,7,NULL,NULL,NULL,75.1963,29
7146,The Dark Eye: Chains of Satinav,Xbox One,7,NULL,NULL,NULL,75.1963,29
7146,The Dark Eye: Chains of Satinav,Nintendo Switch,7,NULL,NULL,NULL,75.1963,29
3097,The Walking Dead: Season Two,PC (Microsoft Windows),238,8,81.1389,5,79.6766,681
3097,The Walking Dead: Season Two,Mac,238,8,81.1389,5,79.6766,681
3097,The Walking Dead: Season Two,iOS,238,8,81.1389,5,79.6766,681
3097,The Walking Dead: Season Two,PlayStation 4,238,8,81.1389,5,79.6766,681
3097,The Walking Dead: Season Two,Xbox One,238,8,81.1389,5,79.6766,681
3097,The Walking Dead: Season Two,Nintendo Switch,238,8,81.1389,5,79.6766,681
76723,Mega Man 11,PC (Microsoft Windows),28,3,79.8333,14,78.7403,58
76723,Mega Man 11,PlayStation 4,28,3,79.8333,14,78.7403,58
76723,Mega Man 11,Xbox One,28,3,79.8333,14,78.7403,58
76723,Mega Man 11,Nintendo Switch,28,3,79.8333,14,78.7403,58
12530,Umbrella Corps,PC (Microsoft Windows),4,3,39.8750,17,39.9555,12
12530,Umbrella Corps,PlayStation 4,4,3,39.8750,17,39.9555,12
19765,Berserk and the Band of the Hawk,PC (Microsoft Windows),16,4,66.5714,15,78.1156,11
19765,Berserk and the Band of the Hawk,PlayStation 4,16,4,66.5714,15,78.1156,11
6160,Star Wars: Jedi Starfighter,PlayStation 4,9,NULL,76.6667,3,61.3253,14
36745,Kao the Kangaroo,PC (Microsoft Windows),4,NULL,NULL,NULL,69.3331,13
716,Football Manager 2010,PC (Microsoft Windows),6,NULL,85.0000,3,82.6549,25
716,Football Manager 2010,Mac,6,NULL,85.0000,3,82.6549,25
5924,Dead Rising 2: Off the Record,PC (Microsoft Windows),18,NULL,71.6250,11,71.2779,37
5924,Dead Rising 2: Off the Record,PlayStation 4,18,NULL,71.6250,11,71.2779,37
5924,Dead Rising 2: Off the Record,Xbox One,18,NULL,71.6250,11,71.2779,37
18443,One Piece: Burning Blood,PC (Microsoft Windows),6,NULL,64.7000,11,67.7295,22
18443,One Piece: Burning Blood,PlayStation 4,6,NULL,64.7000,11,67.7295,22
18443,One Piece: Burning Blood,Xbox One,6,NULL,64.7000,11,67.7295,22
23717,Will Rock,PC (Microsoft Windows),5,NULL,67.0000,2,79.2467,18
4220,Dark Void,PC (Microsoft Windows),7,NULL,58.8333,7,66.4446,27
1268,Crysis 3,PC (Microsoft Windows),101,NULL,74.0000,17,74.3204,310
1268,Crysis 3,Xbox One,101,NULL,74.0000,17,74.3204,310
99781,Child of Light: Ultimate Edition,PlayStation 4,2,NULL,80.0000,1,72.0516,11
99781,Child of Light: Ultimate Edition,Xbox One,2,NULL,80.0000,1,72.0516,11
99781,Child of Light: Ultimate Edition,Nintendo Switch,2,NULL,80.0000,1,72.0516,11
17904,ShellShock Live,Linux,16,NULL,NULL,NULL,68.4285,24
17904,ShellShock Live,PC (Microsoft Windows),16,NULL,NULL,NULL,68.4285,24
17904,ShellShock Live,Mac,16,NULL,NULL,NULL,68.4285,24
17904,ShellShock Live,iOS,16,NULL,NULL,NULL,68.4285,24
17904,ShellShock Live,PlayStation 4,16,NULL,NULL,NULL,68.4285,24
17904,ShellShock Live,Xbox One,16,NULL,NULL,NULL,68.4285,24
113,Assassin's Creed Brotherhood,PC (Microsoft Windows),484,NULL,83.3333,12,82.9924,1405
113,Assassin's Creed Brotherhood,Mac,484,NULL,83.3333,12,82.9924,1405
6653,Euro Truck Simulator,PC (Microsoft Windows),8,NULL,NULL,NULL,59.0490,31
6653,Euro Truck Simulator,Mac,8,NULL,NULL,NULL,59.0490,31
28729,Doodle Jump,Android,4,NULL,NULL,NULL,69.6967,29
28729,Doodle Jump,iOS,4,NULL,NULL,NULL,69.6967,29
8750,N++,Linux,7,NULL,82.8000,11,94.8340,24
8750,N++,PC (Microsoft Windows),7,NULL,82.8000,11,94.8340,24
8750,N++,Mac,7,NULL,82.8000,11,94.8340,24
8750,N++,PlayStation 4,7,NULL,82.8000,11,94.8340,24
8750,N++,Xbox One,7,NULL,82.8000,11,94.8340,24
8750,N++,Nintendo Switch,7,NULL,82.8000,11,94.8340,24
2584,Eve Online,Linux,28,NULL,78.7500,7,77.1435,54
2584,Eve Online,PC (Microsoft Windows),28,NULL,78.7500,7,77.1435,54
2584,Eve Online,Mac,28,NULL,78.7500,7,77.1435,54
5787,Constantine,PC (Microsoft Windows),3,NULL,50.0000,3,76.6424,14
54217,Persona 3: Dancing in Moonlight,PlayStation 4,2,NULL,76.0000,7,74.9300,18
18614,Stikbold! A Dodgeball Adventure,PC (Microsoft Windows),2,NULL,70.6000,6,70.5577,14
18614,Stikbold! A Dodgeball Adventure,Mac,2,NULL,70.6000,6,70.5577,14
18614,Stikbold! A Dodgeball Adventure,PlayStation 4,2,NULL,70.6000,6,70.5577,14
18614,Stikbold! A Dodgeball Adventure,Xbox One,2,NULL,70.6000,6,70.5577,14
54787,ReCore: Definitive Edition,PC (Microsoft Windows),6,NULL,NULL,NULL,71.4138,15
54787,ReCore: Definitive Edition,Xbox One,6,NULL,NULL,NULL,71.4138,15
7603,Hellblade: Senua's Sacrifice,PC (Microsoft Windows),231,18,84.2727,26,85.0849,797
7603,Hellblade: Senua's Sacrifice,PlayStation 4,231,18,84.2727,26,85.0849,797
7603,Hellblade: Senua's Sacrifice,Xbox One,231,18,84.2727,26,85.0849,797
7603,Hellblade: Senua's Sacrifice,Nintendo Switch,231,18,84.2727,26,85.0849,797
18528,Doodle God,Linux,4,NULL,56.5000,3,67.8801,24
18528,Doodle God,PC (Microsoft Windows),4,NULL,56.5000,3,67.8801,24
18528,Doodle God,Mac,4,NULL,56.5000,3,67.8801,24
18528,Doodle God,Android,4,NULL,56.5000,3,67.8801,24
18528,Doodle God,iOS,4,NULL,56.5000,3,67.8801,24
18528,Doodle God,PlayStation 4,4,NULL,56.5000,3,67.8801,24
18528,Doodle God,Web browser,4,NULL,56.5000,3,67.8801,24
37092,Hidden Agenda,PlayStation 4,25,3,66.2500,6,73.4421,25
11148,Plants vs. Zombies: Garden Warfare 2,PC (Microsoft Windows),62,2,85.2353,21,73.4771,64
11148,Plants vs. Zombies: Garden Warfare 2,PlayStation 4,62,2,85.2353,21,73.4771,64
11148,Plants vs. Zombies: Garden Warfare 2,Xbox One,62,2,85.2353,21,73.4771,64
2587,Skate 3,Xbox One,25,NULL,84.4000,6,78.7553,94
112916,Mortal Kombat 11,PC (Microsoft Windows),34,8,79.9167,17,83.7479,185
112916,Mortal Kombat 11,PlayStation 4,34,8,79.9167,17,83.7479,185
112916,Mortal Kombat 11,Xbox One,34,8,79.9167,17,83.7479,185
112916,Mortal Kombat 11,Nintendo Switch,34,8,79.9167,17,83.7479,185
112916,Mortal Kombat 11,PlayStation 5,34,8,79.9167,17,83.7479,185
281,Return to Castle Wolfenstein,Linux,115,NULL,68.2000,5,79.0694,366
281,Return to Castle Wolfenstein,PC (Microsoft Windows),115,NULL,68.2000,5,79.0694,366
281,Return to Castle Wolfenstein,Mac,115,NULL,68.2000,5,79.0694,366
14554,Craft the World,PC (Microsoft Windows),10,NULL,NULL,NULL,80.1942,19
14554,Craft the World,Mac,10,NULL,NULL,NULL,80.1942,19
1010,Cities in Motion,Linux,9,NULL,67.0000,1,69.1159,18
1010,Cities in Motion,PC (Microsoft Windows),9,NULL,67.0000,1,69.1159,18
1010,Cities in Motion,Mac,9,NULL,67.0000,1,69.1159,18
4319,D,Linux,4,NULL,68.5000,3,30.9673,11
4319,D,PC (Microsoft Windows),4,NULL,68.5000,3,30.9673,11
4319,D,Mac,4,NULL,68.5000,3,30.9673,11
19799,Fate/Extella: The Umbral Star,PC (Microsoft Windows),8,2,69.2353,18,76.2179,8
19799,Fate/Extella: The Umbral Star,PlayStation 4,8,2,69.2353,18,76.2179,8
19799,Fate/Extella: The Umbral Star,Nintendo Switch,8,2,69.2353,18,76.2179,8
3278,Garry's Mod,Linux,132,NULL,NULL,NULL,79.1629,310
3278,Garry's Mod,PC (Microsoft Windows),132,NULL,NULL,NULL,79.1629,310
3278,Garry's Mod,Mac,132,NULL,NULL,NULL,79.1629,310
7596,Eufloria,Linux,4,NULL,77.6667,7,70.7979,11
7596,Eufloria,PC (Microsoft Windows),4,NULL,77.6667,7,70.7979,11
7596,Eufloria,Mac,4,NULL,77.6667,7,70.7979,11
7596,Eufloria,Android,4,NULL,77.6667,7,70.7979,11
7596,Eufloria,iOS,4,NULL,77.6667,7,70.7979,11
5601,The Witness,PC (Microsoft Windows),179,31,88.3333,14,82.7654,403
5601,The Witness,Mac,179,31,88.3333,14,82.7654,403
5601,The Witness,iOS,179,31,88.3333,14,82.7654,403
5601,The Witness,PlayStation 4,179,31,88.3333,14,82.7654,403
5601,The Witness,Xbox One,179,31,88.3333,14,82.7654,403
1363,Little Inferno,Linux,28,NULL,65.0000,8,73.0908,120
1363,Little Inferno,PC (Microsoft Windows),28,NULL,65.0000,8,73.0908,120
1363,Little Inferno,Mac,28,NULL,65.0000,8,73.0908,120
1363,Little Inferno,Android,28,NULL,65.0000,8,73.0908,120
1363,Little Inferno,iOS,28,NULL,65.0000,8,73.0908,120
1363,Little Inferno,Nintendo Switch,28,NULL,65.0000,8,73.0908,120
8339,Minecraft: Story Mode,PC (Microsoft Windows),24,6,65.4906,8,70.2388,79
8339,Minecraft: Story Mode,Mac,24,6,65.4906,8,70.2388,79
8339,Minecraft: Story Mode,Android,24,6,65.4906,8,70.2388,79
8339,Minecraft: Story Mode,iOS,24,6,65.4906,8,70.2388,79
8339,Minecraft: Story Mode,PlayStation 4,24,6,65.4906,8,70.2388,79
8339,Minecraft: Story Mode,Xbox One,24,6,65.4906,8,70.2388,79
8339,Minecraft: Story Mode,Web browser,24,6,65.4906,8,70.2388,79
8339,Minecraft: Story Mode,Nintendo Switch,24,6,65.4906,8,70.2388,79
14363,Gran Turismo Sport,PlayStation 4,60,15,77.2500,14,75.2910,81
11426,100% Orange Juice,PC (Microsoft Windows),7,NULL,NULL,NULL,79.6232,27
14393,Bulb Boy,PC (Microsoft Windows),3,NULL,82.5000,2,70.2167,14
14393,Bulb Boy,Mac,3,NULL,82.5000,2,70.2167,14
14393,Bulb Boy,Android,3,NULL,82.5000,2,70.2167,14
14393,Bulb Boy,iOS,3,NULL,82.5000,2,70.2167,14
14393,Bulb Boy,PlayStation 4,3,NULL,82.5000,2,70.2167,14
14393,Bulb Boy,Xbox One,3,NULL,82.5000,2,70.2167,14
14393,Bulb Boy,Nintendo Switch,3,NULL,82.5000,2,70.2167,14
109274,Judgment,PC (Microsoft Windows),14,NULL,82.7143,18,82.8451,62
109274,Judgment,PlayStation 4,14,NULL,82.7143,18,82.8451,62
109274,Judgment,PlayStation 5,14,NULL,82.7143,18,82.8451,62
6332,Caesar III,PC (Microsoft Windows),31,NULL,NULL,NULL,80.0650,76
1969,Red Dead Revolver,PlayStation 4,9,NULL,66.0000,6,68.4264,53
9708,Danganronpa Another Episode: Ultra Despair Girls,PC (Microsoft Windows),12,NULL,74.4444,9,71.5925,58
9708,Danganronpa Another Episode: Ultra Despair Girls,PlayStation 4,12,NULL,74.4444,9,71.5925,58
2291,Thomas Was Alone,Linux,40,NULL,76.3750,9,71.0462,155
2291,Thomas Was Alone,PC (Microsoft Windows),40,NULL,76.3750,9,71.0462,155
2291,Thomas Was Alone,Mac,40,NULL,76.3750,9,71.0462,155
2291,Thomas Was Alone,Android,40,NULL,76.3750,9,71.0462,155
2291,Thomas Was Alone,iOS,40,NULL,76.3750,9,71.0462,155
2291,Thomas Was Alone,PlayStation 4,40,NULL,76.3750,9,71.0462,155
2291,Thomas Was Alone,Xbox One,40,NULL,76.3750,9,71.0462,155
2291,Thomas Was Alone,Nintendo Switch,40,NULL,76.3750,9,71.0462,155
14389,Friday the 13th: The Game,PC (Microsoft Windows),49,10,60.8750,9,66.0189,62
14389,Friday the 13th: The Game,PlayStation 4,49,10,60.8750,9,66.0189,62
14389,Friday the 13th: The Game,Xbox One,49,10,60.8750,9,66.0189,62
14389,Friday the 13th: The Game,Nintendo Switch,49,10,60.8750,9,66.0189,62
159116,Grid Legends,PC (Microsoft Windows),1,NULL,88.3333,6,70.4877,18
159116,Grid Legends,PlayStation 4,1,NULL,88.3333,6,70.4877,18
159116,Grid Legends,Xbox One,1,NULL,88.3333,6,70.4877,18
159116,Grid Legends,PlayStation 5,1,NULL,88.3333,6,70.4877,18
146851,Lost Judgment,PC (Microsoft Windows),1,1,81.0000,9,87.1827,23
146851,Lost Judgment,PlayStation 4,1,1,81.0000,9,87.1827,23
146851,Lost Judgment,Xbox One,1,1,81.0000,9,87.1827,23
146851,Lost Judgment,PlayStation 5,1,1,81.0000,9,87.1827,23
7386,The Talos Principle,Linux,106,NULL,87.3333,12,87.2495,343
7386,The Talos Principle,PC (Microsoft Windows),106,NULL,87.3333,12,87.2495,343
7386,The Talos Principle,Mac,106,NULL,87.3333,12,87.2495,343
7386,The Talos Principle,Android,106,NULL,87.3333,12,87.2495,343
7386,The Talos Principle,iOS,106,NULL,87.3333,12,87.2495,343
7386,The Talos Principle,PlayStation 4,106,NULL,87.3333,12,87.2495,343
7386,The Talos Principle,Xbox One,106,NULL,87.3333,12,87.2495,343
7386,The Talos Principle,Nintendo Switch,106,NULL,87.3333,12,87.2495,343
205201,Crisis Core: Final Fantasy VII - Reunion,PC (Microsoft Windows),2,5,81.5000,10,75.2650,19
205201,Crisis Core: Final Fantasy VII - Reunion,PlayStation 4,2,5,81.5000,10,75.2650,19
205201,Crisis Core: Final Fantasy VII - Reunion,Xbox One,2,5,81.5000,10,75.2650,19
205201,Crisis Core: Final Fantasy VII - Reunion,Nintendo Switch,2,5,81.5000,10,75.2650,19
205201,Crisis Core: Final Fantasy VII - Reunion,PlayStation 5,2,5,81.5000,10,75.2650,19
18425,Urban Empire,PC (Microsoft Windows),18,5,67.0000,3,59.4662,13
11613,BlazBlue: Central Fiction,PC (Microsoft Windows),6,3,85.6000,6,65.9395,18
11613,BlazBlue: Central Fiction,PlayStation 4,6,3,85.6000,6,65.9395,18
221,Phantasmagoria,PC (Microsoft Windows),13,NULL,60.0000,1,77.4884,37
221,Phantasmagoria,Mac,13,NULL,60.0000,1,77.4884,37
19645,Guilty Gear Xrd: Sign,PC (Microsoft Windows),2,NULL,78.3333,5,75.8181,16
19645,Guilty Gear Xrd: Sign,PlayStation 4,2,NULL,78.3333,5,75.8181,16
54486,We Were Here Too,Linux,4,NULL,90.0000,1,66.5384,30
54486,We Were Here Too,PC (Microsoft Windows),4,NULL,90.0000,1,66.5384,30
54486,We Were Here Too,Mac,4,NULL,90.0000,1,66.5384,30
54486,We Were Here Too,PlayStation 4,4,NULL,90.0000,1,66.5384,30
54486,We Were Here Too,Xbox One,4,NULL,90.0000,1,66.5384,30
22778,Outward,PC (Microsoft Windows),13,7,56.5000,8,78.5555,30
22778,Outward,PlayStation 4,13,7,56.5000,8,78.5555,30
22778,Outward,Xbox One,13,7,56.5000,8,78.5555,30
22778,Outward,PlayStation 5,13,7,56.5000,8,78.5555,30
204360,Goat Simulator 3,PC (Microsoft Windows),1,1,70.0000,6,99.4217,13
204360,Goat Simulator 3,PlayStation 5,1,1,70.0000,6,99.4217,13
115276,Super Mario Maker 2,Nintendo Switch,35,12,87.1667,13,81.0983,158
8188,Realm of the Mad God,PC (Microsoft Windows),10,NULL,85.0000,2,73.9542,33
8188,Realm of the Mad God,Mac,10,NULL,85.0000,2,73.9542,33
8188,Realm of the Mad God,Web browser,10,NULL,85.0000,2,73.9542,33
116419,Cadence of Hyrule: Crypt of the NecroDancer Featuring the Legend of Zelda,Nintendo Switch,4,2,81.8571,9,75.2080,43
127344,Bravely Default II,PC (Microsoft Windows),5,7,79.7273,14,73.0208,14
127344,Bravely Default II,Nintendo Switch,5,7,79.7273,14,73.0208,14
3218,Vanquish,PC (Microsoft Windows),66,NULL,80.6000,16,79.6453,197
3218,Vanquish,PlayStation 4,66,NULL,80.6000,16,79.6453,197
3218,Vanquish,Xbox One,66,NULL,80.6000,16,79.6453,197
2273,No More Heroes 2: Desperate Struggle,PC (Microsoft Windows),12,NULL,78.6250,9,80.5103,57
2273,No More Heroes 2: Desperate Struggle,Nintendo Switch,12,NULL,78.6250,9,80.5103,57
25252,Crush Crush,Linux,5,NULL,60.0000,1,65.9840,14
25252,Crush Crush,PC (Microsoft Windows),5,NULL,60.0000,1,65.9840,14
25252,Crush Crush,Mac,5,NULL,60.0000,1,65.9840,14
25252,Crush Crush,Android,5,NULL,60.0000,1,65.9840,14
25252,Crush Crush,iOS,5,NULL,60.0000,1,65.9840,14
25252,Crush Crush,Web browser,5,NULL,60.0000,1,65.9840,14
25252,Crush Crush,Nintendo Switch,5,NULL,60.0000,1,65.9840,14
135818,Pizza Tower,PC (Microsoft Windows),2,2,90.0000,1,84.7611,26
27024,A Normal Lost Phone,Linux,9,NULL,88.0000,2,70.4731,31
27024,A Normal Lost Phone,PC (Microsoft Windows),9,NULL,88.0000,2,70.4731,31
27024,A Normal Lost Phone,Mac,9,NULL,88.0000,2,70.4731,31
27024,A Normal Lost Phone,Android,9,NULL,88.0000,2,70.4731,31
27024,A Normal Lost Phone,iOS,9,NULL,88.0000,2,70.4731,31
27024,A Normal Lost Phone,Nintendo Switch,9,NULL,88.0000,2,70.4731,31
323,The 7th Guest,Linux,5,NULL,NULL,NULL,72.9374,19
323,The 7th Guest,PC (Microsoft Windows),5,NULL,NULL,NULL,72.9374,19
323,The 7th Guest,Mac,5,NULL,NULL,NULL,72.9374,19
323,The 7th Guest,Android,5,NULL,NULL,NULL,72.9374,19
323,The 7th Guest,iOS,5,NULL,NULL,NULL,72.9374,19
4,Thief,PC (Microsoft Windows),95,13,63.6429,17,70.5662,270
4,Thief,Mac,95,13,63.6429,17,70.5662,270
4,Thief,PlayStation 4,95,13,63.6429,17,70.5662,270
4,Thief,Xbox One,95,13,63.6429,17,70.5662,270
75239,Spelunky 2,PC (Microsoft Windows),8,14,87.0000,13,80.9058,34
75239,Spelunky 2,PlayStation 4,8,14,87.0000,13,80.9058,34
75239,Spelunky 2,Xbox One,8,14,87.0000,13,80.9058,34
75239,Spelunky 2,Nintendo Switch,8,14,87.0000,13,80.9058,34
13232,Technobabylon,PC (Microsoft Windows),18,NULL,81.0000,3,76.6896,37
13232,Technobabylon,iOS,18,NULL,81.0000,3,76.6896,37
152765,Castlevania Advance Collection,PC (Microsoft Windows),1,NULL,94.0000,2,97.9794,11
152765,Castlevania Advance Collection,PlayStation 4,1,NULL,94.0000,2,97.9794,11
152765,Castlevania Advance Collection,Xbox One,1,NULL,94.0000,2,97.9794,11
152765,Castlevania Advance Collection,Nintendo Switch,1,NULL,94.0000,2,97.9794,11
6748,Killing Floor 2,PC (Microsoft Windows),83,20,80.7692,15,72.6919,124
6748,Killing Floor 2,PlayStation 4,83,20,80.7692,15,72.6919,124
6748,Killing Floor 2,Xbox One,83,20,80.7692,15,72.6919,124
3100,Wasteland,Linux,7,NULL,100.0000,1,79.7822,21
3100,Wasteland,PC (Microsoft Windows),7,NULL,100.0000,1,79.7822,21
3100,Wasteland,Mac,7,NULL,100.0000,1,79.7822,21
9280,Wakfu,Linux,4,1,NULL,NULL,73.1880,23
9280,Wakfu,PC (Microsoft Windows),4,1,NULL,NULL,73.1880,23
9280,Wakfu,Mac,4,1,NULL,NULL,73.1880,23
14404,Kona,Linux,29,6,76.6667,4,72.7498,45
14404,Kona,PC (Microsoft Windows),29,6,76.6667,4,72.7498,45
14404,Kona,Mac,29,6,76.6667,4,72.7498,45
14404,Kona,PlayStation 4,29,6,76.6667,4,72.7498,45
14404,Kona,Xbox One,29,6,76.6667,4,72.7498,45
14404,Kona,Nintendo Switch,29,6,76.6667,4,72.7498,45
14404,Kona,PlayStation 5,29,6,76.6667,4,72.7498,45
11176,Crossing Souls,Linux,16,4,71.3333,10,77.9113,19
11176,Crossing Souls,PC (Microsoft Windows),16,4,71.3333,10,77.9113,19
11176,Crossing Souls,Mac,16,4,71.3333,10,77.9113,19
11176,Crossing Souls,PlayStation 4,16,4,71.3333,10,77.9113,19
11176,Crossing Souls,Nintendo Switch,16,4,71.3333,10,77.9113,19
107141,Spirit of the North,PC (Microsoft Windows),3,1,70.0000,3,76.6424,17
107141,Spirit of the North,PlayStation 4,3,1,70.0000,3,76.6424,17
107141,Spirit of the North,Nintendo Switch,3,1,70.0000,3,76.6424,17
4847,Lords of the Fallen,PC (Microsoft Windows),55,8,69.3333,13,68.7470,127
4847,Lords of the Fallen,PlayStation 4,55,8,69.3333,13,68.7470,127
4847,Lords of the Fallen,Xbox One,55,8,69.3333,13,68.7470,127
1812,Dragon Quest,Android,14,NULL,NULL,NULL,70.3825,69
1812,Dragon Quest,iOS,14,NULL,NULL,NULL,70.3825,69
1812,Dragon Quest,PlayStation 4,14,NULL,NULL,NULL,70.3825,69
1812,Dragon Quest,Nintendo Switch,14,NULL,NULL,NULL,70.3825,69
20740,The Witcher 2: Assassins of Kings - Enhanced Edition,Linux,89,NULL,88.2000,6,86.5308,174
20740,The Witcher 2: Assassins of Kings - Enhanced Edition,PC (Microsoft Windows),89,NULL,88.2000,6,86.5308,174
20740,The Witcher 2: Assassins of Kings - Enhanced Edition,Mac,89,NULL,88.2000,6,86.5308,174
6804,One Piece: Pirate Warriors 3,PC (Microsoft Windows),9,NULL,76.4286,8,69.9554,42
6804,One Piece: Pirate Warriors 3,PlayStation 4,9,NULL,76.4286,8,69.9554,42
6804,One Piece: Pirate Warriors 3,Nintendo Switch,9,NULL,76.4286,8,69.9554,42
144153,Aliens: Fireteam Elite,PC (Microsoft Windows),3,3,73.8000,12,63.7606,22
144153,Aliens: Fireteam Elite,PlayStation 4,3,3,73.8000,12,63.7606,22
144153,Aliens: Fireteam Elite,Xbox One,3,3,73.8000,12,63.7606,22
144153,Aliens: Fireteam Elite,Nintendo Switch,3,3,73.8000,12,63.7606,22
144153,Aliens: Fireteam Elite,PlayStation 5,3,3,73.8000,12,63.7606,22
7888,Defender's Quest: Valley of the Forgotten,Linux,4,NULL,NULL,NULL,73.9747,11
7888,Defender's Quest: Valley of the Forgotten,PC (Microsoft Windows),4,NULL,NULL,NULL,73.9747,11
7888,Defender's Quest: Valley of the Forgotten,Mac,4,NULL,NULL,NULL,73.9747,11
92589,Club Penguin,Web browser,6,NULL,NULL,NULL,86.2187,47
22703,Metal Gear Survive,PC (Microsoft Windows),17,5,59.7857,17,31.7684,17
22703,Metal Gear Survive,PlayStation 4,17,5,59.7857,17,31.7684,17
22703,Metal Gear Survive,Xbox One,17,5,59.7857,17,31.7684,17
138244,Midnight Fight Express,PC (Microsoft Windows),4,7,79.0000,5,70.1159,20
138244,Midnight Fight Express,PlayStation 4,4,7,79.0000,5,70.1159,20
138244,Midnight Fight Express,Xbox One,4,7,79.0000,5,70.1159,20
138244,Midnight Fight Express,Nintendo Switch,4,7,79.0000,5,70.1159,20
7641,Teslagrad,Linux,13,NULL,79.3333,7,72.8015,44
7641,Teslagrad,PC (Microsoft Windows),13,NULL,79.3333,7,72.8015,44
7641,Teslagrad,Mac,13,NULL,79.3333,7,72.8015,44
7641,Teslagrad,Android,13,NULL,79.3333,7,72.8015,44
7641,Teslagrad,PlayStation 4,13,NULL,79.3333,7,72.8015,44
7641,Teslagrad,Xbox One,13,NULL,79.3333,7,72.8015,44
7641,Teslagrad,Nintendo Switch,13,NULL,79.3333,7,72.8015,44
1966,Rayman 3: Hoodlum Havoc,PC (Microsoft Windows),34,NULL,65.0000,2,78.4963,106
1966,Rayman 3: Hoodlum Havoc,Mac,34,NULL,65.0000,2,78.4963,106
119161,Need for Speed: Heat,PC (Microsoft Windows),35,7,69.8000,11,70.4950,132
119161,Need for Speed: Heat,PlayStation 4,35,7,69.8000,11,70.4950,132
119161,Need for Speed: Heat,Xbox One,35,7,69.8000,11,70.4950,132
121731,Humankind,PC (Microsoft Windows),6,21,79.2000,5,79.1718,26
121731,Humankind,Mac,6,21,79.2000,5,79.1718,26
121731,Humankind,PlayStation 4,6,21,79.2000,5,79.1718,26
121731,Humankind,Xbox One,6,21,79.2000,5,79.1718,26
121731,Humankind,PlayStation 5,6,21,79.2000,5,79.1718,26
18090,Shakes and Fidget,PC (Microsoft Windows),8,NULL,NULL,NULL,79.6749,23
18090,Shakes and Fidget,Mac,8,NULL,NULL,NULL,79.6749,23
8756,NEO Scavenger,Linux,4,NULL,72.5000,2,74.6871,13
8756,NEO Scavenger,PC (Microsoft Windows),4,NULL,72.5000,2,74.6871,13
8756,NEO Scavenger,Mac,4,NULL,72.5000,2,74.6871,13
23596,Duke Nukem 3D: 20th Anniversary World Tour,PC (Microsoft Windows),10,1,80.7778,10,82.5574,22
23596,Duke Nukem 3D: 20th Anniversary World Tour,PlayStation 4,10,1,80.7778,10,82.5574,22
23596,Duke Nukem 3D: 20th Anniversary World Tour,Xbox One,10,1,80.7778,10,82.5574,22
23596,Duke Nukem 3D: 20th Anniversary World Tour,Nintendo Switch,10,1,80.7778,10,82.5574,22
13620,Guilty Gear Xrd: Revelator,PC (Microsoft Windows),10,5,85.5714,9,89.2766,28
13620,Guilty Gear Xrd: Revelator,PlayStation 4,10,5,85.5714,9,89.2766,28
24838,Shu,PC (Microsoft Windows),2,NULL,73.7000,11,70.0000,1
24838,Shu,PlayStation 4,2,NULL,73.7000,11,70.0000,1
24838,Shu,Nintendo Switch,2,NULL,73.7000,11,70.0000,1
7087,Beatbuddy: Tale of the Guardians,Linux,2,NULL,73.3333,3,62.3362,11
7087,Beatbuddy: Tale of the Guardians,PC (Microsoft Windows),2,NULL,73.3333,3,62.3362,11
7087,Beatbuddy: Tale of the Guardians,Mac,2,NULL,73.3333,3,62.3362,11
7087,Beatbuddy: Tale of the Guardians,Xbox One,2,NULL,73.3333,3,62.3362,11
21762,Dying Light: The Following - Enhanced Edition,PC (Microsoft Windows),32,NULL,89.0000,2,86.0985,70
21762,Dying Light: The Following - Enhanced Edition,PlayStation 4,32,NULL,89.0000,2,86.0985,70
21762,Dying Light: The Following - Enhanced Edition,Xbox One,32,NULL,89.0000,2,86.0985,70
7642,Among the Sleep,Linux,23,NULL,66.1818,11,70.0522,65
7642,Among the Sleep,PC (Microsoft Windows),23,NULL,66.1818,11,70.0522,65
7642,Among the Sleep,Mac,23,NULL,66.1818,11,70.0522,65
7642,Among the Sleep,PlayStation 4,23,NULL,66.1818,11,70.0522,65
7642,Among the Sleep,Xbox One,23,NULL,66.1818,11,70.0522,65
1122,Call of Duty: Black Ops II,PC (Microsoft Windows),186,NULL,78.4706,19,73.3281,678
1337,Torchlight II,Linux,89,NULL,85.6154,14,77.7406,256
1337,Torchlight II,PC (Microsoft Windows),89,NULL,85.6154,14,77.7406,256
1337,Torchlight II,Mac,89,NULL,85.6154,14,77.7406,256
1337,Torchlight II,PlayStation 4,89,NULL,85.6154,14,77.7406,256
1337,Torchlight II,Xbox One,89,NULL,85.6154,14,77.7406,256
1337,Torchlight II,Nintendo Switch,89,NULL,85.6154,14,77.7406,256
141544,Evil Dead: The Game,PC (Microsoft Windows),7,7,63.5000,7,55.1295,13
141544,Evil Dead: The Game,PlayStation 4,7,7,63.5000,7,55.1295,13
141544,Evil Dead: The Game,Xbox One,7,7,63.5000,7,55.1295,13
141544,Evil Dead: The Game,Nintendo Switch,7,7,63.5000,7,55.1295,13
141544,Evil Dead: The Game,PlayStation 5,7,7,63.5000,7,55.1295,13
111717,One Step From Eden,Linux,2,NULL,0.0000,1,64.0491,12
111717,One Step From Eden,PC (Microsoft Windows),2,NULL,0.0000,1,64.0491,12
111717,One Step From Eden,Mac,2,NULL,0.0000,1,64.0491,12
111717,One Step From Eden,PlayStation 4,2,NULL,0.0000,1,64.0491,12
111717,One Step From Eden,Xbox One,2,NULL,0.0000,1,64.0491,12
111717,One Step From Eden,Nintendo Switch,2,NULL,0.0000,1,64.0491,12
55041,Metal Gear Solid 2: Sons of Liberty - HD Edition,PC (Microsoft Windows),7,NULL,NULL,NULL,83.9728,21
55041,Metal Gear Solid 2: Sons of Liberty - HD Edition,Android,7,NULL,NULL,NULL,83.9728,21
55041,Metal Gear Solid 2: Sons of Liberty - HD Edition,Nintendo Switch,7,NULL,NULL,NULL,83.9728,21
55041,Metal Gear Solid 2: Sons of Liberty - HD Edition,PlayStation 5,7,NULL,NULL,NULL,83.9728,21
24985,Golf With Your Friends,Linux,11,NULL,72.2500,5,72.8304,68
24985,Golf With Your Friends,PC (Microsoft Windows),11,NULL,72.2500,5,72.8304,68
24985,Golf With Your Friends,Mac,11,NULL,72.2500,5,72.8304,68
24985,Golf With Your Friends,PlayStation 4,11,NULL,72.2500,5,72.8304,68
24985,Golf With Your Friends,Xbox One,11,NULL,72.2500,5,72.8304,68
24985,Golf With Your Friends,Nintendo Switch,11,NULL,72.2500,5,72.8304,68
6656,Ultra Street Fighter IV,PC (Microsoft Windows),17,NULL,79.4286,16,71.0221,89
6656,Ultra Street Fighter IV,PlayStation 4,17,NULL,79.4286,16,71.0221,89
15414,Monster Loves You!,Linux,3,NULL,NULL,NULL,67.0715,14
15414,Monster Loves You!,PC (Microsoft Windows),3,NULL,NULL,NULL,67.0715,14
15414,Monster Loves You!,Mac,3,NULL,NULL,NULL,67.0715,14
15414,Monster Loves You!,PlayStation 4,3,NULL,NULL,NULL,67.0715,14
15414,Monster Loves You!,Nintendo Switch,3,NULL,NULL,NULL,67.0715,14
8036,Verdun,Linux,20,1,57.5000,9,61.2317,26
8036,Verdun,PC (Microsoft Windows),20,1,57.5000,9,61.2317,26
8036,Verdun,Mac,20,1,57.5000,9,61.2317,26
8036,Verdun,PlayStation 4,20,1,57.5000,9,61.2317,26
8036,Verdun,Xbox One,20,1,57.5000,9,61.2317,26
8036,Verdun,PlayStation 5,20,1,57.5000,9,61.2317,26
1301,Tom Clancy's Ghost Recon Advanced Warfighter 2,PC (Microsoft Windows),12,NULL,83.7500,6,73.3028,46
3803,The Bard's Tale,Linux,10,NULL,76.5000,5,68.8749,26
3803,The Bard's Tale,PC (Microsoft Windows),10,NULL,76.5000,5,68.8749,26
3803,The Bard's Tale,Mac,10,NULL,76.5000,5,68.8749,26
3803,The Bard's Tale,Android,10,NULL,76.5000,5,68.8749,26
3803,The Bard's Tale,iOS,10,NULL,76.5000,5,68.8749,26
18182,Momodora: Reverie Under the Moonlight,Linux,23,NULL,82.8333,7,89.8704,93
18182,Momodora: Reverie Under the Moonlight,PC (Microsoft Windows),23,NULL,82.8333,7,89.8704,93
18182,Momodora: Reverie Under the Moonlight,Mac,23,NULL,82.8333,7,89.8704,93
18182,Momodora: Reverie Under the Moonlight,PlayStation 4,23,NULL,82.8333,7,89.8704,93
18182,Momodora: Reverie Under the Moonlight,Xbox One,23,NULL,82.8333,7,89.8704,93
18182,Momodora: Reverie Under the Moonlight,Nintendo Switch,23,NULL,82.8333,7,89.8704,93
7330,LittleBigPlanet 3,PlayStation 4,40,2,77.9000,12,73.6341,92
56870,"Guns, Gore and Cannoli 2",PC (Microsoft Windows),7,1,78.5000,2,74.8262,17
56870,"Guns, Gore and Cannoli 2",Mac,7,1,78.5000,2,74.8262,17
56870,"Guns, Gore and Cannoli 2",PlayStation 4,7,1,78.5000,2,74.8262,17
56870,"Guns, Gore and Cannoli 2",Xbox One,7,1,78.5000,2,74.8262,17
56870,"Guns, Gore and Cannoli 2",Nintendo Switch,7,1,78.5000,2,74.8262,17
116634,Beyond a Steel Sky,Linux,7,2,76.2000,6,68.7935,16
116634,Beyond a Steel Sky,PC (Microsoft Windows),7,2,76.2000,6,68.7935,16
116634,Beyond a Steel Sky,Mac,7,2,76.2000,6,68.7935,16
116634,Beyond a Steel Sky,iOS,7,2,76.2000,6,68.7935,16
116634,Beyond a Steel Sky,PlayStation 4,7,2,76.2000,6,68.7935,16
116634,Beyond a Steel Sky,Xbox One,7,2,76.2000,6,68.7935,16
116634,Beyond a Steel Sky,Nintendo Switch,7,2,76.2000,6,68.7935,16
116634,Beyond a Steel Sky,PlayStation 5,7,2,76.2000,6,68.7935,16
27324,The Gardens Between,Linux,18,4,81.0000,10,76.6247,75
27324,The Gardens Between,PC (Microsoft Windows),18,4,81.0000,10,76.6247,75
27324,The Gardens Between,Mac,18,4,81.0000,10,76.6247,75
27324,The Gardens Between,Android,18,4,81.0000,10,76.6247,75
27324,The Gardens Between,iOS,18,4,81.0000,10,76.6247,75
27324,The Gardens Between,PlayStation 4,18,4,81.0000,10,76.6247,75
27324,The Gardens Between,Xbox One,18,4,81.0000,10,76.6247,75
27324,The Gardens Between,Nintendo Switch,18,4,81.0000,10,76.6247,75
27324,The Gardens Between,PlayStation 5,18,4,81.0000,10,76.6247,75
1267,Sleeping Dogs,PC (Microsoft Windows),181,NULL,82.0000,15,80.8972,529
1267,Sleeping Dogs,PlayStation 4,181,NULL,82.0000,15,80.8972,529
1267,Sleeping Dogs,Xbox One,181,NULL,82.0000,15,80.8972,529
141545,Ghosts 'n Goblins Resurrection,PC (Microsoft Windows),NULL,NULL,69.2000,12,80.0104,7
141545,Ghosts 'n Goblins Resurrection,PlayStation 4,NULL,NULL,69.2000,12,80.0104,7
141545,Ghosts 'n Goblins Resurrection,Xbox One,NULL,NULL,69.2000,12,80.0104,7
141545,Ghosts 'n Goblins Resurrection,Nintendo Switch,NULL,NULL,69.2000,12,80.0104,7
122659,Bad North: Jotunn Edition,PC (Microsoft Windows),5,NULL,NULL,NULL,69.5885,12
122659,Bad North: Jotunn Edition,Mac,5,NULL,NULL,NULL,69.5885,12
122659,Bad North: Jotunn Edition,Android,5,NULL,NULL,NULL,69.5885,12
122659,Bad North: Jotunn Edition,iOS,5,NULL,NULL,NULL,69.5885,12
122659,Bad North: Jotunn Edition,PlayStation 4,5,NULL,NULL,NULL,69.5885,12
122659,Bad North: Jotunn Edition,Xbox One,5,NULL,NULL,NULL,69.5885,12
122659,Bad North: Jotunn Edition,Nintendo Switch,5,NULL,NULL,NULL,69.5885,12
2630,Bubble Bobble,PC (Microsoft Windows),22,NULL,80.0000,0,77.5156,109
28391,Bust-A-Move,Nintendo Switch,NULL,NULL,NULL,NULL,76.0411,24
4405,Rainbow Islands: The Story of Bubble Bobble 2,PC (Microsoft Windows),4,NULL,NULL,NULL,79.0591,27
503,FIFA Soccer 11,PC (Microsoft Windows),22,1,84.3333,7,73.3097,108
30225,Kenshi,PC (Microsoft Windows),7,3,84.0000,1,82.4944,40
1377,Spec Ops: The Line,PC (Microsoft Windows),225,NULL,76.6667,10,82.2054,731
1377,Spec Ops: The Line,Mac,225,NULL,76.6667,10,82.2054,731
4211,James Cameron's Avatar: The Game,PC (Microsoft Windows),14,NULL,60.6667,9,71.3092,43
4211,James Cameron's Avatar: The Game,Android,14,NULL,60.6667,9,71.3092,43
4211,James Cameron's Avatar: The Game,iOS,14,NULL,60.6667,9,71.3092,43
343,Battlefield 3,PC (Microsoft Windows),280,NULL,85.0000,14,80.2159,840
625,Call of Duty: World at War,PC (Microsoft Windows),164,NULL,80.0000,9,75.5450,721
2920,FIFA 14,PC (Microsoft Windows),55,2,81.6429,14,75.3283,225
8566,Pro Evolution Soccer 2015,PC (Microsoft Windows),12,NULL,81.1667,14,69.6128,64
8566,Pro Evolution Soccer 2015,PlayStation 4,12,NULL,81.1667,14,69.6128,64
8566,Pro Evolution Soccer 2015,Xbox One,12,NULL,81.1667,14,69.6128,64
4650,Pro Evolution Soccer 2011,PC (Microsoft Windows),16,NULL,74.6667,6,74.6238,76
11071,FIFA 16,PC (Microsoft Windows),56,NULL,83.2308,16,71.9193,195
11071,FIFA 16,PlayStation 4,56,NULL,83.2308,16,71.9193,195
11071,FIFA 16,Xbox One,56,NULL,83.2308,16,71.9193,195
5058,NBA 2K13,PC (Microsoft Windows),8,NULL,74.5000,11,78.1510,41
5058,NBA 2K13,Android,8,NULL,74.5000,11,78.1510,41
5058,NBA 2K13,iOS,8,NULL,74.5000,11,78.1510,41
6822,Pac-Land,iOS,3,NULL,NULL,NULL,69.9272,15
21004,Jet Set Radio,PC (Microsoft Windows),6,NULL,75.0000,2,81.8679,33
21004,Jet Set Radio,Android,6,NULL,75.0000,2,81.8679,33
21004,Jet Set Radio,iOS,6,NULL,75.0000,2,81.8679,33
5181,Spider-Man: Web of Shadows,PC (Microsoft Windows),37,NULL,69.6667,8,75.1584,102
6840,R-Type,Android,11,NULL,NULL,NULL,75.5960,48
6840,R-Type,iOS,11,NULL,NULL,NULL,75.5960,48
4499,Dr. Robotnik's Mean Bean Machine,Linux,3,NULL,NULL,NULL,61.5499,40
4499,Dr. Robotnik's Mean Bean Machine,PC (Microsoft Windows),3,NULL,NULL,NULL,61.5499,40
4499,Dr. Robotnik's Mean Bean Machine,Mac,3,NULL,NULL,NULL,61.5499,40
2136,Bayonetta,PC (Microsoft Windows),152,NULL,90.8667,20,82.2966,462
2136,Bayonetta,Nintendo Switch,152,NULL,90.8667,20,82.2966,462
1743,Mega Man X3,PC (Microsoft Windows),20,NULL,NULL,NULL,77.5800,103
2135,Bayonetta 2,Nintendo Switch,70,1,91.4286,23,89.2294,196
24017,The Bunker,PC (Microsoft Windows),5,1,70.3636,14,59.2085,23
24017,The Bunker,Mac,5,1,70.3636,14,59.2085,23
24017,The Bunker,Android,5,1,70.3636,14,59.2085,23
24017,The Bunker,iOS,5,1,70.3636,14,59.2085,23
24017,The Bunker,PlayStation 4,5,1,70.3636,14,59.2085,23
24017,The Bunker,Xbox One,5,1,70.3636,14,59.2085,23
24017,The Bunker,Nintendo Switch,5,1,70.3636,14,59.2085,23
960,Max Payne 3,PC (Microsoft Windows),269,1,89.3333,13,82.4391,873
960,Max Payne 3,Mac,269,1,89.3333,13,82.4391,873
18484,Clustertruck,Linux,14,1,74.1000,10,68.5147,66
18484,Clustertruck,PC (Microsoft Windows),14,1,74.1000,10,68.5147,66
18484,Clustertruck,Mac,14,1,74.1000,10,68.5147,66
18484,Clustertruck,PlayStation 4,14,1,74.1000,10,68.5147,66
18484,Clustertruck,Xbox One,14,1,74.1000,10,68.5147,66
18484,Clustertruck,Nintendo Switch,14,1,74.1000,10,68.5147,66
55048,Another Lost Phone: Laura's Story,Linux,3,NULL,75.0000,1,72.3485,12
55048,Another Lost Phone: Laura's Story,PC (Microsoft Windows),3,NULL,75.0000,1,72.3485,12
55048,Another Lost Phone: Laura's Story,Mac,3,NULL,75.0000,1,72.3485,12
55048,Another Lost Phone: Laura's Story,Android,3,NULL,75.0000,1,72.3485,12
55048,Another Lost Phone: Laura's Story,iOS,3,NULL,75.0000,1,72.3485,12
55048,Another Lost Phone: Laura's Story,Nintendo Switch,3,NULL,75.0000,1,72.3485,12
99,Need for Speed: Carbon,PC (Microsoft Windows),130,NULL,70.5000,4,72.3237,431
99,Need for Speed: Carbon,Mac,130,NULL,70.5000,4,72.3237,431
5613,Baldur's Gate II: Enhanced Edition,Linux,32,NULL,NULL,NULL,87.7617,48
5613,Baldur's Gate II: Enhanced Edition,PC (Microsoft Windows),32,NULL,NULL,NULL,87.7617,48
5613,Baldur's Gate II: Enhanced Edition,Mac,32,NULL,NULL,NULL,87.7617,48
5613,Baldur's Gate II: Enhanced Edition,Android,32,NULL,NULL,NULL,87.7617,48
5613,Baldur's Gate II: Enhanced Edition,iOS,32,NULL,NULL,NULL,87.7617,48
5613,Baldur's Gate II: Enhanced Edition,PlayStation 4,32,NULL,NULL,NULL,87.7617,48
5613,Baldur's Gate II: Enhanced Edition,Xbox One,32,NULL,NULL,NULL,87.7617,48
5613,Baldur's Gate II: Enhanced Edition,Nintendo Switch,32,NULL,NULL,NULL,87.7617,48
3150,LEGO Harry Potter: Years 5-7,PC (Microsoft Windows),26,NULL,76.1429,7,74.5732,88
3150,LEGO Harry Potter: Years 5-7,Mac,26,NULL,76.1429,7,74.5732,88
3150,LEGO Harry Potter: Years 5-7,Android,26,NULL,76.1429,7,74.5732,88
3150,LEGO Harry Potter: Years 5-7,iOS,26,NULL,76.1429,7,74.5732,88
6844,LEGO Star Wars III: The Clone Wars,PC (Microsoft Windows),24,NULL,70.0000,4,73.2496,87
6844,LEGO Star Wars III: The Clone Wars,Mac,24,NULL,70.0000,4,73.2496,87
2437,Prince of Persia: The Two Thrones,PC (Microsoft Windows),120,NULL,80.0000,3,80.4821,365
2437,Prince of Persia: The Two Thrones,Mac,120,NULL,80.0000,3,80.4821,365
76253,Devil May Cry 5,PC (Microsoft Windows),83,41,90.3333,19,83.4711,365
76253,Devil May Cry 5,PlayStation 4,83,41,90.3333,19,83.4711,365
76253,Devil May Cry 5,Xbox One,83,41,90.3333,19,83.4711,365
19082,The Jackbox Party Pack 3,Linux,23,5,77.5000,6,82.3121,47
19082,The Jackbox Party Pack 3,PC (Microsoft Windows),23,5,77.5000,6,82.3121,47
19082,The Jackbox Party Pack 3,Mac,23,5,77.5000,6,82.3121,47
19082,The Jackbox Party Pack 3,Android,23,5,77.5000,6,82.3121,47
19082,The Jackbox Party Pack 3,iOS,23,5,77.5000,6,82.3121,47
19082,The Jackbox Party Pack 3,PlayStation 4,23,5,77.5000,6,82.3121,47
19082,The Jackbox Party Pack 3,Xbox One,23,5,77.5000,6,82.3121,47
19082,The Jackbox Party Pack 3,Nintendo Switch,23,5,77.5000,6,82.3121,47
37066,Starlink: Battle for Atlas,PC (Microsoft Windows),16,2,76.4000,11,70.3583,11
37066,Starlink: Battle for Atlas,PlayStation 4,16,2,76.4000,11,70.3583,11
37066,Starlink: Battle for Atlas,Xbox One,16,2,76.4000,11,70.3583,11
37066,Starlink: Battle for Atlas,Nintendo Switch,16,2,76.4000,11,70.3583,11
28067,The Fall Part 2: Unbound,Linux,8,5,70.0000,6,70.1575,11
28067,The Fall Part 2: Unbound,PC (Microsoft Windows),8,5,70.0000,6,70.1575,11
28067,The Fall Part 2: Unbound,Mac,8,5,70.0000,6,70.1575,11
28067,The Fall Part 2: Unbound,PlayStation 4,8,5,70.0000,6,70.1575,11
28067,The Fall Part 2: Unbound,Xbox One,8,5,70.0000,6,70.1575,11
28067,The Fall Part 2: Unbound,Nintendo Switch,8,5,70.0000,6,70.1575,11
748,Hitman 2: Silent Assassin,PC (Microsoft Windows),112,NULL,77.0000,2,81.2950,350
6067,Decap Attack,Linux,4,NULL,NULL,NULL,66.4277,15
6067,Decap Attack,PC (Microsoft Windows),4,NULL,NULL,NULL,66.4277,15
6067,Decap Attack,Mac,4,NULL,NULL,NULL,66.4277,15
787,Serious Sam II,Linux,29,NULL,78.3333,5,70.4618,135
787,Serious Sam II,PC (Microsoft Windows),29,NULL,78.3333,5,70.4618,135
13181,Serious Sam HD: The Second Encounter,Linux,24,NULL,76.7500,4,72.4474,53
13181,Serious Sam HD: The Second Encounter,PC (Microsoft Windows),24,NULL,76.7500,4,72.4474,53
26381,TheHunter: Call of the Wild,PC (Microsoft Windows),22,2,73.6000,5,73.6485,43
26381,TheHunter: Call of the Wild,PlayStation 4,22,2,73.6000,5,73.6485,43
26381,TheHunter: Call of the Wild,Xbox One,22,2,73.6000,5,73.6485,43
26855,Dead Cells,Linux,89,7,90.0833,17,83.6415,429
26855,Dead Cells,PC (Microsoft Windows),89,7,90.0833,17,83.6415,429
26855,Dead Cells,Mac,89,7,90.0833,17,83.6415,429
26855,Dead Cells,Android,89,7,90.0833,17,83.6415,429
26855,Dead Cells,iOS,89,7,90.0833,17,83.6415,429
26855,Dead Cells,PlayStation 4,89,7,90.0833,17,83.6415,429
26855,Dead Cells,Xbox One,89,7,90.0833,17,83.6415,429
26855,Dead Cells,Nintendo Switch,89,7,90.0833,17,83.6415,429
26855,Dead Cells,PlayStation 5,89,7,90.0833,17,83.6415,429
1872,Descent,PC (Microsoft Windows),22,NULL,75.0000,2,74.0202,56
1872,Descent,Mac,22,NULL,75.0000,2,74.0202,56
1049,Hitman: Contracts,PC (Microsoft Windows),70,NULL,70.0000,3,77.2914,242
1049,Hitman: Contracts,Mac,70,NULL,70.0000,3,77.2914,242
13180,Serious Sam HD: The First Encounter,PC (Microsoft Windows),15,NULL,74.0000,3,75.0003,61
11753,Sheltered,Linux,17,NULL,60.0000,5,69.5187,29
11753,Sheltered,PC (Microsoft Windows),17,NULL,60.0000,5,69.5187,29
11753,Sheltered,Mac,17,NULL,60.0000,5,69.5187,29
11753,Sheltered,Android,17,NULL,60.0000,5,69.5187,29
11753,Sheltered,iOS,17,NULL,60.0000,5,69.5187,29
11753,Sheltered,PlayStation 4,17,NULL,60.0000,5,69.5187,29
11753,Sheltered,Xbox One,17,NULL,60.0000,5,69.5187,29
11753,Sheltered,Nintendo Switch,17,NULL,60.0000,5,69.5187,29
11157,Hitman,Linux,176,23,78.5897,36,81.3541,442
11157,Hitman,PC (Microsoft Windows),176,23,78.5897,36,81.3541,442
11157,Hitman,Mac,176,23,78.5897,36,81.3541,442
11157,Hitman,PlayStation 4,176,23,78.5897,36,81.3541,442
11157,Hitman,Xbox One,176,23,78.5897,36,81.3541,442
3071,Comix Zone,Linux,27,NULL,NULL,NULL,75.2400,102
3071,Comix Zone,PC (Microsoft Windows),27,NULL,NULL,NULL,75.2400,102
3071,Comix Zone,Mac,27,NULL,NULL,NULL,75.2400,102
3071,Comix Zone,Android,27,NULL,NULL,NULL,75.2400,102
5637,Costume Quest,Linux,14,1,80.0000,3,76.3181,75
5637,Costume Quest,PC (Microsoft Windows),14,1,80.0000,3,76.3181,75
5637,Costume Quest,Mac,14,1,80.0000,3,76.3181,75
5637,Costume Quest,iOS,14,1,80.0000,3,76.3181,75
43178,Idle Champions of the Forgotten Realms,PC (Microsoft Windows),6,1,NULL,NULL,43.6607,11
43178,Idle Champions of the Forgotten Realms,Mac,6,1,NULL,NULL,43.6607,11
43178,Idle Champions of the Forgotten Realms,PlayStation 4,6,1,NULL,NULL,43.6607,11
43178,Idle Champions of the Forgotten Realms,Xbox One,6,1,NULL,NULL,43.6607,11
43178,Idle Champions of the Forgotten Realms,Nintendo Switch,6,1,NULL,NULL,43.6607,11
134582,Ratchet & Clank: Rift Apart,PC (Microsoft Windows),20,15,90.6667,18,87.6589,139
134582,Ratchet & Clank: Rift Apart,PlayStation 5,20,15,90.6667,18,87.6589,139
11409,Submerged,PC (Microsoft Windows),9,NULL,57.2222,10,60.1508,32
11409,Submerged,iOS,9,NULL,57.2222,10,60.1508,32
11409,Submerged,PlayStation 4,9,NULL,57.2222,10,60.1508,32
11409,Submerged,Xbox One,9,NULL,57.2222,10,60.1508,32
11409,Submerged,Nintendo Switch,9,NULL,57.2222,10,60.1508,32
527,Serious Sam 3: BFE,Linux,33,NULL,70.8333,7,70.1261,129
527,Serious Sam 3: BFE,PC (Microsoft Windows),33,NULL,70.8333,7,70.1261,129
527,Serious Sam 3: BFE,Mac,33,NULL,70.8333,7,70.1261,129
21767,The Count Lucanor,Linux,2,NULL,83.3333,3,77.2539,17
21767,The Count Lucanor,PC (Microsoft Windows),2,NULL,83.3333,3,77.2539,17
21767,The Count Lucanor,Mac,2,NULL,83.3333,3,77.2539,17
21767,The Count Lucanor,PlayStation 4,2,NULL,83.3333,3,77.2539,17
21767,The Count Lucanor,Xbox One,2,NULL,83.3333,3,77.2539,17
21767,The Count Lucanor,Nintendo Switch,2,NULL,83.3333,3,77.2539,17
1050,Hitman: Codename 47,PC (Microsoft Windows),72,NULL,60.0000,2,75.4888,244
10718,Prehistorik 2,Linux,4,NULL,NULL,NULL,80.4461,26
10718,Prehistorik 2,PC (Microsoft Windows),4,NULL,NULL,NULL,80.4461,26
10718,Prehistorik 2,Mac,4,NULL,NULL,NULL,80.4461,26
858,Serious Sam: The Second Encounter,PC (Microsoft Windows),49,1,90.5000,2,79.7872,139
6073,Hitman GO,PC (Microsoft Windows),26,NULL,74.8750,9,73.8556,82
6073,Hitman GO,Android,26,NULL,74.8750,9,73.8556,82
6073,Hitman GO,iOS,26,NULL,74.8750,9,73.8556,82
6073,Hitman GO,PlayStation 4,26,NULL,74.8750,9,73.8556,82
19488,Hitman: Sniper,Android,10,NULL,NULL,NULL,77.7054,23
19488,Hitman: Sniper,iOS,10,NULL,NULL,NULL,77.7054,23
694,Fable: The Lost Chapters,PC (Microsoft Windows),61,NULL,84.3333,5,84.1529,161
694,Fable: The Lost Chapters,Mac,61,NULL,84.3333,5,84.1529,161
21580,Hitman Go: Definitive Edition,Linux,3,NULL,77.6250,8,71.0342,14
21580,Hitman Go: Definitive Edition,PC (Microsoft Windows),3,NULL,77.6250,8,71.0342,14
21580,Hitman Go: Definitive Edition,PlayStation 4,3,NULL,77.6250,8,71.0342,14
68461,Nioh: Complete Edition,PC (Microsoft Windows),34,1,82.8000,7,82.4963,37
68461,Nioh: Complete Edition,PlayStation 4,34,1,82.8000,7,82.4963,37
5567,Hitman: Sniper Challenge,PC (Microsoft Windows),9,1,81.6667,3,71.6750,31
119061,Atelier Ryza: Ever Darkness & the Secret Hideout,PC (Microsoft Windows),2,3,77.2857,7,80.0027,14
119061,Atelier Ryza: Ever Darkness & the Secret Hideout,PlayStation 4,2,3,77.2857,7,80.0027,14
119061,Atelier Ryza: Ever Darkness & the Secret Hideout,Nintendo Switch,2,3,77.2857,7,80.0027,14
12511,Battle Chasers: Nightwar,Linux,19,4,77.9091,13,78.8998,50
12511,Battle Chasers: Nightwar,PC (Microsoft Windows),19,4,77.9091,13,78.8998,50
12511,Battle Chasers: Nightwar,Mac,19,4,77.9091,13,78.8998,50
12511,Battle Chasers: Nightwar,iOS,19,4,77.9091,13,78.8998,50
12511,Battle Chasers: Nightwar,PlayStation 4,19,4,77.9091,13,78.8998,50
12511,Battle Chasers: Nightwar,Xbox One,19,4,77.9091,13,78.8998,50
12511,Battle Chasers: Nightwar,Nintendo Switch,19,4,77.9091,13,78.8998,50
103210,Hitman 2,PC (Microsoft Windows),65,16,82.4286,17,82.3495,217
103210,Hitman 2,PlayStation 4,65,16,82.4286,17,82.3495,217
103210,Hitman 2,Xbox One,65,16,82.4286,17,82.3495,217
134595,Hitman 3,PC (Microsoft Windows),18,11,85.2500,18,86.7001,97
134595,Hitman 3,PlayStation 4,18,11,85.2500,18,86.7001,97
134595,Hitman 3,Xbox One,18,11,85.2500,18,86.7001,97
134595,Hitman 3,PlayStation 5,18,11,85.2500,18,86.7001,97
20427,Monster Hunter Freedom Unite,iOS,11,NULL,80.0000,6,80.2377,25
165067,Call of Duty: Vanguard,PC (Microsoft Windows),67,1,74.7500,12,62.6087,43
165067,Call of Duty: Vanguard,PlayStation 4,67,1,74.7500,12,62.6087,43
165067,Call of Duty: Vanguard,Xbox One,67,1,74.7500,12,62.6087,43
165067,Call of Duty: Vanguard,PlayStation 5,67,1,74.7500,12,62.6087,43
138951,Monster Hunter Stories 2: Wings of Ruin,PC (Microsoft Windows),2,1,85.4000,12,78.0626,15
138951,Monster Hunter Stories 2: Wings of Ruin,Nintendo Switch,2,1,85.4000,12,78.0626,15
5840,Full Spectrum Warrior,PC (Microsoft Windows),11,NULL,81.3333,6,76.7947,11
5652,Age of Wonders III,Linux,23,2,79.6000,5,61.1054,43
5652,Age of Wonders III,PC (Microsoft Windows),23,2,79.6000,5,61.1054,43
5652,Age of Wonders III,Mac,23,2,79.6000,5,61.1054,43
2853,Braid,Linux,192,NULL,86.6667,4,85.3349,520
2853,Braid,PC (Microsoft Windows),192,NULL,86.6667,4,85.3349,520
2853,Braid,Mac,192,NULL,86.6667,4,85.3349,520
851,Robin Hood: The Legend of Sherwood,Linux,21,NULL,80.0000,1,86.0727,49
851,Robin Hood: The Legend of Sherwood,PC (Microsoft Windows),21,NULL,80.0000,1,86.0727,49
851,Robin Hood: The Legend of Sherwood,Mac,21,NULL,80.0000,1,86.0727,49
15931,Punch Club,Linux,20,NULL,68.2000,6,76.2849,68
15931,Punch Club,PC (Microsoft Windows),20,NULL,68.2000,6,76.2849,68
15931,Punch Club,Mac,20,NULL,68.2000,6,76.2849,68
15931,Punch Club,Android,20,NULL,68.2000,6,76.2849,68
15931,Punch Club,iOS,20,NULL,68.2000,6,76.2849,68
15931,Punch Club,PlayStation 4,20,NULL,68.2000,6,76.2849,68
15931,Punch Club,Xbox One,20,NULL,68.2000,6,76.2849,68
15931,Punch Club,Nintendo Switch,20,NULL,68.2000,6,76.2849,68
3152,Don't Starve,Linux,105,1,78.5714,8,76.0407,305
3152,Don't Starve,PC (Microsoft Windows),105,1,78.5714,8,76.0407,305
3152,Don't Starve,Mac,105,1,78.5714,8,76.0407,305
3152,Don't Starve,PlayStation 4,105,1,78.5714,8,76.0407,305
3152,Don't Starve,Xbox One,105,1,78.5714,8,76.0407,305
3152,Don't Starve,Nintendo Switch,105,1,78.5714,8,76.0407,305
44516,West of Loathing,Linux,6,NULL,82.0000,6,82.7270,31
44516,West of Loathing,PC (Microsoft Windows),6,NULL,82.0000,6,82.7270,31
44516,West of Loathing,Mac,6,NULL,82.0000,6,82.7270,31
44516,West of Loathing,Nintendo Switch,6,NULL,82.0000,6,82.7270,31
7578,"I Have No Mouth, and I Must Scream",Linux,23,NULL,NULL,NULL,80.1503,56
7578,"I Have No Mouth, and I Must Scream",PC (Microsoft Windows),23,NULL,NULL,NULL,80.1503,56
7578,"I Have No Mouth, and I Must Scream",Mac,23,NULL,NULL,NULL,80.1503,56
7578,"I Have No Mouth, and I Must Scream",Android,23,NULL,NULL,NULL,80.1503,56
7578,"I Have No Mouth, and I Must Scream",iOS,23,NULL,NULL,NULL,80.1503,56
7893,Legacy of Kain: Soul Reaver 2,PC (Microsoft Windows),25,NULL,95.0000,2,83.9352,82
4164,Sphinx and the Cursed Mummy,Linux,2,NULL,70.5000,3,79.8787,12
4164,Sphinx and the Cursed Mummy,PC (Microsoft Windows),2,NULL,70.5000,3,79.8787,12
4164,Sphinx and the Cursed Mummy,Mac,2,NULL,70.5000,3,79.8787,12
67,Master of Orion,Linux,11,NULL,84.3333,2,87.7686,42
67,Master of Orion,PC (Microsoft Windows),11,NULL,84.3333,2,87.7686,42
67,Master of Orion,Mac,11,NULL,84.3333,2,87.7686,42
24051,Dear Esther: Landmark Edition,PC (Microsoft Windows),18,NULL,64.4545,11,72.4163,64
24051,Dear Esther: Landmark Edition,Mac,18,NULL,64.4545,11,72.4163,64
24051,Dear Esther: Landmark Edition,PlayStation 4,18,NULL,64.4545,11,72.4163,64
24051,Dear Esther: Landmark Edition,Xbox One,18,NULL,64.4545,11,72.4163,64
947,Worms 2,PC (Microsoft Windows),22,NULL,NULL,NULL,81.6817,69
207,The Dig,Linux,41,NULL,45.0000,1,85.1780,85
207,The Dig,PC (Microsoft Windows),41,NULL,45.0000,1,85.1780,85
207,The Dig,Mac,41,NULL,45.0000,1,85.1780,85
15276,Retro City Rampage DX,Linux,5,NULL,90.0000,1,69.5039,13
15276,Retro City Rampage DX,PC (Microsoft Windows),5,NULL,90.0000,1,69.5039,13
15276,Retro City Rampage DX,Mac,5,NULL,90.0000,1,69.5039,13
15276,Retro City Rampage DX,Android,5,NULL,90.0000,1,69.5039,13
15276,Retro City Rampage DX,iOS,5,NULL,90.0000,1,69.5039,13
15276,Retro City Rampage DX,PlayStation 4,5,NULL,90.0000,1,69.5039,13
15276,Retro City Rampage DX,Nintendo Switch,5,NULL,90.0000,1,69.5039,13
222,Phantasmagoria 2: A Puzzle of Flesh,PC (Microsoft Windows),6,NULL,NULL,NULL,84.9487,26
6057,Shadow Warrior,Linux,66,NULL,70.6250,9,77.6940,168
6057,Shadow Warrior,PC (Microsoft Windows),66,NULL,70.6250,9,77.6940,168
6057,Shadow Warrior,Mac,66,NULL,70.6250,9,77.6940,168
6057,Shadow Warrior,PlayStation 4,66,NULL,70.6250,9,77.6940,168
6057,Shadow Warrior,Xbox One,66,NULL,70.6250,9,77.6940,168
18645,Hand of Fate 2,Linux,18,7,76.0909,13,70.0527,24
18645,Hand of Fate 2,PC (Microsoft Windows),18,7,76.0909,13,70.0527,24
18645,Hand of Fate 2,Mac,18,7,76.0909,13,70.0527,24
18645,Hand of Fate 2,PlayStation 4,18,7,76.0909,13,70.0527,24
18645,Hand of Fate 2,Xbox One,18,7,76.0909,13,70.0527,24
18645,Hand of Fate 2,Nintendo Switch,18,7,76.0909,13,70.0527,24
6812,Sherlock Holmes: The Silver Earring,PC (Microsoft Windows),3,NULL,NULL,NULL,71.2566,23
25081,Darksiders: Warmastered Edition,PC (Microsoft Windows),32,NULL,81.0000,12,78.3465,82
25081,Darksiders: Warmastered Edition,PlayStation 4,32,NULL,81.0000,12,78.3465,82
25081,Darksiders: Warmastered Edition,Xbox One,32,NULL,81.0000,12,78.3465,82
25081,Darksiders: Warmastered Edition,Nintendo Switch,32,NULL,81.0000,12,78.3465,82
9691,Tzar: The Burden of the Crown,PC (Microsoft Windows),8,NULL,60.0000,1,88.8189,21
8456,Legend of Grimrock 2,Linux,20,NULL,87.5000,3,84.8736,47
8456,Legend of Grimrock 2,PC (Microsoft Windows),20,NULL,87.5000,3,84.8736,47
8456,Legend of Grimrock 2,Mac,20,NULL,87.5000,3,84.8736,47
3232,Back to the Future: The Game,PC (Microsoft Windows),30,NULL,68.0000,5,69.1657,94
3232,Back to the Future: The Game,Mac,30,NULL,68.0000,5,69.1657,94
3232,Back to the Future: The Game,iOS,30,NULL,68.0000,5,69.1657,94
3232,Back to the Future: The Game,PlayStation 4,30,NULL,68.0000,5,69.1657,94
3232,Back to the Future: The Game,Xbox One,30,NULL,68.0000,5,69.1657,94
336,Crysis Warhead,PC (Microsoft Windows),59,NULL,76.6667,5,74.9270,198
24775,The Elder Scrolls III: Morrowind - Game of the Year Edition,PC (Microsoft Windows),7,NULL,NULL,NULL,76.6402,35
7667,The Raven: Legacy of a Master Thief,Linux,3,NULL,68.8000,6,50.4752,15
7667,The Raven: Legacy of a Master Thief,PC (Microsoft Windows),3,NULL,68.8000,6,50.4752,15
7667,The Raven: Legacy of a Master Thief,Mac,3,NULL,68.8000,6,50.4752,15
55106,Reigns: Her Majesty,Linux,4,1,83.0000,5,68.9440,15
55106,Reigns: Her Majesty,PC (Microsoft Windows),4,1,83.0000,5,68.9440,15
55106,Reigns: Her Majesty,Mac,4,1,83.0000,5,68.9440,15
55106,Reigns: Her Majesty,Android,4,1,83.0000,5,68.9440,15
55106,Reigns: Her Majesty,iOS,4,1,83.0000,5,68.9440,15
8796,Tales of Maj'Eyal,Linux,5,NULL,NULL,NULL,77.6484,18
8796,Tales of Maj'Eyal,PC (Microsoft Windows),5,NULL,NULL,NULL,77.6484,18
8796,Tales of Maj'Eyal,Mac,5,NULL,NULL,NULL,77.6484,18
11203,Galak-Z: The Dimensional,Linux,5,NULL,81.5000,12,79.6343,12
11203,Galak-Z: The Dimensional,PC (Microsoft Windows),5,NULL,81.5000,12,79.6343,12
11203,Galak-Z: The Dimensional,Mac,5,NULL,81.5000,12,79.6343,12
11203,Galak-Z: The Dimensional,PlayStation 4,5,NULL,81.5000,12,79.6343,12
916,Toonstruck,PC (Microsoft Windows),15,NULL,NULL,NULL,90.6666,31
916,Toonstruck,Mac,15,NULL,NULL,NULL,90.6666,31
5892,The Swapper,Linux,66,NULL,88.0000,10,79.1589,154
5892,The Swapper,PC (Microsoft Windows),66,NULL,88.0000,10,79.1589,154
5892,The Swapper,Mac,66,NULL,88.0000,10,79.1589,154
5892,The Swapper,PlayStation 4,66,NULL,88.0000,10,79.1589,154
5892,The Swapper,Xbox One,66,NULL,88.0000,10,79.1589,154
5385,Fatal Fury Special,Linux,3,NULL,70.0000,1,70.1325,25
5385,Fatal Fury Special,PC (Microsoft Windows),3,NULL,70.0000,1,70.1325,25
5385,Fatal Fury Special,Mac,3,NULL,70.0000,1,70.1325,25
9868,Hyperdimension Neptunia Re;Birth2: Sisters Generation,PC (Microsoft Windows),7,NULL,71.2500,5,69.8704,11
9174,Little Nightmares,PC (Microsoft Windows),174,8,77.7222,21,81.2215,440
9174,Little Nightmares,Android,174,8,77.7222,21,81.2215,440
9174,Little Nightmares,iOS,174,8,77.7222,21,81.2215,440
9174,Little Nightmares,PlayStation 4,174,8,77.7222,21,81.2215,440
9174,Little Nightmares,Xbox One,174,8,77.7222,21,81.2215,440
9174,Little Nightmares,Nintendo Switch,174,8,77.7222,21,81.2215,440
5778,Lucius,PC (Microsoft Windows),6,NULL,45.0000,1,58.3522,51
19394,Blackwood Crossing,PC (Microsoft Windows),5,NULL,78.0000,8,88.7923,24
19394,Blackwood Crossing,PlayStation 4,5,NULL,78.0000,8,88.7923,24
19394,Blackwood Crossing,Xbox One,5,NULL,78.0000,8,88.7923,24
15736,Edna & Harvey: The Breakout,Linux,11,NULL,75.0000,2,80.1973,30
15736,Edna & Harvey: The Breakout,PC (Microsoft Windows),11,NULL,75.0000,2,80.1973,30
15736,Edna & Harvey: The Breakout,Mac,11,NULL,75.0000,2,80.1973,30
15736,Edna & Harvey: The Breakout,iOS,11,NULL,75.0000,2,80.1973,30
9245,Deadly Premonition: Director's Cut,PC (Microsoft Windows),13,NULL,74.1667,8,59.3999,25
2130,Dust: An Elysian Tail,Linux,39,NULL,82.0000,10,77.0942,139
2130,Dust: An Elysian Tail,PC (Microsoft Windows),39,NULL,82.0000,10,77.0942,139
2130,Dust: An Elysian Tail,Mac,39,NULL,82.0000,10,77.0942,139
2130,Dust: An Elysian Tail,iOS,39,NULL,82.0000,10,77.0942,139
2130,Dust: An Elysian Tail,PlayStation 4,39,NULL,82.0000,10,77.0942,139
2130,Dust: An Elysian Tail,Nintendo Switch,39,NULL,82.0000,10,77.0942,139
1001,Oddworld: Munch's Oddysee,PC (Microsoft Windows),8,NULL,55.2500,4,69.4140,25
1001,Oddworld: Munch's Oddysee,Mac,8,NULL,55.2500,4,69.4140,25
1001,Oddworld: Munch's Oddysee,Android,8,NULL,55.2500,4,69.4140,25
1001,Oddworld: Munch's Oddysee,iOS,8,NULL,55.2500,4,69.4140,25
1001,Oddworld: Munch's Oddysee,Nintendo Switch,8,NULL,55.2500,4,69.4140,25
5049,King's Bounty: Warriors of the North,PC (Microsoft Windows),4,NULL,NULL,NULL,67.5372,20
5049,King's Bounty: Warriors of the North,Mac,4,NULL,NULL,NULL,67.5372,20
8904,Westerado: Double Barreled,PC (Microsoft Windows),12,1,78.0000,5,76.7780,22
8904,Westerado: Double Barreled,Mac,12,1,78.0000,5,76.7780,22
8904,Westerado: Double Barreled,Xbox One,12,1,78.0000,5,76.7780,22
27910,Everything,Linux,22,1,72.0000,10,71.7931,52
27910,Everything,PC (Microsoft Windows),22,1,72.0000,10,71.7931,52
27910,Everything,Mac,22,1,72.0000,10,71.7931,52
27910,Everything,PlayStation 4,22,1,72.0000,10,71.7931,52
27910,Everything,Nintendo Switch,22,1,72.0000,10,71.7931,52
6701,Edna & Harvey: Harvey's New Eyes,Linux,14,NULL,63.3333,3,86.8882,35
6701,Edna & Harvey: Harvey's New Eyes,PC (Microsoft Windows),14,NULL,63.3333,3,86.8882,35
6701,Edna & Harvey: Harvey's New Eyes,Mac,14,NULL,63.3333,3,86.8882,35
6701,Edna & Harvey: Harvey's New Eyes,iOS,14,NULL,63.3333,3,86.8882,35
6701,Edna & Harvey: Harvey's New Eyes,PlayStation 4,14,NULL,63.3333,3,86.8882,35
6701,Edna & Harvey: Harvey's New Eyes,Xbox One,14,NULL,63.3333,3,86.8882,35
6701,Edna & Harvey: Harvey's New Eyes,Nintendo Switch,14,NULL,63.3333,3,86.8882,35
2030,TimeShift,PC (Microsoft Windows),23,NULL,75.4000,6,71.0087,72
11590,The Surge,PC (Microsoft Windows),46,11,72.0909,12,70.4679,83
11590,The Surge,PlayStation 4,46,11,72.0909,12,70.4679,83
11590,The Surge,Xbox One,46,11,72.0909,12,70.4679,83
24396,Big Pharma,Linux,4,NULL,87.5000,2,43.8687,11
24396,Big Pharma,PC (Microsoft Windows),4,NULL,87.5000,2,43.8687,11
24396,Big Pharma,Mac,4,NULL,87.5000,2,43.8687,11
24396,Big Pharma,PlayStation 4,4,NULL,87.5000,2,43.8687,11
24396,Big Pharma,Xbox One,4,NULL,87.5000,2,43.8687,11
24396,Big Pharma,Nintendo Switch,4,NULL,87.5000,2,43.8687,11
151,Star Wars: Rebellion,PC (Microsoft Windows),3,NULL,NULL,NULL,70.0548,14
169,Star Wars: X-Wing Alliance,PC (Microsoft Windows),9,NULL,84.0000,1,88.1117,31
9722,Long Live the Queen,Linux,11,NULL,70.0000,1,66.4840,34
9722,Long Live the Queen,PC (Microsoft Windows),11,NULL,70.0000,1,66.4840,34
9722,Long Live the Queen,Mac,11,NULL,70.0000,1,66.4840,34
9722,Long Live the Queen,PlayStation 4,11,NULL,70.0000,1,66.4840,34
9722,Long Live the Queen,Xbox One,11,NULL,70.0000,1,66.4840,34
9722,Long Live the Queen,Nintendo Switch,11,NULL,70.0000,1,66.4840,34
9722,Long Live the Queen,PlayStation 5,11,NULL,70.0000,1,66.4840,34
36,Dungeon Keeper 2,PC (Microsoft Windows),52,NULL,NULL,NULL,87.1305,124
12520,Lovers in a Dangerous Spacetime,Linux,23,NULL,83.3571,16,72.7060,57
12520,Lovers in a Dangerous Spacetime,PC (Microsoft Windows),23,NULL,83.3571,16,72.7060,57
12520,Lovers in a Dangerous Spacetime,Mac,23,NULL,83.3571,16,72.7060,57
12520,Lovers in a Dangerous Spacetime,PlayStation 4,23,NULL,83.3571,16,72.7060,57
12520,Lovers in a Dangerous Spacetime,Xbox One,23,NULL,83.3571,16,72.7060,57
12520,Lovers in a Dangerous Spacetime,Nintendo Switch,23,NULL,83.3571,16,72.7060,57
10148,Night in the Woods,Linux,98,5,88.3333,16,82.1526,240
10148,Night in the Woods,PC (Microsoft Windows),98,5,88.3333,16,82.1526,240
10148,Night in the Woods,Mac,98,5,88.3333,16,82.1526,240
10148,Night in the Woods,iOS,98,5,88.3333,16,82.1526,240
10148,Night in the Woods,PlayStation 4,98,5,88.3333,16,82.1526,240
10148,Night in the Woods,Xbox One,98,5,88.3333,16,82.1526,240
10148,Night in the Woods,Nintendo Switch,98,5,88.3333,16,82.1526,240
10148,Night in the Woods,PlayStation 5,98,5,88.3333,16,82.1526,240
122563,Arise: A Simple Story,PC (Microsoft Windows),2,NULL,85.6667,6,82.5823,23
122563,Arise: A Simple Story,PlayStation 4,2,NULL,85.6667,6,82.5823,23
122563,Arise: A Simple Story,Xbox One,2,NULL,85.6667,6,82.5823,23
21604,Old Man's Journey,PC (Microsoft Windows),16,2,NULL,NULL,67.2861,68
21604,Old Man's Journey,Mac,16,2,NULL,NULL,67.2861,68
21604,Old Man's Journey,Android,16,2,NULL,NULL,67.2861,68
21604,Old Man's Journey,iOS,16,2,NULL,NULL,67.2861,68
21604,Old Man's Journey,PlayStation 4,16,2,NULL,NULL,67.2861,68
21604,Old Man's Journey,Xbox One,16,2,NULL,NULL,67.2861,68
21604,Old Man's Journey,Nintendo Switch,16,2,NULL,NULL,67.2861,68
104522,My Brother Rabbit,Linux,2,1,0.0000,1,74.1121,11
104522,My Brother Rabbit,PC (Microsoft Windows),2,1,0.0000,1,74.1121,11
104522,My Brother Rabbit,Mac,2,1,0.0000,1,74.1121,11
104522,My Brother Rabbit,PlayStation 4,2,1,0.0000,1,74.1121,11
104522,My Brother Rabbit,Xbox One,2,1,0.0000,1,74.1121,11
104522,My Brother Rabbit,Nintendo Switch,2,1,0.0000,1,74.1121,11
28952,Timespinner,Linux,7,1,80.0000,3,77.4649,36
28952,Timespinner,PC (Microsoft Windows),7,1,80.0000,3,77.4649,36
28952,Timespinner,Mac,7,1,80.0000,3,77.4649,36
28952,Timespinner,PlayStation 4,7,1,80.0000,3,77.4649,36
28952,Timespinner,Xbox One,7,1,80.0000,3,77.4649,36
28952,Timespinner,Nintendo Switch,7,1,80.0000,3,77.4649,36
19319,Curious Expedition,Linux,6,NULL,75.7500,5,78.0061,19
19319,Curious Expedition,PC (Microsoft Windows),6,NULL,75.7500,5,78.0061,19
19319,Curious Expedition,Mac,6,NULL,75.7500,5,78.0061,19
19319,Curious Expedition,PlayStation 4,6,NULL,75.7500,5,78.0061,19
19319,Curious Expedition,Xbox One,6,NULL,75.7500,5,78.0061,19
19319,Curious Expedition,Nintendo Switch,6,NULL,75.7500,5,78.0061,19
55190,Pikuniku,Linux,9,1,74.8000,6,66.0791,73
55190,Pikuniku,PC (Microsoft Windows),9,1,74.8000,6,66.0791,73
55190,Pikuniku,Mac,9,1,74.8000,6,66.0791,73
55190,Pikuniku,Xbox One,9,1,74.8000,6,66.0791,73
55190,Pikuniku,Nintendo Switch,9,1,74.8000,6,66.0791,73
127816,Paradise Killer,PC (Microsoft Windows),2,NULL,79.1111,11,87.4550,30
127816,Paradise Killer,PlayStation 4,2,NULL,79.1111,11,87.4550,30
127816,Paradise Killer,Xbox One,2,NULL,79.1111,11,87.4550,30
127816,Paradise Killer,Nintendo Switch,2,NULL,79.1111,11,87.4550,30
127816,Paradise Killer,PlayStation 5,2,NULL,79.1111,11,87.4550,30
20125,Replica,PC (Microsoft Windows),4,NULL,75.0000,3,70.8744,12
20125,Replica,Mac,4,NULL,75.0000,3,70.8744,12
20125,Replica,PlayStation 4,4,NULL,75.0000,3,70.8744,12
20125,Replica,Xbox One,4,NULL,75.0000,3,70.8744,12
20125,Replica,Nintendo Switch,4,NULL,75.0000,3,70.8744,12
129097,Norco,PC (Microsoft Windows),1,2,92.0000,3,75.9534,23
129097,Norco,Mac,1,2,92.0000,3,75.9534,23
129097,Norco,PlayStation 4,1,2,92.0000,3,75.9534,23
129097,Norco,Xbox One,1,2,92.0000,3,75.9534,23
129097,Norco,PlayStation 5,1,2,92.0000,3,75.9534,23
64957,Mutazione,Linux,6,2,90.0000,1,63.9303,20
64957,Mutazione,PC (Microsoft Windows),6,2,90.0000,1,63.9303,20
64957,Mutazione,Mac,6,2,90.0000,1,63.9303,20
64957,Mutazione,iOS,6,2,90.0000,1,63.9303,20
64957,Mutazione,PlayStation 4,6,2,90.0000,1,63.9303,20
64957,Mutazione,Xbox One,6,2,90.0000,1,63.9303,20
64957,Mutazione,Nintendo Switch,6,2,90.0000,1,63.9303,20
23275,Streets of Rogue,Linux,14,6,84.0000,3,51.6345,29
23275,Streets of Rogue,PC (Microsoft Windows),14,6,84.0000,3,51.6345,29
23275,Streets of Rogue,Mac,14,6,84.0000,3,51.6345,29
23275,Streets of Rogue,PlayStation 4,14,6,84.0000,3,51.6345,29
23275,Streets of Rogue,Xbox One,14,6,84.0000,3,51.6345,29
23275,Streets of Rogue,Nintendo Switch,14,6,84.0000,3,51.6345,29
74878,Hitman: Game of the Year Edition,Linux,6,NULL,NULL,NULL,96.8218,29
74878,Hitman: Game of the Year Edition,PC (Microsoft Windows),6,NULL,NULL,NULL,96.8218,29
74878,Hitman: Game of the Year Edition,Mac,6,NULL,NULL,NULL,96.8218,29
74878,Hitman: Game of the Year Edition,PlayStation 4,6,NULL,NULL,NULL,96.8218,29
74878,Hitman: Game of the Year Edition,Xbox One,6,NULL,NULL,NULL,96.8218,29
23891,Daymare: 1998,PC (Microsoft Windows),5,2,55.0000,3,71.6990,14
23891,Daymare: 1998,PlayStation 4,5,2,55.0000,3,71.6990,14
23891,Daymare: 1998,Xbox One,5,2,55.0000,3,71.6990,14
59843,Pikmin 4,Nintendo Switch,2,8,87.5000,6,89.8861,14
136498,Pikmin 3 Deluxe,Nintendo Switch,2,1,86.0909,13,80.2537,17
121763,Syberia: The World Before,PC (Microsoft Windows),2,3,82.7500,4,78.3295,15
121763,Syberia: The World Before,PlayStation 4,2,3,82.7500,4,78.3295,15
121763,Syberia: The World Before,PlayStation 5,2,3,82.7500,4,78.3295,15
46,Overlord II,PC (Microsoft Windows),18,NULL,78.7500,6,77.5914,54
102057,Age of Wonders: Planetfall,PC (Microsoft Windows),5,9,83.7500,9,72.1152,22
102057,Age of Wonders: Planetfall,Mac,5,9,83.7500,9,72.1152,22
102057,Age of Wonders: Planetfall,PlayStation 4,5,9,83.7500,9,72.1152,22
102057,Age of Wonders: Planetfall,Xbox One,5,9,83.7500,9,72.1152,22
115036,Ring of Pain,PC (Microsoft Windows),NULL,NULL,NULL,NULL,52.6869,12
115036,Ring of Pain,Mac,NULL,NULL,NULL,NULL,52.6869,12
115036,Ring of Pain,Xbox One,NULL,NULL,NULL,NULL,52.6869,12
115036,Ring of Pain,Nintendo Switch,NULL,NULL,NULL,NULL,52.6869,12
619,Brothers in Arms: Road to Hill 30,PC (Microsoft Windows),14,NULL,91.5000,7,72.0535,68
619,Brothers in Arms: Road to Hill 30,Mac,14,NULL,91.5000,7,72.0535,68
132051,Windbound,PC (Microsoft Windows),11,6,57.6000,5,40.0448,13
132051,Windbound,PlayStation 4,11,6,57.6000,5,40.0448,13
132051,Windbound,Xbox One,11,6,57.6000,5,40.0448,13
132051,Windbound,Nintendo Switch,11,6,57.6000,5,40.0448,13
13178,Divinity II: The Dragon Knight Saga,PC (Microsoft Windows),6,NULL,80.0000,1,89.1796,11
24426,Forgotton Anne,PC (Microsoft Windows),24,8,80.0000,8,72.7118,43
24426,Forgotton Anne,Mac,24,8,80.0000,8,72.7118,43
24426,Forgotton Anne,Android,24,8,80.0000,8,72.7118,43
24426,Forgotton Anne,iOS,24,8,80.0000,8,72.7118,43
24426,Forgotton Anne,PlayStation 4,24,8,80.0000,8,72.7118,43
24426,Forgotton Anne,Xbox One,24,8,80.0000,8,72.7118,43
24426,Forgotton Anne,Nintendo Switch,24,8,80.0000,8,72.7118,43
27509,Heaven's Vault,PC (Microsoft Windows),2,1,81.8571,9,69.8890,18
27509,Heaven's Vault,PlayStation 4,2,1,81.8571,9,69.8890,18
27509,Heaven's Vault,Nintendo Switch,2,1,81.8571,9,69.8890,18
79999,Lamplight City,Linux,3,2,80.0000,5,80.6960,11
79999,Lamplight City,PC (Microsoft Windows),3,2,80.0000,5,80.6960,11
79999,Lamplight City,Mac,3,2,80.0000,5,80.6960,11
79999,Lamplight City,Nintendo Switch,3,2,80.0000,5,80.6960,11
27862,Batman: Arkham Asylum - Game of the Year Edition,PC (Microsoft Windows),14,NULL,NULL,NULL,86.1798,120
27862,Batman: Arkham Asylum - Game of the Year Edition,Mac,14,NULL,NULL,NULL,86.1798,120
110807,Observation,PC (Microsoft Windows),20,7,82.0000,14,76.6389,64
110807,Observation,PlayStation 4,20,7,82.0000,14,76.6389,64
110807,Observation,Xbox One,20,7,82.0000,14,76.6389,64
7789,The Binding of Isaac: Rebirth,Linux,142,2,95.0000,2,87.2652,436
7789,The Binding of Isaac: Rebirth,PC (Microsoft Windows),142,2,95.0000,2,87.2652,436
7789,The Binding of Isaac: Rebirth,Mac,142,2,95.0000,2,87.2652,436
7789,The Binding of Isaac: Rebirth,iOS,142,2,95.0000,2,87.2652,436
7789,The Binding of Isaac: Rebirth,PlayStation 4,142,2,95.0000,2,87.2652,436
7789,The Binding of Isaac: Rebirth,Xbox One,142,2,95.0000,2,87.2652,436
200611,Dome Keeper,Linux,1,2,80.0000,2,77.5353,18
200611,Dome Keeper,PC (Microsoft Windows),1,2,80.0000,2,77.5353,18
200611,Dome Keeper,Mac,1,2,80.0000,2,77.5353,18
135478,Hrot,PC (Microsoft Windows),2,NULL,87.0000,1,99.5562,15
140556,South of the Circle,PC (Microsoft Windows),2,NULL,90.0000,4,79.7654,12
140556,South of the Circle,Mac,2,NULL,90.0000,4,79.7654,12
140556,South of the Circle,iOS,2,NULL,90.0000,4,79.7654,12
140556,South of the Circle,PlayStation 4,2,NULL,90.0000,4,79.7654,12
140556,South of the Circle,Xbox One,2,NULL,90.0000,4,79.7654,12
140556,South of the Circle,Nintendo Switch,2,NULL,90.0000,4,79.7654,12
140556,South of the Circle,PlayStation 5,2,NULL,90.0000,4,79.7654,12
103016,Yakuza 4 Remastered,PC (Microsoft Windows),1,NULL,NULL,NULL,79.4813,30
103016,Yakuza 4 Remastered,PlayStation 4,1,NULL,NULL,NULL,79.4813,30
103016,Yakuza 4 Remastered,Xbox One,1,NULL,NULL,NULL,79.4813,30
11597,Poly Bridge,Linux,11,NULL,75.0000,2,71.4612,39
11597,Poly Bridge,PC (Microsoft Windows),11,NULL,75.0000,2,71.4612,39
11597,Poly Bridge,Mac,11,NULL,75.0000,2,71.4612,39
11597,Poly Bridge,Android,11,NULL,75.0000,2,71.4612,39
11597,Poly Bridge,iOS,11,NULL,75.0000,2,71.4612,39
11597,Poly Bridge,Nintendo Switch,11,NULL,75.0000,2,71.4612,39
94085,Battlefield 1: Revolution,PC (Microsoft Windows),2,NULL,NULL,NULL,79.4247,20
94085,Battlefield 1: Revolution,PlayStation 4,2,NULL,NULL,NULL,79.4247,20
94085,Battlefield 1: Revolution,Xbox One,2,NULL,NULL,NULL,79.4247,20
119234,Zombie Army 4: Dead War,PC (Microsoft Windows),3,4,72.7778,11,64.6007,19
119234,Zombie Army 4: Dead War,PlayStation 4,3,4,72.7778,11,64.6007,19
119234,Zombie Army 4: Dead War,Xbox One,3,4,72.7778,11,64.6007,19
119234,Zombie Army 4: Dead War,Nintendo Switch,3,4,72.7778,11,64.6007,19
1216,Dead Space 3,PC (Microsoft Windows),98,NULL,73.6667,16,72.8169,311
1216,Dead Space 3,Xbox One,98,NULL,73.6667,16,72.8169,311
11198,Rocket League,Linux,295,2,88.7059,20,82.4496,875
11198,Rocket League,PC (Microsoft Windows),295,2,88.7059,20,82.4496,875
11198,Rocket League,Mac,295,2,88.7059,20,82.4496,875
11198,Rocket League,PlayStation 4,295,2,88.7059,20,82.4496,875
11198,Rocket League,Xbox One,295,2,88.7059,20,82.4496,875
11198,Rocket League,Nintendo Switch,295,2,88.7059,20,82.4496,875
11198,Rocket League,PlayStation 5,295,2,88.7059,20,82.4496,875
122235,Rogue Company,PC (Microsoft Windows),21,1,85.0000,1,57.5434,38
122235,Rogue Company,PlayStation 4,21,1,85.0000,1,57.5434,38
122235,Rogue Company,Xbox One,21,1,85.0000,1,57.5434,38
122235,Rogue Company,Nintendo Switch,21,1,85.0000,1,57.5434,38
122235,Rogue Company,PlayStation 5,21,1,85.0000,1,57.5434,38
979,Call of Duty: Modern Warfare 3,PC (Microsoft Windows),185,NULL,89.4545,12,73.4626,891
979,Call of Duty: Modern Warfare 3,Mac,185,NULL,89.4545,12,73.4626,891
26179,Full Throttle Remastered,Linux,16,1,77.7000,12,81.4067,66
26179,Full Throttle Remastered,PC (Microsoft Windows),16,1,77.7000,12,81.4067,66
26179,Full Throttle Remastered,Mac,16,1,77.7000,12,81.4067,66
26179,Full Throttle Remastered,PlayStation 4,16,1,77.7000,12,81.4067,66
26179,Full Throttle Remastered,Xbox One,16,1,77.7000,12,81.4067,66
9254,Subnautica,PC (Microsoft Windows),113,4,83.9091,14,84.2480,368
9254,Subnautica,Mac,113,4,83.9091,14,84.2480,368
9254,Subnautica,PlayStation 4,113,4,83.9091,14,84.2480,368
9254,Subnautica,Xbox One,113,4,83.9091,14,84.2480,368
9254,Subnautica,Nintendo Switch,113,4,83.9091,14,84.2480,368
9254,Subnautica,PlayStation 5,113,4,83.9091,14,84.2480,368
212,Brütal Legend,Linux,51,NULL,80.3333,9,73.1741,195
212,Brütal Legend,PC (Microsoft Windows),51,NULL,80.3333,9,73.1741,195
212,Brütal Legend,Mac,51,NULL,80.3333,9,73.1741,195
10184,Defense Grid 2,Linux,10,NULL,78.8000,5,87.1017,19
10184,Defense Grid 2,PC (Microsoft Windows),10,NULL,78.8000,5,87.1017,19
10184,Defense Grid 2,Mac,10,NULL,78.8000,5,87.1017,19
10184,Defense Grid 2,PlayStation 4,10,NULL,78.8000,5,87.1017,19
10184,Defense Grid 2,Xbox One,10,NULL,78.8000,5,87.1017,19
10184,Defense Grid 2,Nintendo Switch,10,NULL,78.8000,5,87.1017,19
134560,Metal: Hellsinger,PC (Microsoft Windows),11,8,86.1667,7,78.9040,47
134560,Metal: Hellsinger,PlayStation 4,11,8,86.1667,7,78.9040,47
134560,Metal: Hellsinger,Xbox One,11,8,86.1667,7,78.9040,47
134560,Metal: Hellsinger,PlayStation 5,11,8,86.1667,7,78.9040,47
118218,Tom Clancy's Ghost Recon: Breakpoint,PC (Microsoft Windows),54,10,53.3846,15,61.2659,59
118218,Tom Clancy's Ghost Recon: Breakpoint,PlayStation 4,54,10,53.3846,15,61.2659,59
118218,Tom Clancy's Ghost Recon: Breakpoint,Xbox One,54,10,53.3846,15,61.2659,59
6005,Kingdom Rush,Linux,19,NULL,75.0000,1,74.1217,72
6005,Kingdom Rush,PC (Microsoft Windows),19,NULL,75.0000,1,74.1217,72
6005,Kingdom Rush,Mac,19,NULL,75.0000,1,74.1217,72
6005,Kingdom Rush,Android,19,NULL,75.0000,1,74.1217,72
6005,Kingdom Rush,iOS,19,NULL,75.0000,1,74.1217,72
6005,Kingdom Rush,Xbox One,19,NULL,75.0000,1,74.1217,72
6005,Kingdom Rush,Nintendo Switch,19,NULL,75.0000,1,74.1217,72
141338,Red Dead Online,PC (Microsoft Windows),3,NULL,NULL,NULL,74.1508,14
141338,Red Dead Online,PlayStation 4,3,NULL,NULL,NULL,74.1508,14
141338,Red Dead Online,Xbox One,3,NULL,NULL,NULL,74.1508,14
26848,Shovel Knight: Treasure Trove,Linux,51,1,90.0000,1,85.3884,103
26848,Shovel Knight: Treasure Trove,PC (Microsoft Windows),51,1,90.0000,1,85.3884,103
26848,Shovel Knight: Treasure Trove,Mac,51,1,90.0000,1,85.3884,103
26848,Shovel Knight: Treasure Trove,PlayStation 4,51,1,90.0000,1,85.3884,103
26848,Shovel Knight: Treasure Trove,Xbox One,51,1,90.0000,1,85.3884,103
26848,Shovel Knight: Treasure Trove,Nintendo Switch,51,1,90.0000,1,85.3884,103
1318,XCOM: Enemy Unknown,Linux,194,NULL,88.5000,14,83.0049,459
1318,XCOM: Enemy Unknown,PC (Microsoft Windows),194,NULL,88.5000,14,83.0049,459
1318,XCOM: Enemy Unknown,Mac,194,NULL,88.5000,14,83.0049,459
7685,LEGO Batman 3: Beyond Gotham,PC (Microsoft Windows),25,NULL,75.5833,13,71.7226,57
7685,LEGO Batman 3: Beyond Gotham,Mac,25,NULL,75.5833,13,71.7226,57
7685,LEGO Batman 3: Beyond Gotham,Android,25,NULL,75.5833,13,71.7226,57
7685,LEGO Batman 3: Beyond Gotham,iOS,25,NULL,75.5833,13,71.7226,57
7685,LEGO Batman 3: Beyond Gotham,PlayStation 4,25,NULL,75.5833,13,71.7226,57
7685,LEGO Batman 3: Beyond Gotham,Xbox One,25,NULL,75.5833,13,71.7226,57
6913,Binary Domain,PC (Microsoft Windows),34,NULL,72.3333,7,78.0546,88
352,Battlefield: Bad Company 2,PC (Microsoft Windows),174,NULL,89.5000,7,80.7145,541
352,Battlefield: Bad Company 2,iOS,174,NULL,89.5000,7,80.7145,541
23954,Assassin's Creed: The Ezio Collection,PlayStation 4,28,NULL,69.7500,9,89.3137,40
23954,Assassin's Creed: The Ezio Collection,Xbox One,28,NULL,69.7500,9,89.3137,40
23954,Assassin's Creed: The Ezio Collection,Nintendo Switch,28,NULL,69.7500,9,89.3137,40
115278,Rune Factory 4 Special,PC (Microsoft Windows),36,1,86.6667,4,87.8289,11
115278,Rune Factory 4 Special,PlayStation 4,36,1,86.6667,4,87.8289,11
115278,Rune Factory 4 Special,Xbox One,36,1,86.6667,4,87.8289,11
115278,Rune Factory 4 Special,Nintendo Switch,36,1,86.6667,4,87.8289,11
25580,Forager,Linux,8,5,70.5000,4,74.9069,57
25580,Forager,PC (Microsoft Windows),8,5,70.5000,4,74.9069,57
25580,Forager,Android,8,5,70.5000,4,74.9069,57
25580,Forager,iOS,8,5,70.5000,4,74.9069,57
25580,Forager,PlayStation 4,8,5,70.5000,4,74.9069,57
25580,Forager,Xbox One,8,5,70.5000,4,74.9069,57
25580,Forager,Nintendo Switch,8,5,70.5000,4,74.9069,57
3730,Pajama Sam In: No Need to Hide When It's Dark Outside,PC (Microsoft Windows),5,NULL,NULL,NULL,84.1015,20
3730,Pajama Sam In: No Need to Hide When It's Dark Outside,Mac,5,NULL,NULL,NULL,84.1015,20
3730,Pajama Sam In: No Need to Hide When It's Dark Outside,iOS,5,NULL,NULL,NULL,84.1015,20
51525,Batman: The Enemy Within,PC (Microsoft Windows),44,2,76.3235,3,77.2444,124
51525,Batman: The Enemy Within,Mac,44,2,76.3235,3,77.2444,124
51525,Batman: The Enemy Within,Android,44,2,76.3235,3,77.2444,124
51525,Batman: The Enemy Within,iOS,44,2,76.3235,3,77.2444,124
51525,Batman: The Enemy Within,PlayStation 4,44,2,76.3235,3,77.2444,124
51525,Batman: The Enemy Within,Xbox One,44,2,76.3235,3,77.2444,124
51525,Batman: The Enemy Within,Nintendo Switch,44,2,76.3235,3,77.2444,124
16515,Pac-Man: Championship Edition DX+,PC (Microsoft Windows),5,NULL,NULL,NULL,82.1188,23
13187,"Guns, Gore & Cannoli",PC (Microsoft Windows),14,NULL,63.3333,3,81.8860,36
13187,"Guns, Gore & Cannoli",Mac,14,NULL,63.3333,3,81.8860,36
13187,"Guns, Gore & Cannoli",PlayStation 4,14,NULL,63.3333,3,81.8860,36
13187,"Guns, Gore & Cannoli",Xbox One,14,NULL,63.3333,3,81.8860,36
13187,"Guns, Gore & Cannoli",Nintendo Switch,14,NULL,63.3333,3,81.8860,36
538,BioShock Infinite,Linux,660,NULL,93.2143,16,86.0365,2165
538,BioShock Infinite,PC (Microsoft Windows),660,NULL,93.2143,16,86.0365,2165
538,BioShock Infinite,Mac,660,NULL,93.2143,16,86.0365,2165
538,BioShock Infinite,PlayStation 4,660,NULL,93.2143,16,86.0365,2165
538,BioShock Infinite,Xbox One,660,NULL,93.2143,16,86.0365,2165
538,BioShock Infinite,Nintendo Switch,660,NULL,93.2143,16,86.0365,2165
17207,Pit People,PC (Microsoft Windows),18,4,76.8333,7,54.3244,15
17207,Pit People,Xbox One,18,4,76.8333,7,54.3244,15
25773,Middle-earth: Shadow of Mordor - Game of the Year Edition,PC (Microsoft Windows),9,NULL,NULL,NULL,77.2764,23
25773,Middle-earth: Shadow of Mordor - Game of the Year Edition,Mac,9,NULL,NULL,NULL,77.2764,23
25773,Middle-earth: Shadow of Mordor - Game of the Year Edition,PlayStation 4,9,NULL,NULL,NULL,77.2764,23
25773,Middle-earth: Shadow of Mordor - Game of the Year Edition,Xbox One,9,NULL,NULL,NULL,77.2764,23
471,Crysis 2,PC (Microsoft Windows),153,NULL,86.5000,12,77.3788,499
76885,SoulCalibur VI,PC (Microsoft Windows),20,3,83.8571,16,80.2407,83
76885,SoulCalibur VI,PlayStation 4,20,3,83.8571,16,80.2407,83
76885,SoulCalibur VI,Xbox One,20,3,83.8571,16,80.2407,83
138765,Scott Pilgrim vs. the World: The Game - Complete Edition,PC (Microsoft Windows),5,2,78.5714,10,75.9117,15
138765,Scott Pilgrim vs. the World: The Game - Complete Edition,PlayStation 4,5,2,78.5714,10,75.9117,15
138765,Scott Pilgrim vs. the World: The Game - Complete Edition,Xbox One,5,2,78.5714,10,75.9117,15
138765,Scott Pilgrim vs. the World: The Game - Complete Edition,Nintendo Switch,5,2,78.5714,10,75.9117,15
115851,F.I.S.T.: Forged In Shadow Torch,PC (Microsoft Windows),2,3,86.8333,7,61.3742,18
115851,F.I.S.T.: Forged In Shadow Torch,PlayStation 4,2,3,86.8333,7,61.3742,18
115851,F.I.S.T.: Forged In Shadow Torch,Xbox One,2,3,86.8333,7,61.3742,18
115851,F.I.S.T.: Forged In Shadow Torch,Nintendo Switch,2,3,86.8333,7,61.3742,18
115851,F.I.S.T.: Forged In Shadow Torch,PlayStation 5,2,3,86.8333,7,61.3742,18
9728,Trove,PC (Microsoft Windows),8,2,62.0000,4,59.0372,46
9728,Trove,Mac,8,2,62.0000,4,59.0372,46
9728,Trove,PlayStation 4,8,2,62.0000,4,59.0372,46
9728,Trove,Xbox One,8,2,62.0000,4,59.0372,46
9728,Trove,Nintendo Switch,8,2,62.0000,4,59.0372,46
9072,The Last Door,PC (Microsoft Windows),7,NULL,75.0000,1,84.3779,26
9072,The Last Door,PlayStation 4,7,NULL,75.0000,1,84.3779,26
9072,The Last Door,Xbox One,7,NULL,75.0000,1,84.3779,26
9072,The Last Door,Nintendo Switch,7,NULL,75.0000,1,84.3779,26
15072,Landstalker: The Treasures of King Nole,Linux,1,NULL,NULL,NULL,89.7279,16
15072,Landstalker: The Treasures of King Nole,PC (Microsoft Windows),1,NULL,NULL,NULL,89.7279,16
15072,Landstalker: The Treasures of King Nole,Mac,1,NULL,NULL,NULL,89.7279,16
152358,WarioWare: Get It Together!,Nintendo Switch,NULL,1,80.8333,9,77.6079,16
18397,Event[0],PC (Microsoft Windows),20,4,75.1250,10,67.5776,28
18397,Event[0],Mac,20,4,75.1250,10,67.5776,28
114795,Apex Legends,PC (Microsoft Windows),74,NULL,88.0000,15,76.9986,416
114795,Apex Legends,PlayStation 4,74,NULL,88.0000,15,76.9986,416
114795,Apex Legends,Xbox One,74,NULL,88.0000,15,76.9986,416
114795,Apex Legends,Nintendo Switch,74,NULL,88.0000,15,76.9986,416
114795,Apex Legends,PlayStation 5,74,NULL,88.0000,15,76.9986,416
139090,Inscryption,Linux,12,1,82.2500,5,87.5598,155
139090,Inscryption,PC (Microsoft Windows),12,1,82.2500,5,87.5598,155
139090,Inscryption,Mac,12,1,82.2500,5,87.5598,155
139090,Inscryption,PlayStation 4,12,1,82.2500,5,87.5598,155
139090,Inscryption,Xbox One,12,1,82.2500,5,87.5598,155
139090,Inscryption,Nintendo Switch,12,1,82.2500,5,87.5598,155
139090,Inscryption,PlayStation 5,12,1,82.2500,5,87.5598,155
11642,Geometry Dash,PC (Microsoft Windows),25,NULL,NULL,NULL,76.7731,96
11642,Geometry Dash,Mac,25,NULL,NULL,NULL,76.7731,96
11642,Geometry Dash,Android,25,NULL,NULL,NULL,76.7731,96
11642,Geometry Dash,iOS,25,NULL,NULL,NULL,76.7731,96
578,"Warhammer 40,000: Space Marine",PC (Microsoft Windows),39,NULL,78.0000,9,75.7316,115
2903,Warframe,PC (Microsoft Windows),97,NULL,73.4545,13,75.6185,301
2903,Warframe,PlayStation 4,97,NULL,73.4545,13,75.6185,301
2903,Warframe,Xbox One,97,NULL,73.4545,13,75.6185,301
2903,Warframe,Nintendo Switch,97,NULL,73.4545,13,75.6185,301
2903,Warframe,PlayStation 5,97,NULL,73.4545,13,75.6185,301
2058,Payday 2,Linux,98,NULL,74.7647,19,73.3734,362
2058,Payday 2,PC (Microsoft Windows),98,NULL,74.7647,19,73.3734,362
2058,Payday 2,PlayStation 4,98,NULL,74.7647,19,73.3734,362
2058,Payday 2,Xbox One,98,NULL,74.7647,19,73.3734,362
2058,Payday 2,Nintendo Switch,98,NULL,74.7647,19,73.3734,362
16611,Scrap Mechanic,PC (Microsoft Windows),35,NULL,NULL,NULL,60.8374,18
74701,Star Wars Jedi: Fallen Order,PC (Microsoft Windows),153,64,82.8462,18,81.1684,660
74701,Star Wars Jedi: Fallen Order,PlayStation 4,153,64,82.8462,18,81.1684,660
74701,Star Wars Jedi: Fallen Order,Xbox One,153,64,82.8462,18,81.1684,660
74701,Star Wars Jedi: Fallen Order,PlayStation 5,153,64,82.8462,18,81.1684,660
138,LEGO Indiana Jones 2: The Adventure Continues,PC (Microsoft Windows),19,NULL,75.0000,5,65.9503,61
138,LEGO Indiana Jones 2: The Adventure Continues,Mac,19,NULL,75.0000,5,65.9503,61
19698,Albion Online,Linux,11,2,87.5000,4,75.6502,33
19698,Albion Online,PC (Microsoft Windows),11,2,87.5000,4,75.6502,33
19698,Albion Online,Mac,11,2,87.5000,4,75.6502,33
19698,Albion Online,Android,11,2,87.5000,4,75.6502,33
19698,Albion Online,iOS,11,2,87.5000,4,75.6502,33
148397,Muck,Linux,5,NULL,NULL,NULL,64.8342,30
148397,Muck,PC (Microsoft Windows),5,NULL,NULL,NULL,64.8342,30
148397,Muck,Mac,5,NULL,NULL,NULL,64.8342,30
189,LEGO Indiana Jones: The Original Adventures,PC (Microsoft Windows),39,NULL,69.0000,8,73.8486,162
189,LEGO Indiana Jones: The Original Adventures,Mac,39,NULL,69.0000,8,73.8486,162
10832,Sine Mora,PC (Microsoft Windows),9,NULL,85.0000,8,69.0693,16
10832,Sine Mora,Android,9,NULL,85.0000,8,69.0693,16
10832,Sine Mora,iOS,9,NULL,85.0000,8,69.0693,16
23215,Resident Evil 5 Remastered,PlayStation 4,3,NULL,80.0000,1,82.3674,14
23215,Resident Evil 5 Remastered,Xbox One,3,NULL,80.0000,1,82.3674,14
23215,Resident Evil 5 Remastered,Nintendo Switch,3,NULL,80.0000,1,82.3674,14
10919,XCOM 2,Linux,151,17,85.2069,33,84.0274,313
10919,XCOM 2,PC (Microsoft Windows),151,17,85.2069,33,84.0274,313
10919,XCOM 2,Mac,151,17,85.2069,33,84.0274,313
10919,XCOM 2,PlayStation 4,151,17,85.2069,33,84.0274,313
10919,XCOM 2,Xbox One,151,17,85.2069,33,84.0274,313
10919,XCOM 2,Nintendo Switch,151,17,85.2069,33,84.0274,313
13554,Styx: Shards of Darkness,PC (Microsoft Windows),28,7,70.7143,16,81.9486,23
13554,Styx: Shards of Darkness,PlayStation 4,28,7,70.7143,16,81.9486,23
13554,Styx: Shards of Darkness,Xbox One,28,7,70.7143,16,81.9486,23
191402,Disney Speedstorm,PC (Microsoft Windows),NULL,1,65.5000,2,65.2865,11
191402,Disney Speedstorm,PlayStation 4,NULL,1,65.5000,2,65.2865,11
191402,Disney Speedstorm,Xbox One,NULL,1,65.5000,2,65.2865,11
191402,Disney Speedstorm,Nintendo Switch,NULL,1,65.5000,2,65.2865,11
191402,Disney Speedstorm,PlayStation 5,NULL,1,65.5000,2,65.2865,11
1911,Path of Exile,PC (Microsoft Windows),108,3,78.0000,6,82.2416,316
1911,Path of Exile,Mac,108,3,78.0000,6,82.2416,316
1911,Path of Exile,PlayStation 4,108,3,78.0000,6,82.2416,316
1911,Path of Exile,Xbox One,108,3,78.0000,6,82.2416,316
154986,FIFA 22,PC (Microsoft Windows),27,3,79.2857,9,77.0905,54
154986,FIFA 22,PlayStation 4,27,3,79.2857,9,77.0905,54
154986,FIFA 22,Xbox One,27,3,79.2857,9,77.0905,54
154986,FIFA 22,Nintendo Switch,27,3,79.2857,9,77.0905,54
154986,FIFA 22,PlayStation 5,27,3,79.2857,9,77.0905,54
9101,Hand of Fate,Linux,21,NULL,82.6000,5,72.6272,61
9101,Hand of Fate,PC (Microsoft Windows),21,NULL,82.6000,5,72.6272,61
9101,Hand of Fate,Mac,21,NULL,82.6000,5,72.6272,61
9101,Hand of Fate,PlayStation 4,21,NULL,82.6000,5,72.6272,61
9101,Hand of Fate,Xbox One,21,NULL,82.6000,5,72.6272,61
11495,Castle of Illusion Starring Mickey Mouse,PC (Microsoft Windows),12,NULL,68.0000,5,74.7445,42
11495,Castle of Illusion Starring Mickey Mouse,Mac,12,NULL,68.0000,5,74.7445,42
11495,Castle of Illusion Starring Mickey Mouse,Android,12,NULL,68.0000,5,74.7445,42
11495,Castle of Illusion Starring Mickey Mouse,iOS,12,NULL,68.0000,5,74.7445,42
11495,Castle of Illusion Starring Mickey Mouse,Xbox One,12,NULL,68.0000,5,74.7445,42
41025,Somerville,PC (Microsoft Windows),7,19,67.5000,8,72.8086,29
41025,Somerville,PlayStation 4,7,19,67.5000,8,72.8086,29
41025,Somerville,Xbox One,7,19,67.5000,8,72.8086,29
41025,Somerville,PlayStation 5,7,19,67.5000,8,72.8086,29
43,Deus Ex: Human Revolution,PC (Microsoft Windows),331,NULL,92.1111,13,84.1733,868
43,Deus Ex: Human Revolution,Mac,331,NULL,92.1111,13,84.1733,868
107317,Gato Roboto,PC (Microsoft Windows),4,NULL,75.8000,6,74.7651,42
107317,Gato Roboto,Xbox One,4,NULL,75.8000,6,74.7651,42
107317,Gato Roboto,Nintendo Switch,4,NULL,75.8000,6,74.7651,42
145028,Thymesia,PC (Microsoft Windows),4,7,72.0000,5,66.4244,24
145028,Thymesia,PlayStation 5,4,7,72.0000,5,66.4244,24
115427,Haven,PC (Microsoft Windows),7,11,74.5000,9,73.6014,29
115427,Haven,PlayStation 4,7,11,74.5000,9,73.6014,29
115427,Haven,Xbox One,7,11,74.5000,9,73.6014,29
115427,Haven,Nintendo Switch,7,11,74.5000,9,73.6014,29
115427,Haven,PlayStation 5,7,11,74.5000,9,73.6014,29
125174,Overwatch 2,PC (Microsoft Windows),20,17,83.0000,6,69.9617,136
125174,Overwatch 2,PlayStation 4,20,17,83.0000,6,69.9617,136
125174,Overwatch 2,Xbox One,20,17,83.0000,6,69.9617,136
125174,Overwatch 2,Nintendo Switch,20,17,83.0000,6,69.9617,136
125174,Overwatch 2,PlayStation 5,20,17,83.0000,6,69.9617,136
109287,Hollow Knight: Voidheart Edition,PlayStation 4,11,2,NULL,NULL,93.0344,85
109287,Hollow Knight: Voidheart Edition,Xbox One,11,2,NULL,NULL,93.0344,85
28512,Risk of Rain 2,PC (Microsoft Windows),36,5,87.3333,6,82.6507,121
28512,Risk of Rain 2,PlayStation 4,36,5,87.3333,6,82.6507,121
28512,Risk of Rain 2,Xbox One,36,5,87.3333,6,82.6507,121
28512,Risk of Rain 2,Nintendo Switch,36,5,87.3333,6,82.6507,121
165206,Doom,PC (Microsoft Windows),NULL,NULL,NULL,NULL,90.9254,18
165206,Doom,PlayStation 4,NULL,NULL,NULL,NULL,90.9254,18
165206,Doom,Xbox One,NULL,NULL,NULL,NULL,90.9254,18
165206,Doom,Nintendo Switch,NULL,NULL,NULL,NULL,90.9254,18
96394,Record of Lodoss War: Deedlit in Wonder Labyrinth,PC (Microsoft Windows),4,3,77.3333,3,79.9617,19
96394,Record of Lodoss War: Deedlit in Wonder Labyrinth,PlayStation 4,4,3,77.3333,3,79.9617,19
96394,Record of Lodoss War: Deedlit in Wonder Labyrinth,Xbox One,4,3,77.3333,3,79.9617,19
96394,Record of Lodoss War: Deedlit in Wonder Labyrinth,Nintendo Switch,4,3,77.3333,3,79.9617,19
96394,Record of Lodoss War: Deedlit in Wonder Labyrinth,PlayStation 5,4,3,77.3333,3,79.9617,19
122120,The Dark Pictures Anthology: Little Hope,PC (Microsoft Windows),8,3,76.4000,10,68.8381,93
122120,The Dark Pictures Anthology: Little Hope,PlayStation 4,8,3,76.4000,10,68.8381,93
122120,The Dark Pictures Anthology: Little Hope,Xbox One,8,3,76.4000,10,68.8381,93
122120,The Dark Pictures Anthology: Little Hope,Nintendo Switch,8,3,76.4000,10,68.8381,93
122120,The Dark Pictures Anthology: Little Hope,PlayStation 5,8,3,76.4000,10,68.8381,93
4848,Max: The Curse of Brotherhood,PC (Microsoft Windows),21,NULL,73.6000,16,69.9482,43
4848,Max: The Curse of Brotherhood,PlayStation 4,21,NULL,73.6000,16,69.9482,43
4848,Max: The Curse of Brotherhood,Xbox One,21,NULL,73.6000,16,69.9482,43
4848,Max: The Curse of Brotherhood,Nintendo Switch,21,NULL,73.6000,16,69.9482,43
27011,Serious Sam 4,Linux,8,12,72.4444,11,68.1084,23
27011,Serious Sam 4,PC (Microsoft Windows),8,12,72.4444,11,68.1084,23
27011,Serious Sam 4,Mac,8,12,72.4444,11,68.1084,23
27011,Serious Sam 4,PlayStation 5,8,12,72.4444,11,68.1084,23
28210,Dark Souls III: The Fire Fades Edition,PC (Microsoft Windows),18,NULL,85.0000,1,90.6660,45
28210,Dark Souls III: The Fire Fades Edition,PlayStation 4,18,NULL,85.0000,1,90.6660,45
28210,Dark Souls III: The Fire Fades Edition,Xbox One,18,NULL,85.0000,1,90.6660,45
119244,Darksiders Genesis,PC (Microsoft Windows),21,8,74.6364,12,72.4826,56
119244,Darksiders Genesis,PlayStation 4,21,8,74.6364,12,72.4826,56
119244,Darksiders Genesis,Xbox One,21,8,74.6364,12,72.4826,56
119244,Darksiders Genesis,Nintendo Switch,21,8,74.6364,12,72.4826,56
19874,Mega Man Legacy Collection,PC (Microsoft Windows),9,NULL,79.4286,16,91.7728,31
19874,Mega Man Legacy Collection,PlayStation 4,9,NULL,79.4286,16,91.7728,31
19874,Mega Man Legacy Collection,Xbox One,9,NULL,79.4286,16,91.7728,31
19874,Mega Man Legacy Collection,Nintendo Switch,9,NULL,79.4286,16,91.7728,31
36515,Sword Art Online: Fatal Bullet,PC (Microsoft Windows),22,2,60.5000,9,67.6012,19
36515,Sword Art Online: Fatal Bullet,PlayStation 4,22,2,60.5000,9,67.6012,19
36515,Sword Art Online: Fatal Bullet,Xbox One,22,2,60.5000,9,67.6012,19
77175,Street Fighter 30th Anniversary Collection,PC (Microsoft Windows),16,1,80.2857,8,80.8354,20
77175,Street Fighter 30th Anniversary Collection,PlayStation 4,16,1,80.2857,8,80.8354,20
77175,Street Fighter 30th Anniversary Collection,Xbox One,16,1,80.2857,8,80.8354,20
77175,Street Fighter 30th Anniversary Collection,Nintendo Switch,16,1,80.2857,8,80.8354,20
39044,Assassin's Creed: Origins - Gold Edition,PC (Microsoft Windows),11,3,NULL,NULL,82.9586,11
39044,Assassin's Creed: Origins - Gold Edition,PlayStation 4,11,3,NULL,NULL,82.9586,11
39044,Assassin's Creed: Origins - Gold Edition,Xbox One,11,3,NULL,NULL,82.9586,11
54548,Dragon Quest Builders 2,PC (Microsoft Windows),7,2,85.3000,14,71.2161,22
54548,Dragon Quest Builders 2,PlayStation 4,7,2,85.3000,14,71.2161,22
54548,Dragon Quest Builders 2,Xbox One,7,2,85.3000,14,71.2161,22
54548,Dragon Quest Builders 2,Nintendo Switch,7,2,85.3000,14,71.2161,22
150010,Sonic Frontiers,PC (Microsoft Windows),14,4,71.7500,12,70.9777,33
150010,Sonic Frontiers,PlayStation 4,14,4,71.7500,12,70.9777,33
150010,Sonic Frontiers,Xbox One,14,4,71.7500,12,70.9777,33
150010,Sonic Frontiers,Nintendo Switch,14,4,71.7500,12,70.9777,33
150010,Sonic Frontiers,PlayStation 5,14,4,71.7500,12,70.9777,33
131660,No One Lives Under the Lighthouse,Linux,NULL,NULL,NULL,NULL,70.4787,13
131660,No One Lives Under the Lighthouse,PC (Microsoft Windows),NULL,NULL,NULL,NULL,70.4787,13
131660,No One Lives Under the Lighthouse,Mac,NULL,NULL,NULL,NULL,70.4787,13
131660,No One Lives Under the Lighthouse,PlayStation 4,NULL,NULL,NULL,NULL,70.4787,13
131660,No One Lives Under the Lighthouse,Xbox One,NULL,NULL,NULL,NULL,70.4787,13
131660,No One Lives Under the Lighthouse,Nintendo Switch,NULL,NULL,NULL,NULL,70.4787,13
131660,No One Lives Under the Lighthouse,PlayStation 5,NULL,NULL,NULL,NULL,70.4787,13
107315,Subnautica: Below Zero,PC (Microsoft Windows),32,1,85.2000,6,75.7609,62
107315,Subnautica: Below Zero,Mac,32,1,85.2000,6,75.7609,62
107315,Subnautica: Below Zero,PlayStation 4,32,1,85.2000,6,75.7609,62
107315,Subnautica: Below Zero,Xbox One,32,1,85.2000,6,75.7609,62
107315,Subnautica: Below Zero,Nintendo Switch,32,1,85.2000,6,75.7609,62
107315,Subnautica: Below Zero,PlayStation 5,32,1,85.2000,6,75.7609,62
18311,The Turing Test,PC (Microsoft Windows),29,10,76.3750,10,70.2597,97
18311,The Turing Test,PlayStation 4,29,10,76.3750,10,70.2597,97
18311,The Turing Test,Xbox One,29,10,76.3750,10,70.2597,97
18311,The Turing Test,Nintendo Switch,29,10,76.3750,10,70.2597,97
153808,AI: The Somnium Files - Nirvana Initiative,PC (Microsoft Windows),NULL,1,87.0000,5,86.2359,28
153808,AI: The Somnium Files - Nirvana Initiative,PlayStation 4,NULL,1,87.0000,5,86.2359,28
153808,AI: The Somnium Files - Nirvana Initiative,Xbox One,NULL,1,87.0000,5,86.2359,28
153808,AI: The Somnium Files - Nirvana Initiative,Nintendo Switch,NULL,1,87.0000,5,86.2359,28
2126,Hotline Miami 2: Wrong Number,Linux,115,18,71.3077,16,78.3227,336
2126,Hotline Miami 2: Wrong Number,PC (Microsoft Windows),115,18,71.3077,16,78.3227,336
2126,Hotline Miami 2: Wrong Number,Mac,115,18,71.3077,16,78.3227,336
2126,Hotline Miami 2: Wrong Number,PlayStation 4,115,18,71.3077,16,78.3227,336
2126,Hotline Miami 2: Wrong Number,Xbox One,115,18,71.3077,16,78.3227,336
2126,Hotline Miami 2: Wrong Number,Nintendo Switch,115,18,71.3077,16,78.3227,336
2126,Hotline Miami 2: Wrong Number,PlayStation 5,115,18,71.3077,16,78.3227,336
7533,Tera,PC (Microsoft Windows),28,NULL,72.8000,7,64.9129,79
7533,Tera,PlayStation 4,28,NULL,72.8000,7,64.9129,79
7533,Tera,Xbox One,28,NULL,72.8000,7,64.9129,79
58597,Hungry Shark World,Android,NULL,NULL,NULL,NULL,74.5557,11
58597,Hungry Shark World,iOS,NULL,NULL,NULL,NULL,74.5557,11
58597,Hungry Shark World,PlayStation 4,NULL,NULL,NULL,NULL,74.5557,11
58597,Hungry Shark World,Xbox One,NULL,NULL,NULL,NULL,74.5557,11
58597,Hungry Shark World,Nintendo Switch,NULL,NULL,NULL,NULL,74.5557,11
7348,Halo: The Master Chief Collection,PC (Microsoft Windows),85,4,86.0000,17,86.0875,195
7348,Halo: The Master Chief Collection,Xbox One,85,4,86.0000,17,86.0875,195
1547,Virtua Fighter 2,Linux,8,NULL,NULL,NULL,83.0308,47
1547,Virtua Fighter 2,PC (Microsoft Windows),8,NULL,NULL,NULL,83.0308,47
1547,Virtua Fighter 2,Mac,8,NULL,NULL,NULL,83.0308,47
22439,The Witcher 3: Wild Hunt - Game of the Year Edition,PC (Microsoft Windows),208,NULL,NULL,NULL,98.6597,490
22439,The Witcher 3: Wild Hunt - Game of the Year Edition,PlayStation 4,208,NULL,NULL,NULL,98.6597,490
22439,The Witcher 3: Wild Hunt - Game of the Year Edition,Xbox One,208,NULL,NULL,NULL,98.6597,490
134438,Kingdoms of Amalur: Re-Reckoning,PC (Microsoft Windows),3,15,78.3333,8,69.5187,13
134438,Kingdoms of Amalur: Re-Reckoning,PlayStation 4,3,15,78.3333,8,69.5187,13
134438,Kingdoms of Amalur: Re-Reckoning,Xbox One,3,15,78.3333,8,69.5187,13
134438,Kingdoms of Amalur: Re-Reckoning,Nintendo Switch,3,15,78.3333,8,69.5187,13
13205,Astroneer,PC (Microsoft Windows),63,17,80.7500,4,75.5980,94
13205,Astroneer,PlayStation 4,63,17,80.7500,4,75.5980,94
13205,Astroneer,Xbox One,63,17,80.7500,4,75.5980,94
13205,Astroneer,Nintendo Switch,63,17,80.7500,4,75.5980,94
194404,The Quarry,PC (Microsoft Windows),14,5,83.2500,12,75.1515,106
194404,The Quarry,PlayStation 4,14,5,83.2500,12,75.1515,106
194404,The Quarry,Xbox One,14,5,83.2500,12,75.1515,106
194404,The Quarry,PlayStation 5,14,5,83.2500,12,75.1515,106
119305,LEGO Star Wars: The Skywalker Saga,PC (Microsoft Windows),18,37,82.2222,12,79.5537,49
119305,LEGO Star Wars: The Skywalker Saga,PlayStation 4,18,37,82.2222,12,79.5537,49
119305,LEGO Star Wars: The Skywalker Saga,Xbox One,18,37,82.2222,12,79.5537,49
119305,LEGO Star Wars: The Skywalker Saga,Nintendo Switch,18,37,82.2222,12,79.5537,49
119305,LEGO Star Wars: The Skywalker Saga,PlayStation 5,18,37,82.2222,12,79.5537,49
5638,Costume Quest 2,Linux,17,4,65.0000,6,71.2628,27
5638,Costume Quest 2,PC (Microsoft Windows),17,4,65.0000,6,71.2628,27
5638,Costume Quest 2,Mac,17,4,65.0000,6,71.2628,27
5638,Costume Quest 2,PlayStation 4,17,4,65.0000,6,71.2628,27
5638,Costume Quest 2,Xbox One,17,4,65.0000,6,71.2628,27
6292,Black Desert,PC (Microsoft Windows),48,4,75.0000,6,66.6539,98
6292,Black Desert,PlayStation 4,48,4,75.0000,6,66.6539,98
6292,Black Desert,Xbox One,48,4,75.0000,6,66.6539,98
12198,Umineko no Naku Koro ni,PC (Microsoft Windows),20,NULL,80.0000,1,91.1609,31
33967,Higurashi When They Cry Hou: Ch.1 Onikakushi,Linux,2,NULL,NULL,NULL,69.7501,11
33967,Higurashi When They Cry Hou: Ch.1 Onikakushi,PC (Microsoft Windows),2,NULL,NULL,NULL,69.7501,11
33967,Higurashi When They Cry Hou: Ch.1 Onikakushi,Mac,2,NULL,NULL,NULL,69.7501,11
33967,Higurashi When They Cry Hou: Ch.1 Onikakushi,Nintendo Switch,2,NULL,NULL,NULL,69.7501,11
19164,Borderlands 3,PC (Microsoft Windows),141,53,81.0000,20,77.7409,306
19164,Borderlands 3,Mac,141,53,81.0000,20,77.7409,306
19164,Borderlands 3,PlayStation 4,141,53,81.0000,20,77.7409,306
19164,Borderlands 3,Xbox One,141,53,81.0000,20,77.7409,306
19164,Borderlands 3,PlayStation 5,141,53,81.0000,20,77.7409,306
44076,Last Day on Earth: Survival,Android,21,NULL,NULL,NULL,67.0342,25
44076,Last Day on Earth: Survival,iOS,21,NULL,NULL,NULL,67.0342,25
125166,Battlefield 2042,PC (Microsoft Windows),21,24,69.1111,13,55.5770,50
125166,Battlefield 2042,PlayStation 4,21,24,69.1111,13,55.5770,50
125166,Battlefield 2042,Xbox One,21,24,69.1111,13,55.5770,50
125166,Battlefield 2042,PlayStation 5,21,24,69.1111,13,55.5770,50
127044,Marvel's Spider-Man 2,PlayStation 5,8,18,92.2857,10,88.3134,38
233585,Hi-Fi Rush,PC (Microsoft Windows),7,1,85.0000,10,89.4982,64
36662,Need for Speed: Payback,PC (Microsoft Windows),138,11,54.1250,20,62.2798,164
36662,Need for Speed: Payback,PlayStation 4,138,11,54.1250,20,62.2798,164
36662,Need for Speed: Payback,Xbox One,138,11,54.1250,20,62.2798,164
23331,Rise of the Tomb Raider: 20 Year Celebration,Linux,59,NULL,91.4286,9,82.3827,75
23331,Rise of the Tomb Raider: 20 Year Celebration,PC (Microsoft Windows),59,NULL,91.4286,9,82.3827,75
23331,Rise of the Tomb Raider: 20 Year Celebration,Mac,59,NULL,91.4286,9,82.3827,75
23331,Rise of the Tomb Raider: 20 Year Celebration,PlayStation 4,59,NULL,91.4286,9,82.3827,75
23331,Rise of the Tomb Raider: 20 Year Celebration,Xbox One,59,NULL,91.4286,9,82.3827,75
3759,Feeding Frenzy,PC (Microsoft Windows),9,NULL,55.0000,2,72.7089,22
3759,Feeding Frenzy,Mac,9,NULL,55.0000,2,72.7089,22
37016,Metro Exodus,PC (Microsoft Windows),240,110,83.2500,15,83.2042,432
37016,Metro Exodus,PlayStation 4,240,110,83.2500,15,83.2042,432
37016,Metro Exodus,Xbox One,240,110,83.2500,15,83.2042,432
37016,Metro Exodus,PlayStation 5,240,110,83.2500,15,83.2042,432
103015,Yakuza 3 Remastered,PC (Microsoft Windows),1,NULL,NULL,NULL,70.0020,37
103015,Yakuza 3 Remastered,PlayStation 4,1,NULL,NULL,NULL,70.0020,37
103015,Yakuza 3 Remastered,Xbox One,1,NULL,NULL,NULL,70.0020,37
75297,EA Sports UFC 3,PlayStation 4,12,1,80.0000,8,63.6393,20
75297,EA Sports UFC 3,Xbox One,12,1,80.0000,8,63.6393,20
37001,Ori and the Will of the Wisps,PC (Microsoft Windows),99,66,90.7500,16,87.1405,382
37001,Ori and the Will of the Wisps,Xbox One,99,66,90.7500,16,87.1405,382
37001,Ori and the Will of the Wisps,Nintendo Switch,99,66,90.7500,16,87.1405,382
18538,Zoo Tycoon,PC (Microsoft Windows),8,NULL,62.5000,5,66.0614,13
18538,Zoo Tycoon,Xbox One,8,NULL,62.5000,5,66.0614,13
14741,Psychonauts 2,Linux,59,67,87.1111,11,89.0108,112
14741,Psychonauts 2,PC (Microsoft Windows),59,67,87.1111,11,89.0108,112
14741,Psychonauts 2,Mac,59,67,87.1111,11,89.0108,112
14741,Psychonauts 2,PlayStation 4,59,67,87.1111,11,89.0108,112
14741,Psychonauts 2,Xbox One,59,67,87.1111,11,89.0108,112
82090,Forza Horizon 4,PC (Microsoft Windows),73,15,90.7857,17,82.3597,283
82090,Forza Horizon 4,Xbox One,73,15,90.7857,17,82.3597,283
207393,NBA 2K23,PC (Microsoft Windows),2,NULL,79.7500,7,71.3253,13
207393,NBA 2K23,PlayStation 4,2,NULL,79.7500,7,71.3253,13
207393,NBA 2K23,Xbox One,2,NULL,79.7500,7,71.3253,13
207393,NBA 2K23,Nintendo Switch,2,NULL,79.7500,7,71.3253,13
207393,NBA 2K23,PlayStation 5,2,NULL,79.7500,7,71.3253,13
204628,Wo Long: Fallen Dynasty,PC (Microsoft Windows),7,22,83.8333,10,73.5996,26
204628,Wo Long: Fallen Dynasty,PlayStation 4,7,22,83.8333,10,73.5996,26
204628,Wo Long: Fallen Dynasty,Xbox One,7,22,83.8333,10,73.5996,26
204628,Wo Long: Fallen Dynasty,PlayStation 5,7,22,83.8333,10,73.5996,26
20392,Portal Knights,PC (Microsoft Windows),14,2,73.7500,4,67.9017,19
20392,Portal Knights,Android,14,2,73.7500,4,67.9017,19
20392,Portal Knights,iOS,14,2,73.7500,4,67.9017,19
20392,Portal Knights,PlayStation 4,14,2,73.7500,4,67.9017,19
20392,Portal Knights,Xbox One,14,2,73.7500,4,67.9017,19
20392,Portal Knights,Nintendo Switch,14,2,73.7500,4,67.9017,19
3239,Space Engineers,PC (Microsoft Windows),20,5,80.0000,1,63.2339,37
3239,Space Engineers,PlayStation 4,20,5,80.0000,1,63.2339,37
3239,Space Engineers,Xbox One,20,5,80.0000,1,63.2339,37
3239,Space Engineers,PlayStation 5,20,5,80.0000,1,63.2339,37
95062,Call of Duty: Modern Warfare 2 Campaign Remastered,PC (Microsoft Windows),22,NULL,74.0000,6,80.2019,56
95062,Call of Duty: Modern Warfare 2 Campaign Remastered,PlayStation 4,22,NULL,74.0000,6,80.2019,56
95062,Call of Duty: Modern Warfare 2 Campaign Remastered,Xbox One,22,NULL,74.0000,6,80.2019,56
89594,Monster Sanctuary,Linux,1,1,85.0000,1,89.1092,20
89594,Monster Sanctuary,PC (Microsoft Windows),1,1,85.0000,1,89.1092,20
89594,Monster Sanctuary,Mac,1,1,85.0000,1,89.1092,20
89594,Monster Sanctuary,PlayStation 4,1,1,85.0000,1,89.1092,20
89594,Monster Sanctuary,Xbox One,1,1,85.0000,1,89.1092,20
89594,Monster Sanctuary,Nintendo Switch,1,1,85.0000,1,89.1092,20
14390,Outlast II,PC (Microsoft Windows),74,20,77.8824,20,70.1911,142
14390,Outlast II,Mac,74,20,77.8824,20,70.1911,142
14390,Outlast II,PlayStation 4,74,20,77.8824,20,70.1911,142
14390,Outlast II,Xbox One,74,20,77.8824,20,70.1911,142
14390,Outlast II,Nintendo Switch,74,20,77.8824,20,70.1911,142
475,Star Wars: The Force Unleashed,PC (Microsoft Windows),90,NULL,62.2222,11,73.9894,370
475,Star Wars: The Force Unleashed,Mac,90,NULL,62.2222,11,73.9894,370
475,Star Wars: The Force Unleashed,iOS,90,NULL,62.2222,11,73.9894,370
475,Star Wars: The Force Unleashed,Nintendo Switch,90,NULL,62.2222,11,73.9894,370
137001,Call of Duty: Black Ops Cold War,PC (Microsoft Windows),16,3,76.8889,12,72.4922,85
137001,Call of Duty: Black Ops Cold War,PlayStation 4,16,3,76.8889,12,72.4922,85
137001,Call of Duty: Black Ops Cold War,Xbox One,16,3,76.8889,12,72.4922,85
137001,Call of Duty: Black Ops Cold War,PlayStation 5,16,3,76.8889,12,72.4922,85
83727,Call of Duty: Black Ops 4,PC (Microsoft Windows),63,7,83.5000,21,67.1672,136
83727,Call of Duty: Black Ops 4,PlayStation 4,63,7,83.5000,21,67.1672,136
83727,Call of Duty: Black Ops 4,Xbox One,63,7,83.5000,21,67.1672,136
8944,Penumbra: Overture,Linux,25,NULL,74.0000,4,76.2824,63
8944,Penumbra: Overture,PC (Microsoft Windows),25,NULL,74.0000,4,76.2824,63
8944,Penumbra: Overture,Mac,25,NULL,74.0000,4,76.2824,63
119177,Call of Duty: Modern Warfare,PC (Microsoft Windows),85,20,78.6667,17,80.4404,270
119177,Call of Duty: Modern Warfare,PlayStation 4,85,20,78.6667,17,80.4404,270
119177,Call of Duty: Modern Warfare,Xbox One,85,20,78.6667,17,80.4404,270
2045,Penumbra: Black Plague,Linux,30,NULL,80.0000,2,80.0913,60
2045,Penumbra: Black Plague,PC (Microsoft Windows),30,NULL,80.0000,2,80.0913,60
2045,Penumbra: Black Plague,Mac,30,NULL,80.0000,2,80.0913,60
204623,Pentiment,PC (Microsoft Windows),1,5,83.8000,8,88.5948,39
204623,Pentiment,Xbox One,1,5,83.8000,8,88.5948,39
8652,Axiom Verge,Linux,42,1,83.8667,18,75.5272,117
8652,Axiom Verge,PC (Microsoft Windows),42,1,83.8667,18,75.5272,117
8652,Axiom Verge,Mac,42,1,83.8667,18,75.5272,117
8652,Axiom Verge,PlayStation 4,42,1,83.8667,18,75.5272,117
8652,Axiom Verge,Xbox One,42,1,83.8667,18,75.5272,117
8652,Axiom Verge,Nintendo Switch,42,1,83.8667,18,75.5272,117
2368,Dark Souls II,PC (Microsoft Windows),217,6,90.2500,22,79.0949,642
111,Amnesia: The Dark Descent,Linux,173,NULL,89.0000,3,78.5713,390
111,Amnesia: The Dark Descent,PC (Microsoft Windows),173,NULL,89.0000,3,78.5713,390
111,Amnesia: The Dark Descent,Mac,173,NULL,89.0000,3,78.5713,390
111,Amnesia: The Dark Descent,PlayStation 4,173,NULL,89.0000,3,78.5713,390
111,Amnesia: The Dark Descent,Xbox One,173,NULL,89.0000,3,78.5713,390
19456,Ori and the Blind Forest: Definitive Edition,PC (Microsoft Windows),59,1,86.2857,7,85.4896,222
19456,Ori and the Blind Forest: Definitive Edition,Xbox One,59,1,86.2857,7,85.4896,222
19456,Ori and the Blind Forest: Definitive Edition,Nintendo Switch,59,1,86.2857,7,85.4896,222
131888,Hotshot Racing,PC (Microsoft Windows),4,3,66.2500,6,70.6377,16
131888,Hotshot Racing,PlayStation 4,4,3,66.2500,6,70.6377,16
131888,Hotshot Racing,Xbox One,4,3,66.2500,6,70.6377,16
131888,Hotshot Racing,Nintendo Switch,4,3,66.2500,6,70.6377,16
7329,Dead Island 2,PC (Microsoft Windows),158,150,74.3333,11,67.2879,24
7329,Dead Island 2,PlayStation 4,158,150,74.3333,11,67.2879,24
7329,Dead Island 2,Xbox One,158,150,74.3333,11,67.2879,24
7329,Dead Island 2,PlayStation 5,158,150,74.3333,11,67.2879,24
545,Call of Duty: Black Ops,PC (Microsoft Windows),234,NULL,81.4167,17,79.5727,997
545,Call of Duty: Black Ops,Mac,234,NULL,81.4167,17,79.5727,997
142076,Cruelty Squad,PC (Microsoft Windows),1,1,93.0000,1,89.1060,14
135655,Shadow Warrior 3,PC (Microsoft Windows),5,9,55.8333,9,63.4027,25
135655,Shadow Warrior 3,PlayStation 4,5,9,55.8333,9,63.4027,25
135655,Shadow Warrior 3,Xbox One,5,9,55.8333,9,63.4027,25
135655,Shadow Warrior 3,PlayStation 5,5,9,55.8333,9,63.4027,25
12595,Yakuza Kiwami,PC (Microsoft Windows),43,2,82.1667,20,80.6900,191
12595,Yakuza Kiwami,PlayStation 4,43,2,82.1667,20,80.6900,191
12595,Yakuza Kiwami,Xbox One,43,2,82.1667,20,80.6900,191
119298,Blair Witch,PC (Microsoft Windows),21,7,72.0909,14,75.0434,75
119298,Blair Witch,PlayStation 4,21,7,72.0909,14,75.0434,75
119298,Blair Witch,Xbox One,21,7,72.0909,14,75.0434,75
119298,Blair Witch,Nintendo Switch,21,7,72.0909,14,75.0434,75
1314,Medal of Honor: Airborne,PC (Microsoft Windows),40,NULL,82.0000,6,72.3688,151
111837,Cloudpunk,PC (Microsoft Windows),10,7,75.7143,8,70.6386,34
111837,Cloudpunk,PlayStation 4,10,7,75.7143,8,70.6386,34
111837,Cloudpunk,Xbox One,10,7,75.7143,8,70.6386,34
111837,Cloudpunk,Nintendo Switch,10,7,75.7143,8,70.6386,34
111837,Cloudpunk,PlayStation 5,10,7,75.7143,8,70.6386,34
120436,One Piece: Pirate Warriors 4,PC (Microsoft Windows),11,3,75.1429,8,89.1198,15
120436,One Piece: Pirate Warriors 4,PlayStation 4,11,3,75.1429,8,89.1198,15
120436,One Piece: Pirate Warriors 4,Xbox One,11,3,75.1429,8,89.1198,15
120436,One Piece: Pirate Warriors 4,Nintendo Switch,11,3,75.1429,8,89.1198,15
120560,60 Seconds! Reatomized,PC (Microsoft Windows),3,NULL,NULL,NULL,75.7873,15
120560,60 Seconds! Reatomized,Mac,3,NULL,NULL,NULL,75.7873,15
120560,60 Seconds! Reatomized,iOS,3,NULL,NULL,NULL,75.7873,15
120560,60 Seconds! Reatomized,PlayStation 4,3,NULL,NULL,NULL,75.7873,15
120560,60 Seconds! Reatomized,Xbox One,3,NULL,NULL,NULL,75.7873,15
120560,60 Seconds! Reatomized,Nintendo Switch,3,NULL,NULL,NULL,75.7873,15
17479,The Wild Eight,PC (Microsoft Windows),16,11,70.0000,1,70.0746,11
17479,The Wild Eight,PlayStation 4,16,11,70.0000,1,70.0746,11
17479,The Wild Eight,Xbox One,16,11,70.0000,1,70.0746,11
125764,Guilty Gear: Strive,PC (Microsoft Windows),5,4,82.7143,9,92.6637,23
125764,Guilty Gear: Strive,PlayStation 4,5,4,82.7143,9,92.6637,23
125764,Guilty Gear: Strive,Xbox One,5,4,82.7143,9,92.6637,23
125764,Guilty Gear: Strive,PlayStation 5,5,4,82.7143,9,92.6637,23
11778,Muv-Luv,PC (Microsoft Windows),7,NULL,78.5000,3,79.4163,17
430,Call of Juarez: Bound In Blood,PC (Microsoft Windows),62,NULL,78.5714,10,76.6174,150
9196,Five Nights at Freddy's 3,PC (Microsoft Windows),8,NULL,75.0000,1,66.1998,59
116238,Sniper Elite 5,PC (Microsoft Windows),9,1,80.5714,9,70.8067,22
116238,Sniper Elite 5,PlayStation 4,9,1,80.5714,9,70.8067,22
116238,Sniper Elite 5,Xbox One,9,1,80.5714,9,70.8067,22
116238,Sniper Elite 5,PlayStation 5,9,1,80.5714,9,70.8067,22
44545,Dragon Age: Inquisition - Game of the Year Edition,PC (Microsoft Windows),5,NULL,NULL,NULL,87.9144,20
44545,Dragon Age: Inquisition - Game of the Year Edition,PlayStation 4,5,NULL,NULL,NULL,87.9144,20
44545,Dragon Age: Inquisition - Game of the Year Edition,Xbox One,5,NULL,NULL,NULL,87.9144,20
2682,LEGO Star Wars: The Complete Saga,PC (Microsoft Windows),59,NULL,85.0000,2,82.3640,299
2682,LEGO Star Wars: The Complete Saga,Mac,59,NULL,85.0000,2,82.3640,299
2682,LEGO Star Wars: The Complete Saga,Android,59,NULL,85.0000,2,82.3640,299
2682,LEGO Star Wars: The Complete Saga,iOS,59,NULL,85.0000,2,82.3640,299
547,Gears of War,PC (Microsoft Windows),114,NULL,83.7500,5,81.0295,429
27270,Payday 3,PC (Microsoft Windows),7,10,64.4000,7,59.9821,13
27270,Payday 3,PlayStation 5,7,10,64.4000,7,59.9821,13
1081,The Elder Scrolls Online,PC (Microsoft Windows),130,13,70.4375,20,72.0432,245
1081,The Elder Scrolls Online,Mac,130,13,70.4375,20,72.0432,245
1081,The Elder Scrolls Online,PlayStation 4,130,13,70.4375,20,72.0432,245
1081,The Elder Scrolls Online,Xbox One,130,13,70.4375,20,72.0432,245
1081,The Elder Scrolls Online,PlayStation 5,130,13,70.4375,20,72.0432,245
28380,Darksiders III,PC (Microsoft Windows),88,41,64.9375,16,71.1949,101
28380,Darksiders III,PlayStation 4,88,41,64.9375,16,71.1949,101
28380,Darksiders III,Xbox One,88,41,64.9375,16,71.1949,101
28380,Darksiders III,Nintendo Switch,88,41,64.9375,16,71.1949,101
6574,Bully: Scholarship Edition,PC (Microsoft Windows),54,NULL,80.0000,6,79.0655,158
7431,Ristar,Linux,5,NULL,NULL,NULL,71.7082,34
7431,Ristar,PC (Microsoft Windows),5,NULL,NULL,NULL,71.7082,34
7431,Ristar,Android,5,NULL,NULL,NULL,71.7082,34
28540,Assassin's Creed Origins,PC (Microsoft Windows),440,88,85.9333,19,82.4687,770
28540,Assassin's Creed Origins,PlayStation 4,440,88,85.9333,19,82.4687,770
28540,Assassin's Creed Origins,Xbox One,440,88,85.9333,19,82.4687,770
28540,Assassin's Creed Origins,PlayStation 5,440,88,85.9333,19,82.4687,770
18866,Dead by Daylight,PC (Microsoft Windows),365,NULL,67.1111,11,71.7656,213
18866,Dead by Daylight,PlayStation 4,365,NULL,67.1111,11,71.7656,213
18866,Dead by Daylight,Xbox One,365,NULL,67.1111,11,71.7656,213
18866,Dead by Daylight,Nintendo Switch,365,NULL,67.1111,11,71.7656,213
18866,Dead by Daylight,PlayStation 5,365,NULL,67.1111,11,71.7656,213
11177,Gang Beasts,Linux,65,NULL,64.6000,9,73.0691,81
11177,Gang Beasts,PC (Microsoft Windows),65,NULL,64.6000,9,73.0691,81
11177,Gang Beasts,Mac,65,NULL,64.6000,9,73.0691,81
11177,Gang Beasts,PlayStation 4,65,NULL,64.6000,9,73.0691,81
11177,Gang Beasts,Xbox One,65,NULL,64.6000,9,73.0691,81
11177,Gang Beasts,Nintendo Switch,65,NULL,64.6000,9,73.0691,81
186725,Vampire Survivors,PC (Microsoft Windows),9,NULL,89.2500,5,80.4828,131
186725,Vampire Survivors,Mac,9,NULL,89.2500,5,80.4828,131
186725,Vampire Survivors,Android,9,NULL,89.2500,5,80.4828,131
186725,Vampire Survivors,iOS,9,NULL,89.2500,5,80.4828,131
186725,Vampire Survivors,Xbox One,9,NULL,89.2500,5,80.4828,131
186725,Vampire Survivors,Nintendo Switch,9,NULL,89.2500,5,80.4828,131
15734,Pony Island,Linux,29,NULL,92.0000,3,74.9009,108
15734,Pony Island,PC (Microsoft Windows),29,NULL,92.0000,3,74.9009,108
15734,Pony Island,Mac,29,NULL,92.0000,3,74.9009,108
730,Grand Theft Auto III,PC (Microsoft Windows),372,1,95.0000,4,85.0619,1253
730,Grand Theft Auto III,Mac,372,1,95.0000,4,85.0619,1253
730,Grand Theft Auto III,Android,372,1,95.0000,4,85.0619,1253
730,Grand Theft Auto III,iOS,372,1,95.0000,4,85.0619,1253
730,Grand Theft Auto III,PlayStation 4,372,1,95.0000,4,85.0619,1253
11076,Drawn to Death,PlayStation 4,7,1,60.0000,10,58.4421,16
187,Indiana Jones and the Emperor's Tomb,PC (Microsoft Windows),13,NULL,59.3333,6,73.5890,38
187,Indiana Jones and the Emperor's Tomb,Mac,13,NULL,59.3333,6,73.5890,38
254339,Super Mario Bros. Wonder,Nintendo Switch,9,NULL,95.0000,10,90.3815,33
31551,Final Fantasy XVI,PC (Microsoft Windows),NULL,27,95.0000,10,88.6267,48
31551,Final Fantasy XVI,PlayStation 5,NULL,27,95.0000,10,88.6267,48
7331,Uncharted 4: A Thief's End,PlayStation 4,639,64,93.2400,26,90.9445,1852
11392,Chaos;Head,PC (Microsoft Windows),2,NULL,NULL,NULL,79.4114,14
11392,Chaos;Head,Android,2,NULL,NULL,NULL,79.4114,14
11392,Chaos;Head,iOS,2,NULL,NULL,NULL,79.4114,14
3076,Guns of Icarus Online,Linux,10,NULL,NULL,NULL,53.0804,36
3076,Guns of Icarus Online,PC (Microsoft Windows),10,NULL,NULL,NULL,53.0804,36
3076,Guns of Icarus Online,Mac,10,NULL,NULL,NULL,53.0804,36
204849,The Looker,PC (Microsoft Windows),NULL,NULL,NULL,NULL,69.9478,23
79994,Night Call,PC (Microsoft Windows),6,5,60.0000,4,67.3968,18
79994,Night Call,Mac,6,5,60.0000,4,67.3968,18
79994,Night Call,Android,6,5,60.0000,4,67.3968,18
79994,Night Call,iOS,6,5,60.0000,4,67.3968,18
79994,Night Call,Xbox One,6,5,60.0000,4,67.3968,18
79994,Night Call,Nintendo Switch,6,5,60.0000,4,67.3968,18
36651,Extinction,PC (Microsoft Windows),29,3,51.7000,11,50.0000,4
36651,Extinction,PlayStation 4,29,3,51.7000,11,50.0000,4
36651,Extinction,Xbox One,29,3,51.7000,11,50.0000,4
16741,Blade & Soul,PC (Microsoft Windows),12,NULL,65.5000,4,63.8626,27
145099,Death's Door,PC (Microsoft Windows),10,7,87.0000,13,81.8086,91
145099,Death's Door,PlayStation 4,10,7,87.0000,13,81.8086,91
145099,Death's Door,Xbox One,10,7,87.0000,13,81.8086,91
145099,Death's Door,Nintendo Switch,10,7,87.0000,13,81.8086,91
145099,Death's Door,PlayStation 5,10,7,87.0000,13,81.8086,91
11821,Fran Bow,Linux,23,NULL,75.0000,1,70.0499,72
11821,Fran Bow,PC (Microsoft Windows),23,NULL,75.0000,1,70.0499,72
11821,Fran Bow,Mac,23,NULL,75.0000,1,70.0499,72
11821,Fran Bow,PlayStation 4,23,NULL,75.0000,1,70.0499,72
11821,Fran Bow,Xbox One,23,NULL,75.0000,1,70.0499,72
11821,Fran Bow,Nintendo Switch,23,NULL,75.0000,1,70.0499,72
116,Star Wars: Knights of the Old Republic,PC (Microsoft Windows),402,2,93.6667,12,90.7655,1086
116,Star Wars: Knights of the Old Republic,Mac,402,2,93.6667,12,90.7655,1086
116,Star Wars: Knights of the Old Republic,Android,402,2,93.6667,12,90.7655,1086
116,Star Wars: Knights of the Old Republic,iOS,402,2,93.6667,12,90.7655,1086
116,Star Wars: Knights of the Old Republic,Nintendo Switch,402,2,93.6667,12,90.7655,1086
472,The Elder Scrolls V: Skyrim,PC (Microsoft Windows),1053,NULL,96.1111,12,87.7620,3070
138590,PowerWash Simulator,PC (Microsoft Windows),1,1,78.6667,4,70.3863,24
138590,PowerWash Simulator,PlayStation 4,1,1,78.6667,4,70.3863,24
138590,PowerWash Simulator,Xbox One,1,1,78.6667,4,70.3863,24
138590,PowerWash Simulator,Nintendo Switch,1,1,78.6667,4,70.3863,24
138590,PowerWash Simulator,PlayStation 5,1,1,78.6667,4,70.3863,24
14593,Hollow Knight,Linux,198,3,91.2500,10,92.6528,1211
14593,Hollow Knight,PC (Microsoft Windows),198,3,91.2500,10,92.6528,1211
14593,Hollow Knight,Mac,198,3,91.2500,10,92.6528,1211
14593,Hollow Knight,Nintendo Switch,198,3,91.2500,10,92.6528,1211
769,Lara Croft and the Guardian of Light,PC (Microsoft Windows),29,NULL,78.8750,10,74.6869,91
769,Lara Croft and the Guardian of Light,Android,29,NULL,78.8750,10,74.6869,91
769,Lara Croft and the Guardian of Light,iOS,29,NULL,78.8750,10,74.6869,91
769,Lara Croft and the Guardian of Light,Nintendo Switch,29,NULL,78.8750,10,74.6869,91
11582,Stellaris,Linux,75,3,78.5455,12,78.2099,193
11582,Stellaris,PC (Microsoft Windows),75,3,78.5455,12,78.2099,193
11582,Stellaris,Mac,75,3,78.5455,12,78.2099,193
11582,Stellaris,PlayStation 4,75,3,78.5455,12,78.2099,193
11582,Stellaris,Xbox One,75,3,78.5455,12,78.2099,193
19988,Samurai Shodown IV: Amakusa's Revenge,PC (Microsoft Windows),1,NULL,NULL,NULL,70.1523,16
19988,Samurai Shodown IV: Amakusa's Revenge,Nintendo Switch,1,NULL,NULL,NULL,70.1523,16
9047,Besiege,Linux,24,7,85.0000,1,75.3338,56
9047,Besiege,PC (Microsoft Windows),24,7,85.0000,1,75.3338,56
9047,Besiege,Mac,24,7,85.0000,1,75.3338,56
9047,Besiege,Xbox One,24,7,85.0000,1,75.3338,56
119171,Baldur's Gate 3,PC (Microsoft Windows),24,39,94.7778,16,95.3470,145
119171,Baldur's Gate 3,Mac,24,39,94.7778,16,95.3470,145
119171,Baldur's Gate 3,PlayStation 5,24,39,94.7778,16,95.3470,145
78,Dragon Age II,PC (Microsoft Windows),144,NULL,76.2857,11,74.2730,556
78,Dragon Age II,Mac,144,NULL,76.2857,11,74.2730,556
119308,Ghostwire: Tokyo,PC (Microsoft Windows),7,55,76.7143,14,76.9379,103
119308,Ghostwire: Tokyo,PlayStation 5,7,55,76.7143,14,76.9379,103
202939,Altered Beast,Linux,1,NULL,50.0000,1,33.7530,17
202939,Altered Beast,PC (Microsoft Windows),1,NULL,50.0000,1,33.7530,17
202939,Altered Beast,Mac,1,NULL,50.0000,1,33.7530,17
4157,Sonic Mega Collection,PC (Microsoft Windows),9,NULL,70.0000,2,88.8264,27
2623,Shinobi III: Return of the Ninja Master,Linux,10,NULL,NULL,NULL,79.5133,42
2623,Shinobi III: Return of the Ninja Master,PC (Microsoft Windows),10,NULL,NULL,NULL,79.5133,42
2623,Shinobi III: Return of the Ninja Master,Mac,10,NULL,NULL,NULL,79.5133,42
2604,Altered Beast,iOS,18,NULL,45.0000,0,64.7202,100
3217,Alex Kidd in the Enchanted Castle,Linux,3,NULL,NULL,NULL,62.3461,26
3217,Alex Kidd in the Enchanted Castle,PC (Microsoft Windows),3,NULL,NULL,NULL,62.3461,26
3217,Alex Kidd in the Enchanted Castle,Mac,3,NULL,NULL,NULL,62.3461,26
16214,Golden Axe II,PC (Microsoft Windows),15,NULL,NULL,NULL,77.9804,55
4511,Bonanza Bros.,Linux,NULL,NULL,NULL,NULL,62.1603,13
4511,Bonanza Bros.,PC (Microsoft Windows),NULL,NULL,NULL,NULL,62.1603,13
4511,Bonanza Bros.,Mac,NULL,NULL,NULL,NULL,62.1603,13
141503,Forza Horizon 5,PC (Microsoft Windows),41,16,94.5556,12,84.8006,164
141503,Forza Horizon 5,Xbox One,41,16,94.5556,12,84.8006,164
17000,Stardew Valley,Linux,252,1,90.5385,17,86.7207,1061
17000,Stardew Valley,PC (Microsoft Windows),252,1,90.5385,17,86.7207,1061
17000,Stardew Valley,Mac,252,1,90.5385,17,86.7207,1061
17000,Stardew Valley,Android,252,1,90.5385,17,86.7207,1061
17000,Stardew Valley,iOS,252,1,90.5385,17,86.7207,1061
17000,Stardew Valley,PlayStation 4,252,1,90.5385,17,86.7207,1061
17000,Stardew Valley,Xbox One,252,1,90.5385,17,86.7207,1061
17000,Stardew Valley,Nintendo Switch,252,1,90.5385,17,86.7207,1061
103017,Yakuza 5 Remastered,PC (Microsoft Windows),4,NULL,NULL,NULL,75.7296,24
103017,Yakuza 5 Remastered,PlayStation 4,4,NULL,NULL,NULL,75.7296,24
103017,Yakuza 5 Remastered,Xbox One,4,NULL,NULL,NULL,75.7296,24
7082,Worms Clan Wars,PC (Microsoft Windows),3,NULL,NULL,NULL,68.1311,11
123,World of Warcraft,PC (Microsoft Windows),251,NULL,86.2500,10,84.5052,637
123,World of Warcraft,Mac,251,NULL,86.2500,10,84.5052,637
205780,FIFA 23,PC (Microsoft Windows),6,1,80.6667,5,64.3947,39
205780,FIFA 23,PlayStation 4,6,1,80.6667,5,64.3947,39
205780,FIFA 23,PlayStation 5,6,1,80.6667,5,64.3947,39
7349,Mass Effect: Andromeda,PC (Microsoft Windows),388,177,73.2174,30,70.7019,422
7349,Mass Effect: Andromeda,PlayStation 4,388,177,73.2174,30,70.7019,422
7349,Mass Effect: Andromeda,Xbox One,388,177,73.2174,30,70.7019,422
8083,The Smurfs,PC (Microsoft Windows),4,NULL,NULL,NULL,64.3565,19
23248,Frostpunk,PC (Microsoft Windows),84,14,86.2222,10,85.5286,272
23248,Frostpunk,Mac,84,14,86.2222,10,85.5286,272
23248,Frostpunk,PlayStation 4,84,14,86.2222,10,85.5286,272
23248,Frostpunk,Xbox One,84,14,86.2222,10,85.5286,272
121998,Medieval Dynasty,PC (Microsoft Windows),6,1,74.0000,1,66.3011,18
121998,Medieval Dynasty,PlayStation 4,6,1,74.0000,1,66.3011,18
121998,Medieval Dynasty,Xbox One,6,1,74.0000,1,66.3011,18
121998,Medieval Dynasty,PlayStation 5,6,1,74.0000,1,66.3011,18
126290,Far Cry 6,PC (Microsoft Windows),36,31,81.8182,14,71.5408,113
126290,Far Cry 6,PlayStation 4,36,31,81.8182,14,71.5408,113
126290,Far Cry 6,Xbox One,36,31,81.8182,14,71.5408,113
126290,Far Cry 6,PlayStation 5,36,31,81.8182,14,71.5408,113
134070,Mafia: Definitive Edition,PC (Microsoft Windows),27,9,74.7273,13,79.1068,226
134070,Mafia: Definitive Edition,PlayStation 4,27,9,74.7273,13,79.1068,226
134070,Mafia: Definitive Edition,Xbox One,27,9,74.7273,13,79.1068,226
7291,Hunt: Showdown,PC (Microsoft Windows),51,18,74.8000,6,73.6897,65
7291,Hunt: Showdown,PlayStation 4,51,18,74.8000,6,73.6897,65
7291,Hunt: Showdown,Xbox One,51,18,74.8000,6,73.6897,65
34951,Dead Island: Definitive Edition,Linux,11,NULL,NULL,NULL,79.9509,33
34951,Dead Island: Definitive Edition,PC (Microsoft Windows),11,NULL,NULL,NULL,79.9509,33
34951,Dead Island: Definitive Edition,PlayStation 4,11,NULL,NULL,NULL,79.9509,33
34951,Dead Island: Definitive Edition,Xbox One,11,NULL,NULL,NULL,79.9509,33
103289,Battletoads,PC (Microsoft Windows),11,8,67.6250,9,67.8113,19
103289,Battletoads,Xbox One,11,8,67.6250,9,67.8113,19
4477,Eternal Champions,Linux,1,NULL,NULL,NULL,67.6277,18
4477,Eternal Champions,PC (Microsoft Windows),1,NULL,NULL,NULL,67.6277,18
4477,Eternal Champions,Mac,1,NULL,NULL,NULL,67.6277,18
195517,Return to Monkey Island,Linux,6,11,91.7500,10,82.1808,42
195517,Return to Monkey Island,PC (Microsoft Windows),6,11,91.7500,10,82.1808,42
195517,Return to Monkey Island,Mac,6,11,91.7500,10,82.1808,42
195517,Return to Monkey Island,Android,6,11,91.7500,10,82.1808,42
195517,Return to Monkey Island,iOS,6,11,91.7500,10,82.1808,42
195517,Return to Monkey Island,Nintendo Switch,6,11,91.7500,10,82.1808,42
195517,Return to Monkey Island,PlayStation 5,6,11,91.7500,10,82.1808,42
4481,Wonder Boy III: Monster Lair,Linux,2,NULL,NULL,NULL,70.4163,11
4481,Wonder Boy III: Monster Lair,PC (Microsoft Windows),2,NULL,NULL,NULL,70.4163,11
4481,Wonder Boy III: Monster Lair,Mac,2,NULL,NULL,NULL,70.4163,11
4498,Space Harrier II,Linux,2,NULL,NULL,NULL,69.5909,15
4498,Space Harrier II,PC (Microsoft Windows),2,NULL,NULL,NULL,69.5909,15
4498,Space Harrier II,Mac,2,NULL,NULL,NULL,69.5909,15
4498,Space Harrier II,Android,2,NULL,NULL,NULL,69.5909,15
4498,Space Harrier II,iOS,2,NULL,NULL,NULL,69.5909,15
15299,Beyond Oasis,Linux,4,NULL,NULL,NULL,77.0395,25
15299,Beyond Oasis,PC (Microsoft Windows),4,NULL,NULL,NULL,77.0395,25
15299,Beyond Oasis,Mac,4,NULL,NULL,NULL,77.0395,25
15299,Beyond Oasis,Android,4,NULL,NULL,NULL,77.0395,25
3327,The Revenge of Shinobi,PC (Microsoft Windows),8,NULL,NULL,NULL,74.0018,40
3327,The Revenge of Shinobi,Android,8,NULL,NULL,NULL,74.0018,40
3327,The Revenge of Shinobi,iOS,8,NULL,NULL,NULL,74.0018,40
4490,Alien Soldier,Linux,2,NULL,NULL,NULL,79.4779,27
4490,Alien Soldier,PC (Microsoft Windows),2,NULL,NULL,NULL,79.4779,27
4490,Alien Soldier,Mac,2,NULL,NULL,NULL,79.4779,27
9476,Sonic 3D Blast,Linux,10,NULL,NULL,NULL,60.9806,74
9476,Sonic 3D Blast,PC (Microsoft Windows),10,NULL,NULL,NULL,60.9806,74
9476,Sonic 3D Blast,Mac,10,NULL,NULL,NULL,60.9806,74
24958,.Flow,PC (Microsoft Windows),3,NULL,NULL,NULL,82.2145,11
2031,Wolfenstein: The New Order,PC (Microsoft Windows),342,11,77.3125,19,81.7738,1014
2031,Wolfenstein: The New Order,PlayStation 4,342,11,77.3125,19,81.7738,1014
2031,Wolfenstein: The New Order,Xbox One,342,11,77.3125,19,81.7738,1014
119403,New Super Lucky's Tale,PC (Microsoft Windows),10,2,78.1667,7,79.9659,18
119403,New Super Lucky's Tale,PlayStation 4,10,2,78.1667,7,79.9659,18
119403,New Super Lucky's Tale,Xbox One,10,2,78.1667,7,79.9659,18
119403,New Super Lucky's Tale,Nintendo Switch,10,2,78.1667,7,79.9659,18
29144,Lonely Mountains: Downhill,PC (Microsoft Windows),4,5,88.0000,5,70.6805,36
29144,Lonely Mountains: Downhill,Mac,4,5,88.0000,5,70.6805,36
29144,Lonely Mountains: Downhill,PlayStation 4,4,5,88.0000,5,70.6805,36
29144,Lonely Mountains: Downhill,Xbox One,4,5,88.0000,5,70.6805,36
29144,Lonely Mountains: Downhill,Nintendo Switch,4,5,88.0000,5,70.6805,36
103281,Halo Infinite,PC (Microsoft Windows),49,151,87.8889,11,82.1076,157
103281,Halo Infinite,Xbox One,49,151,87.8889,11,82.1076,157
185246,Alan Wake II,PC (Microsoft Windows),9,16,90.7500,7,86.4736,15
185246,Alan Wake II,PlayStation 5,9,16,90.7500,7,86.4736,15
87,Dune 2000,PC (Microsoft Windows),24,NULL,NULL,NULL,79.6760,68
51267,Umineko no Naku Koro ni Chiru,PC (Microsoft Windows),2,NULL,NULL,NULL,96.6275,24
14903,Assassin's Creed Chronicles: Russia,PC (Microsoft Windows),32,1,55.5000,10,68.0221,44
14903,Assassin's Creed Chronicles: Russia,PlayStation 4,32,1,55.5000,10,68.0221,44
14903,Assassin's Creed Chronicles: Russia,Xbox One,32,1,55.5000,10,68.0221,44
7360,Tom Clancy's Rainbow Six Siege,PC (Microsoft Windows),228,27,74.1667,19,79.6291,381
7360,Tom Clancy's Rainbow Six Siege,PlayStation 4,228,27,74.1667,19,79.6291,381
7360,Tom Clancy's Rainbow Six Siege,Xbox One,228,27,74.1667,19,79.6291,381
7360,Tom Clancy's Rainbow Six Siege,PlayStation 5,228,27,74.1667,19,79.6291,381
103320,The Forgotten City,PC (Microsoft Windows),11,7,90.0000,6,83.3173,101
103320,The Forgotten City,Mac,11,7,90.0000,6,83.3173,101
103320,The Forgotten City,PlayStation 4,11,7,90.0000,6,83.3173,101
103320,The Forgotten City,Xbox One,11,7,90.0000,6,83.3173,101
103320,The Forgotten City,PlayStation 5,11,7,90.0000,6,83.3173,101
19083,Drawful 2,Linux,13,1,77.5000,2,79.8707,26
19083,Drawful 2,PC (Microsoft Windows),13,1,77.5000,2,79.8707,26
19083,Drawful 2,Mac,13,1,77.5000,2,79.8707,26
19083,Drawful 2,PlayStation 4,13,1,77.5000,2,79.8707,26
19083,Drawful 2,Xbox One,13,1,77.5000,2,79.8707,26
19083,Drawful 2,Nintendo Switch,13,1,77.5000,2,79.8707,26
36402,Shantae: Risky's Revenge - Director's Cut,PC (Microsoft Windows),2,NULL,78.0000,1,78.3798,15
36402,Shantae: Risky's Revenge - Director's Cut,PlayStation 4,2,NULL,78.0000,1,78.3798,15
36402,Shantae: Risky's Revenge - Director's Cut,Xbox One,2,NULL,78.0000,1,78.3798,15
36402,Shantae: Risky's Revenge - Director's Cut,Nintendo Switch,2,NULL,78.0000,1,78.3798,15
36402,Shantae: Risky's Revenge - Director's Cut,PlayStation 5,2,NULL,78.0000,1,78.3798,15
3160,From Dust,PC (Microsoft Windows),19,NULL,80.0000,9,74.7973,48
3160,From Dust,Web browser,19,NULL,80.0000,9,74.7973,48
144072,Hot Wheels Unleashed,PC (Microsoft Windows),8,4,68.3750,10,73.0608,29
144072,Hot Wheels Unleashed,PlayStation 4,8,4,68.3750,10,73.0608,29
144072,Hot Wheels Unleashed,Xbox One,8,4,68.3750,10,73.0608,29
144072,Hot Wheels Unleashed,Nintendo Switch,8,4,68.3750,10,73.0608,29
144072,Hot Wheels Unleashed,PlayStation 5,8,4,68.3750,10,73.0608,29
96213,The Jackbox Party Pack 5,Linux,NULL,1,78.6667,6,79.6430,17
96213,The Jackbox Party Pack 5,PC (Microsoft Windows),NULL,1,78.6667,6,79.6430,17
96213,The Jackbox Party Pack 5,Mac,NULL,1,78.6667,6,79.6430,17
96213,The Jackbox Party Pack 5,Android,NULL,1,78.6667,6,79.6430,17
96213,The Jackbox Party Pack 5,iOS,NULL,1,78.6667,6,79.6430,17
96213,The Jackbox Party Pack 5,PlayStation 4,NULL,1,78.6667,6,79.6430,17
96213,The Jackbox Party Pack 5,Xbox One,NULL,1,78.6667,6,79.6430,17
96213,The Jackbox Party Pack 5,Nintendo Switch,NULL,1,78.6667,6,79.6430,17
19686,Resident Evil 2,PC (Microsoft Windows),132,46,92.8333,16,88.2169,814
19686,Resident Evil 2,PlayStation 4,132,46,92.8333,16,88.2169,814
19686,Resident Evil 2,Xbox One,132,46,92.8333,16,88.2169,814
19686,Resident Evil 2,PlayStation 5,132,46,92.8333,16,88.2169,814
20313,Monopoly Plus,PC (Microsoft Windows),11,NULL,60.0000,1,63.1613,22
20313,Monopoly Plus,PlayStation 4,11,NULL,60.0000,1,63.1613,22
20313,Monopoly Plus,Xbox One,11,NULL,60.0000,1,63.1613,22
19452,Wonder Boy: The Dragon's Trap,Linux,14,1,81.4615,14,72.0562,40
19452,Wonder Boy: The Dragon's Trap,PC (Microsoft Windows),14,1,81.4615,14,72.0562,40
19452,Wonder Boy: The Dragon's Trap,Mac,14,1,81.4615,14,72.0562,40
19452,Wonder Boy: The Dragon's Trap,Android,14,1,81.4615,14,72.0562,40
19452,Wonder Boy: The Dragon's Trap,iOS,14,1,81.4615,14,72.0562,40
19452,Wonder Boy: The Dragon's Trap,PlayStation 4,14,1,81.4615,14,72.0562,40
19452,Wonder Boy: The Dragon's Trap,Xbox One,14,1,81.4615,14,72.0562,40
19452,Wonder Boy: The Dragon's Trap,Nintendo Switch,14,1,81.4615,14,72.0562,40
19452,Wonder Boy: The Dragon's Trap,PlayStation 5,14,1,81.4615,14,72.0562,40
26972,Death Squared,Linux,8,NULL,70.4286,7,76.1484,12
26972,Death Squared,PC (Microsoft Windows),8,NULL,70.4286,7,76.1484,12
26972,Death Squared,Mac,8,NULL,70.4286,7,76.1484,12
26972,Death Squared,Android,8,NULL,70.4286,7,76.1484,12
26972,Death Squared,PlayStation 4,8,NULL,70.4286,7,76.1484,12
26972,Death Squared,Xbox One,8,NULL,70.4286,7,76.1484,12
26972,Death Squared,Nintendo Switch,8,NULL,70.4286,7,76.1484,12
8263,Assassin's Creed Syndicate,PC (Microsoft Windows),242,20,72.1579,22,74.5466,607
8263,Assassin's Creed Syndicate,PlayStation 4,242,20,72.1579,22,74.5466,607
8263,Assassin's Creed Syndicate,Xbox One,242,20,72.1579,22,74.5466,607
13182,Far Cry: Primal,PC (Microsoft Windows),136,11,76.1500,23,72.1787,335
13182,Far Cry: Primal,PlayStation 4,136,11,76.1500,23,72.1787,335
13182,Far Cry: Primal,Xbox One,136,11,76.1500,23,72.1787,335
55042,Blazing Chrome,PC (Microsoft Windows),9,3,77.2500,10,79.1195,34
55042,Blazing Chrome,PlayStation 4,9,3,77.2500,10,79.1195,34
55042,Blazing Chrome,Xbox One,9,3,77.2500,10,79.1195,34
55042,Blazing Chrome,Nintendo Switch,9,3,77.2500,10,79.1195,34
36856,The Mummy: Demastered,Linux,12,1,74.0000,6,73.0164,18
36856,The Mummy: Demastered,PC (Microsoft Windows),12,1,74.0000,6,73.0164,18
36856,The Mummy: Demastered,PlayStation 4,12,1,74.0000,6,73.0164,18
36856,The Mummy: Demastered,Xbox One,12,1,74.0000,6,73.0164,18
36856,The Mummy: Demastered,Nintendo Switch,12,1,74.0000,6,73.0164,18
8430,Shantae and the Pirate's Curse,PC (Microsoft Windows),32,NULL,82.2000,5,81.7004,77
8430,Shantae and the Pirate's Curse,PlayStation 4,32,NULL,82.2000,5,81.7004,77
8430,Shantae and the Pirate's Curse,Xbox One,32,NULL,82.2000,5,81.7004,77
8430,Shantae and the Pirate's Curse,Nintendo Switch,32,NULL,82.2000,5,81.7004,77
8430,Shantae and the Pirate's Curse,PlayStation 5,32,NULL,82.2000,5,81.7004,77
116138,Castlevania Anniversary Collection,PC (Microsoft Windows),2,NULL,81.0000,5,79.8990,11
116138,Castlevania Anniversary Collection,PlayStation 4,2,NULL,81.0000,5,79.8990,11
116138,Castlevania Anniversary Collection,Xbox One,2,NULL,81.0000,5,79.8990,11
116138,Castlevania Anniversary Collection,Nintendo Switch,2,NULL,81.0000,5,79.8990,11
1905,Fortnite,PC (Microsoft Windows),332,16,82.6000,10,70.3669,632
1905,Fortnite,Mac,332,16,82.6000,10,70.3669,632
1905,Fortnite,Android,332,16,82.6000,10,70.3669,632
1905,Fortnite,iOS,332,16,82.6000,10,70.3669,632
1905,Fortnite,PlayStation 4,332,16,82.6000,10,70.3669,632
1905,Fortnite,Xbox One,332,16,82.6000,10,70.3669,632
1905,Fortnite,Nintendo Switch,332,16,82.6000,10,70.3669,632
1905,Fortnite,PlayStation 5,332,16,82.6000,10,70.3669,632
20089,Kung Fu Panda: Showdown of Legendary Legends,Linux,6,NULL,60.0000,1,43.0919,11
20089,Kung Fu Panda: Showdown of Legendary Legends,PC (Microsoft Windows),6,NULL,60.0000,1,43.0919,11
20089,Kung Fu Panda: Showdown of Legendary Legends,PlayStation 4,6,NULL,60.0000,1,43.0919,11
20089,Kung Fu Panda: Showdown of Legendary Legends,Xbox One,6,NULL,60.0000,1,43.0919,11
119388,The Legend of Zelda: Tears of the Kingdom,Nintendo Switch,1,79,95.3333,9,95.1898,221
38967,Cooking Simulator,PC (Microsoft Windows),94,84,NULL,NULL,71.6356,39
38967,Cooking Simulator,PlayStation 4,94,84,NULL,NULL,71.6356,39
38967,Cooking Simulator,Xbox One,94,84,NULL,NULL,71.6356,39
38967,Cooking Simulator,Nintendo Switch,94,84,NULL,NULL,71.6356,39
8773,Homeworld: Remastered Collection,PC (Microsoft Windows),36,2,87.5000,5,93.3477,58
8773,Homeworld: Remastered Collection,Mac,36,2,87.5000,5,93.3477,58
107178,The Textorcist: The Story of Ray Bibbia,PC (Microsoft Windows),2,NULL,82.5000,2,65.4270,12
107178,The Textorcist: The Story of Ray Bibbia,Mac,2,NULL,82.5000,2,65.4270,12
10591,NecroVisioN,PC (Microsoft Windows),4,NULL,60.0000,1,60.2962,20
18375,System Shock,Linux,64,59,77.5000,5,80.2722,21
18375,System Shock,PC (Microsoft Windows),64,59,77.5000,5,80.2722,21
18375,System Shock,Mac,64,59,77.5000,5,80.2722,21
18375,System Shock,PlayStation 4,64,59,77.5000,5,80.2722,21
18375,System Shock,Xbox One,64,59,77.5000,5,80.2722,21
18375,System Shock,PlayStation 5,64,59,77.5000,5,80.2722,21
11172,TrackMania Turbo,PC (Microsoft Windows),31,5,80.0909,13,79.7682,67
11172,TrackMania Turbo,PlayStation 4,31,5,80.0909,13,79.7682,67
11172,TrackMania Turbo,Xbox One,31,5,80.0909,13,79.7682,67
24463,Wheels of Aurelia,Linux,7,NULL,60.0000,1,46.1613,15
24463,Wheels of Aurelia,PC (Microsoft Windows),7,NULL,60.0000,1,46.1613,15
24463,Wheels of Aurelia,Mac,7,NULL,60.0000,1,46.1613,15
24463,Wheels of Aurelia,Android,7,NULL,60.0000,1,46.1613,15
24463,Wheels of Aurelia,iOS,7,NULL,60.0000,1,46.1613,15
24463,Wheels of Aurelia,PlayStation 4,7,NULL,60.0000,1,46.1613,15
24463,Wheels of Aurelia,Xbox One,7,NULL,60.0000,1,46.1613,15
24463,Wheels of Aurelia,Nintendo Switch,7,NULL,60.0000,1,46.1613,15
72870,Horizon Zero Dawn: Complete Edition,PC (Microsoft Windows),50,NULL,92.5000,2,89.4123,141
72870,Horizon Zero Dawn: Complete Edition,PlayStation 4,50,NULL,92.5000,2,89.4123,141
109277,Samurai Shodown,PC (Microsoft Windows),10,1,81.2857,9,74.8818,22
109277,Samurai Shodown,PlayStation 4,10,1,81.2857,9,74.8818,22
109277,Samurai Shodown,Xbox One,10,1,81.2857,9,74.8818,22
109277,Samurai Shodown,Nintendo Switch,10,1,81.2857,9,74.8818,22
7570,Assassin's Creed Rogue,PC (Microsoft Windows),152,2,70.9167,13,72.8110,418
7570,Assassin's Creed Rogue,Nintendo Switch,152,2,70.9167,13,72.8110,418
46800,Maneater,PC (Microsoft Windows),15,11,72.8571,18,72.8755,58
46800,Maneater,PlayStation 4,15,11,72.8571,18,72.8755,58
46800,Maneater,Xbox One,15,11,72.8571,18,72.8755,58
46800,Maneater,Nintendo Switch,15,11,72.8571,18,72.8755,58
46800,Maneater,PlayStation 5,15,11,72.8571,18,72.8755,58
131705,Sludge Life,PC (Microsoft Windows),7,1,NULL,NULL,61.8773,15
131705,Sludge Life,Nintendo Switch,7,1,NULL,NULL,61.8773,15
11560,AER: Memories of Old,Linux,25,6,68.0000,4,66.6864,52
11560,AER: Memories of Old,PC (Microsoft Windows),25,6,68.0000,4,66.6864,52
11560,AER: Memories of Old,Mac,25,6,68.0000,4,66.6864,52
11560,AER: Memories of Old,PlayStation 4,25,6,68.0000,4,66.6864,52
11560,AER: Memories of Old,Xbox One,25,6,68.0000,4,66.6864,52
11560,AER: Memories of Old,Nintendo Switch,25,6,68.0000,4,66.6864,52
2750,Pac-Man,PC (Microsoft Windows),39,NULL,78.6667,3,78.1208,231
9066,Cities: Skylines,Linux,247,2,76.2308,16,80.8921,517
9066,Cities: Skylines,PC (Microsoft Windows),247,2,76.2308,16,80.8921,517
9066,Cities: Skylines,Mac,247,2,76.2308,16,80.8921,517
9066,Cities: Skylines,PlayStation 4,247,2,76.2308,16,80.8921,517
9066,Cities: Skylines,Xbox One,247,2,76.2308,16,80.8921,517
9066,Cities: Skylines,PlayStation 5,247,2,76.2308,16,80.8921,517
1339,Psychonauts,Linux,101,NULL,84.8333,7,83.7577,312
1339,Psychonauts,PC (Microsoft Windows),101,NULL,84.8333,7,83.7577,312
1339,Psychonauts,Mac,101,NULL,84.8333,7,83.7577,312
1339,Psychonauts,PlayStation 4,101,NULL,84.8333,7,83.7577,312
1339,Psychonauts,Xbox One,101,NULL,84.8333,7,83.7577,312
107215,SnowRunner,PC (Microsoft Windows),40,16,81.0000,4,73.2665,34
107215,SnowRunner,Mac,40,16,81.0000,4,73.2665,34
107215,SnowRunner,PlayStation 4,40,16,81.0000,4,73.2665,34
107215,SnowRunner,Xbox One,40,16,81.0000,4,73.2665,34
107215,SnowRunner,Nintendo Switch,40,16,81.0000,4,73.2665,34
107215,SnowRunner,PlayStation 5,40,16,81.0000,4,73.2665,34
92,Need for Speed III: Hot Pursuit,PC (Microsoft Windows),56,NULL,NULL,NULL,79.0089,207
11452,Revelations: Persona,PC (Microsoft Windows),10,NULL,NULL,NULL,70.0019,24
222654,Devil May Cry,PC (Microsoft Windows),1,NULL,NULL,NULL,79.4603,13
222654,Devil May Cry,PlayStation 4,1,NULL,NULL,NULL,79.4603,13
222654,Devil May Cry,Xbox One,1,NULL,NULL,NULL,79.4603,13
222654,Devil May Cry,Nintendo Switch,1,NULL,NULL,NULL,79.4603,13
20545,Devil May Cry 3: Dante's Awakening - Special Edition,PC (Microsoft Windows),17,NULL,90.0000,1,87.0326,98
113112,Hades,PC (Microsoft Windows),91,3,94.0625,20,91.7743,807
113112,Hades,Mac,91,3,94.0625,20,91.7743,807
113112,Hades,PlayStation 4,91,3,94.0625,20,91.7743,807
113112,Hades,Xbox One,91,3,94.0625,20,91.7743,807
113112,Hades,Nintendo Switch,91,3,94.0625,20,91.7743,807
113112,Hades,PlayStation 5,91,3,94.0625,20,91.7743,807
9927,Persona 5,PlayStation 4,250,34,93.5714,23,92.9538,765
9538,Original War,PC (Microsoft Windows),8,1,80.0000,1,90.2522,11
117731,Persona 5 Strikers,PC (Microsoft Windows),17,3,81.2308,16,79.4615,53
117731,Persona 5 Strikers,PlayStation 4,17,3,81.2308,16,79.4615,53
117731,Persona 5 Strikers,Nintendo Switch,17,3,81.2308,16,79.4615,53
21032,Ys I & II Chronicles+,PC (Microsoft Windows),5,1,60.0000,1,70.7340,16
2934,Knights of Pen and Paper +1 Edition,Linux,6,NULL,85.0000,2,79.1869,13
2934,Knights of Pen and Paper +1 Edition,PC (Microsoft Windows),6,NULL,85.0000,2,79.1869,13
2934,Knights of Pen and Paper +1 Edition,Mac,6,NULL,85.0000,2,79.1869,13
2934,Knights of Pen and Paper +1 Edition,Android,6,NULL,85.0000,2,79.1869,13
2934,Knights of Pen and Paper +1 Edition,iOS,6,NULL,85.0000,2,79.1869,13
2934,Knights of Pen and Paper +1 Edition,PlayStation 4,6,NULL,85.0000,2,79.1869,13
2934,Knights of Pen and Paper +1 Edition,Xbox One,6,NULL,85.0000,2,79.1869,13
2934,Knights of Pen and Paper +1 Edition,Nintendo Switch,6,NULL,85.0000,2,79.1869,13
2002,Banished,PC (Microsoft Windows),53,6,68.3333,3,71.6887,158
19474,Gwent: The Witcher Card Game,PC (Microsoft Windows),66,13,85.0000,3,78.2509,126
19474,Gwent: The Witcher Card Game,Android,66,13,85.0000,3,78.2509,126
19474,Gwent: The Witcher Card Game,iOS,66,13,85.0000,3,78.2509,126
19474,Gwent: The Witcher Card Game,PlayStation 4,66,13,85.0000,3,78.2509,126
19474,Gwent: The Witcher Card Game,Xbox One,66,13,85.0000,3,78.2509,126
2935,"Papers, Please",Linux,150,NULL,82.4000,5,81.6636,512
2935,"Papers, Please",PC (Microsoft Windows),150,NULL,82.4000,5,81.6636,512
2935,"Papers, Please",Mac,150,NULL,82.4000,5,81.6636,512
2935,"Papers, Please",Android,150,NULL,82.4000,5,81.6636,512
2935,"Papers, Please",iOS,150,NULL,82.4000,5,81.6636,512
9806,Hyper Light Drifter,Linux,113,10,88.9091,12,81.9245,208
9806,Hyper Light Drifter,PC (Microsoft Windows),113,10,88.9091,12,81.9245,208
9806,Hyper Light Drifter,Mac,113,10,88.9091,12,81.9245,208
9806,Hyper Light Drifter,PlayStation 4,113,10,88.9091,12,81.9245,208
9806,Hyper Light Drifter,Xbox One,113,10,88.9091,12,81.9245,208
9241,The Escapists,Linux,39,2,68.9091,12,55.4703,69
9241,The Escapists,PC (Microsoft Windows),39,2,68.9091,12,55.4703,69
9241,The Escapists,Mac,39,2,68.9091,12,55.4703,69
9241,The Escapists,Android,39,2,68.9091,12,55.4703,69
9241,The Escapists,iOS,39,2,68.9091,12,55.4703,69
9241,The Escapists,PlayStation 4,39,2,68.9091,12,55.4703,69
9241,The Escapists,Xbox One,39,2,68.9091,12,55.4703,69
6611,Botanicula,Linux,39,NULL,82.3333,3,77.0810,110
6611,Botanicula,PC (Microsoft Windows),39,NULL,82.3333,3,77.0810,110
6611,Botanicula,Mac,39,NULL,82.3333,3,77.0810,110
6611,Botanicula,Android,39,NULL,82.3333,3,77.0810,110
6611,Botanicula,iOS,39,NULL,82.3333,3,77.0810,110
11657,Epistory: Typing Chronicles,Linux,9,1,82.5000,3,70.0176,24
11657,Epistory: Typing Chronicles,PC (Microsoft Windows),9,1,82.5000,3,70.0176,24
11657,Epistory: Typing Chronicles,Mac,9,1,82.5000,3,70.0176,24
11657,Epistory: Typing Chronicles,Nintendo Switch,9,1,82.5000,3,70.0176,24
16665,The Legend of Heroes: Trails in the Sky SC,PC (Microsoft Windows),9,NULL,80.0000,2,90.0425,33
8587,Uplink,Linux,10,NULL,70.0000,2,80.0444,20
8587,Uplink,PC (Microsoft Windows),10,NULL,70.0000,2,80.0444,20
8587,Uplink,Mac,10,NULL,70.0000,2,80.0444,20
8587,Uplink,Android,10,NULL,70.0000,2,80.0444,20
8587,Uplink,iOS,10,NULL,70.0000,2,80.0444,20
16493,Another World: 20th Anniversary Edition,Linux,8,NULL,60.0000,1,78.1845,19
16493,Another World: 20th Anniversary Edition,PC (Microsoft Windows),8,NULL,60.0000,1,78.1845,19
16493,Another World: 20th Anniversary Edition,Mac,8,NULL,60.0000,1,78.1845,19
16493,Another World: 20th Anniversary Edition,Android,8,NULL,60.0000,1,78.1845,19
16493,Another World: 20th Anniversary Edition,iOS,8,NULL,60.0000,1,78.1845,19
16493,Another World: 20th Anniversary Edition,PlayStation 4,8,NULL,60.0000,1,78.1845,19
16493,Another World: 20th Anniversary Edition,Xbox One,8,NULL,60.0000,1,78.1845,19
16493,Another World: 20th Anniversary Edition,Nintendo Switch,8,NULL,60.0000,1,78.1845,19
27094,Stories Untold,PC (Microsoft Windows),28,1,78.3333,6,79.1692,69
27094,Stories Untold,Mac,28,1,78.3333,6,79.1692,69
27094,Stories Untold,PlayStation 4,28,1,78.3333,6,79.1692,69
27094,Stories Untold,Xbox One,28,1,78.3333,6,79.1692,69
27094,Stories Untold,Nintendo Switch,28,1,78.3333,6,79.1692,69
3077,Sniper Elite,PC (Microsoft Windows),25,NULL,80.5000,3,69.7218,59
26175,Wuppo,PC (Microsoft Windows),5,NULL,77.2000,5,73.3752,12
26175,Wuppo,PlayStation 4,5,NULL,77.2000,5,73.3752,12
26175,Wuppo,Xbox One,5,NULL,77.2000,5,73.3752,12
1961,Dreamfall: The Longest Journey,PC (Microsoft Windows),44,NULL,62.0000,2,81.2628,138
5039,King's Bounty: The Legend,PC (Microsoft Windows),20,NULL,87.2500,5,87.3087,66
5039,King's Bounty: The Legend,Mac,20,NULL,87.2500,5,87.3087,66
127254,Pathfinder: Wrath of the Righteous,PC (Microsoft Windows),4,1,84.6667,3,89.4992,23
127254,Pathfinder: Wrath of the Righteous,PlayStation 4,4,1,84.6667,3,89.4992,23
127254,Pathfinder: Wrath of the Righteous,Xbox One,4,1,84.6667,3,89.4992,23
127254,Pathfinder: Wrath of the Righteous,Nintendo Switch,4,1,84.6667,3,89.4992,23
27911,Dragon Age: Origins - Ultimate Edition,PC (Microsoft Windows),10,NULL,NULL,NULL,86.1999,45
27911,Dragon Age: Origins - Ultimate Edition,Mac,10,NULL,NULL,NULL,86.1999,45
29190,Sacred Gold,PC (Microsoft Windows),4,NULL,NULL,NULL,72.1996,13
8138,Neverending Nightmares,Linux,10,NULL,67.0000,3,72.8979,26
8138,Neverending Nightmares,PC (Microsoft Windows),10,NULL,67.0000,3,72.8979,26
8138,Neverending Nightmares,Mac,10,NULL,67.0000,3,72.8979,26
8138,Neverending Nightmares,PlayStation 4,10,NULL,67.0000,3,72.8979,26
8138,Neverending Nightmares,Nintendo Switch,10,NULL,67.0000,3,72.8979,26
22726,TIS-100,Linux,6,NULL,NULL,NULL,70.3854,13
22726,TIS-100,PC (Microsoft Windows),6,NULL,NULL,NULL,70.3854,13
22726,TIS-100,Mac,6,NULL,NULL,NULL,70.3854,13
10049,Black Mirror III: Final Fear,PC (Microsoft Windows),6,NULL,NULL,NULL,75.2168,26
9376,Death to Spies,PC (Microsoft Windows),6,NULL,70.0000,2,69.9036,11
34783,Call of Cthulhu: Shadow of the Comet,Linux,3,NULL,NULL,NULL,60.9609,11
34783,Call of Cthulhu: Shadow of the Comet,PC (Microsoft Windows),3,NULL,NULL,NULL,60.9609,11
1151,Broken Sword: The Sleeping Dragon,PC (Microsoft Windows),16,NULL,60.0000,2,71.1884,68
27860,Broken Sword: The Smoking Mirror - Remastered,Linux,6,NULL,NULL,NULL,84.1422,37
27860,Broken Sword: The Smoking Mirror - Remastered,PC (Microsoft Windows),6,NULL,NULL,NULL,84.1422,37
27860,Broken Sword: The Smoking Mirror - Remastered,Mac,6,NULL,NULL,NULL,84.1422,37
27860,Broken Sword: The Smoking Mirror - Remastered,Android,6,NULL,NULL,NULL,84.1422,37
27860,Broken Sword: The Smoking Mirror - Remastered,iOS,6,NULL,NULL,NULL,84.1422,37
186,Indiana Jones and the Last Crusade: The Graphic Adventure,Linux,17,NULL,NULL,NULL,83.9682,51
186,Indiana Jones and the Last Crusade: The Graphic Adventure,PC (Microsoft Windows),17,NULL,NULL,NULL,83.9682,51
186,Indiana Jones and the Last Crusade: The Graphic Adventure,Mac,17,NULL,NULL,NULL,83.9682,51
1000,Oddworld: Abe's Exoddus,PC (Microsoft Windows),28,NULL,80.0000,2,83.1096,88
1000,Oddworld: Abe's Exoddus,PlayStation 4,28,NULL,80.0000,2,83.1096,88
1000,Oddworld: Abe's Exoddus,PlayStation 5,28,NULL,80.0000,2,83.1096,88
9349,Delta Force 2,PC (Microsoft Windows),13,NULL,80.0000,1,78.0175,38
86652,Stronghold HD,PC (Microsoft Windows),3,NULL,NULL,NULL,80.0358,15
837,Prince of Persia: Warrior Within,PC (Microsoft Windows),149,NULL,79.6000,7,82.8984,424
837,Prince of Persia: Warrior Within,iOS,149,NULL,79.6000,7,82.8984,424
26674,The Lion's Song,Linux,2,NULL,80.0000,5,79.8927,12
26674,The Lion's Song,PC (Microsoft Windows),2,NULL,80.0000,5,79.8927,12
26674,The Lion's Song,Mac,2,NULL,80.0000,5,79.8927,12
26674,The Lion's Song,Nintendo Switch,2,NULL,80.0000,5,79.8927,12
20048,Darksiders II: Deathinitive Edition,PC (Microsoft Windows),34,NULL,74.9167,13,75.4507,62
20048,Darksiders II: Deathinitive Edition,PlayStation 4,34,NULL,74.9167,13,75.4507,62
20048,Darksiders II: Deathinitive Edition,Xbox One,34,NULL,74.9167,13,75.4507,62
20048,Darksiders II: Deathinitive Edition,Nintendo Switch,34,NULL,74.9167,13,75.4507,62
11272,Chaser,Linux,1,NULL,69.5000,2,64.3261,19
11272,Chaser,PC (Microsoft Windows),1,NULL,69.5000,2,64.3261,19
1404,Metal Slug,Linux,41,NULL,NULL,NULL,81.6845,207
1404,Metal Slug,PC (Microsoft Windows),41,NULL,NULL,NULL,81.6845,207
1404,Metal Slug,Mac,41,NULL,NULL,NULL,81.6845,207
1404,Metal Slug,Android,41,NULL,NULL,NULL,81.6845,207
1404,Metal Slug,iOS,41,NULL,NULL,NULL,81.6845,207
3022,Transistor,Linux,142,4,85.2500,14,83.0129,402
3022,Transistor,PC (Microsoft Windows),142,4,85.2500,14,83.0129,402
3022,Transistor,Mac,142,4,85.2500,14,83.0129,402
3022,Transistor,iOS,142,4,85.2500,14,83.0129,402
3022,Transistor,PlayStation 4,142,4,85.2500,14,83.0129,402
3022,Transistor,Nintendo Switch,142,4,85.2500,14,83.0129,402
27988,Planescape: Torment - Enhanced Edition,Linux,21,1,79.7500,6,79.8039,22
27988,Planescape: Torment - Enhanced Edition,PC (Microsoft Windows),21,1,79.7500,6,79.8039,22
27988,Planescape: Torment - Enhanced Edition,Mac,21,1,79.7500,6,79.8039,22
27988,Planescape: Torment - Enhanced Edition,Android,21,1,79.7500,6,79.8039,22
27988,Planescape: Torment - Enhanced Edition,iOS,21,1,79.7500,6,79.8039,22
27988,Planescape: Torment - Enhanced Edition,PlayStation 4,21,1,79.7500,6,79.8039,22
27988,Planescape: Torment - Enhanced Edition,Xbox One,21,1,79.7500,6,79.8039,22
27988,Planescape: Torment - Enhanced Edition,Nintendo Switch,21,1,79.7500,6,79.8039,22
8732,Dungeons & Dragons: Pool of Radiance,Mac,6,NULL,NULL,NULL,79.2828,19
5628,Luftrausers,Linux,17,NULL,80.4545,11,78.9220,46
5628,Luftrausers,PC (Microsoft Windows),17,NULL,80.4545,11,78.9220,46
5628,Luftrausers,Mac,17,NULL,80.4545,11,78.9220,46
5628,Luftrausers,Android,17,NULL,80.4545,11,78.9220,46
14326,Lovely Planet,Linux,4,NULL,76.6667,3,62.9004,15
14326,Lovely Planet,PC (Microsoft Windows),4,NULL,76.6667,3,62.9004,15
14326,Lovely Planet,Mac,4,NULL,76.6667,3,62.9004,15
14326,Lovely Planet,PlayStation 4,4,NULL,76.6667,3,62.9004,15
14326,Lovely Planet,Xbox One,4,NULL,76.6667,3,62.9004,15
12519,Tooth and Tail,Linux,12,4,82.0000,8,90.8106,19
12519,Tooth and Tail,PC (Microsoft Windows),12,4,82.0000,8,90.8106,19
12519,Tooth and Tail,Mac,12,4,82.0000,8,90.8106,19
12519,Tooth and Tail,PlayStation 4,12,4,82.0000,8,90.8106,19
7876,Race the Sun,Linux,14,NULL,86.0000,2,71.9594,55
7876,Race the Sun,PC (Microsoft Windows),14,NULL,86.0000,2,71.9594,55
7876,Race the Sun,Mac,14,NULL,86.0000,2,71.9594,55
7876,Race the Sun,iOS,14,NULL,86.0000,2,71.9594,55
7876,Race the Sun,PlayStation 4,14,NULL,86.0000,2,71.9594,55
7876,Race the Sun,Xbox One,14,NULL,86.0000,2,71.9594,55
6441,BlazBlue: Calamity Trigger,PC (Microsoft Windows),14,NULL,73.3333,6,76.7138,43
8792,Mount & Blade: With Fire and Sword,PC (Microsoft Windows),6,NULL,80.0000,3,69.3323,42
9143,Guilty Gear X2 #Reload,PC (Microsoft Windows),4,NULL,60.0000,2,91.9558,24
152124,Bramble: The Mountain King,PC (Microsoft Windows),NULL,8,68.0000,1,76.1050,20
152124,Bramble: The Mountain King,PlayStation 4,NULL,8,68.0000,1,76.1050,20
152124,Bramble: The Mountain King,Xbox One,NULL,8,68.0000,1,76.1050,20
152124,Bramble: The Mountain King,Nintendo Switch,NULL,8,68.0000,1,76.1050,20
152124,Bramble: The Mountain King,PlayStation 5,NULL,8,68.0000,1,76.1050,20
8259,Tacoma,Linux,47,10,78.1875,19,71.2660,102
8259,Tacoma,PC (Microsoft Windows),47,10,78.1875,19,71.2660,102
8259,Tacoma,Mac,47,10,78.1875,19,71.2660,102
8259,Tacoma,PlayStation 4,47,10,78.1875,19,71.2660,102
8259,Tacoma,Xbox One,47,10,78.1875,19,71.2660,102
8762,Lumino City,PC (Microsoft Windows),12,NULL,70.0000,2,83.6761,24
8762,Lumino City,Mac,12,NULL,70.0000,2,83.6761,24
8762,Lumino City,Android,12,NULL,70.0000,2,83.6761,24
8762,Lumino City,iOS,12,NULL,70.0000,2,83.6761,24
9730,Firewatch,Linux,283,27,79.2778,21,79.1719,858
9730,Firewatch,PC (Microsoft Windows),283,27,79.2778,21,79.1719,858
9730,Firewatch,Mac,283,27,79.2778,21,79.1719,858
9730,Firewatch,PlayStation 4,283,27,79.2778,21,79.1719,858
9730,Firewatch,Xbox One,283,27,79.2778,21,79.1719,858
9730,Firewatch,Nintendo Switch,283,27,79.2778,21,79.1719,858
356,Quake 4,Linux,45,NULL,74.5000,7,74.6038,169
356,Quake 4,PC (Microsoft Windows),45,NULL,74.5000,7,74.6038,169
356,Quake 4,Mac,45,NULL,74.5000,7,74.6038,169
14,Fallout 2,PC (Microsoft Windows),242,NULL,NULL,NULL,89.7160,646
14,Fallout 2,Mac,242,NULL,NULL,NULL,89.7160,646
1341,Beyond Good & Evil,PC (Microsoft Windows),157,NULL,90.6000,6,86.0907,310
3251,Super Hexagon,Linux,36,NULL,83.3333,3,79.2772,111
3251,Super Hexagon,PC (Microsoft Windows),36,NULL,83.3333,3,79.2772,111
3251,Super Hexagon,Mac,36,NULL,83.3333,3,79.2772,111
3251,Super Hexagon,Android,36,NULL,83.3333,3,79.2772,111
3251,Super Hexagon,iOS,36,NULL,83.3333,3,79.2772,111
14740,The Deadly Tower of Monsters,PC (Microsoft Windows),16,1,75.4000,6,75.8962,43
14740,The Deadly Tower of Monsters,PlayStation 4,16,1,75.4000,6,75.8962,43
9833,Warlords Battlecry II,PC (Microsoft Windows),6,NULL,82.0000,2,88.9639,11
25577,Oh...Sir!! The Insult Simulator,Linux,4,NULL,62.2500,4,67.0875,14
25577,Oh...Sir!! The Insult Simulator,PC (Microsoft Windows),4,NULL,62.2500,4,67.0875,14
25577,Oh...Sir!! The Insult Simulator,Mac,4,NULL,62.2500,4,67.0875,14
25577,Oh...Sir!! The Insult Simulator,Android,4,NULL,62.2500,4,67.0875,14
25577,Oh...Sir!! The Insult Simulator,iOS,4,NULL,62.2500,4,67.0875,14
25577,Oh...Sir!! The Insult Simulator,PlayStation 4,4,NULL,62.2500,4,67.0875,14
25577,Oh...Sir!! The Insult Simulator,Xbox One,4,NULL,62.2500,4,67.0875,14
25577,Oh...Sir!! The Insult Simulator,Nintendo Switch,4,NULL,62.2500,4,67.0875,14
1878,War for the Overworld,Linux,16,4,60.0000,3,77.3870,22
1878,War for the Overworld,PC (Microsoft Windows),16,4,60.0000,3,77.3870,22
1878,War for the Overworld,Mac,16,4,60.0000,3,77.3870,22
26129,The Incredible Adventures of Van Helsing: Final Cut,PC (Microsoft Windows),9,NULL,NULL,NULL,73.8203,13
23294,realMyst: Masterpiece Edition,PC (Microsoft Windows),8,NULL,66.0000,1,87.3581,14
23294,realMyst: Masterpiece Edition,Mac,8,NULL,66.0000,1,87.3581,14
23294,realMyst: Masterpiece Edition,Nintendo Switch,8,NULL,66.0000,1,87.3581,14
27667,Cosmic Star Heroine,PC (Microsoft Windows),3,NULL,77.3333,7,83.8188,12
27667,Cosmic Star Heroine,PlayStation 4,3,NULL,77.3333,7,83.8188,12
27667,Cosmic Star Heroine,Xbox One,3,NULL,77.3333,7,83.8188,12
27667,Cosmic Star Heroine,Nintendo Switch,3,NULL,77.3333,7,83.8188,12
11587,Absolute Drift,Linux,22,NULL,60.0000,1,69.7545,16
11587,Absolute Drift,PC (Microsoft Windows),22,NULL,60.0000,1,69.7545,16
11587,Absolute Drift,Mac,22,NULL,60.0000,1,69.7545,16
11587,Absolute Drift,Android,22,NULL,60.0000,1,69.7545,16
11587,Absolute Drift,iOS,22,NULL,60.0000,1,69.7545,16
11587,Absolute Drift,Nintendo Switch,22,NULL,60.0000,1,69.7545,16
8508,Xenonauts,Linux,13,NULL,70.0000,1,75.5520,11
8508,Xenonauts,PC (Microsoft Windows),13,NULL,70.0000,1,75.5520,11
8508,Xenonauts,Mac,13,NULL,70.0000,1,75.5520,11
149,Star Wars: Starfighter,PC (Microsoft Windows),5,NULL,78.5000,2,63.8339,26
2906,Leisure Suit Larry in the Land of the Lounge Lizards,Linux,11,NULL,NULL,NULL,75.0847,44
2906,Leisure Suit Larry in the Land of the Lounge Lizards,PC (Microsoft Windows),11,NULL,NULL,NULL,75.0847,44
2906,Leisure Suit Larry in the Land of the Lounge Lizards,Mac,11,NULL,NULL,NULL,75.0847,44
248,Populous,PC (Microsoft Windows),8,NULL,NULL,NULL,67.7293,34
248,Populous,Mac,8,NULL,NULL,NULL,67.7293,34
16018,Zombie Shooter 2,PC (Microsoft Windows),2,NULL,NULL,NULL,70.0409,11
8073,King's Bounty: Dark Side,PC (Microsoft Windows),1,NULL,NULL,NULL,54.5839,14
8073,King's Bounty: Dark Side,Mac,1,NULL,NULL,NULL,54.5839,14
3050,Capsized,Linux,4,NULL,63.2000,5,69.9720,19
3050,Capsized,PC (Microsoft Windows),4,NULL,63.2000,5,69.9720,19
3050,Capsized,Mac,4,NULL,63.2000,5,69.9720,19
150,Star Wars: Jedi Knight - Dark Forces II,PC (Microsoft Windows),24,NULL,NULL,NULL,83.2966,85
20329,Figment,Linux,18,NULL,88.6667,3,78.8250,35
20329,Figment,PC (Microsoft Windows),18,NULL,88.6667,3,78.8250,35
20329,Figment,Mac,18,NULL,88.6667,3,78.8250,35
20329,Figment,Android,18,NULL,88.6667,3,78.8250,35
20329,Figment,iOS,18,NULL,88.6667,3,78.8250,35
20329,Figment,PlayStation 4,18,NULL,88.6667,3,78.8250,35
20329,Figment,Xbox One,18,NULL,88.6667,3,78.8250,35
20329,Figment,Nintendo Switch,18,NULL,88.6667,3,78.8250,35
116539,Blood: Fresh Supply,PC (Microsoft Windows),2,NULL,80.0000,3,80.7849,18
110875,Lorelai,PC (Microsoft Windows),1,NULL,NULL,NULL,86.5150,17
99071,Hypnospace Outlaw,Linux,3,NULL,84.3333,6,88.5353,26
99071,Hypnospace Outlaw,PC (Microsoft Windows),3,NULL,84.3333,6,88.5353,26
99071,Hypnospace Outlaw,Mac,3,NULL,84.3333,6,88.5353,26
99071,Hypnospace Outlaw,PlayStation 4,3,NULL,84.3333,6,88.5353,26
99071,Hypnospace Outlaw,Xbox One,3,NULL,84.3333,6,88.5353,26
99071,Hypnospace Outlaw,Nintendo Switch,3,NULL,84.3333,6,88.5353,26
6072,Styx: Master of Shadows,PC (Microsoft Windows),32,2,74.2222,9,73.3970,61
6072,Styx: Master of Shadows,PlayStation 4,32,2,74.2222,9,73.3970,61
6072,Styx: Master of Shadows,Xbox One,32,2,74.2222,9,73.3970,61
5614,Kentucky Route Zero,Linux,42,NULL,88.0000,11,69.3283,78
5614,Kentucky Route Zero,PC (Microsoft Windows),42,NULL,88.0000,11,69.3283,78
5614,Kentucky Route Zero,Mac,42,NULL,88.0000,11,69.3283,78
5614,Kentucky Route Zero,Android,42,NULL,88.0000,11,69.3283,78
5614,Kentucky Route Zero,iOS,42,NULL,88.0000,11,69.3283,78
141543,Road 96,PC (Microsoft Windows),7,4,83.0000,9,74.6453,51
141543,Road 96,PlayStation 4,7,4,83.0000,9,74.6453,51
141543,Road 96,Xbox One,7,4,83.0000,9,74.6453,51
141543,Road 96,Nintendo Switch,7,4,83.0000,9,74.6453,51
141543,Road 96,PlayStation 5,7,4,83.0000,9,74.6453,51
100667,Cube Escape: Paradox,PC (Microsoft Windows),1,NULL,NULL,NULL,59.4482,27
100667,Cube Escape: Paradox,Mac,1,NULL,NULL,NULL,59.4482,27
100667,Cube Escape: Paradox,Android,1,NULL,NULL,NULL,59.4482,27
100667,Cube Escape: Paradox,iOS,1,NULL,NULL,NULL,59.4482,27
23181,OneShot,Linux,16,NULL,NULL,NULL,83.3435,87
23181,OneShot,PC (Microsoft Windows),16,NULL,NULL,NULL,83.3435,87
23181,OneShot,Mac,16,NULL,NULL,NULL,83.3435,87
23181,OneShot,PlayStation 4,16,NULL,NULL,NULL,83.3435,87
23181,OneShot,Xbox One,16,NULL,NULL,NULL,83.3435,87
23181,OneShot,Nintendo Switch,16,NULL,NULL,NULL,83.3435,87
23181,OneShot,PlayStation 5,16,NULL,NULL,NULL,83.3435,87
25849,Off-Peak,PC (Microsoft Windows),3,NULL,NULL,NULL,62.0137,11
1991,Fez,Linux,136,NULL,85.5000,15,80.5715,368
1991,Fez,PC (Microsoft Windows),136,NULL,85.5000,15,80.5715,368
1991,Fez,Mac,136,NULL,85.5000,15,80.5715,368
1991,Fez,iOS,136,NULL,85.5000,15,80.5715,368
1991,Fez,PlayStation 4,136,NULL,85.5000,15,80.5715,368
1991,Fez,Nintendo Switch,136,NULL,85.5000,15,80.5715,368
11092,Anodyne,Linux,4,NULL,69.8000,5,66.8405,30
11092,Anodyne,PC (Microsoft Windows),4,NULL,69.8000,5,66.8405,30
11092,Anodyne,Mac,4,NULL,69.8000,5,66.8405,30
11092,Anodyne,Android,4,NULL,69.8000,5,66.8405,30
11092,Anodyne,iOS,4,NULL,69.8000,5,66.8405,30
11092,Anodyne,PlayStation 4,4,NULL,69.8000,5,66.8405,30
11092,Anodyne,Xbox One,4,NULL,69.8000,5,66.8405,30
11092,Anodyne,Nintendo Switch,4,NULL,69.8000,5,66.8405,30
120552,The White Door,PC (Microsoft Windows),NULL,NULL,77.0000,1,72.2840,19
120552,The White Door,Mac,NULL,NULL,77.0000,1,72.2840,19
120552,The White Door,Android,NULL,NULL,77.0000,1,72.2840,19
120552,The White Door,iOS,NULL,NULL,77.0000,1,72.2840,19
51524,The Walking Dead: The Final Season,PC (Microsoft Windows),42,6,71.2500,7,79.1487,156
51524,The Walking Dead: The Final Season,PlayStation 4,42,6,71.2500,7,79.1487,156
51524,The Walking Dead: The Final Season,Xbox One,42,6,71.2500,7,79.1487,156
51524,The Walking Dead: The Final Season,Nintendo Switch,42,6,71.2500,7,79.1487,156
19637,Star Wars: The Force Unleashed - Ultimate Sith Edition,PC (Microsoft Windows),7,NULL,63.7500,4,77.2119,23
19637,Star Wars: The Force Unleashed - Ultimate Sith Edition,Mac,7,NULL,63.7500,4,77.2119,23
92919,Eliza,Linux,NULL,NULL,NULL,NULL,62.2827,13
92919,Eliza,PC (Microsoft Windows),NULL,NULL,NULL,NULL,62.2827,13
92919,Eliza,Mac,NULL,NULL,NULL,NULL,62.2827,13
92919,Eliza,Nintendo Switch,NULL,NULL,NULL,NULL,62.2827,13
27448,SuperHot: Mind Control Delete,Linux,20,2,83.9000,12,77.9016,66
27448,SuperHot: Mind Control Delete,PC (Microsoft Windows),20,2,83.9000,12,77.9016,66
27448,SuperHot: Mind Control Delete,Mac,20,2,83.9000,12,77.9016,66
27448,SuperHot: Mind Control Delete,PlayStation 4,20,2,83.9000,12,77.9016,66
27448,SuperHot: Mind Control Delete,Xbox One,20,2,83.9000,12,77.9016,66
7205,SuperHot,Linux,264,26,84.7222,19,76.7579,426
7205,SuperHot,PC (Microsoft Windows),264,26,84.7222,19,76.7579,426
7205,SuperHot,Mac,264,26,84.7222,19,76.7579,426
7205,SuperHot,PlayStation 4,264,26,84.7222,19,76.7579,426
7205,SuperHot,Xbox One,264,26,84.7222,19,76.7579,426
7205,SuperHot,Nintendo Switch,264,26,84.7222,19,76.7579,426
5442,Dracula: Origin,PC (Microsoft Windows),5,NULL,60.0000,2,78.2936,11
14587,Oxenfree,Linux,128,NULL,78.5625,17,76.0955,352
14587,Oxenfree,PC (Microsoft Windows),128,NULL,78.5625,17,76.0955,352
14587,Oxenfree,Mac,128,NULL,78.5625,17,76.0955,352
14587,Oxenfree,Android,128,NULL,78.5625,17,76.0955,352
14587,Oxenfree,iOS,128,NULL,78.5625,17,76.0955,352
14587,Oxenfree,PlayStation 4,128,NULL,78.5625,17,76.0955,352
14587,Oxenfree,Xbox One,128,NULL,78.5625,17,76.0955,352
14587,Oxenfree,Nintendo Switch,128,NULL,78.5625,17,76.0955,352
14678,A Good Snowman is Hard to Build,Linux,1,NULL,76.5000,2,69.3479,15
14678,A Good Snowman is Hard to Build,PC (Microsoft Windows),1,NULL,76.5000,2,69.3479,15
14678,A Good Snowman is Hard to Build,Mac,1,NULL,76.5000,2,69.3479,15
14678,A Good Snowman is Hard to Build,Android,1,NULL,76.5000,2,69.3479,15
14678,A Good Snowman is Hard to Build,iOS,1,NULL,76.5000,2,69.3479,15
14678,A Good Snowman is Hard to Build,Nintendo Switch,1,NULL,76.5000,2,69.3479,15
54678,Rusty Lake Paradise,PC (Microsoft Windows),10,2,NULL,NULL,68.3962,35
54678,Rusty Lake Paradise,Mac,10,2,NULL,NULL,68.3962,35
54678,Rusty Lake Paradise,Android,10,2,NULL,NULL,68.3962,35
54678,Rusty Lake Paradise,iOS,10,2,NULL,NULL,68.3962,35
78547,The Council,PC (Microsoft Windows),16,3,69.5385,6,78.8569,57
78547,The Council,PlayStation 4,16,3,69.5385,6,78.8569,57
78547,The Council,Xbox One,16,3,69.5385,6,78.8569,57
24856,Conarium,Linux,19,3,72.0000,2,65.8628,28
24856,Conarium,PC (Microsoft Windows),19,3,72.0000,2,65.8628,28
24856,Conarium,Mac,19,3,72.0000,2,65.8628,28
24856,Conarium,PlayStation 4,19,3,72.0000,2,65.8628,28
24856,Conarium,Xbox One,19,3,72.0000,2,65.8628,28
24856,Conarium,Nintendo Switch,19,3,72.0000,2,65.8628,28
14760,Death's Gambit,PC (Microsoft Windows),33,19,67.0909,12,70.3818,30
14760,Death's Gambit,Mac,33,19,67.0909,12,70.3818,30
14760,Death's Gambit,PlayStation 4,33,19,67.0909,12,70.3818,30
14760,Death's Gambit,Xbox One,33,19,67.0909,12,70.3818,30
14760,Death's Gambit,Nintendo Switch,33,19,67.0909,12,70.3818,30
8729,Vampyr,PC (Microsoft Windows),247,89,68.2941,21,72.5506,207
8729,Vampyr,PlayStation 4,247,89,68.2941,21,72.5506,207
8729,Vampyr,Xbox One,247,89,68.2941,21,72.5506,207
8729,Vampyr,Nintendo Switch,247,89,68.2941,21,72.5506,207
93,Need for Speed: High Stakes,PC (Microsoft Windows),12,NULL,NULL,NULL,72.9513,71
118645,She Sees Red,PC (Microsoft Windows),2,NULL,NULL,NULL,64.0488,21
118645,She Sees Red,Mac,2,NULL,NULL,NULL,64.0488,21
118645,She Sees Red,Android,2,NULL,NULL,NULL,64.0488,21
118645,She Sees Red,iOS,2,NULL,NULL,NULL,64.0488,21
118645,She Sees Red,PlayStation 4,2,NULL,NULL,NULL,64.0488,21
118645,She Sees Red,Xbox One,2,NULL,NULL,NULL,64.0488,21
118645,She Sees Red,Nintendo Switch,2,NULL,NULL,NULL,64.0488,21
26970,Minit,Linux,24,1,77.8571,8,71.8607,100
26970,Minit,PC (Microsoft Windows),24,1,77.8571,8,71.8607,100
26970,Minit,Mac,24,1,77.8571,8,71.8607,100
26970,Minit,Android,24,1,77.8571,8,71.8607,100
26970,Minit,iOS,24,1,77.8571,8,71.8607,100
26970,Minit,PlayStation 4,24,1,77.8571,8,71.8607,100
26970,Minit,Xbox One,24,1,77.8571,8,71.8607,100
26970,Minit,Nintendo Switch,24,1,77.8571,8,71.8607,100
25260,Dusk,Linux,18,4,89.5000,5,83.4041,55
25260,Dusk,PC (Microsoft Windows),18,4,89.5000,5,83.4041,55
25260,Dusk,Mac,18,4,89.5000,5,83.4041,55
25260,Dusk,PlayStation 4,18,4,89.5000,5,83.4041,55
25260,Dusk,Nintendo Switch,18,4,89.5000,5,83.4041,55
124333,Ultrakill,PC (Microsoft Windows),3,1,NULL,NULL,85.3356,28
244,The Bureau: XCOM Declassified,PC (Microsoft Windows),25,NULL,69.2000,11,59.0194,79
244,The Bureau: XCOM Declassified,Mac,25,NULL,69.2000,11,59.0194,79
95032,Crying Suns,PC (Microsoft Windows),5,2,79.5000,2,59.3261,14
95032,Crying Suns,Mac,5,2,79.5000,2,59.3261,14
95032,Crying Suns,Android,5,2,79.5000,2,59.3261,14
95032,Crying Suns,iOS,5,2,79.5000,2,59.3261,14
95032,Crying Suns,Nintendo Switch,5,2,79.5000,2,59.3261,14
113998,Dysmantle,Linux,4,2,83.0000,1,60.4074,20
113998,Dysmantle,PC (Microsoft Windows),4,2,83.0000,1,60.4074,20
113998,Dysmantle,Mac,4,2,83.0000,1,60.4074,20
113998,Dysmantle,iOS,4,2,83.0000,1,60.4074,20
113998,Dysmantle,PlayStation 4,4,2,83.0000,1,60.4074,20
113998,Dysmantle,Xbox One,4,2,83.0000,1,60.4074,20
113998,Dysmantle,Nintendo Switch,4,2,83.0000,1,60.4074,20
113998,Dysmantle,PlayStation 5,4,2,83.0000,1,60.4074,20
10637,Offworld Trading Company,PC (Microsoft Windows),23,NULL,89.3333,4,68.4694,23
10637,Offworld Trading Company,Mac,23,NULL,89.3333,4,68.4694,23
18918,Northgard,Linux,84,3,81.0000,5,71.9109,84
18918,Northgard,PC (Microsoft Windows),84,3,81.0000,5,71.9109,84
18918,Northgard,Mac,84,3,81.0000,5,71.9109,84
18918,Northgard,iOS,84,3,81.0000,5,71.9109,84
18918,Northgard,PlayStation 4,84,3,81.0000,5,71.9109,84
18918,Northgard,Xbox One,84,3,81.0000,5,71.9109,84
18918,Northgard,Nintendo Switch,84,3,81.0000,5,71.9109,84
2974,Surgeon Simulator 2013,Linux,8,NULL,80.8000,7,68.5243,39
2974,Surgeon Simulator 2013,PC (Microsoft Windows),8,NULL,80.8000,7,68.5243,39
2974,Surgeon Simulator 2013,Mac,8,NULL,80.8000,7,68.5243,39
2974,Surgeon Simulator 2013,Android,8,NULL,80.8000,7,68.5243,39
2974,Surgeon Simulator 2013,iOS,8,NULL,80.8000,7,68.5243,39
2974,Surgeon Simulator 2013,PlayStation 4,8,NULL,80.8000,7,68.5243,39
2974,Surgeon Simulator 2013,Nintendo Switch,8,NULL,80.8000,7,68.5243,39
11542,Shenmue III,PC (Microsoft Windows),87,32,67.5455,15,64.9386,20
11542,Shenmue III,PlayStation 4,87,32,67.5455,15,64.9386,20
116100,Neon Abyss,PC (Microsoft Windows),7,4,90.0000,2,72.3060,21
116100,Neon Abyss,PlayStation 4,7,4,90.0000,2,72.3060,21
116100,Neon Abyss,Xbox One,7,4,90.0000,2,72.3060,21
116100,Neon Abyss,Nintendo Switch,7,4,90.0000,2,72.3060,21
21704,Batman: Arkham City - Game of the Year Edition,PC (Microsoft Windows),20,NULL,94.0000,1,93.5199,108
21704,Batman: Arkham City - Game of the Year Edition,Mac,20,NULL,94.0000,1,93.5199,108
27719,Ape Out,PC (Microsoft Windows),15,5,81.8333,14,77.1986,76
27719,Ape Out,Mac,15,5,81.8333,14,77.1986,76
27719,Ape Out,Nintendo Switch,15,5,81.8333,14,77.1986,76
36597,Cat Quest,PC (Microsoft Windows),7,NULL,82.6250,8,69.9244,44
36597,Cat Quest,Mac,7,NULL,82.6250,8,69.9244,44
36597,Cat Quest,Android,7,NULL,82.6250,8,69.9244,44
36597,Cat Quest,iOS,7,NULL,82.6250,8,69.9244,44
36597,Cat Quest,PlayStation 4,7,NULL,82.6250,8,69.9244,44
36597,Cat Quest,Nintendo Switch,7,NULL,82.6250,8,69.9244,44
135919,Alba: A Wildlife Adventure,PC (Microsoft Windows),2,NULL,81.6667,3,84.4254,19
135919,Alba: A Wildlife Adventure,iOS,2,NULL,81.6667,3,84.4254,19
135919,Alba: A Wildlife Adventure,PlayStation 4,2,NULL,81.6667,3,84.4254,19
135919,Alba: A Wildlife Adventure,Xbox One,2,NULL,81.6667,3,84.4254,19
135919,Alba: A Wildlife Adventure,Nintendo Switch,2,NULL,81.6667,3,84.4254,19
135919,Alba: A Wildlife Adventure,PlayStation 5,2,NULL,81.6667,3,84.4254,19
2003,Batman: Arkham Origins,PC (Microsoft Windows),208,11,71.1176,20,75.0361,630
2003,Batman: Arkham Origins,iOS,208,11,71.1176,20,75.0361,630
134161,Sherlock Holmes: Chapter One,PC (Microsoft Windows),1,3,76.8889,9,80.8960,19
134161,Sherlock Holmes: Chapter One,PlayStation 4,1,3,76.8889,9,80.8960,19
134161,Sherlock Holmes: Chapter One,PlayStation 5,1,3,76.8889,9,80.8960,19
36813,The Evil Within 2,PC (Microsoft Windows),115,14,81.2000,19,82.5282,184
36813,The Evil Within 2,PlayStation 4,115,14,81.2000,19,82.5282,184
36813,The Evil Within 2,Xbox One,115,14,81.2000,19,82.5282,184
8214,Cave Story+,Linux,37,NULL,81.0000,1,87.3409,79
8214,Cave Story+,PC (Microsoft Windows),37,NULL,81.0000,1,87.3409,79
8214,Cave Story+,Mac,37,NULL,81.0000,1,87.3409,79
8214,Cave Story+,Nintendo Switch,37,NULL,81.0000,1,87.3409,79
75855,Project Hospital,Linux,5,3,NULL,NULL,72.9793,12
75855,Project Hospital,PC (Microsoft Windows),5,3,NULL,NULL,72.9793,12
75855,Project Hospital,Mac,5,3,NULL,NULL,72.9793,12
152424,Terra Nil,Linux,2,6,80.0000,2,79.2424,20
152424,Terra Nil,PC (Microsoft Windows),2,6,80.0000,2,79.2424,20
152424,Terra Nil,Mac,2,6,80.0000,2,79.2424,20
152424,Terra Nil,Android,2,6,80.0000,2,79.2424,20
152424,Terra Nil,iOS,2,6,80.0000,2,79.2424,20
166722,The Case of the Golden Idol,PC (Microsoft Windows),2,1,89.0000,3,94.6236,15
166722,The Case of the Golden Idol,Mac,2,1,89.0000,3,94.6236,15
166722,The Case of the Golden Idol,Nintendo Switch,2,1,89.0000,3,94.6236,15
9964,Alien Breed: Impact,Linux,4,NULL,60.0000,1,67.1352,12
9964,Alien Breed: Impact,PC (Microsoft Windows),4,NULL,60.0000,1,67.1352,12
122522,Gas Station Simulator,PC (Microsoft Windows),2,NULL,NULL,NULL,71.9145,12
122522,Gas Station Simulator,PlayStation 4,2,NULL,NULL,NULL,71.9145,12
122522,Gas Station Simulator,Xbox One,2,NULL,NULL,NULL,71.9145,12
122522,Gas Station Simulator,Nintendo Switch,2,NULL,NULL,NULL,71.9145,12
11397,Yakuza 0,PC (Microsoft Windows),74,NULL,86.0000,22,87.7221,342
11397,Yakuza 0,PlayStation 4,74,NULL,86.0000,22,87.7221,342
11397,Yakuza 0,Xbox One,74,NULL,86.0000,22,87.7221,342
164867,Dredge,PC (Microsoft Windows),NULL,5,85.6000,7,80.9079,39
164867,Dredge,PlayStation 4,NULL,5,85.6000,7,80.9079,39
164867,Dredge,Xbox One,NULL,5,85.6000,7,80.9079,39
164867,Dredge,Nintendo Switch,NULL,5,85.6000,7,80.9079,39
164867,Dredge,PlayStation 5,NULL,5,85.6000,7,80.9079,39
514,F.E.A.R. 3,PC (Microsoft Windows),42,NULL,75.8000,9,68.1104,163
10795,Detective Grimoire: Secret of the Swamp,Linux,3,NULL,NULL,NULL,70.4695,15
10795,Detective Grimoire: Secret of the Swamp,PC (Microsoft Windows),3,NULL,NULL,NULL,70.4695,15
10795,Detective Grimoire: Secret of the Swamp,Mac,3,NULL,NULL,NULL,70.4695,15
10795,Detective Grimoire: Secret of the Swamp,Android,3,NULL,NULL,NULL,70.4695,15
95,Need for Speed: Hot Pursuit 2,PC (Microsoft Windows),51,NULL,80.0000,1,73.9088,222
126835,Death and Taxes,Linux,2,NULL,75.0000,1,78.9243,15
126835,Death and Taxes,PC (Microsoft Windows),2,NULL,75.0000,1,78.9243,15
126835,Death and Taxes,Mac,2,NULL,75.0000,1,78.9243,15
126835,Death and Taxes,Xbox One,2,NULL,75.0000,1,78.9243,15
126835,Death and Taxes,Nintendo Switch,2,NULL,75.0000,1,78.9243,15
157176,Dagon,PC (Microsoft Windows),2,1,NULL,NULL,54.3235,24
133152,Helltaker,Linux,2,NULL,NULL,NULL,73.4793,104
133152,Helltaker,PC (Microsoft Windows),2,NULL,NULL,NULL,73.4793,104
133152,Helltaker,Mac,2,NULL,NULL,NULL,73.4793,104
14762,Emily is Away,Linux,21,NULL,NULL,NULL,66.5054,115
14762,Emily is Away,PC (Microsoft Windows),21,NULL,NULL,NULL,66.5054,115
14762,Emily is Away,Mac,21,NULL,NULL,NULL,66.5054,115
27409,Narita Boy,Linux,14,13,76.7500,5,78.5366,14
27409,Narita Boy,PC (Microsoft Windows),14,13,76.7500,5,78.5366,14
27409,Narita Boy,Mac,14,13,76.7500,5,78.5366,14
27409,Narita Boy,PlayStation 4,14,13,76.7500,5,78.5366,14
27409,Narita Boy,Xbox One,14,13,76.7500,5,78.5366,14
27409,Narita Boy,Nintendo Switch,14,13,76.7500,5,78.5366,14
133887,Tony Hawk's Pro Skater 1+2,PC (Microsoft Windows),14,3,88.5625,21,83.8283,55
133887,Tony Hawk's Pro Skater 1+2,PlayStation 4,14,3,88.5625,21,83.8283,55
133887,Tony Hawk's Pro Skater 1+2,Xbox One,14,3,88.5625,21,83.8283,55
133887,Tony Hawk's Pro Skater 1+2,Nintendo Switch,14,3,88.5625,21,83.8283,55
133887,Tony Hawk's Pro Skater 1+2,PlayStation 5,14,3,88.5625,21,83.8283,55
127352,Naraka: Bladepoint,PC (Microsoft Windows),7,4,61.0000,4,65.2553,15
127352,Naraka: Bladepoint,Xbox One,7,4,61.0000,4,65.2553,15
127352,Naraka: Bladepoint,PlayStation 5,7,4,61.0000,4,65.2553,15
2174,Sonic & All-Stars Racing Transformed,PC (Microsoft Windows),37,NULL,79.1111,12,80.0691,134
2174,Sonic & All-Stars Racing Transformed,Android,37,NULL,79.1111,12,80.0691,134
2174,Sonic & All-Stars Racing Transformed,iOS,37,NULL,79.1111,12,80.0691,134
103331,Trover Saves the Universe,PC (Microsoft Windows),9,1,75.8000,5,80.7367,18
103331,Trover Saves the Universe,PlayStation 4,9,1,75.8000,5,80.7367,18
103331,Trover Saves the Universe,Xbox One,9,1,75.8000,5,80.7367,18
103331,Trover Saves the Universe,Nintendo Switch,9,1,75.8000,5,80.7367,18
9178,Pneuma: Breath of Life,PC (Microsoft Windows),5,NULL,65.0000,3,65.5916,18
9178,Pneuma: Breath of Life,PlayStation 4,5,NULL,65.0000,3,65.5916,18
9178,Pneuma: Breath of Life,Xbox One,5,NULL,65.0000,3,65.5916,18
17026,Furi,PC (Microsoft Windows),50,2,79.0000,23,78.5220,151
17026,Furi,PlayStation 4,50,2,79.0000,23,78.5220,151
17026,Furi,Xbox One,50,2,79.0000,23,78.5220,151
17026,Furi,Nintendo Switch,50,2,79.0000,23,78.5220,151
17026,Furi,PlayStation 5,50,2,79.0000,23,78.5220,151
13210,How to Survive 2,PC (Microsoft Windows),11,NULL,78.5000,4,57.0154,18
13210,How to Survive 2,PlayStation 4,11,NULL,78.5000,4,57.0154,18
13210,How to Survive 2,Xbox One,11,NULL,78.5000,4,57.0154,18
141540,Disco Elysium: The Final Cut,PC (Microsoft Windows),8,5,90.8333,7,92.0314,110
141540,Disco Elysium: The Final Cut,Mac,8,5,90.8333,7,92.0314,110
141540,Disco Elysium: The Final Cut,PlayStation 4,8,5,90.8333,7,92.0314,110
141540,Disco Elysium: The Final Cut,Xbox One,8,5,90.8333,7,92.0314,110
141540,Disco Elysium: The Final Cut,Nintendo Switch,8,5,90.8333,7,92.0314,110
141540,Disco Elysium: The Final Cut,PlayStation 5,8,5,90.8333,7,92.0314,110
11737,Outer Wilds,PC (Microsoft Windows),33,2,84.7143,7,89.4845,377
11737,Outer Wilds,PlayStation 4,33,2,84.7143,7,89.4845,377
11737,Outer Wilds,Xbox One,33,2,84.7143,7,89.4845,377
11737,Outer Wilds,Nintendo Switch,33,2,84.7143,7,89.4845,377
11737,Outer Wilds,PlayStation 5,33,2,84.7143,7,89.4845,377
118871,Grid,PC (Microsoft Windows),44,2,72.5000,10,73.4606,28
118871,Grid,PlayStation 4,44,2,72.5000,10,73.4606,28
118871,Grid,Xbox One,44,2,72.5000,10,73.4606,28
10032,Ancestors: The Humankind Odyssey,PC (Microsoft Windows),19,15,65.0000,14,72.3649,39
10032,Ancestors: The Humankind Odyssey,PlayStation 4,19,15,65.0000,14,72.3649,39
10032,Ancestors: The Humankind Odyssey,Xbox One,19,15,65.0000,14,72.3649,39
13192,Paint the Town Red,Linux,8,1,70.0000,2,67.8682,16
13192,Paint the Town Red,PC (Microsoft Windows),8,1,70.0000,2,67.8682,16
13192,Paint the Town Red,Mac,8,1,70.0000,2,67.8682,16
13192,Paint the Town Red,PlayStation 4,8,1,70.0000,2,67.8682,16
13192,Paint the Town Red,Xbox One,8,1,70.0000,2,67.8682,16
13192,Paint the Town Red,Nintendo Switch,8,1,70.0000,2,67.8682,16
13192,Paint the Town Red,PlayStation 5,8,1,70.0000,2,67.8682,16
145017,Melty Blood: Type Lumina,PC (Microsoft Windows),4,NULL,NULL,NULL,79.4993,16
145017,Melty Blood: Type Lumina,PlayStation 4,4,NULL,NULL,NULL,79.4993,16
145017,Melty Blood: Type Lumina,Xbox One,4,NULL,NULL,NULL,79.4993,16
145017,Melty Blood: Type Lumina,Nintendo Switch,4,NULL,NULL,NULL,79.4993,16
10745,Ticket to Ride: Classic Edition,Linux,7,NULL,63.3333,3,79.3498,20
10745,Ticket to Ride: Classic Edition,PC (Microsoft Windows),7,NULL,63.3333,3,79.3498,20
10745,Ticket to Ride: Classic Edition,Mac,7,NULL,63.3333,3,79.3498,20
10745,Ticket to Ride: Classic Edition,Android,7,NULL,63.3333,3,79.3498,20
10745,Ticket to Ride: Classic Edition,iOS,7,NULL,63.3333,3,79.3498,20
10745,Ticket to Ride: Classic Edition,PlayStation 4,7,NULL,63.3333,3,79.3498,20
10745,Ticket to Ride: Classic Edition,Xbox One,7,NULL,63.3333,3,79.3498,20
24417,Eastward,PC (Microsoft Windows),8,25,81.0000,4,88.9584,21
24417,Eastward,Mac,8,25,81.0000,4,88.9584,21
24417,Eastward,Xbox One,8,25,81.0000,4,88.9584,21
24417,Eastward,Nintendo Switch,8,25,81.0000,4,88.9584,21
102095,Sagebrush,PC (Microsoft Windows),NULL,NULL,0.0000,1,77.0990,12
102095,Sagebrush,Mac,NULL,NULL,0.0000,1,77.0990,12
102095,Sagebrush,PlayStation 4,NULL,NULL,0.0000,1,77.0990,12
102095,Sagebrush,Xbox One,NULL,NULL,0.0000,1,77.0990,12
102095,Sagebrush,Nintendo Switch,NULL,NULL,0.0000,1,77.0990,12
10760,Bloodstained: Ritual of the Night,PC (Microsoft Windows),59,29,82.4545,14,86.5223,140
10760,Bloodstained: Ritual of the Night,iOS,59,29,82.4545,14,86.5223,140
10760,Bloodstained: Ritual of the Night,PlayStation 4,59,29,82.4545,14,86.5223,140
10760,Bloodstained: Ritual of the Night,Xbox One,59,29,82.4545,14,86.5223,140
10760,Bloodstained: Ritual of the Night,Nintendo Switch,59,29,82.4545,14,86.5223,140
58042,Agent A: A Puzzle In Disguise,PC (Microsoft Windows),1,NULL,75.0000,1,77.8443,19
58042,Agent A: A Puzzle In Disguise,Mac,1,NULL,75.0000,1,77.8443,19
58042,Agent A: A Puzzle In Disguise,Android,1,NULL,75.0000,1,77.8443,19
58042,Agent A: A Puzzle In Disguise,iOS,1,NULL,75.0000,1,77.8443,19
58042,Agent A: A Puzzle In Disguise,PlayStation 4,1,NULL,75.0000,1,77.8443,19
58042,Agent A: A Puzzle In Disguise,Xbox One,1,NULL,75.0000,1,77.8443,19
58042,Agent A: A Puzzle In Disguise,Nintendo Switch,1,NULL,75.0000,1,77.8443,19
133306,Call of the Sea,PC (Microsoft Windows),4,4,72.5000,8,72.9169,69
133306,Call of the Sea,PlayStation 4,4,4,72.5000,8,72.9169,69
133306,Call of the Sea,Xbox One,4,4,72.5000,8,72.9169,69
133306,Call of the Sea,PlayStation 5,4,4,72.5000,8,72.9169,69
117514,The Walking Dead: The Telltale Definitive Series,PC (Microsoft Windows),16,2,75.0000,4,82.7245,33
117514,The Walking Dead: The Telltale Definitive Series,PlayStation 4,16,2,75.0000,4,82.7245,33
117514,The Walking Dead: The Telltale Definitive Series,Xbox One,16,2,75.0000,4,82.7245,33
127,Assassin's Creed II,PC (Microsoft Windows),781,NULL,90.2500,11,87.1032,2336
127,Assassin's Creed II,Mac,781,NULL,90.2500,11,87.1032,2336
127,Assassin's Creed II,iOS,781,NULL,90.2500,11,87.1032,2336
31194,Just Shapes & Beats,Linux,7,1,85.0000,2,82.4134,15
31194,Just Shapes & Beats,PC (Microsoft Windows),7,1,85.0000,2,82.4134,15
31194,Just Shapes & Beats,Mac,7,1,85.0000,2,82.4134,15
31194,Just Shapes & Beats,PlayStation 4,7,1,85.0000,2,82.4134,15
31194,Just Shapes & Beats,Xbox One,7,1,85.0000,2,82.4134,15
31194,Just Shapes & Beats,Nintendo Switch,7,1,85.0000,2,82.4134,15
103341,Overcooked! 2,Linux,26,6,80.4545,12,80.4181,193
103341,Overcooked! 2,PC (Microsoft Windows),26,6,80.4545,12,80.4181,193
103341,Overcooked! 2,Mac,26,6,80.4545,12,80.4181,193
103341,Overcooked! 2,PlayStation 4,26,6,80.4545,12,80.4181,193
103341,Overcooked! 2,Xbox One,26,6,80.4545,12,80.4181,193
103341,Overcooked! 2,Nintendo Switch,26,6,80.4545,12,80.4181,193
1011,Borderlands 2,Linux,472,1,80.7059,18,84.5295,1519
1011,Borderlands 2,PC (Microsoft Windows),472,1,80.7059,18,84.5295,1519
1011,Borderlands 2,Mac,472,1,80.7059,18,84.5295,1519
1011,Borderlands 2,Android,472,1,80.7059,18,84.5295,1519
1011,Borderlands 2,PlayStation 4,472,1,80.7059,18,84.5295,1519
1011,Borderlands 2,Xbox One,472,1,80.7059,18,84.5295,1519
1011,Borderlands 2,Nintendo Switch,472,1,80.7059,18,84.5295,1519
204780,Cult of the Lamb: Cultist Edition,PC (Microsoft Windows),7,NULL,NULL,NULL,67.9110,19
204780,Cult of the Lamb: Cultist Edition,PlayStation 4,7,NULL,NULL,NULL,67.9110,19
204780,Cult of the Lamb: Cultist Edition,Xbox One,7,NULL,NULL,NULL,67.9110,19
204780,Cult of the Lamb: Cultist Edition,Nintendo Switch,7,NULL,NULL,NULL,67.9110,19
204780,Cult of the Lamb: Cultist Edition,PlayStation 5,7,NULL,NULL,NULL,67.9110,19
228542,Armored Core VI: Fires of Rubicon,PC (Microsoft Windows),1,5,86.5714,9,89.4652,24
228542,Armored Core VI: Fires of Rubicon,PlayStation 4,1,5,86.5714,9,89.4652,24
228542,Armored Core VI: Fires of Rubicon,Xbox One,1,5,86.5714,9,89.4652,24
228542,Armored Core VI: Fires of Rubicon,PlayStation 5,1,5,86.5714,9,89.4652,24
19965,Tomb Raider: Definitive Edition,PlayStation 4,43,NULL,88.7500,15,84.5119,105
19965,Tomb Raider: Definitive Edition,Xbox One,43,NULL,88.7500,15,84.5119,105
8322,Zuma's Revenge!,PC (Microsoft Windows),11,NULL,74.5000,7,72.6478,26
8322,Zuma's Revenge!,Mac,11,NULL,74.5000,7,72.6478,26
8322,Zuma's Revenge!,iOS,11,NULL,74.5000,7,72.6478,26
9547,The Fall,Linux,19,NULL,77.5000,3,78.2520,48
9547,The Fall,PC (Microsoft Windows),19,NULL,77.5000,3,78.2520,48
9547,The Fall,Mac,19,NULL,77.5000,3,78.2520,48
9547,The Fall,PlayStation 4,19,NULL,77.5000,3,78.2520,48
9547,The Fall,Xbox One,19,NULL,77.5000,3,78.2520,48
9547,The Fall,Nintendo Switch,19,NULL,77.5000,3,78.2520,48
24920,Call of Duty: Modern Warfare Remastered,PC (Microsoft Windows),43,NULL,86.8889,10,78.9046,173
24920,Call of Duty: Modern Warfare Remastered,PlayStation 4,43,NULL,86.8889,10,78.9046,173
24920,Call of Duty: Modern Warfare Remastered,Xbox One,43,NULL,86.8889,10,78.9046,173
25812,Lost Ember,PC (Microsoft Windows),16,15,80.0000,4,79.0957,24
25812,Lost Ember,PlayStation 4,16,15,80.0000,4,79.0957,24
25812,Lost Ember,Xbox One,16,15,80.0000,4,79.0957,24
25812,Lost Ember,Nintendo Switch,16,15,80.0000,4,79.0957,24
1970,Assassin's Creed IV Black Flag,PC (Microsoft Windows),449,13,84.5714,23,82.9633,1372
1970,Assassin's Creed IV Black Flag,PlayStation 4,449,13,84.5714,23,82.9633,1372
1970,Assassin's Creed IV Black Flag,Xbox One,449,13,84.5714,23,82.9633,1372
1970,Assassin's Creed IV Black Flag,Nintendo Switch,449,13,84.5714,23,82.9633,1372
1384,Hotline Miami,Linux,352,NULL,86.2000,13,83.7520,1002
1384,Hotline Miami,PC (Microsoft Windows),352,NULL,86.2000,13,83.7520,1002
1384,Hotline Miami,Mac,352,NULL,86.2000,13,83.7520,1002
1384,Hotline Miami,Android,352,NULL,86.2000,13,83.7520,1002
1384,Hotline Miami,PlayStation 4,352,NULL,86.2000,13,83.7520,1002
1384,Hotline Miami,Xbox One,352,NULL,86.2000,13,83.7520,1002
1384,Hotline Miami,Nintendo Switch,352,NULL,86.2000,13,83.7520,1002
1384,Hotline Miami,PlayStation 5,352,NULL,86.2000,13,83.7520,1002
62151,Life is Strange 2,Linux,61,15,81.7500,8,77.1313,196
62151,Life is Strange 2,PC (Microsoft Windows),61,15,81.7500,8,77.1313,196
62151,Life is Strange 2,Mac,61,15,81.7500,8,77.1313,196
62151,Life is Strange 2,PlayStation 4,61,15,81.7500,8,77.1313,196
62151,Life is Strange 2,Xbox One,61,15,81.7500,8,77.1313,196
62151,Life is Strange 2,Nintendo Switch,61,15,81.7500,8,77.1313,196
2175,The Cave,Linux,26,NULL,70.3636,11,71.8582,62
2175,The Cave,PC (Microsoft Windows),26,NULL,70.3636,11,71.8582,62
2175,The Cave,Mac,26,NULL,70.3636,11,71.8582,62
2175,The Cave,Android,26,NULL,70.3636,11,71.8582,62
2175,The Cave,iOS,26,NULL,70.3636,11,71.8582,62
2175,The Cave,Xbox One,26,NULL,70.3636,11,71.8582,62
136560,EA Sports UFC 4,PlayStation 4,6,1,79.1429,9,70.0223,13
136560,EA Sports UFC 4,Xbox One,6,1,79.1429,9,70.0223,13
3092,The Lord of the Rings Online,PC (Microsoft Windows),36,NULL,89.6667,6,75.2548,89
3092,The Lord of the Rings Online,Mac,36,NULL,89.6667,6,75.2548,89
72,Portal 2,Linux,973,NULL,92.4444,13,91.7624,3129
72,Portal 2,PC (Microsoft Windows),973,NULL,92.4444,13,91.7624,3129
72,Portal 2,Mac,973,NULL,92.4444,13,91.7624,3129
72,Portal 2,Nintendo Switch,973,NULL,92.4444,13,91.7624,3129
71,Portal,Linux,907,NULL,80.0000,2,86.9005,2823
71,Portal,PC (Microsoft Windows),907,NULL,80.0000,2,86.9005,2823
71,Portal,Mac,907,NULL,80.0000,2,86.9005,2823
71,Portal,Android,907,NULL,80.0000,2,86.9005,2823
71,Portal,Nintendo Switch,907,NULL,80.0000,2,86.9005,2823
247,Half-Life 2: Episode Two,Linux,401,NULL,70.0000,2,87.5682,1194
247,Half-Life 2: Episode Two,PC (Microsoft Windows),401,NULL,70.0000,2,87.5682,1194
247,Half-Life 2: Episode Two,Mac,401,NULL,70.0000,2,87.5682,1194
75235,Ghost of Tsushima,PlayStation 4,165,117,91.7273,14,89.8335,362
132,Warcraft III: Reign of Chaos,PC (Microsoft Windows),403,NULL,93.0000,4,88.6759,1202
132,Warcraft III: Reign of Chaos,Mac,403,NULL,93.0000,4,88.6759,1202
1654,Streets of Rage 3,Linux,13,NULL,NULL,NULL,79.9890,75
1654,Streets of Rage 3,PC (Microsoft Windows),13,NULL,NULL,NULL,79.9890,75
1654,Streets of Rage 3,Mac,13,NULL,NULL,NULL,79.9890,75
699,FIFA 99,PC (Microsoft Windows),24,NULL,NULL,NULL,79.2669,95
3619,Toy Story 2: Buzz Lightyear to the Rescue!,PC (Microsoft Windows),24,NULL,65.0000,1,76.6731,95
3480,Earthworm Jim,Linux,33,NULL,75.5000,2,77.0886,174
3480,Earthworm Jim,PC (Microsoft Windows),33,NULL,75.5000,2,77.0886,174
2473,Disney's Aladdin,PC (Microsoft Windows),30,NULL,NULL,NULL,80.8839,160
2473,Disney's Aladdin,Mac,30,NULL,NULL,NULL,80.8839,160
15,Fallout 3,PC (Microsoft Windows),539,1,89.1000,12,83.5345,1396
7967,Colin McRae Rally,PC (Microsoft Windows),21,NULL,50.0000,0,82.5483,85
5378,Ecco the Dolphin,Linux,15,NULL,30.0000,1,74.1711,69
5378,Ecco the Dolphin,PC (Microsoft Windows),15,NULL,30.0000,1,74.1711,69
5378,Ecco the Dolphin,Mac,15,NULL,30.0000,1,74.1711,69
5378,Ecco the Dolphin,iOS,15,NULL,30.0000,1,74.1711,69
152288,Immortality,PC (Microsoft Windows),2,3,91.6667,4,85.0746,35
152288,Immortality,Mac,2,3,91.6667,4,85.0746,35
152288,Immortality,Android,2,3,91.6667,4,85.0746,35
152288,Immortality,iOS,2,3,91.6667,4,85.0746,35
8020,Disney's Toy Story,PC (Microsoft Windows),6,NULL,NULL,NULL,63.8900,58
1157,Tomb Raider III: Adventures of Lara Croft,PC (Microsoft Windows),46,NULL,NULL,NULL,77.5265,140
1157,Tomb Raider III: Adventures of Lara Croft,Mac,46,NULL,NULL,NULL,77.5265,140
1652,Streets of Rage,Linux,30,NULL,NULL,NULL,76.9365,163
1652,Streets of Rage,PC (Microsoft Windows),30,NULL,NULL,NULL,76.9365,163
1652,Streets of Rage,Android,30,NULL,NULL,NULL,76.9365,163
1652,Streets of Rage,iOS,30,NULL,NULL,NULL,76.9365,163
3166,The Lion King,PC (Microsoft Windows),34,NULL,80.0000,1,76.8071,188
675,Driver,PC (Microsoft Windows),52,NULL,95.0000,2,76.8068,162
675,Driver,Mac,52,NULL,95.0000,2,76.8068,162
675,Driver,iOS,52,NULL,95.0000,2,76.8068,162
16036,Sonic the Hedgehog: Spinball,PC (Microsoft Windows),3,NULL,NULL,NULL,68.2896,56
740,Halo: Combat Evolved,PC (Microsoft Windows),208,NULL,86.6667,4,83.9500,700
740,Halo: Combat Evolved,Mac,208,NULL,86.6667,4,83.9500,700
1653,Streets of Rage 2,Linux,30,NULL,80.0000,1,83.8449,142
1653,Streets of Rage 2,PC (Microsoft Windows),30,NULL,80.0000,1,83.8449,142
1653,Streets of Rage 2,Mac,30,NULL,80.0000,1,83.8449,142
1653,Streets of Rage 2,Android,30,NULL,80.0000,1,83.8449,142
1653,Streets of Rage 2,iOS,30,NULL,80.0000,1,83.8449,142
913,Tony Hawk's Pro Skater 2,PC (Microsoft Windows),94,NULL,86.6667,1,86.0412,319
913,Tony Hawk's Pro Skater 2,Mac,94,NULL,86.6667,1,86.0412,319
913,Tony Hawk's Pro Skater 2,iOS,94,NULL,86.6667,1,86.0412,319
3053,Bugs Bunny: Lost in Time,PC (Microsoft Windows),23,NULL,NULL,NULL,79.9327,74
642,Colin McRae Rally 2.0,PC (Microsoft Windows),36,NULL,NULL,NULL,81.9375,111
382,Metal Gear Solid: Peace Walker,Xbox One,70,NULL,93.2500,7,79.3367,192
2699,Tony Hawk's Underground 2,PC (Microsoft Windows),32,NULL,81.7500,5,78.2907,123
3270,Grand Theft Auto: Chinatown Wars,Android,52,NULL,89.0000,12,77.9344,129
3270,Grand Theft Auto: Chinatown Wars,iOS,52,NULL,89.0000,12,77.9344,129
7219,Tony Hawk's American Wasteland,PC (Microsoft Windows),25,NULL,75.0000,6,75.7181,90
874,Tom Clancy's Splinter Cell: Pandora Tomorrow,PC (Microsoft Windows),60,NULL,77.8571,8,82.4068,193
987,Halo 3,PC (Microsoft Windows),197,1,90.7500,6,85.4311,640
987,Halo 3,Xbox One,197,1,90.7500,6,85.4311,640
911,Tom Clancy's Splinter Cell: Chaos Theory,PC (Microsoft Windows),98,NULL,77.5714,6,84.8662,266
339,The Orange Box,Linux,37,NULL,90.0000,5,90.1553,110
339,The Orange Box,PC (Microsoft Windows),37,NULL,90.0000,5,90.1553,110
339,The Orange Box,Mac,37,NULL,90.0000,5,90.1553,110
3263,Grand Theft Auto: Liberty City Stories,Android,53,NULL,83.7500,4,73.4005,159
3263,Grand Theft Auto: Liberty City Stories,iOS,53,NULL,83.7500,4,73.4005,159
4065,Peter Jackson's King Kong: The Official Game of the Movie,PC (Microsoft Windows),23,NULL,80.0000,5,72.3446,105
700,FIFA Soccer 06,PC (Microsoft Windows),11,NULL,70.0000,1,71.6271,66
1968,Rayman Legends,PC (Microsoft Windows),228,1,80.8750,15,85.1634,548
1968,Rayman Legends,PlayStation 4,228,1,80.8750,15,85.1634,548
1968,Rayman Legends,Xbox One,228,1,80.8750,15,85.1634,548
18,Max Payne,PC (Microsoft Windows),495,NULL,73.8000,3,85.9692,1441
18,Max Payne,Mac,495,NULL,73.8000,3,85.9692,1441
18,Max Payne,Android,495,NULL,73.8000,3,85.9692,1441
18,Max Payne,iOS,495,NULL,73.8000,3,85.9692,1441
18,Max Payne,PlayStation 4,495,NULL,73.8000,3,85.9692,1441
1262,South Park: The Stick of Truth,PC (Microsoft Windows),365,16,80.3571,17,83.9235,976
1262,South Park: The Stick of Truth,PlayStation 4,365,16,80.3571,17,83.9235,976
1262,South Park: The Stick of Truth,Xbox One,365,16,80.3571,17,83.9235,976
1262,South Park: The Stick of Truth,Nintendo Switch,365,16,80.3571,17,83.9235,976
1983,Bastion,Linux,203,NULL,90.2500,11,82.9640,630
1983,Bastion,PC (Microsoft Windows),203,NULL,90.2500,11,82.9640,630
1983,Bastion,Mac,203,NULL,90.2500,11,82.9640,630
1983,Bastion,iOS,203,NULL,90.2500,11,82.9640,630
1983,Bastion,PlayStation 4,203,NULL,90.2500,11,82.9640,630
1983,Bastion,Xbox One,203,NULL,90.2500,11,82.9640,630
1983,Bastion,Nintendo Switch,203,NULL,90.2500,11,82.9640,630
28015,Kamiko,PC (Microsoft Windows),4,NULL,80.0000,1,69.9231,20
28015,Kamiko,PlayStation 4,4,NULL,80.0000,1,69.9231,20
28015,Kamiko,Xbox One,4,NULL,80.0000,1,69.9231,20
28015,Kamiko,Nintendo Switch,4,NULL,80.0000,1,69.9231,20
990,Halo: Reach,PC (Microsoft Windows),141,NULL,89.0000,12,85.1258,502
990,Halo: Reach,Xbox One,141,NULL,89.0000,12,85.1258,502
981,Rayman Origins,PC (Microsoft Windows),117,NULL,89.3750,9,82.9101,322
981,Rayman Origins,Mac,117,NULL,89.3750,9,82.9101,322
1062,Alan Wake,PC (Microsoft Windows),270,NULL,83.0000,10,81.4712,733
124,Left 4 Dead 2,Linux,268,1,88.6000,7,81.7638,878
124,Left 4 Dead 2,PC (Microsoft Windows),268,1,88.6000,7,81.7638,878
124,Left 4 Dead 2,Mac,268,1,88.6000,7,81.7638,878
12517,Undertale,Linux,367,NULL,96.3846,16,86.6242,1337
12517,Undertale,PC (Microsoft Windows),367,NULL,96.3846,16,86.6242,1337
12517,Undertale,Mac,367,NULL,96.3846,16,86.6242,1337
12517,Undertale,PlayStation 4,367,NULL,96.3846,16,86.6242,1337
12517,Undertale,Xbox One,367,NULL,96.3846,16,86.6242,1337
12517,Undertale,Nintendo Switch,367,NULL,96.3846,16,86.6242,1337
37094,Shadow of the Colossus,PlayStation 4,223,18,93.2308,16,84.2939,283
19455,Final Fantasy XII: The Zodiac Age,PC (Microsoft Windows),38,5,87.8421,24,83.8572,60
19455,Final Fantasy XII: The Zodiac Age,PlayStation 4,38,5,87.8421,24,83.8572,60
19455,Final Fantasy XII: The Zodiac Age,Xbox One,38,5,87.8421,24,83.8572,60
19455,Final Fantasy XII: The Zodiac Age,Nintendo Switch,38,5,87.8421,24,83.8572,60
121295,Grime,PC (Microsoft Windows),3,4,95.0000,2,68.5580,11
121295,Grime,PlayStation 4,3,4,95.0000,2,68.5580,11
121295,Grime,Xbox One,3,4,95.0000,2,68.5580,11
121295,Grime,Nintendo Switch,3,4,95.0000,2,68.5580,11
121295,Grime,PlayStation 5,3,4,95.0000,2,68.5580,11
327,Age of Empires II: The Age of Kings,PC (Microsoft Windows),310,NULL,80.0000,4,86.1356,867
327,Age of Empires II: The Age of Kings,Mac,310,NULL,80.0000,4,86.1356,867
71628,The Messenger,PC (Microsoft Windows),21,4,87.0000,9,81.1126,136
71628,The Messenger,PlayStation 4,21,4,87.0000,9,81.1126,136
71628,The Messenger,Xbox One,21,4,87.0000,9,81.1126,136
71628,The Messenger,Nintendo Switch,21,4,87.0000,9,81.1126,136
20734,Devil May Cry HD Collection,PC (Microsoft Windows),24,1,81.5000,4,89.6182,44
20734,Devil May Cry HD Collection,PlayStation 4,24,1,81.5000,4,89.6182,44
20734,Devil May Cry HD Collection,Xbox One,24,1,81.5000,4,89.6182,44
492,Gears of War 3,Xbox One,67,NULL,96.6667,8,82.2585,260
152061,Tiny Tina's Wonderlands,PC (Microsoft Windows),7,8,75.7143,11,75.0606,33
152061,Tiny Tina's Wonderlands,PlayStation 4,7,8,75.7143,11,75.0606,33
152061,Tiny Tina's Wonderlands,Xbox One,7,8,75.7143,11,75.0606,33
152061,Tiny Tina's Wonderlands,PlayStation 5,7,8,75.7143,11,75.0606,33
23240,Pac-Man Championship Edition 2,PC (Microsoft Windows),5,2,77.4286,16,71.2591,14
23240,Pac-Man Championship Edition 2,PlayStation 4,5,2,77.4286,16,71.2591,14
23240,Pac-Man Championship Edition 2,Xbox One,5,2,77.4286,16,71.2591,14
125431,I Am Fish,PC (Microsoft Windows),1,2,NULL,NULL,67.7924,12
125431,I Am Fish,Xbox One,1,2,NULL,NULL,67.7924,12
6880,Metro Redux,Linux,78,2,83.4000,11,83.4190,114
6880,Metro Redux,PC (Microsoft Windows),78,2,83.4000,11,83.4190,114
6880,Metro Redux,Mac,78,2,83.4000,11,83.4190,114
6880,Metro Redux,PlayStation 4,78,2,83.4000,11,83.4190,114
6880,Metro Redux,Xbox One,78,2,83.4000,11,83.4190,114
6880,Metro Redux,Nintendo Switch,78,2,83.4000,11,83.4190,114
83,Baldur's Gate: Dark Alliance,Linux,19,NULL,85.3333,3,82.0018,59
83,Baldur's Gate: Dark Alliance,PC (Microsoft Windows),19,NULL,85.3333,3,82.0018,59
83,Baldur's Gate: Dark Alliance,Mac,19,NULL,85.3333,3,82.0018,59
83,Baldur's Gate: Dark Alliance,PlayStation 4,19,NULL,85.3333,3,82.0018,59
83,Baldur's Gate: Dark Alliance,Xbox One,19,NULL,85.3333,3,82.0018,59
83,Baldur's Gate: Dark Alliance,Nintendo Switch,19,NULL,85.3333,3,82.0018,59
26621,Double Dragon IV,PC (Microsoft Windows),2,NULL,49.7778,12,49.8375,7
26621,Double Dragon IV,PlayStation 4,2,NULL,49.7778,12,49.8375,7
26621,Double Dragon IV,Xbox One,2,NULL,49.7778,12,49.8375,7
26621,Double Dragon IV,Nintendo Switch,2,NULL,49.7778,12,49.8375,7
37024,Super Lucky's Tale,PC (Microsoft Windows),13,1,70.5000,8,69.7850,20
37024,Super Lucky's Tale,Xbox One,13,1,70.5000,8,69.7850,20
389,Final Fantasy XIII,PC (Microsoft Windows),89,NULL,81.3636,14,72.2281,341
7342,Inside,PC (Microsoft Windows),321,11,92.4872,41,86.1752,1269
7342,Inside,Mac,321,11,92.4872,41,86.1752,1269
7342,Inside,iOS,321,11,92.4872,41,86.1752,1269
7342,Inside,PlayStation 4,321,11,92.4872,41,86.1752,1269
7342,Inside,Xbox One,321,11,92.4872,41,86.1752,1269
7342,Inside,Nintendo Switch,321,11,92.4872,41,86.1752,1269
136604,Control: Ultimate Edition,PC (Microsoft Windows),8,NULL,92.4000,6,85.8931,57
136604,Control: Ultimate Edition,PlayStation 4,8,NULL,92.4000,6,85.8931,57
136604,Control: Ultimate Edition,Xbox One,8,NULL,92.4000,6,85.8931,57
136604,Control: Ultimate Edition,Nintendo Switch,8,NULL,92.4000,6,85.8931,57
136604,Control: Ultimate Edition,PlayStation 5,8,NULL,92.4000,6,85.8931,57
11233,What Remains of Edith Finch,PC (Microsoft Windows),189,8,86.9524,24,83.8536,729
11233,What Remains of Edith Finch,Mac,189,8,86.9524,24,83.8536,729
11233,What Remains of Edith Finch,iOS,189,8,86.9524,24,83.8536,729
11233,What Remains of Edith Finch,PlayStation 4,189,8,86.9524,24,83.8536,729
11233,What Remains of Edith Finch,Xbox One,189,8,86.9524,24,83.8536,729
11233,What Remains of Edith Finch,Nintendo Switch,189,8,86.9524,24,83.8536,729
11233,What Remains of Edith Finch,PlayStation 5,189,8,86.9524,24,83.8536,729
7725,Resident Evil: Revelations 2,PC (Microsoft Windows),50,NULL,72.8800,13,72.2880,157
7725,Resident Evil: Revelations 2,PlayStation 4,50,NULL,72.8800,13,72.2880,157
7725,Resident Evil: Revelations 2,Xbox One,50,NULL,72.8800,13,72.2880,157
7725,Resident Evil: Revelations 2,Nintendo Switch,50,NULL,72.8800,13,72.2880,157
16,Fallout: New Vegas,PC (Microsoft Windows),543,2,81.9000,15,87.0432,1650
26298,Sea of Solitude,PC (Microsoft Windows),28,19,70.3333,10,64.8743,48
26298,Sea of Solitude,PlayStation 4,28,19,70.3333,10,64.8743,48
26298,Sea of Solitude,Xbox One,28,19,70.3333,10,64.8743,48
114058,Totally Reliable Delivery Service,Linux,5,1,50.0000,1,53.9703,19
114058,Totally Reliable Delivery Service,PC (Microsoft Windows),5,1,50.0000,1,53.9703,19
114058,Totally Reliable Delivery Service,Mac,5,1,50.0000,1,53.9703,19
114058,Totally Reliable Delivery Service,Android,5,1,50.0000,1,53.9703,19
114058,Totally Reliable Delivery Service,iOS,5,1,50.0000,1,53.9703,19
114058,Totally Reliable Delivery Service,PlayStation 4,5,1,50.0000,1,53.9703,19
114058,Totally Reliable Delivery Service,Xbox One,5,1,50.0000,1,53.9703,19
114058,Totally Reliable Delivery Service,Nintendo Switch,5,1,50.0000,1,53.9703,19
83728,Battlefield V,PC (Microsoft Windows),122,31,77.4118,20,70.9956,265
83728,Battlefield V,PlayStation 4,122,31,77.4118,20,70.9956,265
83728,Battlefield V,Xbox One,122,31,77.4118,20,70.9956,265
57692,Resident Evil 7: Biohazard - Gold Edition,PC (Microsoft Windows),1,NULL,NULL,NULL,90.8776,17
57692,Resident Evil 7: Biohazard - Gold Edition,PlayStation 4,1,NULL,NULL,NULL,90.8776,17
57692,Resident Evil 7: Biohazard - Gold Edition,Xbox One,1,NULL,NULL,NULL,90.8776,17
87499,The Missing: J.J. Macfield and the Island of Memories,PC (Microsoft Windows),4,1,70.0000,5,79.8258,20
87499,The Missing: J.J. Macfield and the Island of Memories,PlayStation 4,4,1,70.0000,5,79.8258,20
87499,The Missing: J.J. Macfield and the Island of Memories,Xbox One,4,1,70.0000,5,79.8258,20
87499,The Missing: J.J. Macfield and the Island of Memories,Nintendo Switch,4,1,70.0000,5,79.8258,20
25343,Zero Escape: The Nonary Games,PC (Microsoft Windows),17,4,89.0909,12,83.7425,51
25343,Zero Escape: The Nonary Games,PlayStation 4,17,4,89.0909,12,83.7425,51
25343,Zero Escape: The Nonary Games,Xbox One,17,4,89.0909,12,83.7425,51
116753,A Short Hike,Linux,14,NULL,77.5000,2,72.7050,180
116753,A Short Hike,PC (Microsoft Windows),14,NULL,77.5000,2,72.7050,180
116753,A Short Hike,Mac,14,NULL,77.5000,2,72.7050,180
116753,A Short Hike,PlayStation 4,14,NULL,77.5000,2,72.7050,180
116753,A Short Hike,Xbox One,14,NULL,77.5000,2,72.7050,180
116753,A Short Hike,Nintendo Switch,14,NULL,77.5000,2,72.7050,180
51528,Telling Lies,PC (Microsoft Windows),2,7,85.2857,9,63.0257,42
51528,Telling Lies,Mac,2,7,85.2857,9,63.0257,42
51528,Telling Lies,PlayStation 4,2,7,85.2857,9,63.0257,42
51528,Telling Lies,Xbox One,2,7,85.2857,9,63.0257,42
51528,Telling Lies,Nintendo Switch,2,7,85.2857,9,63.0257,42
132097,Saints Row: The Third Remastered,PC (Microsoft Windows),11,NULL,72.0000,6,78.1781,18
132097,Saints Row: The Third Remastered,PlayStation 4,11,NULL,72.0000,6,78.1781,18
132097,Saints Row: The Third Remastered,Xbox One,11,NULL,72.0000,6,78.1781,18
132097,Saints Row: The Third Remastered,PlayStation 5,11,NULL,72.0000,6,78.1781,18
27316,A Plague Tale: Innocence,PC (Microsoft Windows),75,31,80.8667,18,81.6389,529
27316,A Plague Tale: Innocence,PlayStation 4,75,31,80.8667,18,81.6389,529
27316,A Plague Tale: Innocence,Xbox One,75,31,80.8667,18,81.6389,529
27316,A Plague Tale: Innocence,PlayStation 5,75,31,80.8667,18,81.6389,529
122133,Not For Broadcast,PC (Microsoft Windows),2,2,85.0000,2,79.8049,13
122133,Not For Broadcast,PlayStation 4,2,2,85.0000,2,79.8049,13
122133,Not For Broadcast,Xbox One,2,2,85.0000,2,79.8049,13
122133,Not For Broadcast,PlayStation 5,2,2,85.0000,2,79.8049,13
9182,We Happy Few,Linux,79,37,63.0000,13,61.0909,69
9182,We Happy Few,PC (Microsoft Windows),79,37,63.0000,13,61.0909,69
9182,We Happy Few,Mac,79,37,63.0000,13,61.0909,69
9182,We Happy Few,PlayStation 4,79,37,63.0000,13,61.0909,69
9182,We Happy Few,Xbox One,79,37,63.0000,13,61.0909,69
54996,Jurassic World Evolution,PC (Microsoft Windows),84,15,74.1538,15,69.0626,79
54996,Jurassic World Evolution,PlayStation 4,84,15,74.1538,15,69.0626,79
54996,Jurassic World Evolution,Xbox One,84,15,74.1538,15,69.0626,79
41595,BioShock Infinite: The Complete Edition,PC (Microsoft Windows),3,NULL,NULL,NULL,89.4820,31
41595,BioShock Infinite: The Complete Edition,Mac,3,NULL,NULL,NULL,89.4820,31
41595,BioShock Infinite: The Complete Edition,PlayStation 4,3,NULL,NULL,NULL,89.4820,31
41595,BioShock Infinite: The Complete Edition,Xbox One,3,NULL,NULL,NULL,89.4820,31
41595,BioShock Infinite: The Complete Edition,Nintendo Switch,3,NULL,NULL,NULL,89.4820,31
14144,Final Fantasy X/X-2 HD Remaster,PC (Microsoft Windows),48,NULL,86.4444,18,84.1230,68
14144,Final Fantasy X/X-2 HD Remaster,PlayStation 4,48,NULL,86.4444,18,84.1230,68
14144,Final Fantasy X/X-2 HD Remaster,Xbox One,48,NULL,86.4444,18,84.1230,68
14144,Final Fantasy X/X-2 HD Remaster,Nintendo Switch,48,NULL,86.4444,18,84.1230,68
21758,Borderlands: Game of the Year Edition,PC (Microsoft Windows),13,NULL,80.6667,4,80.6765,40
21758,Borderlands: Game of the Year Edition,Mac,13,NULL,80.6667,4,80.6765,40
21758,Borderlands: Game of the Year Edition,PlayStation 4,13,NULL,80.6667,4,80.6765,40
21758,Borderlands: Game of the Year Edition,Xbox One,13,NULL,80.6667,4,80.6765,40
21758,Borderlands: Game of the Year Edition,Nintendo Switch,13,NULL,80.6667,4,80.6765,40
224522,Doom 64,PC (Microsoft Windows),NULL,NULL,NULL,NULL,88.7919,14
224522,Doom 64,PlayStation 4,NULL,NULL,NULL,NULL,88.7919,14
224522,Doom 64,Xbox One,NULL,NULL,NULL,NULL,88.7919,14
224522,Doom 64,Nintendo Switch,NULL,NULL,NULL,NULL,88.7919,14
36950,Anthem,PC (Microsoft Windows),274,161,60.1333,18,64.8462,99
36950,Anthem,PlayStation 4,274,161,60.1333,18,64.8462,99
36950,Anthem,Xbox One,274,161,60.1333,18,64.8462,99
55163,Resident Evil Village,PC (Microsoft Windows),39,31,86.9286,16,83.9002,254
55163,Resident Evil Village,Mac,39,31,86.9286,16,83.9002,254
55163,Resident Evil Village,iOS,39,31,86.9286,16,83.9002,254
55163,Resident Evil Village,PlayStation 4,39,31,86.9286,16,83.9002,254
55163,Resident Evil Village,Xbox One,39,31,86.9286,16,83.9002,254
55163,Resident Evil Village,PlayStation 5,39,31,86.9286,16,83.9002,254
103380,Bloons TD 6,PC (Microsoft Windows),3,NULL,NULL,NULL,81.7945,70
103380,Bloons TD 6,Mac,3,NULL,NULL,NULL,81.7945,70
103380,Bloons TD 6,Android,3,NULL,NULL,NULL,81.7945,70
103380,Bloons TD 6,iOS,3,NULL,NULL,NULL,81.7945,70
103380,Bloons TD 6,Xbox One,3,NULL,NULL,NULL,81.7945,70
152249,Marvel's Guardians of the Galaxy,PC (Microsoft Windows),14,8,81.1000,13,81.0924,210
152249,Marvel's Guardians of the Galaxy,PlayStation 4,14,8,81.1000,13,81.0924,210
152249,Marvel's Guardians of the Galaxy,Xbox One,14,8,81.1000,13,81.0924,210
152249,Marvel's Guardians of the Galaxy,PlayStation 5,14,8,81.1000,13,81.0924,210
26841,Fire Emblem Heroes,Android,36,1,74.8750,8,62.7931,65
26841,Fire Emblem Heroes,iOS,36,1,74.8750,8,62.7931,65
1183,Guild Wars 2,PC (Microsoft Windows),90,NULL,89.7500,11,80.3266,224
1183,Guild Wars 2,Mac,90,NULL,89.7500,11,80.3266,224
36198,Children of Morta,Linux,25,15,83.0000,14,70.9005,83
36198,Children of Morta,PC (Microsoft Windows),25,15,83.0000,14,70.9005,83
36198,Children of Morta,Mac,25,15,83.0000,14,70.9005,83
36198,Children of Morta,PlayStation 4,25,15,83.0000,14,70.9005,83
36198,Children of Morta,Xbox One,25,15,83.0000,14,70.9005,83
36198,Children of Morta,Nintendo Switch,25,15,83.0000,14,70.9005,83
386,Final Fantasy XIV Online,PC (Microsoft Windows),45,NULL,85.3333,13,81.3881,159
386,Final Fantasy XIV Online,PlayStation 4,45,NULL,85.3333,13,81.3881,159
386,Final Fantasy XIV Online,PlayStation 5,45,NULL,85.3333,13,81.3881,159
58630,Animal Crossing: Pocket Camp,Android,9,NULL,77.5000,3,61.6564,46
58630,Animal Crossing: Pocket Camp,iOS,9,NULL,77.5000,3,61.6564,46
234,Guild Wars,PC (Microsoft Windows),26,NULL,90.3333,4,79.7472,83
8947,Guild Wars: Nightfall,PC (Microsoft Windows),14,1,80.0000,3,82.6790,31
106819,Final Fantasy XIV: Complete Edition,PC (Microsoft Windows),1,NULL,NULL,NULL,97.0224,17
106819,Final Fantasy XIV: Complete Edition,Mac,1,NULL,NULL,NULL,97.0224,17
106819,Final Fantasy XIV: Complete Edition,PlayStation 4,1,NULL,NULL,NULL,97.0224,17
3247,Sunset Overdrive,PC (Microsoft Windows),50,3,81.7500,19,81.0713,135
3247,Sunset Overdrive,Xbox One,50,3,81.7500,19,81.0713,135
2955,Elite: Dangerous,PC (Microsoft Windows),72,3,81.9524,22,80.2457,121
2955,Elite: Dangerous,Mac,72,3,81.9524,22,80.2457,121
2955,Elite: Dangerous,PlayStation 4,72,3,81.9524,22,80.2457,121
2955,Elite: Dangerous,Xbox One,72,3,81.9524,22,80.2457,121
203722,Dave the Diver,PC (Microsoft Windows),2,NULL,92.8571,7,82.1014,16
203722,Dave the Diver,Mac,2,NULL,92.8571,7,82.1014,16
203722,Dave the Diver,Nintendo Switch,2,NULL,92.8571,7,82.1014,16
107262,Streets of Rage 4,Linux,26,9,82.5833,14,80.8621,137
107262,Streets of Rage 4,PC (Microsoft Windows),26,9,82.5833,14,80.8621,137
107262,Streets of Rage 4,Mac,26,9,82.5833,14,80.8621,137
107262,Streets of Rage 4,Android,26,9,82.5833,14,80.8621,137
107262,Streets of Rage 4,iOS,26,9,82.5833,14,80.8621,137
107262,Streets of Rage 4,PlayStation 4,26,9,82.5833,14,80.8621,137
107262,Streets of Rage 4,Xbox One,26,9,82.5833,14,80.8621,137
107262,Streets of Rage 4,Nintendo Switch,26,9,82.5833,14,80.8621,137
154,Star Wars: Episode I - Racer,PC (Microsoft Windows),32,NULL,70.0000,3,73.9350,151
154,Star Wars: Episode I - Racer,Mac,32,NULL,70.0000,3,73.9350,151
154,Star Wars: Episode I - Racer,PlayStation 4,32,NULL,70.0000,3,73.9350,151
154,Star Wars: Episode I - Racer,Xbox One,32,NULL,70.0000,3,73.9350,151
154,Star Wars: Episode I - Racer,Nintendo Switch,32,NULL,70.0000,3,73.9350,151
17447,Titanfall 2,PC (Microsoft Windows),167,19,88.9130,29,83.0852,580
17447,Titanfall 2,PlayStation 4,167,19,88.9130,29,83.0852,580
17447,Titanfall 2,Xbox One,167,19,88.9130,29,83.0852,580
623,Call of Duty 4: Modern Warfare,PC (Microsoft Windows),476,NULL,87.8571,9,84.5600,1464
623,Call of Duty 4: Modern Warfare,Mac,476,NULL,87.8571,9,84.5600,1464
90628,Diablo III: Eternal Collection,PlayStation 4,3,NULL,85.7500,5,83.3590,62
90628,Diablo III: Eternal Collection,Xbox One,3,NULL,85.7500,5,83.3590,62
90628,Diablo III: Eternal Collection,Nintendo Switch,3,NULL,85.7500,5,83.3590,62
21642,Totally Accurate Battle Simulator,PC (Microsoft Windows),421,282,NULL,NULL,75.0273,67
21642,Totally Accurate Battle Simulator,Mac,421,282,NULL,NULL,75.0273,67
21642,Totally Accurate Battle Simulator,Xbox One,421,282,NULL,NULL,75.0273,67
21642,Totally Accurate Battle Simulator,Nintendo Switch,421,282,NULL,NULL,75.0273,67
116794,Kingdom Come: Deliverance - Royal Edition,PC (Microsoft Windows),2,NULL,NULL,NULL,91.4518,15
116794,Kingdom Come: Deliverance - Royal Edition,PlayStation 4,2,NULL,NULL,NULL,91.4518,15
116794,Kingdom Come: Deliverance - Royal Edition,Xbox One,2,NULL,NULL,NULL,91.4518,15
136625,Hogwarts Legacy,PC (Microsoft Windows),39,141,85.5714,11,82.2762,192
136625,Hogwarts Legacy,PlayStation 4,39,141,85.5714,11,82.2762,192
136625,Hogwarts Legacy,Xbox One,39,141,85.5714,11,82.2762,192
136625,Hogwarts Legacy,Nintendo Switch,39,141,85.5714,11,82.2762,192
136625,Hogwarts Legacy,PlayStation 5,39,141,85.5714,11,82.2762,192
11179,Skullgirls: 2nd Encore,Linux,4,NULL,86.0000,6,73.7098,23
11179,Skullgirls: 2nd Encore,PC (Microsoft Windows),4,NULL,86.0000,6,73.7098,23
11179,Skullgirls: 2nd Encore,Mac,4,NULL,86.0000,6,73.7098,23
11179,Skullgirls: 2nd Encore,PlayStation 4,4,NULL,86.0000,6,73.7098,23
11179,Skullgirls: 2nd Encore,Xbox One,4,NULL,86.0000,6,73.7098,23
11179,Skullgirls: 2nd Encore,Nintendo Switch,4,NULL,86.0000,6,73.7098,23
26226,Celeste,Linux,125,2,91.3000,13,87.1588,915
26226,Celeste,PC (Microsoft Windows),125,2,91.3000,13,87.1588,915
26226,Celeste,Mac,125,2,91.3000,13,87.1588,915
26226,Celeste,PlayStation 4,125,2,91.3000,13,87.1588,915
26226,Celeste,Xbox One,125,2,91.3000,13,87.1588,915
26226,Celeste,Nintendo Switch,125,2,91.3000,13,87.1588,915
1082,Resident Evil 6,PC (Microsoft Windows),75,NULL,63.9167,14,66.6680,395
1300,Tom Clancy's Ghost Recon Advanced Warfighter,PC (Microsoft Windows),18,NULL,92.7500,6,66.9655,63
506,Sonic Generations,PC (Microsoft Windows),38,NULL,75.1000,13,77.2018,196
120619,Tribes of Midgard,PC (Microsoft Windows),4,6,77.5000,3,60.1303,17
120619,Tribes of Midgard,PlayStation 4,4,6,77.5000,3,60.1303,17
120619,Tribes of Midgard,Xbox One,4,6,77.5000,3,60.1303,17
120619,Tribes of Midgard,Nintendo Switch,4,6,77.5000,3,60.1303,17
120619,Tribes of Midgard,PlayStation 5,4,6,77.5000,3,60.1303,17
37,Dead Space,PC (Microsoft Windows),356,NULL,88.1667,8,85.7167,984
78153,Burnout Paradise Remastered,PC (Microsoft Windows),22,2,83.9091,14,69.3747,38
78153,Burnout Paradise Remastered,PlayStation 4,22,2,83.9091,14,69.3747,38
78153,Burnout Paradise Remastered,Xbox One,22,2,83.9091,14,69.3747,38
78153,Burnout Paradise Remastered,Nintendo Switch,22,2,83.9091,14,69.3747,38
133301,Dirt 5,PC (Microsoft Windows),6,3,80.8333,13,72.4212,31
133301,Dirt 5,PlayStation 4,6,3,80.8333,13,72.4212,31
133301,Dirt 5,Xbox One,6,3,80.8333,13,72.4212,31
133301,Dirt 5,PlayStation 5,6,3,80.8333,13,72.4212,31
3772,Wreckfest,PC (Microsoft Windows),64,31,77.7692,13,72.5332,75
3772,Wreckfest,Android,64,31,77.7692,13,72.5332,75
3772,Wreckfest,iOS,64,31,77.7692,13,72.5332,75
3772,Wreckfest,PlayStation 4,64,31,77.7692,13,72.5332,75
3772,Wreckfest,Xbox One,64,31,77.7692,13,72.5332,75
3772,Wreckfest,Nintendo Switch,64,31,77.7692,13,72.5332,75
121760,Little Nightmares II,PC (Microsoft Windows),23,10,82.2308,20,83.8268,151
121760,Little Nightmares II,PlayStation 4,23,10,82.2308,20,83.8268,151
121760,Little Nightmares II,Xbox One,23,10,82.2308,20,83.8268,151
121760,Little Nightmares II,Nintendo Switch,23,10,82.2308,20,83.8268,151
121760,Little Nightmares II,PlayStation 5,23,10,82.2308,20,83.8268,151
55047,The Dark Pictures Anthology: Man of Medan,PC (Microsoft Windows),19,18,71.4615,16,68.0805,162
55047,The Dark Pictures Anthology: Man of Medan,PlayStation 4,19,18,71.4615,16,68.0805,162
55047,The Dark Pictures Anthology: Man of Medan,Xbox One,19,18,71.4615,16,68.0805,162
55047,The Dark Pictures Anthology: Man of Medan,Nintendo Switch,19,18,71.4615,16,68.0805,162
55047,The Dark Pictures Anthology: Man of Medan,PlayStation 5,19,18,71.4615,16,68.0805,162
2066,Ultimate Marvel vs. Capcom 3,PC (Microsoft Windows),28,NULL,76.7059,20,76.2518,96
2066,Ultimate Marvel vs. Capcom 3,PlayStation 4,28,NULL,76.7059,20,76.2518,96
2066,Ultimate Marvel vs. Capcom 3,Xbox One,28,NULL,76.7059,20,76.2518,96
81085,Dark Souls: Remastered,PC (Microsoft Windows),84,2,87.0000,16,86.7791,300
81085,Dark Souls: Remastered,PlayStation 4,84,2,87.0000,16,86.7791,300
81085,Dark Souls: Remastered,Xbox One,84,2,87.0000,16,86.7791,300
81085,Dark Souls: Remastered,Nintendo Switch,84,2,87.0000,16,86.7791,300
194464,Escape Academy,PC (Microsoft Windows),3,2,75.0000,3,75.4501,18
194464,Escape Academy,PlayStation 4,3,2,75.0000,3,75.4501,18
194464,Escape Academy,Xbox One,3,2,75.0000,3,75.4501,18
194464,Escape Academy,PlayStation 5,3,2,75.0000,3,75.4501,18
72813,Untitled Goose Game,PC (Microsoft Windows),18,12,82.2222,11,78.6675,169
72813,Untitled Goose Game,Mac,18,12,82.2222,11,78.6675,169
72813,Untitled Goose Game,PlayStation 4,18,12,82.2222,11,78.6675,169
72813,Untitled Goose Game,Xbox One,18,12,82.2222,11,78.6675,169
72813,Untitled Goose Game,Nintendo Switch,18,12,82.2222,11,78.6675,169
134073,Mafia III: Definitive Edition,PC (Microsoft Windows),2,NULL,71.0000,1,47.1221,17
134073,Mafia III: Definitive Edition,Mac,2,NULL,71.0000,1,47.1221,17
134073,Mafia III: Definitive Edition,PlayStation 4,2,NULL,71.0000,1,47.1221,17
134073,Mafia III: Definitive Edition,Xbox One,2,NULL,71.0000,1,47.1221,17
102584,Dying Light 2: Stay Human,PC (Microsoft Windows),57,181,76.8182,14,73.8935,82
102584,Dying Light 2: Stay Human,PlayStation 4,57,181,76.8182,14,73.8935,82
102584,Dying Light 2: Stay Human,Xbox One,57,181,76.8182,14,73.8935,82
102584,Dying Light 2: Stay Human,PlayStation 5,57,181,76.8182,14,73.8935,82
2074,Need for Speed: Rivals,PC (Microsoft Windows),61,1,80.2308,15,67.5849,194
2074,Need for Speed: Rivals,PlayStation 4,61,1,80.2308,15,67.5849,194
2074,Need for Speed: Rivals,Xbox One,61,1,80.2308,15,67.5849,194
22747,Book of Demons,PC (Microsoft Windows),6,NULL,90.0000,1,78.5664,23
22747,Book of Demons,Mac,6,NULL,90.0000,1,78.5664,23
22747,Book of Demons,PlayStation 4,6,NULL,90.0000,1,78.5664,23
22747,Book of Demons,Xbox One,6,NULL,90.0000,1,78.5664,23
22747,Book of Demons,Nintendo Switch,6,NULL,90.0000,1,78.5664,23
559,Call of Duty: Modern Warfare 2,PC (Microsoft Windows),323,NULL,85.2727,13,81.6796,1192
559,Call of Duty: Modern Warfare 2,Mac,323,NULL,85.2727,13,81.6796,1192
133308,The Medium,PC (Microsoft Windows),14,13,75.3529,19,71.3242,101
133308,The Medium,Mac,14,13,75.3529,19,71.3242,101
133308,The Medium,PlayStation 5,14,13,75.3529,19,71.3242,101
8864,Shadowrun: Dragonfall - Director's Cut,Linux,23,NULL,80.0000,4,85.1632,48
8864,Shadowrun: Dragonfall - Director's Cut,PC (Microsoft Windows),23,NULL,80.0000,4,85.1632,48
8864,Shadowrun: Dragonfall - Director's Cut,Mac,23,NULL,80.0000,4,85.1632,48
8864,Shadowrun: Dragonfall - Director's Cut,Android,23,NULL,80.0000,4,85.1632,48
8864,Shadowrun: Dragonfall - Director's Cut,iOS,23,NULL,80.0000,4,85.1632,48
8864,Shadowrun: Dragonfall - Director's Cut,PlayStation 4,23,NULL,80.0000,4,85.1632,48
8864,Shadowrun: Dragonfall - Director's Cut,Xbox One,23,NULL,80.0000,4,85.1632,48
8864,Shadowrun: Dragonfall - Director's Cut,Nintendo Switch,23,NULL,80.0000,4,85.1632,48
8864,Shadowrun: Dragonfall - Director's Cut,PlayStation 5,23,NULL,80.0000,4,85.1632,48
221288,Phoenix Wright: Ace Attorney Trilogy,PC (Microsoft Windows),NULL,NULL,NULL,NULL,75.9021,15
221288,Phoenix Wright: Ace Attorney Trilogy,iOS,NULL,NULL,NULL,NULL,75.9021,15
221288,Phoenix Wright: Ace Attorney Trilogy,PlayStation 4,NULL,NULL,NULL,NULL,75.9021,15
221288,Phoenix Wright: Ace Attorney Trilogy,Xbox One,NULL,NULL,NULL,NULL,75.9021,15
221288,Phoenix Wright: Ace Attorney Trilogy,Nintendo Switch,NULL,NULL,NULL,NULL,75.9021,15
138766,Riders Republic,PC (Microsoft Windows),3,12,77.1667,9,24.0799,13
138766,Riders Republic,PlayStation 4,3,12,77.1667,9,24.0799,13
138766,Riders Republic,Xbox One,3,12,77.1667,9,24.0799,13
138766,Riders Republic,PlayStation 5,3,12,77.1667,9,24.0799,13
1293,Tom Clancy's Ghost Recon: Future Soldier,PC (Microsoft Windows),35,NULL,74.6000,11,72.2618,82
11131,ReCore,PC (Microsoft Windows),36,14,59.0000,24,71.8675,44
11131,ReCore,Xbox One,36,14,59.0000,24,71.8675,44
20041,Payday 2: Crimewave Edition,PlayStation 4,2,NULL,71.8889,11,80.0000,2
20041,Payday 2: Crimewave Edition,Xbox One,2,NULL,71.8889,11,80.0000,2
2602,Alan Wake's American Nightmare,PC (Microsoft Windows),41,NULL,79.2857,8,67.5339,184
167611,Alan Wake Remastered,PC (Microsoft Windows),2,5,81.6667,6,77.1893,50
167611,Alan Wake Remastered,PlayStation 4,2,5,81.6667,6,77.1893,50
167611,Alan Wake Remastered,Xbox One,2,5,81.6667,6,77.1893,50
167611,Alan Wake Remastered,Nintendo Switch,2,5,81.6667,6,77.1893,50
167611,Alan Wake Remastered,PlayStation 5,2,5,81.6667,6,77.1893,50
614,Bejeweled 2,PC (Microsoft Windows),2,NULL,53.3333,2,71.1506,14
614,Bejeweled 2,Mac,2,NULL,53.3333,2,71.1506,14
1305,Tom Clancy's Splinter Cell: Blacklist,PC (Microsoft Windows),112,NULL,78.3846,17,82.3844,264
55056,Age of Empires II: Definitive Edition,PC (Microsoft Windows),26,5,77.6667,4,88.7923,110
55056,Age of Empires II: Definitive Edition,Xbox One,26,5,77.6667,4,88.7923,110
143114,Total War: Warhammer III,Linux,6,3,78.3333,3,79.0435,20
143114,Total War: Warhammer III,PC (Microsoft Windows),6,3,78.3333,3,79.0435,20
143114,Total War: Warhammer III,Mac,6,3,78.3333,3,79.0435,20
75240,Erica,PC (Microsoft Windows),13,1,71.7500,5,62.0765,57
75240,Erica,iOS,13,1,71.7500,5,62.0765,57
75240,Erica,PlayStation 4,13,1,71.7500,5,62.0765,57
1985,Metal Gear Solid V: The Phantom Pain,PC (Microsoft Windows),359,57,95.7368,24,85.3515,879
1985,Metal Gear Solid V: The Phantom Pain,PlayStation 4,359,57,95.7368,24,85.3515,879
1985,Metal Gear Solid V: The Phantom Pain,Xbox One,359,57,95.7368,24,85.3515,879
26820,Blasphemous,Linux,35,21,78.2500,5,81.7735,160
26820,Blasphemous,PC (Microsoft Windows),35,21,78.2500,5,81.7735,160
26820,Blasphemous,Mac,35,21,78.2500,5,81.7735,160
26820,Blasphemous,PlayStation 4,35,21,78.2500,5,81.7735,160
26820,Blasphemous,Xbox One,35,21,78.2500,5,81.7735,160
26820,Blasphemous,Nintendo Switch,35,21,78.2500,5,81.7735,160
15563,Clicker Heroes,Linux,17,NULL,NULL,NULL,71.5076,45
15563,Clicker Heroes,PC (Microsoft Windows),17,NULL,NULL,NULL,71.5076,45
15563,Clicker Heroes,Mac,17,NULL,NULL,NULL,71.5076,45
15563,Clicker Heroes,Android,17,NULL,NULL,NULL,71.5076,45
15563,Clicker Heroes,iOS,17,NULL,NULL,NULL,71.5076,45
15563,Clicker Heroes,PlayStation 4,17,NULL,NULL,NULL,71.5076,45
15563,Clicker Heroes,Xbox One,17,NULL,NULL,NULL,71.5076,45
15563,Clicker Heroes,Web browser,17,NULL,NULL,NULL,71.5076,45
29004,Life is Strange: Before the Storm,Linux,157,20,77.0541,11,74.0375,369
29004,Life is Strange: Before the Storm,PC (Microsoft Windows),157,20,77.0541,11,74.0375,369
29004,Life is Strange: Before the Storm,Mac,157,20,77.0541,11,74.0375,369
29004,Life is Strange: Before the Storm,Android,157,20,77.0541,11,74.0375,369
29004,Life is Strange: Before the Storm,iOS,157,20,77.0541,11,74.0375,369
29004,Life is Strange: Before the Storm,PlayStation 4,157,20,77.0541,11,74.0375,369
29004,Life is Strange: Before the Storm,Xbox One,157,20,77.0541,11,74.0375,369
9898,Total War: Warhammer,Linux,35,7,85.1304,25,85.4537,91
9898,Total War: Warhammer,PC (Microsoft Windows),35,7,85.1304,25,85.4537,91
9898,Total War: Warhammer,Mac,35,7,85.1304,25,85.4537,91
1937,Killzone: Shadow Fall,PlayStation 4,46,1,70.0000,15,69.5176,131
1887,Dragon Age: Inquisition,PC (Microsoft Windows),345,9,87.9375,19,82.9234,887
1887,Dragon Age: Inquisition,PlayStation 4,345,9,87.9375,19,82.9234,887
1887,Dragon Age: Inquisition,Xbox One,345,9,87.9375,19,82.9234,887
19531,Prey,PC (Microsoft Windows),259,49,75.8125,19,80.5342,480
19531,Prey,PlayStation 4,259,49,75.8125,19,80.5342,480
19531,Prey,Xbox One,259,49,75.8125,19,80.5342,480
20863,Dishonored: Definitive Edition,PC (Microsoft Windows),28,NULL,79.8571,7,84.8828,82
20863,Dishonored: Definitive Edition,PlayStation 4,28,NULL,79.8571,7,84.8828,82
20863,Dishonored: Definitive Edition,Xbox One,28,NULL,79.8571,7,84.8828,82
27732,Yonder: The Cloud Catcher Chronicles,PC (Microsoft Windows),17,1,68.3000,13,78.8221,16
27732,Yonder: The Cloud Catcher Chronicles,PlayStation 4,17,1,68.3000,13,78.8221,16
27732,Yonder: The Cloud Catcher Chronicles,Xbox One,17,1,68.3000,13,78.8221,16
27732,Yonder: The Cloud Catcher Chronicles,Nintendo Switch,17,1,68.3000,13,78.8221,16
119386,Empire of Sin,PC (Microsoft Windows),9,7,58.0000,4,57.5042,11
119386,Empire of Sin,Mac,9,7,58.0000,4,57.5042,11
119386,Empire of Sin,PlayStation 4,9,7,58.0000,4,57.5042,11
119386,Empire of Sin,Xbox One,9,7,58.0000,4,57.5042,11
119386,Empire of Sin,Nintendo Switch,9,7,58.0000,4,57.5042,11
135995,As Dusk Falls,PC (Microsoft Windows),1,7,87.0000,7,79.5241,51
135995,As Dusk Falls,Xbox One,1,7,87.0000,7,79.5241,51
3211,Tropico 5,Linux,49,6,72.3571,14,72.7163,92
3211,Tropico 5,PC (Microsoft Windows),49,6,72.3571,14,72.7163,92
3211,Tropico 5,Mac,49,6,72.3571,14,72.7163,92
3211,Tropico 5,PlayStation 4,49,6,72.3571,14,72.7163,92
3211,Tropico 5,Xbox One,49,6,72.3571,14,72.7163,92
76,Dragon Age: Origins,PC (Microsoft Windows),445,NULL,90.2000,14,86.5688,1362
76,Dragon Age: Origins,Mac,445,NULL,90.2000,14,86.5688,1362
26183,Halo Wars: Definitive Edition,PC (Microsoft Windows),7,NULL,77.5000,2,76.9908,16
26183,Halo Wars: Definitive Edition,Xbox One,7,NULL,77.5000,2,76.9908,16
8465,Volgarr the Viking,Linux,10,NULL,80.0000,1,70.4943,25
8465,Volgarr the Viking,PC (Microsoft Windows),10,NULL,80.0000,1,70.4943,25
8465,Volgarr the Viking,Mac,10,NULL,80.0000,1,70.4943,25
8465,Volgarr the Viking,PlayStation 4,10,NULL,80.0000,1,70.4943,25
8465,Volgarr the Viking,Xbox One,10,NULL,80.0000,1,70.4943,25
8465,Volgarr the Viking,Nintendo Switch,10,NULL,80.0000,1,70.4943,25
9180,Victor Vran,Linux,11,2,72.0000,7,64.2516,36
9180,Victor Vran,PC (Microsoft Windows),11,2,72.0000,7,64.2516,36
9180,Victor Vran,Mac,11,2,72.0000,7,64.2516,36
9180,Victor Vran,PlayStation 4,11,2,72.0000,7,64.2516,36
9180,Victor Vran,Xbox One,11,2,72.0000,7,64.2516,36
9369,Whispering Willows,Linux,9,NULL,68.6667,3,74.0798,16
9369,Whispering Willows,PC (Microsoft Windows),9,NULL,68.6667,3,74.0798,16
9369,Whispering Willows,Mac,9,NULL,68.6667,3,74.0798,16
9369,Whispering Willows,Android,9,NULL,68.6667,3,74.0798,16
9369,Whispering Willows,iOS,9,NULL,68.6667,3,74.0798,16
9369,Whispering Willows,PlayStation 4,9,NULL,68.6667,3,74.0798,16
9369,Whispering Willows,Xbox One,9,NULL,68.6667,3,74.0798,16
9369,Whispering Willows,Nintendo Switch,9,NULL,68.6667,3,74.0798,16
125628,Tell Me Why,PC (Microsoft Windows),44,5,80.8889,12,75.6565,90
125628,Tell Me Why,Xbox One,44,5,80.8889,12,75.6565,90
5317,Ninja Gaiden 3: Razor's Edge,PC (Microsoft Windows),6,NULL,70.2727,13,70.3278,14
5317,Ninja Gaiden 3: Razor's Edge,PlayStation 4,6,NULL,70.2727,13,70.3278,14
5317,Ninja Gaiden 3: Razor's Edge,Xbox One,6,NULL,70.2727,13,70.3278,14
5317,Ninja Gaiden 3: Razor's Edge,Nintendo Switch,6,NULL,70.2727,13,70.3278,14
106985,The Procession to Calvary,Linux,NULL,1,NULL,NULL,75.8076,11
106985,The Procession to Calvary,PC (Microsoft Windows),NULL,1,NULL,NULL,75.8076,11
106985,The Procession to Calvary,Mac,NULL,1,NULL,NULL,75.8076,11
106985,The Procession to Calvary,Android,NULL,1,NULL,NULL,75.8076,11
106985,The Procession to Calvary,iOS,NULL,1,NULL,NULL,75.8076,11
106985,The Procession to Calvary,PlayStation 4,NULL,1,NULL,NULL,75.8076,11
106985,The Procession to Calvary,Xbox One,NULL,1,NULL,NULL,75.8076,11
106985,The Procession to Calvary,Nintendo Switch,NULL,1,NULL,NULL,75.8076,11
9192,Wolfenstein: The Old Blood,PC (Microsoft Windows),142,12,76.4000,17,77.7780,325
9192,Wolfenstein: The Old Blood,PlayStation 4,142,12,76.4000,17,77.7780,325
9192,Wolfenstein: The Old Blood,Xbox One,142,12,76.4000,17,77.7780,325
118193,Toem,PC (Microsoft Windows),1,2,95.0000,2,84.0111,26
118193,Toem,Mac,1,2,95.0000,2,84.0111,26
118193,Toem,Xbox One,1,2,95.0000,2,84.0111,26
118193,Toem,Nintendo Switch,1,2,95.0000,2,84.0111,26
118193,Toem,PlayStation 5,1,2,95.0000,2,84.0111,26
115201,Unrailed!,Linux,9,1,NULL,NULL,71.9790,16
115201,Unrailed!,PC (Microsoft Windows),9,1,NULL,NULL,71.9790,16
115201,Unrailed!,Mac,9,1,NULL,NULL,71.9790,16
115201,Unrailed!,PlayStation 4,9,1,NULL,NULL,71.9790,16
115201,Unrailed!,Xbox One,9,1,NULL,NULL,71.9790,16
115201,Unrailed!,Nintendo Switch,9,1,NULL,NULL,71.9790,16
76045,The Last Blade 2,PC (Microsoft Windows),3,NULL,NULL,NULL,87.9051,13
76045,The Last Blade 2,PlayStation 4,3,NULL,NULL,NULL,87.9051,13
111846,Void Bastards,PC (Microsoft Windows),10,3,81.3750,9,74.2221,46
111846,Void Bastards,Mac,10,3,81.3750,9,74.2221,46
111846,Void Bastards,PlayStation 4,10,3,81.3750,9,74.2221,46
111846,Void Bastards,Xbox One,10,3,81.3750,9,74.2221,46
111846,Void Bastards,Nintendo Switch,10,3,81.3750,9,74.2221,46
121748,The Touryst,PC (Microsoft Windows),4,3,82.7500,4,66.1270,20
121748,The Touryst,PlayStation 4,4,3,82.7500,4,66.1270,20
121748,The Touryst,Xbox One,4,3,82.7500,4,66.1270,20
121748,The Touryst,Nintendo Switch,4,3,82.7500,4,66.1270,20
121748,The Touryst,PlayStation 5,4,3,82.7500,4,66.1270,20
11842,Sword Art Online: Lost Song,PC (Microsoft Windows),15,NULL,67.5000,6,78.0170,13
11842,Sword Art Online: Lost Song,PlayStation 4,15,NULL,67.5000,6,78.0170,13
19301,The Long Journey Home,PC (Microsoft Windows),19,5,70.0000,5,56.1757,11
19301,The Long Journey Home,Mac,19,5,70.0000,5,56.1757,11
19301,The Long Journey Home,PlayStation 4,19,5,70.0000,5,56.1757,11
19301,The Long Journey Home,Xbox One,19,5,70.0000,5,56.1757,11
19301,The Long Journey Home,Nintendo Switch,19,5,70.0000,5,56.1757,11
11213,Star Ocean: Integrity and Faithlessness,PlayStation 4,10,2,59.8421,20,54.4171,9
6452,Tales of Zestiria,PC (Microsoft Windows),26,NULL,76.9167,13,69.5732,72
6452,Tales of Zestiria,PlayStation 4,26,NULL,76.9167,13,69.5732,72
201156,Star Wars Jedi: Survivor,PC (Microsoft Windows),NULL,24,85.1429,12,81.5998,50
201156,Star Wars Jedi: Survivor,PlayStation 5,NULL,24,85.1429,12,81.5998,50
115840,Silence,Linux,3,NULL,75.3333,4,70.0362,12
115840,Silence,PC (Microsoft Windows),3,NULL,75.3333,4,70.0362,12
115840,Silence,Mac,3,NULL,75.3333,4,70.0362,12
115840,Silence,PlayStation 4,3,NULL,75.3333,4,70.0362,12
115840,Silence,Xbox One,3,NULL,75.3333,4,70.0362,12
115840,Silence,Nintendo Switch,3,NULL,75.3333,4,70.0362,12
11562,Skyhill,Linux,4,NULL,67.3333,3,64.0667,11
11562,Skyhill,PC (Microsoft Windows),4,NULL,67.3333,3,64.0667,11
11562,Skyhill,Mac,4,NULL,67.3333,3,64.0667,11
11562,Skyhill,Android,4,NULL,67.3333,3,64.0667,11
11562,Skyhill,iOS,4,NULL,67.3333,3,64.0667,11
11562,Skyhill,PlayStation 4,4,NULL,67.3333,3,64.0667,11
11562,Skyhill,Xbox One,4,NULL,67.3333,3,64.0667,11
11562,Skyhill,Nintendo Switch,4,NULL,67.3333,3,64.0667,11
15490,Shiness: The Lightning Kingdom,PC (Microsoft Windows),8,2,67.6667,12,80.0000,2
15490,Shiness: The Lightning Kingdom,PlayStation 4,8,2,67.6667,12,80.0000,2
15490,Shiness: The Lightning Kingdom,Xbox One,8,2,67.6667,12,80.0000,2
19220,Snake Pass,PC (Microsoft Windows),27,1,72.1667,15,73.4952,48
19220,Snake Pass,PlayStation 4,27,1,72.1667,15,73.4952,48
19220,Snake Pass,Xbox One,27,1,72.1667,15,73.4952,48
19220,Snake Pass,Nintendo Switch,27,1,72.1667,15,73.4952,48
54775,Shadows: Awakening,PC (Microsoft Windows),12,1,71.2500,6,69.9108,13
54775,Shadows: Awakening,PlayStation 4,12,1,71.2500,6,69.9108,13
54775,Shadows: Awakening,Xbox One,12,1,71.2500,6,69.9108,13
96391,Shenmue I & II,PC (Microsoft Windows),23,2,75.7500,5,72.9455,26
96391,Shenmue I & II,PlayStation 4,23,2,75.7500,5,72.9455,26
96391,Shenmue I & II,Xbox One,23,2,75.7500,5,72.9455,26
65832,Stick Fight: The Game,PC (Microsoft Windows),30,NULL,NULL,NULL,74.1583,72
65832,Stick Fight: The Game,Mac,30,NULL,NULL,NULL,74.1583,72
65832,Stick Fight: The Game,Android,30,NULL,NULL,NULL,74.1583,72
65832,Stick Fight: The Game,iOS,30,NULL,NULL,NULL,74.1583,72
65832,Stick Fight: The Game,PlayStation 4,30,NULL,NULL,NULL,74.1583,72
65832,Stick Fight: The Game,Xbox One,30,NULL,NULL,NULL,74.1583,72
65832,Stick Fight: The Game,Nintendo Switch,30,NULL,NULL,NULL,74.1583,72
27433,SteamWorld Dig 2,Linux,41,3,89.0000,12,83.9230,147
27433,SteamWorld Dig 2,PC (Microsoft Windows),41,3,89.0000,12,83.9230,147
27433,SteamWorld Dig 2,Mac,41,3,89.0000,12,83.9230,147
27433,SteamWorld Dig 2,PlayStation 4,41,3,89.0000,12,83.9230,147
27433,SteamWorld Dig 2,Xbox One,41,3,89.0000,12,83.9230,147
27433,SteamWorld Dig 2,Nintendo Switch,41,3,89.0000,12,83.9230,147
19407,Rock of Ages 2: Bigger & Boulder,PC (Microsoft Windows),5,4,74.7500,6,57.3065,19
19407,Rock of Ages 2: Bigger & Boulder,PlayStation 4,5,4,74.7500,6,57.3065,19
19407,Rock of Ages 2: Bigger & Boulder,Xbox One,5,4,74.7500,6,57.3065,19
19407,Rock of Ages 2: Bigger & Boulder,Nintendo Switch,5,4,74.7500,6,57.3065,19
96392,Sakura Wars,PlayStation 4,1,1,76.8889,10,70.1839,13
15852,Roundabout,Linux,4,NULL,78.3333,3,63.6396,17
15852,Roundabout,PC (Microsoft Windows),4,NULL,78.3333,3,63.6396,17
15852,Roundabout,Mac,4,NULL,78.3333,3,63.6396,17
15852,Roundabout,PlayStation 4,4,NULL,78.3333,3,63.6396,17
15852,Roundabout,Xbox One,4,NULL,78.3333,3,63.6396,17
112613,Prodeus,PC (Microsoft Windows),7,5,85.0000,3,72.4230,16
112613,Prodeus,Mac,7,5,85.0000,3,72.4230,16
112613,Prodeus,PlayStation 4,7,5,85.0000,3,72.4230,16
112613,Prodeus,Xbox One,7,5,85.0000,3,72.4230,16
112613,Prodeus,Nintendo Switch,7,5,85.0000,3,72.4230,16
112613,Prodeus,PlayStation 5,7,5,85.0000,3,72.4230,16
20454,Pinstripe,Linux,12,1,81.6667,3,72.9400,30
20454,Pinstripe,PC (Microsoft Windows),12,1,81.6667,3,72.9400,30
20454,Pinstripe,Mac,12,1,81.6667,3,72.9400,30
20454,Pinstripe,iOS,12,1,81.6667,3,72.9400,30
20454,Pinstripe,PlayStation 4,12,1,81.6667,3,72.9400,30
20454,Pinstripe,Xbox One,12,1,81.6667,3,72.9400,30
20454,Pinstripe,Nintendo Switch,12,1,81.6667,3,72.9400,30
33747,My Name is Mayo,PC (Microsoft Windows),2,NULL,NULL,NULL,62.2403,18
33747,My Name is Mayo,PlayStation 4,2,NULL,NULL,NULL,62.2403,18
33747,My Name is Mayo,Nintendo Switch,2,NULL,NULL,NULL,62.2403,18
9523,OlliOlli2: Welcome to Olliwood,Linux,5,NULL,86.6667,11,70.2629,28
9523,OlliOlli2: Welcome to Olliwood,PC (Microsoft Windows),5,NULL,86.6667,11,70.2629,28
9523,OlliOlli2: Welcome to Olliwood,Mac,5,NULL,86.6667,11,70.2629,28
9523,OlliOlli2: Welcome to Olliwood,PlayStation 4,5,NULL,86.6667,11,70.2629,28
9523,OlliOlli2: Welcome to Olliwood,Xbox One,5,NULL,86.6667,11,70.2629,28
12597,Owlboy,Linux,80,9,88.5385,17,79.1503,108
12597,Owlboy,PC (Microsoft Windows),80,9,88.5385,17,79.1503,108
12597,Owlboy,Mac,80,9,88.5385,17,79.1503,108
12597,Owlboy,PlayStation 4,80,9,88.5385,17,79.1503,108
12597,Owlboy,Xbox One,80,9,88.5385,17,79.1503,108
12597,Owlboy,Nintendo Switch,80,9,88.5385,17,79.1503,108
89560,Mutant Year Zero: Road to Eden,PC (Microsoft Windows),27,11,81.2500,13,81.2769,68
89560,Mutant Year Zero: Road to Eden,PlayStation 4,27,11,81.2500,13,81.2769,68
89560,Mutant Year Zero: Road to Eden,Xbox One,27,11,81.2500,13,81.2769,68
89560,Mutant Year Zero: Road to Eden,Nintendo Switch,27,11,81.2500,13,81.2769,68
26653,Nekopara Vol. 1,PC (Microsoft Windows),11,NULL,NULL,NULL,72.9910,29
26653,Nekopara Vol. 1,PlayStation 4,11,NULL,NULL,NULL,72.9910,29
26653,Nekopara Vol. 1,Nintendo Switch,11,NULL,NULL,NULL,72.9910,29
26197,Marvel vs. Capcom: Infinite,PC (Microsoft Windows),29,4,69.0952,24,73.0422,38
26197,Marvel vs. Capcom: Infinite,PlayStation 4,29,4,69.0952,24,73.0422,38
26197,Marvel vs. Capcom: Infinite,Xbox One,29,4,69.0952,24,73.0422,38
13172,Mad Games Tycoon,PC (Microsoft Windows),10,NULL,90.0000,1,69.9024,16
13172,Mad Games Tycoon,Mac,10,NULL,90.0000,1,69.9024,16
13172,Mad Games Tycoon,PlayStation 4,10,NULL,90.0000,1,69.9024,16
13172,Mad Games Tycoon,Xbox One,10,NULL,90.0000,1,69.9024,16
13172,Mad Games Tycoon,Nintendo Switch,10,NULL,90.0000,1,69.9024,16
1408,Metal Slug 3,Android,41,NULL,82.3333,7,81.9903,158
7084,Marvel Puzzle Quest,PC (Microsoft Windows),2,NULL,40.0000,1,57.3525,14
7084,Marvel Puzzle Quest,Android,2,NULL,40.0000,1,57.3525,14
7084,Marvel Puzzle Quest,iOS,2,NULL,40.0000,1,57.3525,14
7084,Marvel Puzzle Quest,PlayStation 4,2,NULL,40.0000,1,57.3525,14
7084,Marvel Puzzle Quest,Xbox One,2,NULL,40.0000,1,57.3525,14
11052,Kung Fury: Street Rage,PC (Microsoft Windows),7,NULL,39.0000,1,61.5205,27
11052,Kung Fury: Street Rage,Android,7,NULL,39.0000,1,61.5205,27
11052,Kung Fury: Street Rage,iOS,7,NULL,39.0000,1,61.5205,27
11052,Kung Fury: Street Rage,PlayStation 4,7,NULL,39.0000,1,61.5205,27
30099,Golf It!,PC (Microsoft Windows),3,NULL,NULL,NULL,70.1270,16
30099,Golf It!,Mac,3,NULL,NULL,NULL,70.1270,16
19002,Gonner,Linux,11,NULL,82.7500,6,69.8612,18
19002,Gonner,PC (Microsoft Windows),11,NULL,82.7500,6,69.8612,18
19002,Gonner,Mac,11,NULL,82.7500,6,69.8612,18
19002,Gonner,PlayStation 4,11,NULL,82.7500,6,69.8612,18
19002,Gonner,Nintendo Switch,11,NULL,82.7500,6,69.8612,18
9649,Infinifactory,Linux,11,NULL,75.3333,4,83.1651,24
9649,Infinifactory,PC (Microsoft Windows),11,NULL,75.3333,4,83.1651,24
9649,Infinifactory,Mac,11,NULL,75.3333,4,83.1651,24
9649,Infinifactory,PlayStation 4,11,NULL,75.3333,4,83.1651,24
7891,Hammerwatch,Linux,4,NULL,70.0000,1,69.9574,27
7891,Hammerwatch,PC (Microsoft Windows),4,NULL,70.0000,1,69.9574,27
7891,Hammerwatch,Mac,4,NULL,70.0000,1,69.9574,27
7891,Hammerwatch,PlayStation 4,4,NULL,70.0000,1,69.9574,27
7891,Hammerwatch,Xbox One,4,NULL,70.0000,1,69.9574,27
7891,Hammerwatch,Nintendo Switch,4,NULL,70.0000,1,69.9574,27
25871,Glass Masquerade,PC (Microsoft Windows),4,NULL,70.0000,2,71.6213,15
25871,Glass Masquerade,Mac,4,NULL,70.0000,2,71.6213,15
25871,Glass Masquerade,PlayStation 4,4,NULL,70.0000,2,71.6213,15
25871,Glass Masquerade,Xbox One,4,NULL,70.0000,2,71.6213,15
25871,Glass Masquerade,Nintendo Switch,4,NULL,70.0000,2,71.6213,15
11540,Exist Archive: The Other Side of the Sky,PlayStation 4,1,NULL,67.4000,11,NULL,NULL
4759,Divekick,PC (Microsoft Windows),3,NULL,61.6667,5,62.9566,19
4759,Divekick,PlayStation 4,3,NULL,61.6667,5,62.9566,19
4759,Divekick,Xbox One,3,NULL,61.6667,5,62.9566,19
34667,Distrust,PC (Microsoft Windows),10,1,80.0000,1,56.4417,11
34667,Distrust,Mac,10,1,80.0000,1,56.4417,11
34667,Distrust,PlayStation 4,10,1,80.0000,1,56.4417,11
34667,Distrust,Xbox One,10,1,80.0000,1,56.4417,11
34667,Distrust,Nintendo Switch,10,1,80.0000,1,56.4417,11
18389,Deadbolt,Linux,10,NULL,75.0000,2,79.8871,23
18389,Deadbolt,PC (Microsoft Windows),10,NULL,75.0000,2,79.8871,23
18389,Deadbolt,PlayStation 4,10,NULL,75.0000,2,79.8871,23
18389,Deadbolt,Nintendo Switch,10,NULL,75.0000,2,79.8871,23
2637,de Blob,PC (Microsoft Windows),4,NULL,82.0000,9,66.5184,21
2637,de Blob,iOS,4,NULL,82.0000,9,66.5184,21
2637,de Blob,PlayStation 4,4,NULL,82.0000,9,66.5184,21
2637,de Blob,Xbox One,4,NULL,82.0000,9,66.5184,21
2637,de Blob,Nintendo Switch,4,NULL,82.0000,9,66.5184,21
6632,Call of Duty: Advanced Warfare,PC (Microsoft Windows),123,2,80.2000,23,71.9000,483
6632,Call of Duty: Advanced Warfare,PlayStation 4,123,2,80.2000,23,71.9000,483
6632,Call of Duty: Advanced Warfare,Xbox One,123,2,80.2000,23,71.9000,483
4796,de Blob 2,PC (Microsoft Windows),8,NULL,75.3750,11,70.1691,17
4796,de Blob 2,PlayStation 4,8,NULL,75.3750,11,70.1691,17
4796,de Blob 2,Xbox One,8,NULL,75.3750,11,70.1691,17
4796,de Blob 2,Nintendo Switch,8,NULL,75.3750,11,70.1691,17
44122,City of Brass,PC (Microsoft Windows),13,2,68.1250,9,40.0106,11
44122,City of Brass,PlayStation 4,13,2,68.1250,9,40.0106,11
44122,City of Brass,Xbox One,13,2,68.1250,9,40.0106,11
44122,City of Brass,Nintendo Switch,13,2,68.1250,9,40.0106,11
3222,Chasm,Linux,32,21,70.0000,9,75.3806,39
3222,Chasm,PC (Microsoft Windows),32,21,70.0000,9,75.3806,39
3222,Chasm,Mac,32,21,70.0000,9,75.3806,39
3222,Chasm,PlayStation 4,32,21,70.0000,9,75.3806,39
3222,Chasm,Xbox One,32,21,70.0000,9,75.3806,39
3222,Chasm,Nintendo Switch,32,21,70.0000,9,75.3806,39
24501,Burly Men at Sea,PC (Microsoft Windows),3,NULL,75.0000,3,67.3965,30
24501,Burly Men at Sea,Mac,3,NULL,75.0000,3,67.3965,30
24501,Burly Men at Sea,Android,3,NULL,75.0000,3,67.3965,30
24501,Burly Men at Sea,iOS,3,NULL,75.0000,3,67.3965,30
24501,Burly Men at Sea,PlayStation 4,3,NULL,75.0000,3,67.3965,30
24501,Burly Men at Sea,Nintendo Switch,3,NULL,75.0000,3,67.3965,30
118607,Art of Rally,Linux,4,1,83.3333,3,81.4720,21
118607,Art of Rally,PC (Microsoft Windows),4,1,83.3333,3,81.4720,21
118607,Art of Rally,Mac,4,1,83.3333,3,81.4720,21
118607,Art of Rally,PlayStation 4,4,1,83.3333,3,81.4720,21
118607,Art of Rally,Xbox One,4,1,83.3333,3,81.4720,21
118607,Art of Rally,Nintendo Switch,4,1,83.3333,3,81.4720,21
118607,Art of Rally,PlayStation 5,4,1,83.3333,3,81.4720,21
8634,Alien Shooter,PC (Microsoft Windows),12,NULL,NULL,NULL,71.6690,39
8634,Alien Shooter,Android,12,NULL,NULL,NULL,71.6690,39
8634,Alien Shooter,iOS,12,NULL,NULL,NULL,71.6690,39
8634,Alien Shooter,PlayStation 4,12,NULL,NULL,NULL,71.6690,39
103484,Akane,Linux,3,1,NULL,NULL,70.3429,13
103484,Akane,PC (Microsoft Windows),3,1,NULL,NULL,70.3429,13
103484,Akane,Mac,3,1,NULL,NULL,70.3429,13
103484,Akane,PlayStation 4,3,1,NULL,NULL,70.3429,13
103484,Akane,Xbox One,3,1,NULL,NULL,70.3429,13
103484,Akane,Nintendo Switch,3,1,NULL,NULL,70.3429,13
11367,Anna's Quest,Linux,10,NULL,65.0000,2,69.6224,20
11367,Anna's Quest,PC (Microsoft Windows),10,NULL,65.0000,2,69.6224,20
11367,Anna's Quest,Mac,10,NULL,65.0000,2,69.6224,20
11367,Anna's Quest,PlayStation 4,10,NULL,65.0000,2,69.6224,20
11367,Anna's Quest,Xbox One,10,NULL,65.0000,2,69.6224,20
11367,Anna's Quest,Nintendo Switch,10,NULL,65.0000,2,69.6224,20
14758,Ace Combat 7: Skies Unknown,PC (Microsoft Windows),32,23,81.4545,13,80.7661,59
14758,Ace Combat 7: Skies Unknown,PlayStation 4,32,23,81.4545,13,80.7661,59
14758,Ace Combat 7: Skies Unknown,Xbox One,32,23,81.4545,13,80.7661,59
78152,Afterparty,PC (Microsoft Windows),21,12,74.8571,8,60.1920,30
78152,Afterparty,Mac,21,12,74.8571,8,60.1920,30
78152,Afterparty,PlayStation 4,21,12,74.8571,8,60.1920,30
78152,Afterparty,Xbox One,21,12,74.8571,8,60.1920,30
78152,Afterparty,Nintendo Switch,21,12,74.8571,8,60.1920,30
7171,Aaru's Awakening,Linux,3,NULL,68.0000,1,50.2784,17
7171,Aaru's Awakening,PC (Microsoft Windows),3,NULL,68.0000,1,50.2784,17
7171,Aaru's Awakening,Mac,3,NULL,68.0000,1,50.2784,17
7171,Aaru's Awakening,PlayStation 4,3,NULL,68.0000,1,50.2784,17
7171,Aaru's Awakening,Xbox One,3,NULL,68.0000,1,50.2784,17
4656,A Boy and His Blob,Linux,2,NULL,53.3333,3,68.2995,15
4656,A Boy and His Blob,PC (Microsoft Windows),2,NULL,53.3333,3,68.2995,15
4656,A Boy and His Blob,Mac,2,NULL,53.3333,3,68.2995,15
4656,A Boy and His Blob,Android,2,NULL,53.3333,3,68.2995,15
4656,A Boy and His Blob,iOS,2,NULL,53.3333,3,68.2995,15
4656,A Boy and His Blob,PlayStation 4,2,NULL,53.3333,3,68.2995,15
4656,A Boy and His Blob,Xbox One,2,NULL,53.3333,3,68.2995,15
4656,A Boy and His Blob,Nintendo Switch,2,NULL,53.3333,3,68.2995,15
17480,Eastshade,PC (Microsoft Windows),6,2,76.5000,2,77.9083,28
17480,Eastshade,PlayStation 4,6,2,76.5000,2,77.9083,28
17480,Eastshade,Xbox One,6,2,76.5000,2,77.9083,28
28337,13 Sentinels: Aegis Rim,PlayStation 4,12,4,83.8889,10,92.6978,69
28337,13 Sentinels: Aegis Rim,Nintendo Switch,12,4,83.8889,10,92.6978,69
11049,Crawl,Linux,13,1,60.0000,2,67.9387,35
11049,Crawl,PC (Microsoft Windows),13,1,60.0000,2,67.9387,35
11049,Crawl,Mac,13,1,60.0000,2,67.9387,35
11049,Crawl,PlayStation 4,13,1,60.0000,2,67.9387,35
11049,Crawl,Xbox One,13,1,60.0000,2,67.9387,35
11049,Crawl,Nintendo Switch,13,1,60.0000,2,67.9387,35
19489,Leo's Fortune,PC (Microsoft Windows),4,NULL,74.0000,7,70.3468,13
19489,Leo's Fortune,Mac,4,NULL,74.0000,7,70.3468,13
19489,Leo's Fortune,Android,4,NULL,74.0000,7,70.3468,13
19489,Leo's Fortune,iOS,4,NULL,74.0000,7,70.3468,13
19489,Leo's Fortune,PlayStation 4,4,NULL,74.0000,7,70.3468,13
19489,Leo's Fortune,Xbox One,4,NULL,74.0000,7,70.3468,13
19396,35MM,PC (Microsoft Windows),11,NULL,NULL,NULL,56.6958,17
19396,35MM,PlayStation 4,11,NULL,NULL,NULL,56.6958,17
19396,35MM,Xbox One,11,NULL,NULL,NULL,56.6958,17
19396,35MM,Nintendo Switch,11,NULL,NULL,NULL,56.6958,17
18686,10 Second Ninja X,PC (Microsoft Windows),14,NULL,77.3333,9,65.3674,29
18686,10 Second Ninja X,PlayStation 4,14,NULL,77.3333,9,65.3674,29
18686,10 Second Ninja X,Xbox One,14,NULL,77.3333,9,65.3674,29
18686,10 Second Ninja X,Nintendo Switch,14,NULL,77.3333,9,65.3674,29
9497,140,Linux,13,NULL,71.0000,2,70.7384,34
9497,140,PC (Microsoft Windows),13,NULL,71.0000,2,70.7384,34
9497,140,Mac,13,NULL,71.0000,2,70.7384,34
9497,140,PlayStation 4,13,NULL,71.0000,2,70.7384,34
9497,140,Xbox One,13,NULL,71.0000,2,70.7384,34
9497,140,Nintendo Switch,13,NULL,71.0000,2,70.7384,34
23851,Wandersong,PC (Microsoft Windows),4,1,88.6000,5,93.3712,30
23851,Wandersong,Mac,4,1,88.6000,5,93.3712,30
23851,Wandersong,PlayStation 4,4,1,88.6000,5,93.3712,30
23851,Wandersong,Xbox One,4,1,88.6000,5,93.3712,30
23851,Wandersong,Nintendo Switch,4,1,88.6000,5,93.3712,30
134574,Paradise Lost,PC (Microsoft Windows),2,7,61.6667,3,61.6837,13
134574,Paradise Lost,PlayStation 4,2,7,61.6667,3,61.6837,13
134574,Paradise Lost,Xbox One,2,7,61.6667,3,61.6837,13
134574,Paradise Lost,Nintendo Switch,2,7,61.6667,3,61.6837,13
9181,Warhammer: End Times - Vermintide,PC (Microsoft Windows),24,1,80.0000,13,72.6976,48
9181,Warhammer: End Times - Vermintide,PlayStation 4,24,1,80.0000,13,72.6976,48
9181,Warhammer: End Times - Vermintide,Xbox One,24,1,80.0000,13,72.6976,48
25599,Monster Boy and the Cursed Kingdom,PC (Microsoft Windows),8,5,79.0000,4,87.9287,26
25599,Monster Boy and the Cursed Kingdom,PlayStation 4,8,5,79.0000,4,87.9287,26
25599,Monster Boy and the Cursed Kingdom,Xbox One,8,5,79.0000,4,87.9287,26
25599,Monster Boy and the Cursed Kingdom,Nintendo Switch,8,5,79.0000,4,87.9287,26
25599,Monster Boy and the Cursed Kingdom,PlayStation 5,8,5,79.0000,4,87.9287,26
7684,Ghost of a Tale,PC (Microsoft Windows),24,1,65.0000,3,87.0057,27
7684,Ghost of a Tale,PlayStation 4,24,1,65.0000,3,87.0057,27
7684,Ghost of a Tale,Xbox One,24,1,65.0000,3,87.0057,27
7684,Ghost of a Tale,Nintendo Switch,24,1,65.0000,3,87.0057,27
11710,60 Parsecs!,PC (Microsoft Windows),2,NULL,NULL,NULL,59.6666,11
11710,60 Parsecs!,Mac,2,NULL,NULL,NULL,59.6666,11
11710,60 Parsecs!,iOS,2,NULL,NULL,NULL,59.6666,11
11710,60 Parsecs!,PlayStation 4,2,NULL,NULL,NULL,59.6666,11
11710,60 Parsecs!,Xbox One,2,NULL,NULL,NULL,59.6666,11
11710,60 Parsecs!,Nintendo Switch,2,NULL,NULL,NULL,59.6666,11
11347,Necropolis,PC (Microsoft Windows),14,3,60.2000,20,69.8699,13
11347,Necropolis,Mac,14,3,60.2000,20,69.8699,13
11347,Necropolis,PlayStation 4,14,3,60.2000,20,69.8699,13
11347,Necropolis,Xbox One,14,3,60.2000,20,69.8699,13
9723,Cinders,PC (Microsoft Windows),3,NULL,60.0000,1,58.2379,15
9723,Cinders,Mac,3,NULL,60.0000,1,58.2379,15
9723,Cinders,PlayStation 4,3,NULL,60.0000,1,58.2379,15
9723,Cinders,Xbox One,3,NULL,60.0000,1,58.2379,15
9723,Cinders,Nintendo Switch,3,NULL,60.0000,1,58.2379,15
17138,Enigmatis 2: The Mists of Ravenwood,Linux,3,NULL,NULL,NULL,72.9774,13
17138,Enigmatis 2: The Mists of Ravenwood,PC (Microsoft Windows),3,NULL,NULL,NULL,72.9774,13
17138,Enigmatis 2: The Mists of Ravenwood,Mac,3,NULL,NULL,NULL,72.9774,13
17138,Enigmatis 2: The Mists of Ravenwood,PlayStation 4,3,NULL,NULL,NULL,72.9774,13
17138,Enigmatis 2: The Mists of Ravenwood,Xbox One,3,NULL,NULL,NULL,72.9774,13
17138,Enigmatis 2: The Mists of Ravenwood,Nintendo Switch,3,NULL,NULL,NULL,72.9774,13
19297,Ken Follett's The Pillars of the Earth,Linux,17,3,78.0000,12,82.2827,31
19297,Ken Follett's The Pillars of the Earth,PC (Microsoft Windows),17,3,78.0000,12,82.2827,31
19297,Ken Follett's The Pillars of the Earth,Mac,17,3,78.0000,12,82.2827,31
19297,Ken Follett's The Pillars of the Earth,iOS,17,3,78.0000,12,82.2827,31
19297,Ken Follett's The Pillars of the Earth,PlayStation 4,17,3,78.0000,12,82.2827,31
19297,Ken Follett's The Pillars of the Earth,Xbox One,17,3,78.0000,12,82.2827,31
19297,Ken Follett's The Pillars of the Earth,Nintendo Switch,17,3,78.0000,12,82.2827,31
11398,Dead Synchronicity: Tomorrow Comes Today,Linux,11,NULL,73.2500,4,79.7332,23
11398,Dead Synchronicity: Tomorrow Comes Today,PC (Microsoft Windows),11,NULL,73.2500,4,79.7332,23
11398,Dead Synchronicity: Tomorrow Comes Today,Mac,11,NULL,73.2500,4,79.7332,23
11398,Dead Synchronicity: Tomorrow Comes Today,iOS,11,NULL,73.2500,4,79.7332,23
11398,Dead Synchronicity: Tomorrow Comes Today,PlayStation 4,11,NULL,73.2500,4,79.7332,23
11398,Dead Synchronicity: Tomorrow Comes Today,Nintendo Switch,11,NULL,73.2500,4,79.7332,23
28323,Mega Man Legacy Collection 2,PC (Microsoft Windows),7,NULL,71.4000,11,95.0936,11
28323,Mega Man Legacy Collection 2,PlayStation 4,7,NULL,71.4000,11,95.0936,11
28323,Mega Man Legacy Collection 2,Xbox One,7,NULL,71.4000,11,95.0936,11
28323,Mega Man Legacy Collection 2,Nintendo Switch,7,NULL,71.4000,11,95.0936,11
18860,Beat Cop,Linux,11,1,70.0000,9,62.9697,25
18860,Beat Cop,PC (Microsoft Windows),11,1,70.0000,9,62.9697,25
18860,Beat Cop,Mac,11,1,70.0000,9,62.9697,25
18860,Beat Cop,Android,11,1,70.0000,9,62.9697,25
18860,Beat Cop,iOS,11,1,70.0000,9,62.9697,25
18860,Beat Cop,PlayStation 4,11,1,70.0000,9,62.9697,25
18860,Beat Cop,Xbox One,11,1,70.0000,9,62.9697,25
18860,Beat Cop,Nintendo Switch,11,1,70.0000,9,62.9697,25
9683,Dungeon of the Endless,PC (Microsoft Windows),13,NULL,79.4444,10,76.4793,42
9683,Dungeon of the Endless,Mac,13,NULL,79.4444,10,76.4793,42
9683,Dungeon of the Endless,iOS,13,NULL,79.4444,10,76.4793,42
9683,Dungeon of the Endless,PlayStation 4,13,NULL,79.4444,10,76.4793,42
9683,Dungeon of the Endless,Xbox One,13,NULL,79.4444,10,76.4793,42
9683,Dungeon of the Endless,Nintendo Switch,13,NULL,79.4444,10,76.4793,42
146075,The Great Ace Attorney Chronicles,PC (Microsoft Windows),3,NULL,85.6250,10,90.0439,16
146075,The Great Ace Attorney Chronicles,PlayStation 4,3,NULL,85.6250,10,90.0439,16
146075,The Great Ace Attorney Chronicles,Nintendo Switch,3,NULL,85.6250,10,90.0439,16
107198,UnderMine,Linux,NULL,3,NULL,NULL,66.2625,21
107198,UnderMine,PC (Microsoft Windows),NULL,3,NULL,NULL,66.2625,21
107198,UnderMine,Mac,NULL,3,NULL,NULL,66.2625,21
107198,UnderMine,PlayStation 4,NULL,3,NULL,NULL,66.2625,21
107198,UnderMine,Xbox One,NULL,3,NULL,NULL,66.2625,21
107198,UnderMine,Nintendo Switch,NULL,3,NULL,NULL,66.2625,21
19009,Shadow Complex Remastered,PC (Microsoft Windows),7,NULL,78.2000,5,86.3178,18
19009,Shadow Complex Remastered,Mac,7,NULL,78.2000,5,86.3178,18
19009,Shadow Complex Remastered,PlayStation 4,7,NULL,78.2000,5,86.3178,18
19009,Shadow Complex Remastered,Xbox One,7,NULL,78.2000,5,86.3178,18
11549,Zero Escape: Zero Time Dilemma,PC (Microsoft Windows),26,6,79.9091,24,79.2301,91
11549,Zero Escape: Zero Time Dilemma,PlayStation 4,26,6,79.9091,24,79.2301,91
11549,Zero Escape: Zero Time Dilemma,Xbox One,26,6,79.9091,24,79.2301,91
117533,River City Girls,PC (Microsoft Windows),8,4,77.0000,7,74.1263,43
117533,River City Girls,PlayStation 4,8,4,77.0000,7,74.1263,43
117533,River City Girls,Xbox One,8,4,77.0000,7,74.1263,43
117533,River City Girls,Nintendo Switch,8,4,77.0000,7,74.1263,43
117533,River City Girls,PlayStation 5,8,4,77.0000,7,74.1263,43
22917,Gris,PC (Microsoft Windows),33,6,81.2500,14,79.9966,356
22917,Gris,Mac,33,6,81.2500,14,79.9966,356
22917,Gris,Android,33,6,81.2500,14,79.9966,356
22917,Gris,iOS,33,6,81.2500,14,79.9966,356
22917,Gris,PlayStation 4,33,6,81.2500,14,79.9966,356
22917,Gris,Xbox One,33,6,81.2500,14,79.9966,356
22917,Gris,Nintendo Switch,33,6,81.2500,14,79.9966,356
22917,Gris,PlayStation 5,33,6,81.2500,14,79.9966,356
1354,Flower,PC (Microsoft Windows),54,NULL,83.1667,8,75.0662,197
1354,Flower,iOS,54,NULL,83.1667,8,75.0662,197
1354,Flower,PlayStation 4,54,NULL,83.1667,8,75.0662,197
15465,VA-11 Hall-A: Cyberpunk Bartender Action,Linux,31,2,83.8889,9,84.1975,114
15465,VA-11 Hall-A: Cyberpunk Bartender Action,PC (Microsoft Windows),31,2,83.8889,9,84.1975,114
15465,VA-11 Hall-A: Cyberpunk Bartender Action,Mac,31,2,83.8889,9,84.1975,114
15465,VA-11 Hall-A: Cyberpunk Bartender Action,iOS,31,2,83.8889,9,84.1975,114
15465,VA-11 Hall-A: Cyberpunk Bartender Action,PlayStation 4,31,2,83.8889,9,84.1975,114
15465,VA-11 Hall-A: Cyberpunk Bartender Action,Nintendo Switch,31,2,83.8889,9,84.1975,114
7380,Entwined,PlayStation 4,4,NULL,69.1429,7,57.4183,27
26564,The Legend of Heroes: Trails of Cold Steel III,PC (Microsoft Windows),13,NULL,83.5000,9,85.8327,18
26564,The Legend of Heroes: Trails of Cold Steel III,PlayStation 4,13,NULL,83.5000,9,85.8327,18
26564,The Legend of Heroes: Trails of Cold Steel III,Nintendo Switch,13,NULL,83.5000,9,85.8327,18
26564,The Legend of Heroes: Trails of Cold Steel III,PlayStation 5,13,NULL,83.5000,9,85.8327,18
37057,Griftlands,Linux,14,11,83.5000,2,84.9389,29
37057,Griftlands,PC (Microsoft Windows),14,11,83.5000,2,84.9389,29
37057,Griftlands,Mac,14,11,83.5000,2,84.9389,29
37057,Griftlands,PlayStation 4,14,11,83.5000,2,84.9389,29
37057,Griftlands,Xbox One,14,11,83.5000,2,84.9389,29
37057,Griftlands,Nintendo Switch,14,11,83.5000,2,84.9389,29
1014,APB Reloaded,PC (Microsoft Windows),7,NULL,60.4000,6,62.5056,22
1014,APB Reloaded,PlayStation 4,7,NULL,60.4000,6,62.5056,22
1014,APB Reloaded,Xbox One,7,NULL,60.4000,6,62.5056,22
19469,Sky Force Reloaded,PC (Microsoft Windows),6,NULL,NULL,NULL,81.8650,13
19469,Sky Force Reloaded,Android,6,NULL,NULL,NULL,81.8650,13
19469,Sky Force Reloaded,iOS,6,NULL,NULL,NULL,81.8650,13
19469,Sky Force Reloaded,PlayStation 4,6,NULL,NULL,NULL,81.8650,13
19469,Sky Force Reloaded,Xbox One,6,NULL,NULL,NULL,81.8650,13
19469,Sky Force Reloaded,Nintendo Switch,6,NULL,NULL,NULL,81.8650,13
26202,Nex Machina,PC (Microsoft Windows),19,2,90.6875,18,80.1890,27
26202,Nex Machina,PlayStation 4,19,2,90.6875,18,80.1890,27
117023,Jump King,PC (Microsoft Windows),3,NULL,75.0000,1,79.6331,23
117023,Jump King,PlayStation 4,3,NULL,75.0000,1,79.6331,23
117023,Jump King,Xbox One,3,NULL,75.0000,1,79.6331,23
117023,Jump King,Nintendo Switch,3,NULL,75.0000,1,79.6331,23
113107,Sayonara Wild Hearts,PC (Microsoft Windows),3,3,81.4286,8,78.1316,81
113107,Sayonara Wild Hearts,Mac,3,3,81.4286,8,78.1316,81
113107,Sayonara Wild Hearts,iOS,3,3,81.4286,8,78.1316,81
113107,Sayonara Wild Hearts,PlayStation 4,3,3,81.4286,8,78.1316,81
113107,Sayonara Wild Hearts,Xbox One,3,3,81.4286,8,78.1316,81
113107,Sayonara Wild Hearts,Nintendo Switch,3,3,81.4286,8,78.1316,81
20927,911 Operator,Linux,11,1,76.0000,2,70.2111,37
20927,911 Operator,PC (Microsoft Windows),11,1,76.0000,2,70.2111,37
20927,911 Operator,Mac,11,1,76.0000,2,70.2111,37
20927,911 Operator,Android,11,1,76.0000,2,70.2111,37
20927,911 Operator,iOS,11,1,76.0000,2,70.2111,37
20927,911 Operator,PlayStation 4,11,1,76.0000,2,70.2111,37
20927,911 Operator,Xbox One,11,1,76.0000,2,70.2111,37
20927,911 Operator,Nintendo Switch,11,1,76.0000,2,70.2111,37
21993,Seum: Speedrunners from Hell,Linux,5,NULL,65.0000,1,59.9265,13
21993,Seum: Speedrunners from Hell,PC (Microsoft Windows),5,NULL,65.0000,1,59.9265,13
21993,Seum: Speedrunners from Hell,Mac,5,NULL,65.0000,1,59.9265,13
21993,Seum: Speedrunners from Hell,PlayStation 4,5,NULL,65.0000,1,59.9265,13
21993,Seum: Speedrunners from Hell,Xbox One,5,NULL,65.0000,1,59.9265,13
8255,Trine 3: The Artifacts of Power,Linux,27,3,62.0000,6,64.2717,78
8255,Trine 3: The Artifacts of Power,PC (Microsoft Windows),27,3,62.0000,6,64.2717,78
8255,Trine 3: The Artifacts of Power,Mac,27,3,62.0000,6,64.2717,78
8255,Trine 3: The Artifacts of Power,PlayStation 4,27,3,62.0000,6,64.2717,78
8255,Trine 3: The Artifacts of Power,Xbox One,27,3,62.0000,6,64.2717,78
8255,Trine 3: The Artifacts of Power,Nintendo Switch,27,3,62.0000,6,64.2717,78
18822,Pyre,Linux,84,8,86.0556,22,80.2063,107
18822,Pyre,PC (Microsoft Windows),84,8,86.0556,22,80.2063,107
18822,Pyre,Mac,84,8,86.0556,22,80.2063,107
18822,Pyre,PlayStation 4,84,8,86.0556,22,80.2063,107
24482,Nidhogg 2,PC (Microsoft Windows),8,NULL,76.8824,21,70.0073,21
24482,Nidhogg 2,Mac,8,NULL,76.8824,21,70.0073,21
24482,Nidhogg 2,PlayStation 4,8,NULL,76.8824,21,70.0073,21
24482,Nidhogg 2,Xbox One,8,NULL,76.8824,21,70.0073,21
24482,Nidhogg 2,Nintendo Switch,8,NULL,76.8824,21,70.0073,21
27729,Mordhau,PC (Microsoft Windows),11,NULL,82.2500,4,74.9486,43
27729,Mordhau,PlayStation 4,11,NULL,82.2500,4,74.9486,43
27729,Mordhau,Xbox One,11,NULL,82.2500,4,74.9486,43
27729,Mordhau,PlayStation 5,11,NULL,82.2500,4,74.9486,43
5541,Sherlock Holmes: Crimes & Punishments,PC (Microsoft Windows),55,5,74.7143,15,80.1160,135
5541,Sherlock Holmes: Crimes & Punishments,PlayStation 4,55,5,74.7143,15,80.1160,135
5541,Sherlock Holmes: Crimes & Punishments,Xbox One,55,5,74.7143,15,80.1160,135
5541,Sherlock Holmes: Crimes & Punishments,Nintendo Switch,55,5,74.7143,15,80.1160,135
55198,Kentucky Route Zero: TV Edition,PlayStation 4,3,2,85.0000,3,45.6497,15
55198,Kentucky Route Zero: TV Edition,Xbox One,3,2,85.0000,3,45.6497,15
55198,Kentucky Route Zero: TV Edition,Nintendo Switch,3,2,85.0000,3,45.6497,15
55198,Kentucky Route Zero: TV Edition,PlayStation 5,3,2,85.0000,3,45.6497,15
27435,Dandara,Linux,9,NULL,69.2000,6,59.7523,19
27435,Dandara,PC (Microsoft Windows),9,NULL,69.2000,6,59.7523,19
27435,Dandara,Mac,9,NULL,69.2000,6,59.7523,19
27435,Dandara,Android,9,NULL,69.2000,6,59.7523,19
27435,Dandara,iOS,9,NULL,69.2000,6,59.7523,19
27435,Dandara,PlayStation 4,9,NULL,69.2000,6,59.7523,19
27435,Dandara,Xbox One,9,NULL,69.2000,6,59.7523,19
27435,Dandara,Nintendo Switch,9,NULL,69.2000,6,59.7523,19
153,Star Wars: Jedi Knight - Jedi Academy,PC (Microsoft Windows),140,NULL,69.4000,5,83.8688,348
153,Star Wars: Jedi Knight - Jedi Academy,Mac,140,NULL,69.4000,5,83.8688,348
153,Star Wars: Jedi Knight - Jedi Academy,PlayStation 4,140,NULL,69.4000,5,83.8688,348
153,Star Wars: Jedi Knight - Jedi Academy,Nintendo Switch,140,NULL,69.4000,5,83.8688,348
11594,Disgaea 5: Alliance of Vengeance,PlayStation 4,10,NULL,78.8889,10,89.9690,13
14314,TerraTech,Linux,35,NULL,60.0000,1,70.1439,13
14314,TerraTech,PC (Microsoft Windows),35,NULL,60.0000,1,70.1439,13
14314,TerraTech,Mac,35,NULL,60.0000,1,70.1439,13
14314,TerraTech,PlayStation 4,35,NULL,60.0000,1,70.1439,13
14314,TerraTech,Xbox One,35,NULL,60.0000,1,70.1439,13
14314,TerraTech,Nintendo Switch,35,NULL,60.0000,1,70.1439,13
27804,Phoenix Point,PC (Microsoft Windows),16,12,82.0000,5,60.3335,13
27804,Phoenix Point,Xbox One,16,12,82.0000,5,60.3335,13
27804,Phoenix Point,PlayStation 5,16,12,82.0000,5,60.3335,13
28794,Ancestors Legacy,PC (Microsoft Windows),10,4,77.8000,5,70.9295,12
28794,Ancestors Legacy,PlayStation 4,10,4,77.8000,5,70.9295,12
28794,Ancestors Legacy,Xbox One,10,4,77.8000,5,70.9295,12
28794,Ancestors Legacy,Nintendo Switch,10,4,77.8000,5,70.9295,12
88116,The Beast Inside,PC (Microsoft Windows),2,3,NULL,NULL,79.6421,20
88116,The Beast Inside,PlayStation 4,2,3,NULL,NULL,79.6421,20
88116,The Beast Inside,Xbox One,2,3,NULL,NULL,79.6421,20
88116,The Beast Inside,PlayStation 5,2,3,NULL,NULL,79.6421,20
399,Final Fantasy IV,PC (Microsoft Windows),27,NULL,82.5000,3,81.9748,78
399,Final Fantasy IV,Android,27,NULL,82.5000,3,81.9748,78
399,Final Fantasy IV,iOS,27,NULL,82.5000,3,81.9748,78
14172,Everspace,Linux,18,3,82.5000,6,76.2141,31
14172,Everspace,PC (Microsoft Windows),18,3,82.5000,6,76.2141,31
14172,Everspace,Mac,18,3,82.5000,6,76.2141,31
14172,Everspace,PlayStation 4,18,3,82.5000,6,76.2141,31
14172,Everspace,Xbox One,18,3,82.5000,6,76.2141,31
55322,Pathologic 2,PC (Microsoft Windows),19,4,63.2000,5,93.9918,59
55322,Pathologic 2,PlayStation 4,19,4,63.2000,5,93.9918,59
55322,Pathologic 2,Xbox One,19,4,63.2000,5,93.9918,59
12632,Sword Art Online: Hollow Realization,PlayStation 4,23,3,69.1000,11,72.2667,8
122666,Teardown,PC (Microsoft Windows),3,5,83.3333,3,79.3546,23
122666,Teardown,PlayStation 5,3,5,83.3333,3,79.3546,23
11064,Shadow Warrior 2,Linux,46,7,77.7647,21,75.1767,96
11064,Shadow Warrior 2,PC (Microsoft Windows),46,7,77.7647,21,75.1767,96
11064,Shadow Warrior 2,Mac,46,7,77.7647,21,75.1767,96
11064,Shadow Warrior 2,PlayStation 4,46,7,77.7647,21,75.1767,96
11064,Shadow Warrior 2,Xbox One,46,7,77.7647,21,75.1767,96
44129,Super Meat Boy Forever,PC (Microsoft Windows),9,12,70.1429,11,78.2259,13
44129,Super Meat Boy Forever,Android,9,12,70.1429,11,78.2259,13
44129,Super Meat Boy Forever,iOS,9,12,70.1429,11,78.2259,13
44129,Super Meat Boy Forever,PlayStation 4,9,12,70.1429,11,78.2259,13
44129,Super Meat Boy Forever,Xbox One,9,12,70.1429,11,78.2259,13
44129,Super Meat Boy Forever,Nintendo Switch,9,12,70.1429,11,78.2259,13
125373,Curse of the Dead Gods,PC (Microsoft Windows),9,2,84.2500,4,69.5176,33
125373,Curse of the Dead Gods,PlayStation 4,9,2,84.2500,4,69.5176,33
125373,Curse of the Dead Gods,Xbox One,9,2,84.2500,4,69.5176,33
125373,Curse of the Dead Gods,Nintendo Switch,9,2,84.2500,4,69.5176,33
18020,Visage,PC (Microsoft Windows),36,13,87.0000,2,81.6992,45
18020,Visage,PlayStation 4,36,13,87.0000,2,81.6992,45
18020,Visage,Xbox One,36,13,87.0000,2,81.6992,45
18020,Visage,PlayStation 5,36,13,87.0000,2,81.6992,45
9214,Dragon Quest Heroes: The World Tree's Woe and the Blight Below,PC (Microsoft Windows),10,NULL,78.0833,14,75.7584,16
9214,Dragon Quest Heroes: The World Tree's Woe and the Blight Below,PlayStation 4,10,NULL,78.0833,14,75.7584,16
24069,Dragon Quest Builders,Android,21,1,82.0000,25,79.7198,23
24069,Dragon Quest Builders,iOS,21,1,82.0000,25,79.7198,23
24069,Dragon Quest Builders,PlayStation 4,21,1,82.0000,25,79.7198,23
24069,Dragon Quest Builders,Nintendo Switch,21,1,82.0000,25,79.7198,23
121754,Orcs Must Die! 3,PC (Microsoft Windows),3,4,76.0000,6,79.5759,14
121754,Orcs Must Die! 3,PlayStation 4,3,4,76.0000,6,79.5759,14
121754,Orcs Must Die! 3,Xbox One,3,4,76.0000,6,79.5759,14
121754,Orcs Must Die! 3,PlayStation 5,3,4,76.0000,6,79.5759,14
34294,BioShock 2 Remastered,PC (Microsoft Windows),18,NULL,NULL,NULL,81.2049,80
34294,BioShock 2 Remastered,Mac,18,NULL,NULL,NULL,81.2049,80
34294,BioShock 2 Remastered,PlayStation 4,18,NULL,NULL,NULL,81.2049,80
34294,BioShock 2 Remastered,Xbox One,18,NULL,NULL,NULL,81.2049,80
34294,BioShock 2 Remastered,Nintendo Switch,18,NULL,NULL,NULL,81.2049,80
11204,The Walking Dead: Michonne,PC (Microsoft Windows),42,3,68.3333,5,67.4155,159
11204,The Walking Dead: Michonne,Mac,42,3,68.3333,5,67.4155,159
11204,The Walking Dead: Michonne,Android,42,3,68.3333,5,67.4155,159
11204,The Walking Dead: Michonne,PlayStation 4,42,3,68.3333,5,67.4155,159
11204,The Walking Dead: Michonne,Xbox One,42,3,68.3333,5,67.4155,159
84486,This Is the Police 2,Linux,10,4,63.0000,7,73.9036,20
84486,This Is the Police 2,PC (Microsoft Windows),10,4,63.0000,7,73.9036,20
84486,This Is the Police 2,Mac,10,4,63.0000,7,73.9036,20
84486,This Is the Police 2,Android,10,4,63.0000,7,73.9036,20
84486,This Is the Police 2,iOS,10,4,63.0000,7,73.9036,20
84486,This Is the Police 2,PlayStation 4,10,4,63.0000,7,73.9036,20
84486,This Is the Police 2,Xbox One,10,4,63.0000,7,73.9036,20
84486,This Is the Police 2,Nintendo Switch,10,4,63.0000,7,73.9036,20
26167,Bulletstorm: Full Clip Edition,PC (Microsoft Windows),19,2,76.7857,18,75.0683,60
26167,Bulletstorm: Full Clip Edition,PlayStation 4,19,2,76.7857,18,75.0683,60
26167,Bulletstorm: Full Clip Edition,Xbox One,19,2,76.7857,18,75.0683,60
28311,Bendy and the Ink Machine,Linux,12,NULL,86.5000,3,70.2719,35
28311,Bendy and the Ink Machine,PC (Microsoft Windows),12,NULL,86.5000,3,70.2719,35
28311,Bendy and the Ink Machine,Mac,12,NULL,86.5000,3,70.2719,35
28311,Bendy and the Ink Machine,iOS,12,NULL,86.5000,3,70.2719,35
28311,Bendy and the Ink Machine,PlayStation 4,12,NULL,86.5000,3,70.2719,35
28311,Bendy and the Ink Machine,Xbox One,12,NULL,86.5000,3,70.2719,35
28311,Bendy and the Ink Machine,Nintendo Switch,12,NULL,86.5000,3,70.2719,35
11423,This Is the Police,Linux,29,4,60.5714,15,69.5064,90
11423,This Is the Police,PC (Microsoft Windows),29,4,60.5714,15,69.5064,90
11423,This Is the Police,Mac,29,4,60.5714,15,69.5064,90
11423,This Is the Police,Android,29,4,60.5714,15,69.5064,90
11423,This Is the Police,iOS,29,4,60.5714,15,69.5064,90
11423,This Is the Police,PlayStation 4,29,4,60.5714,15,69.5064,90
11423,This Is the Police,Xbox One,29,4,60.5714,15,69.5064,90
11423,This Is the Police,Nintendo Switch,29,4,60.5714,15,69.5064,90
18853,Aragami,Linux,28,1,69.5556,11,74.1256,61
18853,Aragami,PC (Microsoft Windows),28,1,69.5556,11,74.1256,61
18853,Aragami,Mac,28,1,69.5556,11,74.1256,61
18853,Aragami,PlayStation 4,28,1,69.5556,11,74.1256,61
18853,Aragami,Xbox One,28,1,69.5556,11,74.1256,61
18853,Aragami,Nintendo Switch,28,1,69.5556,11,74.1256,61
27741,Darwin Project,PC (Microsoft Windows),11,1,NULL,NULL,68.4905,16
27741,Darwin Project,PlayStation 4,11,1,NULL,NULL,68.4905,16
27741,Darwin Project,Xbox One,11,1,NULL,NULL,68.4905,16
12529,Gravity Rush Remastered,PlayStation 4,32,1,78.6667,15,75.0188,59
115304,Five Nights at Freddy's: Help Wanted,PC (Microsoft Windows),2,4,90.0000,1,71.5683,12
115304,Five Nights at Freddy's: Help Wanted,PlayStation 4,2,4,90.0000,1,71.5683,12
115304,Five Nights at Freddy's: Help Wanted,Xbox One,2,4,90.0000,1,71.5683,12
115304,Five Nights at Freddy's: Help Wanted,Nintendo Switch,2,4,90.0000,1,71.5683,12
115304,Five Nights at Freddy's: Help Wanted,PlayStation 5,2,4,90.0000,1,71.5683,12
216178,Football Manager 2023,PC (Microsoft Windows),2,NULL,82.5000,2,61.1975,17
216178,Football Manager 2023,Mac,2,NULL,82.5000,2,61.1975,17
216178,Football Manager 2023,Android,2,NULL,82.5000,2,61.1975,17
216178,Football Manager 2023,iOS,2,NULL,82.5000,2,61.1975,17
216178,Football Manager 2023,Xbox One,2,NULL,82.5000,2,61.1975,17
216178,Football Manager 2023,Nintendo Switch,2,NULL,82.5000,2,61.1975,17
216178,Football Manager 2023,PlayStation 5,2,NULL,82.5000,2,61.1975,17
19081,The Jackbox Party Pack 2,Linux,7,NULL,78.2500,5,61.5305,24
19081,The Jackbox Party Pack 2,PC (Microsoft Windows),7,NULL,78.2500,5,61.5305,24
19081,The Jackbox Party Pack 2,Mac,7,NULL,78.2500,5,61.5305,24
19081,The Jackbox Party Pack 2,Android,7,NULL,78.2500,5,61.5305,24
19081,The Jackbox Party Pack 2,iOS,7,NULL,78.2500,5,61.5305,24
19081,The Jackbox Party Pack 2,PlayStation 4,7,NULL,78.2500,5,61.5305,24
19081,The Jackbox Party Pack 2,Xbox One,7,NULL,78.2500,5,61.5305,24
19081,The Jackbox Party Pack 2,Nintendo Switch,7,NULL,78.2500,5,61.5305,24
132165,Observer: System Redux,PC (Microsoft Windows),2,4,86.2000,5,89.0442,16
132165,Observer: System Redux,PlayStation 4,2,4,86.2000,5,89.0442,16
132165,Observer: System Redux,Xbox One,2,4,86.2000,5,89.0442,16
132165,Observer: System Redux,PlayStation 5,2,4,86.2000,5,89.0442,16
8751,Stranded Deep,Linux,42,4,NULL,NULL,62.3437,39
8751,Stranded Deep,PC (Microsoft Windows),42,4,NULL,NULL,62.3437,39
8751,Stranded Deep,Mac,42,4,NULL,NULL,62.3437,39
8751,Stranded Deep,PlayStation 4,42,4,NULL,NULL,62.3437,39
8751,Stranded Deep,Xbox One,42,4,NULL,NULL,62.3437,39
8751,Stranded Deep,Nintendo Switch,42,4,NULL,NULL,62.3437,39
36911,Dragon Ball FighterZ,PC (Microsoft Windows),94,14,87.0556,24,84.5299,162
36911,Dragon Ball FighterZ,PlayStation 4,94,14,87.0556,24,84.5299,162
36911,Dragon Ball FighterZ,Xbox One,94,14,87.0556,24,84.5299,162
36911,Dragon Ball FighterZ,Nintendo Switch,94,14,87.0556,24,84.5299,162
75238,Concrete Genie,PlayStation 4,14,3,81.8571,8,71.1124,40
178361,The Dark Pictures Anthology: The Devil in Me,PC (Microsoft Windows),3,3,74.4000,8,69.0750,24
178361,The Dark Pictures Anthology: The Devil in Me,PlayStation 4,3,3,74.4000,8,69.0750,24
178361,The Dark Pictures Anthology: The Devil in Me,Xbox One,3,3,74.4000,8,69.0750,24
178361,The Dark Pictures Anthology: The Devil in Me,PlayStation 5,3,3,74.4000,8,69.0750,24
16300,Dragon's Dogma: Dark Arisen,PC (Microsoft Windows),39,NULL,78.3810,25,81.9226,127
16300,Dragon's Dogma: Dark Arisen,PlayStation 4,39,NULL,78.3810,25,81.9226,127
16300,Dragon's Dogma: Dark Arisen,Xbox One,39,NULL,78.3810,25,81.9226,127
16300,Dragon's Dogma: Dark Arisen,Nintendo Switch,39,NULL,78.3810,25,81.9226,127
14548,Borderlands: The Handsome Collection,PC (Microsoft Windows),28,NULL,84.0000,10,76.3195,43
14548,Borderlands: The Handsome Collection,PlayStation 4,28,NULL,84.0000,10,76.3195,43
14548,Borderlands: The Handsome Collection,Xbox One,28,NULL,84.0000,10,76.3195,43
14548,Borderlands: The Handsome Collection,Nintendo Switch,28,NULL,84.0000,10,76.3195,43
239392,Mortal Kombat 1,PC (Microsoft Windows),1,NULL,83.8333,10,74.1977,12
239392,Mortal Kombat 1,PlayStation 5,1,NULL,83.8333,10,74.1977,12
191692,Street Fighter 6,PC (Microsoft Windows),1,7,93.1429,11,87.0846,33
191692,Street Fighter 6,PlayStation 4,1,7,93.1429,11,87.0846,33
191692,Street Fighter 6,Xbox One,1,7,93.1429,11,87.0846,33
191692,Street Fighter 6,PlayStation 5,1,7,93.1429,11,87.0846,33
8173,Overwatch,PC (Microsoft Windows),447,41,89.0833,30,81.9204,958
8173,Overwatch,PlayStation 4,447,41,89.0833,30,81.9204,958
8173,Overwatch,Xbox One,447,41,89.0833,30,81.9204,958
8173,Overwatch,Nintendo Switch,447,41,89.0833,30,81.9204,958
134071,Mafia II: Definitive Edition,PC (Microsoft Windows),3,NULL,61.0000,4,70.7016,54
134071,Mafia II: Definitive Edition,PlayStation 4,3,NULL,61.0000,4,70.7016,54
134071,Mafia II: Definitive Edition,Xbox One,3,NULL,61.0000,4,70.7016,54
172771,eFootball 2022,PC (Microsoft Windows),4,NULL,30.0000,2,65.4765,15
172771,eFootball 2022,PlayStation 4,4,NULL,30.0000,2,65.4765,15
172771,eFootball 2022,Xbox One,4,NULL,30.0000,2,65.4765,15
172771,eFootball 2022,PlayStation 5,4,NULL,30.0000,2,65.4765,15
27789,PUBG: Battlegrounds,PC (Microsoft Windows),231,27,75.0625,21,73.2358,368
27789,PUBG: Battlegrounds,PlayStation 4,231,27,75.0625,21,73.2358,368
27789,PUBG: Battlegrounds,Xbox One,231,27,75.0625,21,73.2358,368
6803,Halo 5: Guardians,Xbox One,92,17,84.0526,22,75.9326,196
7333,Crackdown 3,PC (Microsoft Windows),37,26,62.2727,14,69.9901,32
7333,Crackdown 3,Xbox One,37,26,62.2727,14,69.9901,32
10605,Garou: Mark of the Wolves,PC (Microsoft Windows),6,NULL,80.0000,1,78.1259,49
10605,Garou: Mark of the Wolves,Android,6,NULL,80.0000,1,78.1259,49
10605,Garou: Mark of the Wolves,iOS,6,NULL,80.0000,1,78.1259,49
10605,Garou: Mark of the Wolves,PlayStation 4,6,NULL,80.0000,1,78.1259,49
132164,Crysis Remastered,PC (Microsoft Windows),8,3,68.4286,8,77.7895,24
132164,Crysis Remastered,PlayStation 4,8,3,68.4286,8,77.7895,24
132164,Crysis Remastered,Xbox One,8,3,68.4286,8,77.7895,24
132164,Crysis Remastered,Nintendo Switch,8,3,68.4286,8,77.7895,24
10965,Need for Speed,PC (Microsoft Windows),60,7,62.4706,20,63.5099,169
10965,Need for Speed,PlayStation 4,60,7,62.4706,20,63.5099,169
10965,Need for Speed,Xbox One,60,7,62.4706,20,63.5099,169
119304,Spiritfarer,Linux,16,8,87.8571,8,89.9386,95
119304,Spiritfarer,PC (Microsoft Windows),16,8,87.8571,8,89.9386,95
119304,Spiritfarer,Mac,16,8,87.8571,8,89.9386,95
119304,Spiritfarer,PlayStation 4,16,8,87.8571,8,89.9386,95
119304,Spiritfarer,Xbox One,16,8,87.8571,8,89.9386,95
119304,Spiritfarer,Nintendo Switch,16,8,87.8571,8,89.9386,95
11155,Dreams,PlayStation 4,33,14,92.8571,9,89.5845,26
493,Heavy Rain,PC (Microsoft Windows),267,NULL,80.2500,15,81.9357,849
493,Heavy Rain,PlayStation 4,267,NULL,80.2500,15,81.9357,849
8223,Assassin's Creed Chronicles: China,PC (Microsoft Windows),79,8,70.3750,8,70.0046,99
8223,Assassin's Creed Chronicles: China,PlayStation 4,79,8,70.3750,8,70.0046,99
8223,Assassin's Creed Chronicles: China,Xbox One,79,8,70.3750,8,70.0046,99
11394,Steins;Gate 0,PC (Microsoft Windows),13,2,87.1818,12,88.6263,33
11394,Steins;Gate 0,PlayStation 4,13,2,87.1818,12,88.6263,33
11394,Steins;Gate 0,Xbox One,13,2,87.1818,12,88.6263,33
11394,Steins;Gate 0,Nintendo Switch,13,2,87.1818,12,88.6263,33
87210,Farming Simulator 19,PC (Microsoft Windows),115,3,68.2000,5,79.9556,23
87210,Farming Simulator 19,Mac,115,3,68.2000,5,79.9556,23
87210,Farming Simulator 19,PlayStation 4,115,3,68.2000,5,79.9556,23
87210,Farming Simulator 19,Xbox One,115,3,68.2000,5,79.9556,23
87210,Farming Simulator 19,Nintendo Switch,115,3,68.2000,5,79.9556,23
6866,Puyo Puyo Tetris,PC (Microsoft Windows),13,NULL,84.3846,16,78.3979,38
6866,Puyo Puyo Tetris,PlayStation 4,13,NULL,84.3846,16,78.3979,38
6866,Puyo Puyo Tetris,Xbox One,13,NULL,84.3846,16,78.3979,38
6866,Puyo Puyo Tetris,Nintendo Switch,13,NULL,84.3846,16,78.3979,38
133302,Scarlet Nexus,PC (Microsoft Windows),11,12,80.8000,12,76.7827,68
133302,Scarlet Nexus,PlayStation 4,11,12,80.8000,12,76.7827,68
133302,Scarlet Nexus,Xbox One,11,12,80.8000,12,76.7827,68
133302,Scarlet Nexus,PlayStation 5,11,12,80.8000,12,76.7827,68
7350,Get Even,PC (Microsoft Windows),39,10,73.8000,12,70.2769,29
7350,Get Even,PlayStation 4,39,10,73.8000,12,70.2769,29
7350,Get Even,Xbox One,39,10,73.8000,12,70.2769,29
75245,Avicii Invector,PC (Microsoft Windows),5,NULL,80.0000,2,82.3511,12
75245,Avicii Invector,PlayStation 4,5,NULL,80.0000,2,82.3511,12
75245,Avicii Invector,Xbox One,5,NULL,80.0000,2,82.3511,12
75245,Avicii Invector,Nintendo Switch,5,NULL,80.0000,2,82.3511,12
26624,Spirit Hunter: Death Mark,PC (Microsoft Windows),3,NULL,NULL,NULL,70.2661,12
26624,Spirit Hunter: Death Mark,PlayStation 4,3,NULL,NULL,NULL,70.2661,12
26624,Spirit Hunter: Death Mark,Xbox One,3,NULL,NULL,NULL,70.2661,12
26624,Spirit Hunter: Death Mark,Nintendo Switch,3,NULL,NULL,NULL,70.2661,12
11445,Persona 4 Arena Ultimax,PC (Microsoft Windows),11,NULL,78.0000,13,78.4358,31
11445,Persona 4 Arena Ultimax,PlayStation 4,11,NULL,78.0000,13,78.4358,31
11445,Persona 4 Arena Ultimax,Nintendo Switch,11,NULL,78.0000,13,78.4358,31
11565,JoJo's Bizarre Adventure: Eyes of Heaven,PlayStation 4,7,NULL,63.5000,10,89.7149,15
145780,WWE 2K22,PC (Microsoft Windows),4,3,77.3333,9,79.4760,13
145780,WWE 2K22,PlayStation 4,4,3,77.3333,9,79.4760,13
145780,WWE 2K22,Xbox One,4,3,77.3333,9,79.4760,13
145780,WWE 2K22,PlayStation 5,4,3,77.3333,9,79.4760,13
25837,The Pedestrian,PC (Microsoft Windows),6,4,72.5000,2,78.7884,38
25837,The Pedestrian,Mac,6,4,72.5000,2,78.7884,38
25837,The Pedestrian,PlayStation 4,6,4,72.5000,2,78.7884,38
25837,The Pedestrian,Xbox One,6,4,72.5000,2,78.7884,38
25837,The Pedestrian,Nintendo Switch,6,4,72.5000,2,78.7884,38
25837,The Pedestrian,PlayStation 5,6,4,72.5000,2,78.7884,38
135254,Crash Bandicoot 4: It's About Time,PC (Microsoft Windows),15,5,85.8750,20,82.1047,80
135254,Crash Bandicoot 4: It's About Time,PlayStation 4,15,5,85.8750,20,82.1047,80
135254,Crash Bandicoot 4: It's About Time,Xbox One,15,5,85.8750,20,82.1047,80
135254,Crash Bandicoot 4: It's About Time,Nintendo Switch,15,5,85.8750,20,82.1047,80
135254,Crash Bandicoot 4: It's About Time,PlayStation 5,15,5,85.8750,20,82.1047,80
78497,Catherine: Full Body,PlayStation 4,6,6,85.0000,8,78.2566,23
78497,Catherine: Full Body,Nintendo Switch,6,6,85.0000,8,78.2566,23
133149,Post Void,PC (Microsoft Windows),NULL,NULL,85.0000,1,85.1840,14
133149,Post Void,PlayStation 4,NULL,NULL,85.0000,1,85.1840,14
133149,Post Void,Nintendo Switch,NULL,NULL,85.0000,1,85.1840,14
133149,Post Void,PlayStation 5,NULL,NULL,85.0000,1,85.1840,14
18148,Wolcen: Lords of Mayhem,PC (Microsoft Windows),20,10,58.0000,1,43.3636,27
18148,Wolcen: Lords of Mayhem,PlayStation 4,20,10,58.0000,1,43.3636,27
18148,Wolcen: Lords of Mayhem,Xbox One,20,10,58.0000,1,43.3636,27
18148,Wolcen: Lords of Mayhem,PlayStation 5,20,10,58.0000,1,43.3636,27
26879,Werewolf: The Apocalypse - Earthblood,PC (Microsoft Windows),6,19,52.3333,13,47.6642,7
26879,Werewolf: The Apocalypse - Earthblood,PlayStation 4,6,19,52.3333,13,47.6642,7
26879,Werewolf: The Apocalypse - Earthblood,Xbox One,6,19,52.3333,13,47.6642,7
26879,Werewolf: The Apocalypse - Earthblood,PlayStation 5,6,19,52.3333,13,47.6642,7
23582,Lost Castle,PC (Microsoft Windows),3,NULL,70.0000,1,57.6734,12
23582,Lost Castle,Mac,3,NULL,70.0000,1,57.6734,12
23582,Lost Castle,PlayStation 4,3,NULL,70.0000,1,57.6734,12
23582,Lost Castle,Nintendo Switch,3,NULL,70.0000,1,57.6734,12
68287,Left Alive,PC (Microsoft Windows),18,12,30.5000,9,33.6342,12
68287,Left Alive,PlayStation 4,18,12,30.5000,9,33.6342,12
11703,The Incredible Adventures of Van Helsing III,PC (Microsoft Windows),6,NULL,70.7500,4,61.3261,12
11703,The Incredible Adventures of Van Helsing III,Mac,6,NULL,70.7500,4,61.3261,12
11703,The Incredible Adventures of Van Helsing III,PlayStation 4,6,NULL,70.7500,4,61.3261,12
11703,The Incredible Adventures of Van Helsing III,Xbox One,6,NULL,70.7500,4,61.3261,12
27192,My Memory of Us,PC (Microsoft Windows),3,1,70.2500,5,73.3627,12
27192,My Memory of Us,iOS,3,1,70.2500,5,73.3627,12
27192,My Memory of Us,PlayStation 4,3,1,70.2500,5,73.3627,12
27192,My Memory of Us,Xbox One,3,1,70.2500,5,73.3627,12
27192,My Memory of Us,Nintendo Switch,3,1,70.2500,5,73.3627,12
119259,Yooka-Laylee and the Impossible Lair,PC (Microsoft Windows),13,1,86.1111,11,70.8359,31
119259,Yooka-Laylee and the Impossible Lair,PlayStation 4,13,1,86.1111,11,70.8359,31
119259,Yooka-Laylee and the Impossible Lair,Xbox One,13,1,86.1111,11,70.8359,31
119259,Yooka-Laylee and the Impossible Lair,Nintendo Switch,13,1,86.1111,11,70.8359,31
135337,Bloodstained: Curse of the Moon 2,PC (Microsoft Windows),3,1,79.1667,7,86.2405,12
135337,Bloodstained: Curse of the Moon 2,PlayStation 4,3,1,79.1667,7,86.2405,12
135337,Bloodstained: Curse of the Moon 2,Xbox One,3,1,79.1667,7,86.2405,12
135337,Bloodstained: Curse of the Moon 2,Nintendo Switch,3,1,79.1667,7,86.2405,12
18263,Moon Hunters,Linux,16,NULL,67.5714,8,54.9128,24
18263,Moon Hunters,PC (Microsoft Windows),16,NULL,67.5714,8,54.9128,24
18263,Moon Hunters,Mac,16,NULL,67.5714,8,54.9128,24
18263,Moon Hunters,PlayStation 4,16,NULL,67.5714,8,54.9128,24
18263,Moon Hunters,Xbox One,16,NULL,67.5714,8,54.9128,24
18263,Moon Hunters,Nintendo Switch,16,NULL,67.5714,8,54.9128,24
23431,PixelJunk Shooter Ultimate,PC (Microsoft Windows),3,NULL,NULL,NULL,75.1984,13
23431,PixelJunk Shooter Ultimate,PlayStation 4,3,NULL,NULL,NULL,75.1984,13
100,Need for Speed: ProStreet,PC (Microsoft Windows),44,NULL,60.7500,5,69.5702,194
26102,Gnog,PC (Microsoft Windows),8,NULL,75.0000,5,75.2291,31
26102,Gnog,Mac,8,NULL,75.0000,5,75.2291,31
26102,Gnog,iOS,8,NULL,75.0000,5,75.2291,31
26102,Gnog,PlayStation 4,8,NULL,75.0000,5,75.2291,31
19563,Batman: Arkham VR,PC (Microsoft Windows),13,7,73.2857,16,73.8131,21
3132,Neighbours from Hell,PC (Microsoft Windows),37,NULL,72.0000,2,79.2164,114
21623,Tricky Towers,Linux,11,NULL,67.5714,8,75.6377,48
21623,Tricky Towers,PC (Microsoft Windows),11,NULL,67.5714,8,75.6377,48
21623,Tricky Towers,Mac,11,NULL,67.5714,8,75.6377,48
21623,Tricky Towers,PlayStation 4,11,NULL,67.5714,8,75.6377,48
21623,Tricky Towers,Xbox One,11,NULL,67.5714,8,75.6377,48
21623,Tricky Towers,Nintendo Switch,11,NULL,67.5714,8,75.6377,48
152203,Trek to Yomi,PC (Microsoft Windows),7,8,68.2857,9,70.9798,47
152203,Trek to Yomi,PlayStation 4,7,8,68.2857,9,70.9798,47
152203,Trek to Yomi,Xbox One,7,8,68.2857,9,70.9798,47
152203,Trek to Yomi,Nintendo Switch,7,8,68.2857,9,70.9798,47
152203,Trek to Yomi,PlayStation 5,7,8,68.2857,9,70.9798,47
16925,Dex,Linux,11,NULL,69.3750,8,75.9948,37
16925,Dex,PC (Microsoft Windows),11,NULL,69.3750,8,75.9948,37
16925,Dex,Mac,11,NULL,69.3750,8,75.9948,37
16925,Dex,PlayStation 4,11,NULL,69.3750,8,75.9948,37
16925,Dex,Xbox One,11,NULL,69.3750,8,75.9948,37
16925,Dex,Nintendo Switch,11,NULL,69.3750,8,75.9948,37
6164,The Testament of Sherlock Holmes,PC (Microsoft Windows),19,NULL,76.0000,4,76.9028,99
6164,The Testament of Sherlock Holmes,Nintendo Switch,19,NULL,76.0000,4,76.9028,99
1530,Jak 3,PlayStation 4,42,NULL,70.0000,3,75.5777,156
27666,Sine Mora EX,PC (Microsoft Windows),6,NULL,77.4000,5,70.8379,14
27666,Sine Mora EX,PlayStation 4,6,NULL,77.4000,5,70.8379,14
27666,Sine Mora EX,Xbox One,6,NULL,77.4000,5,70.8379,14
27666,Sine Mora EX,Nintendo Switch,6,NULL,77.4000,5,70.8379,14
2638,The Incredible Adventures of Van Helsing,PC (Microsoft Windows),22,NULL,64.0000,6,67.5756,55
2638,The Incredible Adventures of Van Helsing,Mac,22,NULL,64.0000,6,67.5756,55
2638,The Incredible Adventures of Van Helsing,PlayStation 4,22,NULL,64.0000,6,67.5756,55
2638,The Incredible Adventures of Van Helsing,Xbox One,22,NULL,64.0000,6,67.5756,55
22783,The Sexy Brutale,PC (Microsoft Windows),29,3,80.0000,15,75.4671,40
22783,The Sexy Brutale,PlayStation 4,29,3,80.0000,15,75.4671,40
22783,The Sexy Brutale,Xbox One,29,3,80.0000,15,75.4671,40
22783,The Sexy Brutale,Nintendo Switch,29,3,80.0000,15,75.4671,40
3839,Contrast,PC (Microsoft Windows),18,NULL,56.6667,6,57.8794,77
3839,Contrast,PlayStation 4,18,NULL,56.6667,6,57.8794,77
3839,Contrast,Xbox One,18,NULL,56.6667,6,57.8794,77
3839,Contrast,Web browser,18,NULL,56.6667,6,57.8794,77
10255,Kero Blaster,PC (Microsoft Windows),2,NULL,76.2500,5,74.0300,16
10255,Kero Blaster,Android,2,NULL,76.2500,5,74.0300,16
10255,Kero Blaster,iOS,2,NULL,76.2500,5,74.0300,16
10255,Kero Blaster,PlayStation 4,2,NULL,76.2500,5,74.0300,16
10255,Kero Blaster,Nintendo Switch,2,NULL,76.2500,5,74.0300,16
23322,The Legend of Heroes: Trails From Zero,PC (Microsoft Windows),2,NULL,86.5000,3,89.6783,20
23322,The Legend of Heroes: Trails From Zero,PlayStation 4,2,NULL,86.5000,3,89.6783,20
23322,The Legend of Heroes: Trails From Zero,Nintendo Switch,2,NULL,86.5000,3,89.6783,20
9136,Gorogoa,PC (Microsoft Windows),31,NULL,82.1429,12,80.1624,129
9136,Gorogoa,Mac,31,NULL,82.1429,12,80.1624,129
9136,Gorogoa,Android,31,NULL,82.1429,12,80.1624,129
9136,Gorogoa,iOS,31,NULL,82.1429,12,80.1624,129
9136,Gorogoa,PlayStation 4,31,NULL,82.1429,12,80.1624,129
9136,Gorogoa,Xbox One,31,NULL,82.1429,12,80.1624,129
9136,Gorogoa,Nintendo Switch,31,NULL,82.1429,12,80.1624,129
18452,Grip,PC (Microsoft Windows),9,NULL,50.0000,3,62.5041,18
18452,Grip,PlayStation 4,9,NULL,50.0000,3,62.5041,18
18452,Grip,Xbox One,9,NULL,50.0000,3,62.5041,18
18452,Grip,Nintendo Switch,9,NULL,50.0000,3,62.5041,18
101461,Green Hell,PC (Microsoft Windows),10,1,85.0000,3,84.4726,30
101461,Green Hell,PlayStation 4,10,1,85.0000,3,84.4726,30
101461,Green Hell,Xbox One,10,1,85.0000,3,84.4726,30
101461,Green Hell,Nintendo Switch,10,1,85.0000,3,84.4726,30
13226,Keep Talking and Nobody Explodes,Linux,18,NULL,84.3333,7,85.7448,78
13226,Keep Talking and Nobody Explodes,PC (Microsoft Windows),18,NULL,84.3333,7,85.7448,78
13226,Keep Talking and Nobody Explodes,Mac,18,NULL,84.3333,7,85.7448,78
13226,Keep Talking and Nobody Explodes,Android,18,NULL,84.3333,7,85.7448,78
13226,Keep Talking and Nobody Explodes,iOS,18,NULL,84.3333,7,85.7448,78
13226,Keep Talking and Nobody Explodes,PlayStation 4,18,NULL,84.3333,7,85.7448,78
13226,Keep Talking and Nobody Explodes,Xbox One,18,NULL,84.3333,7,85.7448,78
13226,Keep Talking and Nobody Explodes,Nintendo Switch,18,NULL,84.3333,7,85.7448,78
1352,Journey,PC (Microsoft Windows),297,NULL,93.8571,15,85.7751,915
1352,Journey,iOS,297,NULL,93.8571,15,85.7751,915
1352,Journey,PlayStation 4,297,NULL,93.8571,15,85.7751,915
19440,Agents of Mayhem,PC (Microsoft Windows),27,10,72.7895,22,67.7244,31
19440,Agents of Mayhem,PlayStation 4,27,10,72.7895,22,67.7244,31
19440,Agents of Mayhem,Xbox One,27,10,72.7895,22,67.7244,31
23188,Immortal Redneck,Linux,4,NULL,80.3333,6,54.2468,14
23188,Immortal Redneck,PC (Microsoft Windows),4,NULL,80.3333,6,54.2468,14
23188,Immortal Redneck,Mac,4,NULL,80.3333,6,54.2468,14
23188,Immortal Redneck,PlayStation 4,4,NULL,80.3333,6,54.2468,14
23188,Immortal Redneck,Xbox One,4,NULL,80.3333,6,54.2468,14
23188,Immortal Redneck,Nintendo Switch,4,NULL,80.3333,6,54.2468,14
18303,Arizona Sunshine,PC (Microsoft Windows),10,1,63.6000,6,61.6003,17
18303,Arizona Sunshine,PlayStation 4,10,1,63.6000,6,61.6003,17
18158,Ultimate Chicken Horse,Linux,10,NULL,79.4000,5,77.6447,72
18158,Ultimate Chicken Horse,PC (Microsoft Windows),10,NULL,79.4000,5,77.6447,72
18158,Ultimate Chicken Horse,Mac,10,NULL,79.4000,5,77.6447,72
18158,Ultimate Chicken Horse,PlayStation 4,10,NULL,79.4000,5,77.6447,72
18158,Ultimate Chicken Horse,Xbox One,10,NULL,79.4000,5,77.6447,72
18158,Ultimate Chicken Horse,Nintendo Switch,10,NULL,79.4000,5,77.6447,72
3018,Unepic,Linux,14,NULL,67.5000,4,73.9636,32
3018,Unepic,PC (Microsoft Windows),14,NULL,67.5000,4,73.9636,32
3018,Unepic,Mac,14,NULL,67.5000,4,73.9636,32
3018,Unepic,PlayStation 4,14,NULL,67.5000,4,73.9636,32
3018,Unepic,Xbox One,14,NULL,67.5000,4,73.9636,32
3018,Unepic,Nintendo Switch,14,NULL,67.5000,4,73.9636,32
14673,Valkyria Revolution,PlayStation 4,10,2,56.2727,15,NULL,NULL
14673,Valkyria Revolution,Xbox One,10,2,56.2727,15,NULL,NULL
11260,Armello,Linux,10,NULL,73.3333,8,73.0072,41
11260,Armello,PC (Microsoft Windows),10,NULL,73.3333,8,73.0072,41
11260,Armello,Mac,10,NULL,73.3333,8,73.0072,41
11260,Armello,Android,10,NULL,73.3333,8,73.0072,41
11260,Armello,iOS,10,NULL,73.3333,8,73.0072,41
11260,Armello,PlayStation 4,10,NULL,73.3333,8,73.0072,41
11260,Armello,Xbox One,10,NULL,73.3333,8,73.0072,41
11260,Armello,Nintendo Switch,10,NULL,73.3333,8,73.0072,41
14550,Action Henk,Linux,3,NULL,69.8750,8,76.4529,11
14550,Action Henk,PC (Microsoft Windows),3,NULL,69.8750,8,76.4529,11
14550,Action Henk,Mac,3,NULL,69.8750,8,76.4529,11
14550,Action Henk,PlayStation 4,3,NULL,69.8750,8,76.4529,11
14550,Action Henk,Xbox One,3,NULL,69.8750,8,76.4529,11
104971,AI: The Somnium Files,PC (Microsoft Windows),6,2,86.0000,3,84.8090,85
104971,AI: The Somnium Files,PlayStation 4,6,2,86.0000,3,84.8090,85
104971,AI: The Somnium Files,Xbox One,6,2,86.0000,3,84.8090,85
104971,AI: The Somnium Files,Nintendo Switch,6,2,86.0000,3,84.8090,85
17001,Ashen,PC (Microsoft Windows),66,28,82.8571,8,79.4246,43
17001,Ashen,PlayStation 4,66,28,82.8571,8,79.4246,43
17001,Ashen,Xbox One,66,28,82.8571,8,79.4246,43
17001,Ashen,Nintendo Switch,66,28,82.8571,8,79.4246,43
132707,Madden NFL 21,PC (Microsoft Windows),3,1,67.2222,11,70.1028,6
132707,Madden NFL 21,PlayStation 4,3,1,67.2222,11,70.1028,6
132707,Madden NFL 21,Xbox One,3,1,67.2222,11,70.1028,6
1052,The Lord of the Rings: War in the North,PC (Microsoft Windows),30,NULL,66.1250,9,70.7229,124
1052,The Lord of the Rings: War in the North,Mac,30,NULL,66.1250,9,70.7229,124
139458,Webbed,PC (Microsoft Windows),1,1,NULL,NULL,79.8810,12
139458,Webbed,PlayStation 4,1,1,NULL,NULL,79.8810,12
139458,Webbed,Nintendo Switch,1,1,NULL,NULL,79.8810,12
28528,Röki,PC (Microsoft Windows),3,7,87.2857,8,72.2778,14
28528,Röki,Mac,3,7,87.2857,8,72.2778,14
28528,Röki,Nintendo Switch,3,7,87.2857,8,72.2778,14
28528,Röki,PlayStation 5,3,7,87.2857,8,72.2778,14
165127,Crysis 3 Remastered,PC (Microsoft Windows),2,NULL,NULL,NULL,69.8521,11
165127,Crysis 3 Remastered,PlayStation 4,2,NULL,NULL,NULL,69.8521,11
165127,Crysis 3 Remastered,Xbox One,2,NULL,NULL,NULL,69.8521,11
165127,Crysis 3 Remastered,Nintendo Switch,2,NULL,NULL,NULL,69.8521,11
19553,Trials of the Blood Dragon,PC (Microsoft Windows),7,NULL,52.8824,19,65.1589,12
19553,Trials of the Blood Dragon,PlayStation 4,7,NULL,52.8824,19,65.1589,12
19553,Trials of the Blood Dragon,Xbox One,7,NULL,52.8824,19,65.1589,12
7965,Kholat,PC (Microsoft Windows),23,3,66.0000,9,60.9130,46
7965,Kholat,Mac,23,3,66.0000,9,60.9130,46
7965,Kholat,PlayStation 4,23,3,66.0000,9,60.9130,46
7965,Kholat,Xbox One,23,3,66.0000,9,60.9130,46
7965,Kholat,Nintendo Switch,23,3,66.0000,9,60.9130,46
134587,Destruction AllStars,PlayStation 5,3,6,67.2857,7,56.4713,12
7936,La-Mulana,Linux,8,NULL,NULL,NULL,89.3826,12
7936,La-Mulana,PC (Microsoft Windows),8,NULL,NULL,NULL,89.3826,12
7936,La-Mulana,Mac,8,NULL,NULL,NULL,89.3826,12
7936,La-Mulana,PlayStation 4,8,NULL,NULL,NULL,89.3826,12
7936,La-Mulana,Xbox One,8,NULL,NULL,NULL,89.3826,12
7936,La-Mulana,Nintendo Switch,8,NULL,NULL,NULL,89.3826,12
103249,11-11: Memories Retold,PC (Microsoft Windows),10,2,74.0000,3,77.3571,17
103249,11-11: Memories Retold,PlayStation 4,10,2,74.0000,3,77.3571,17
103249,11-11: Memories Retold,Xbox One,10,2,74.0000,3,77.3571,17
89326,Breathedge,PC (Microsoft Windows),16,1,82.0000,3,70.5066,26
89326,Breathedge,PlayStation 4,16,1,82.0000,3,70.5066,26
89326,Breathedge,Xbox One,16,1,82.0000,3,70.5066,26
89326,Breathedge,Nintendo Switch,16,1,82.0000,3,70.5066,26
89326,Breathedge,PlayStation 5,16,1,82.0000,3,70.5066,26
113118,The Pathless,PC (Microsoft Windows),2,19,80.6667,11,81.2045,33
113118,The Pathless,Mac,2,19,80.6667,11,81.2045,33
113118,The Pathless,iOS,2,19,80.6667,11,81.2045,33
113118,The Pathless,PlayStation 4,2,19,80.6667,11,81.2045,33
113118,The Pathless,Xbox One,2,19,80.6667,11,81.2045,33
113118,The Pathless,Nintendo Switch,2,19,80.6667,11,81.2045,33
113118,The Pathless,PlayStation 5,2,19,80.6667,11,81.2045,33
127358,Ruined King: A League of Legends Story,PC (Microsoft Windows),2,3,77.5000,5,84.5574,17
127358,Ruined King: A League of Legends Story,PlayStation 4,2,3,77.5000,5,84.5574,17
127358,Ruined King: A League of Legends Story,Xbox One,2,3,77.5000,5,84.5574,17
127358,Ruined King: A League of Legends Story,Nintendo Switch,2,3,77.5000,5,84.5574,17
127358,Ruined King: A League of Legends Story,PlayStation 5,2,3,77.5000,5,84.5574,17
59849,L.A. Noire,PlayStation 4,15,1,73.3333,6,91.7958,39
59849,L.A. Noire,Xbox One,15,1,73.3333,6,91.7958,39
19815,Game Dev Story,PC (Microsoft Windows),5,NULL,NULL,NULL,69.7142,20
19815,Game Dev Story,Android,5,NULL,NULL,NULL,69.7142,20
19815,Game Dev Story,iOS,5,NULL,NULL,NULL,69.7142,20
19815,Game Dev Story,PlayStation 4,5,NULL,NULL,NULL,69.7142,20
19815,Game Dev Story,Xbox One,5,NULL,NULL,NULL,69.7142,20
19815,Game Dev Story,Nintendo Switch,5,NULL,NULL,NULL,69.7142,20
204363,Layers of Fear,PC (Microsoft Windows),NULL,3,71.4000,5,77.6535,12
204363,Layers of Fear,Mac,NULL,3,71.4000,5,77.6535,12
204363,Layers of Fear,PlayStation 5,NULL,3,71.4000,5,77.6535,12
27353,Dungeons 3,Linux,12,NULL,74.0000,3,78.2608,16
27353,Dungeons 3,PC (Microsoft Windows),12,NULL,74.0000,3,78.2608,16
27353,Dungeons 3,Mac,12,NULL,74.0000,3,78.2608,16
27353,Dungeons 3,PlayStation 4,12,NULL,74.0000,3,78.2608,16
27353,Dungeons 3,Xbox One,12,NULL,74.0000,3,78.2608,16
25901,My Friend Pedro,PC (Microsoft Windows),33,13,73.4444,12,75.1462,138
25901,My Friend Pedro,PlayStation 4,33,13,73.4444,12,75.1462,138
25901,My Friend Pedro,Xbox One,33,13,73.4444,12,75.1462,138
25901,My Friend Pedro,Nintendo Switch,33,13,73.4444,12,75.1462,138
111661,Omno,PC (Microsoft Windows),19,4,82.6667,3,87.0463,28
111661,Omno,PlayStation 4,19,4,82.6667,3,87.0463,28
111661,Omno,Xbox One,19,4,82.6667,3,87.0463,28
111661,Omno,Nintendo Switch,19,4,82.6667,3,87.0463,28
10910,LEGO Worlds,PC (Microsoft Windows),20,5,70.6667,7,71.9707,34
10910,LEGO Worlds,PlayStation 4,20,5,70.6667,7,71.9707,34
10910,LEGO Worlds,Xbox One,20,5,70.6667,7,71.9707,34
10910,LEGO Worlds,Nintendo Switch,20,5,70.6667,7,71.9707,34
36929,Pathfinder: Kingmaker,Linux,14,8,65.6667,3,87.1254,64
36929,Pathfinder: Kingmaker,PC (Microsoft Windows),14,8,65.6667,3,87.1254,64
36929,Pathfinder: Kingmaker,Mac,14,8,65.6667,3,87.1254,64
36929,Pathfinder: Kingmaker,PlayStation 4,14,8,65.6667,3,87.1254,64
36929,Pathfinder: Kingmaker,Xbox One,14,8,65.6667,3,87.1254,64
36929,Pathfinder: Kingmaker,Nintendo Switch,14,8,65.6667,3,87.1254,64
11162,For Honor,PC (Microsoft Windows),157,54,76.7273,27,71.5625,206
11162,For Honor,PlayStation 4,157,54,76.7273,27,71.5625,206
11162,For Honor,Xbox One,157,54,76.7273,27,71.5625,206
11162,For Honor,PlayStation 5,157,54,76.7273,27,71.5625,206
14761,Rain World,PC (Microsoft Windows),29,5,62.0909,13,65.0198,37
14761,Rain World,PlayStation 4,29,5,62.0909,13,65.0198,37
14761,Rain World,Xbox One,29,5,62.0909,13,65.0198,37
14761,Rain World,Nintendo Switch,29,5,62.0909,13,65.0198,37
14761,Rain World,PlayStation 5,29,5,62.0909,13,65.0198,37
20065,Resident Evil 4,PlayStation 4,46,1,85.2500,23,87.8349,119
20065,Resident Evil 4,Xbox One,46,1,85.2500,23,87.8349,119
20065,Resident Evil 4,Nintendo Switch,46,1,85.2500,23,87.8349,119
212584,Tactics Ogre: Reborn,PC (Microsoft Windows),NULL,3,85.2000,6,89.4101,11
212584,Tactics Ogre: Reborn,PlayStation 4,NULL,3,85.2000,6,89.4101,11
212584,Tactics Ogre: Reborn,Nintendo Switch,NULL,3,85.2000,6,89.4101,11
212584,Tactics Ogre: Reborn,PlayStation 5,NULL,3,85.2000,6,89.4101,11
134585,Sackboy: A Big Adventure,PC (Microsoft Windows),7,1,85.3000,13,78.3957,39
134585,Sackboy: A Big Adventure,PlayStation 4,7,1,85.3000,13,78.3957,39
134585,Sackboy: A Big Adventure,PlayStation 5,7,1,85.3000,13,78.3957,39
11857,God Eater 2: Rage Burst,PC (Microsoft Windows),14,NULL,75.5455,11,59.4076,11
11857,God Eater 2: Rage Burst,PlayStation 4,14,NULL,75.5455,11,59.4076,11
3775,Assassin's Creed: Freedom Cry,PC (Microsoft Windows),56,NULL,75.0000,3,70.8571,169
3775,Assassin's Creed: Freedom Cry,PlayStation 4,56,NULL,75.0000,3,70.8571,169
3775,Assassin's Creed: Freedom Cry,Xbox One,56,NULL,75.0000,3,70.8571,169
34894,Crossout,PC (Microsoft Windows),22,NULL,65.0000,2,59.7009,32
34894,Crossout,PlayStation 4,22,NULL,65.0000,2,59.7009,32
34894,Crossout,Xbox One,22,NULL,65.0000,2,59.7009,32
34894,Crossout,PlayStation 5,22,NULL,65.0000,2,59.7009,32
115280,Oninaki,PC (Microsoft Windows),4,6,67.0000,11,60.0353,6
115280,Oninaki,PlayStation 4,4,6,67.0000,11,60.0353,6
115280,Oninaki,Nintendo Switch,4,6,67.0000,11,60.0353,6
144465,Teenage Mutant Ninja Turtles: Shredder's Revenge,Linux,9,10,85.3750,10,78.5082,84
144465,Teenage Mutant Ninja Turtles: Shredder's Revenge,PC (Microsoft Windows),9,10,85.3750,10,78.5082,84
144465,Teenage Mutant Ninja Turtles: Shredder's Revenge,Android,9,10,85.3750,10,78.5082,84
144465,Teenage Mutant Ninja Turtles: Shredder's Revenge,iOS,9,10,85.3750,10,78.5082,84
144465,Teenage Mutant Ninja Turtles: Shredder's Revenge,PlayStation 4,9,10,85.3750,10,78.5082,84
144465,Teenage Mutant Ninja Turtles: Shredder's Revenge,Xbox One,9,10,85.3750,10,78.5082,84
144465,Teenage Mutant Ninja Turtles: Shredder's Revenge,Nintendo Switch,9,10,85.3750,10,78.5082,84
144465,Teenage Mutant Ninja Turtles: Shredder's Revenge,PlayStation 5,9,10,85.3750,10,78.5082,84
37777,Shadow of the Tomb Raider,Linux,196,43,80.0000,19,77.7831,443
37777,Shadow of the Tomb Raider,PC (Microsoft Windows),196,43,80.0000,19,77.7831,443
37777,Shadow of the Tomb Raider,Mac,196,43,80.0000,19,77.7831,443
37777,Shadow of the Tomb Raider,PlayStation 4,196,43,80.0000,19,77.7831,443
37777,Shadow of the Tomb Raider,Xbox One,196,43,80.0000,19,77.7831,443
8254,Resident Evil,PC (Microsoft Windows),99,3,82.2500,17,87.6639,316
8254,Resident Evil,PlayStation 4,99,3,82.2500,17,87.6639,316
8254,Resident Evil,Xbox One,99,3,82.2500,17,87.6639,316
8254,Resident Evil,Nintendo Switch,99,3,82.2500,17,87.6639,316
11212,Star Ocean: Till the End of Time,PlayStation 4,13,1,75.0000,2,92.6300,30
7399,Final Fantasy Type-0 HD,PC (Microsoft Windows),25,1,75.2727,15,72.2978,50
7399,Final Fantasy Type-0 HD,PlayStation 4,25,1,75.2727,15,72.2978,50
7399,Final Fantasy Type-0 HD,Xbox One,25,1,75.2727,15,72.2978,50
204350,The Last of Us Part I,PC (Microsoft Windows),22,7,77.3333,17,94.9590,189
204350,The Last of Us Part I,PlayStation 5,22,7,77.3333,17,94.9590,189
13669,Dynasty Warriors 8: Empires,PC (Microsoft Windows),NULL,NULL,64.8182,12,70.1038,10
13669,Dynasty Warriors 8: Empires,PlayStation 4,NULL,NULL,64.8182,12,70.1038,10
13669,Dynasty Warriors 8: Empires,Xbox One,NULL,NULL,64.8182,12,70.1038,10
13669,Dynasty Warriors 8: Empires,Nintendo Switch,NULL,NULL,64.8182,12,70.1038,10
19449,Dragon Ball: Xenoverse 2,PC (Microsoft Windows),52,3,73.5000,24,73.6970,84
19449,Dragon Ball: Xenoverse 2,PlayStation 4,52,3,73.5000,24,73.6970,84
19449,Dragon Ball: Xenoverse 2,Xbox One,52,3,73.5000,24,73.6970,84
19449,Dragon Ball: Xenoverse 2,Nintendo Switch,52,3,73.5000,24,73.6970,84
131999,NieR Replicant ver.1.22474487139...,PC (Microsoft Windows),12,31,82.1667,14,84.1640,105
131999,NieR Replicant ver.1.22474487139...,PlayStation 4,12,31,82.1667,14,84.1640,105
131999,NieR Replicant ver.1.22474487139...,Xbox One,12,31,82.1667,14,84.1640,105
198506,Disney Dreamlight Valley,PC (Microsoft Windows),3,1,90.0000,4,79.7588,12
198506,Disney Dreamlight Valley,Mac,3,1,90.0000,4,79.7588,12
198506,Disney Dreamlight Valley,PlayStation 4,3,1,90.0000,4,79.7588,12
198506,Disney Dreamlight Valley,Xbox One,3,1,90.0000,4,79.7588,12
198506,Disney Dreamlight Valley,Nintendo Switch,3,1,90.0000,4,79.7588,12
198506,Disney Dreamlight Valley,PlayStation 5,3,1,90.0000,4,79.7588,12
228535,Remnant II,PC (Microsoft Windows),NULL,2,83.5000,8,79.9212,20
228535,Remnant II,PlayStation 5,NULL,2,83.5000,8,79.9212,20
113598,Deathloop,PC (Microsoft Windows),13,38,89.7000,12,83.0047,131
113598,Deathloop,PlayStation 5,13,38,89.7000,12,83.0047,131
135243,It Takes Two,PC (Microsoft Windows),30,5,90.2667,19,88.9495,324
135243,It Takes Two,PlayStation 4,30,5,90.2667,19,88.9495,324
135243,It Takes Two,Xbox One,30,5,90.2667,19,88.9495,324
135243,It Takes Two,Nintendo Switch,30,5,90.2667,19,88.9495,324
135243,It Takes Two,PlayStation 5,30,5,90.2667,19,88.9495,324
7236,Viva Piñata,PC (Microsoft Windows),8,NULL,74.6667,3,75.4563,38
103301,Wolfenstein: Youngblood,PC (Microsoft Windows),38,49,71.2500,15,60.6713,103
103301,Wolfenstein: Youngblood,PlayStation 4,38,49,71.2500,15,60.6713,103
103301,Wolfenstein: Youngblood,Xbox One,38,49,71.2500,15,60.6713,103
103301,Wolfenstein: Youngblood,Nintendo Switch,38,49,71.2500,15,60.6713,103
36831,Dissidia Final Fantasy NT,PlayStation 4,13,1,63.1667,14,53.4819,12
121404,Shady Part of Me,PC (Microsoft Windows),3,NULL,NULL,NULL,89.7028,15
121404,Shady Part of Me,PlayStation 4,3,NULL,NULL,NULL,89.7028,15
121404,Shady Part of Me,Xbox One,3,NULL,NULL,NULL,89.7028,15
121404,Shady Part of Me,Nintendo Switch,3,NULL,NULL,NULL,89.7028,15
133307,The Ascent,PC (Microsoft Windows),8,13,71.2222,11,73.5603,42
133307,The Ascent,PlayStation 4,8,13,71.2222,11,73.5603,42
133307,The Ascent,Xbox One,8,13,71.2222,11,73.5603,42
133307,The Ascent,PlayStation 5,8,13,71.2222,11,73.5603,42
18854,Let It Die,PC (Microsoft Windows),13,3,76.7500,9,74.3085,15
18854,Let It Die,PlayStation 4,13,3,76.7500,9,74.3085,15
109535,We Were Here Together,PC (Microsoft Windows),1,NULL,70.0000,1,70.1841,20
109535,We Were Here Together,Mac,1,NULL,70.0000,1,70.1841,20
109535,We Were Here Together,PlayStation 4,1,NULL,70.0000,1,70.1841,20
109535,We Were Here Together,Xbox One,1,NULL,70.0000,1,70.1841,20
14879,Attack on Titan,PC (Microsoft Windows),19,3,73.3125,19,69.2799,33
14879,Attack on Titan,PlayStation 4,19,3,73.3125,19,69.2799,33
14879,Attack on Titan,Xbox One,19,3,73.3125,19,69.2799,33
125631,Last Stop,PC (Microsoft Windows),1,3,72.5000,7,71.0400,23
125631,Last Stop,PlayStation 4,1,3,72.5000,7,71.0400,23
125631,Last Stop,Xbox One,1,3,72.5000,7,71.0400,23
125631,Last Stop,Nintendo Switch,1,3,72.5000,7,71.0400,23
125631,Last Stop,PlayStation 5,1,3,72.5000,7,71.0400,23
119285,Lost in Random,PC (Microsoft Windows),2,3,77.4286,7,70.1755,17
119285,Lost in Random,PlayStation 4,2,3,77.4286,7,70.1755,17
119285,Lost in Random,Xbox One,2,3,77.4286,7,70.1755,17
119285,Lost in Random,Nintendo Switch,2,3,77.4286,7,70.1755,17
119285,Lost in Random,PlayStation 5,2,3,77.4286,7,70.1755,17
2137,The Crew,PC (Microsoft Windows),61,8,62.0000,18,66.1200,124
2137,The Crew,PlayStation 4,61,8,62.0000,18,66.1200,124
2137,The Crew,Xbox One,61,8,62.0000,18,66.1200,124
105417,Digimon Survive,PC (Microsoft Windows),2,35,70.0000,5,65.6519,18
105417,Digimon Survive,PlayStation 4,2,35,70.0000,5,65.6519,18
105417,Digimon Survive,Xbox One,2,35,70.0000,5,65.6519,18
105417,Digimon Survive,Nintendo Switch,2,35,70.0000,5,65.6519,18
214409,Atlas Fallen,PC (Microsoft Windows),1,10,71.7500,7,70.5364,11
214409,Atlas Fallen,PlayStation 5,1,10,71.7500,7,70.5364,11
29173,Startup Company,Linux,21,1,NULL,NULL,66.0951,14
29173,Startup Company,PC (Microsoft Windows),21,1,NULL,NULL,66.0951,14
29173,Startup Company,Mac,21,1,NULL,NULL,66.0951,14
20063,Dead Nation: Apocalypse Edition,PlayStation 4,2,NULL,75.0000,3,79.5332,13
18357,Oddworld: Soulstorm,PC (Microsoft Windows),10,7,74.8333,13,58.5952,15
18357,Oddworld: Soulstorm,PlayStation 4,10,7,74.8333,13,58.5952,15
18357,Oddworld: Soulstorm,Xbox One,10,7,74.8333,13,58.5952,15
18357,Oddworld: Soulstorm,Nintendo Switch,10,7,74.8333,13,58.5952,15
18357,Oddworld: Soulstorm,PlayStation 5,10,7,74.8333,13,58.5952,15
28856,The Crew 2,PC (Microsoft Windows),81,18,62.3000,12,74.2046,63
28856,The Crew 2,PlayStation 4,81,18,62.3000,12,74.2046,63
28856,The Crew 2,Xbox One,81,18,62.3000,12,74.2046,63
106856,A Memoir Blue,PC (Microsoft Windows),2,1,NULL,NULL,67.1219,28
106856,A Memoir Blue,Mac,2,1,NULL,NULL,67.1219,28
106856,A Memoir Blue,PlayStation 4,2,1,NULL,NULL,67.1219,28
106856,A Memoir Blue,Xbox One,2,1,NULL,NULL,67.1219,28
106856,A Memoir Blue,Nintendo Switch,2,1,NULL,NULL,67.1219,28
106856,A Memoir Blue,PlayStation 5,2,1,NULL,NULL,67.1219,28
119247,Gylt,PC (Microsoft Windows),6,6,74.0000,6,66.0893,11
119247,Gylt,PlayStation 4,6,6,74.0000,6,66.0893,11
119247,Gylt,Xbox One,6,6,74.0000,6,66.0893,11
119247,Gylt,PlayStation 5,6,6,74.0000,6,66.0893,11
13621,Manifold Garden,PC (Microsoft Windows),13,9,85.8333,7,75.1119,24
13621,Manifold Garden,Mac,13,9,85.8333,7,75.1119,24
13621,Manifold Garden,iOS,13,9,85.8333,7,75.1119,24
13621,Manifold Garden,PlayStation 4,13,9,85.8333,7,75.1119,24
13621,Manifold Garden,Xbox One,13,9,85.8333,7,75.1119,24
13621,Manifold Garden,Nintendo Switch,13,9,85.8333,7,75.1119,24
13621,Manifold Garden,PlayStation 5,13,9,85.8333,7,75.1119,24
117271,Chained Echoes,Linux,4,5,91.3333,3,83.6139,11
117271,Chained Echoes,PC (Microsoft Windows),4,5,91.3333,3,83.6139,11
117271,Chained Echoes,Mac,4,5,91.3333,3,83.6139,11
117271,Chained Echoes,PlayStation 4,4,5,91.3333,3,83.6139,11
117271,Chained Echoes,Xbox One,4,5,91.3333,3,83.6139,11
117271,Chained Echoes,Nintendo Switch,4,5,91.3333,3,83.6139,11
26195,WipEout: Omega Collection,PlayStation 4,18,4,88.4545,12,88.8597,33
82117,Two Point Hospital,Linux,27,7,86.9000,11,79.4196,94
82117,Two Point Hospital,PC (Microsoft Windows),27,7,86.9000,11,79.4196,94
82117,Two Point Hospital,Mac,27,7,86.9000,11,79.4196,94
82117,Two Point Hospital,PlayStation 4,27,7,86.9000,11,79.4196,94
82117,Two Point Hospital,Xbox One,27,7,86.9000,11,79.4196,94
82117,Two Point Hospital,Nintendo Switch,27,7,86.9000,11,79.4196,94
11214,World of Final Fantasy,PC (Microsoft Windows),34,7,75.6667,29,70.2496,34
11214,World of Final Fantasy,PlayStation 4,34,7,75.6667,29,70.2496,34
79995,Sable,PC (Microsoft Windows),9,22,82.7143,8,72.1568,27
79995,Sable,PlayStation 4,9,22,82.7143,8,72.1568,27
79995,Sable,Xbox One,9,22,82.7143,8,72.1568,27
79995,Sable,PlayStation 5,9,22,82.7143,8,72.1568,27
9647,Volume,PC (Microsoft Windows),10,1,70.4000,12,69.7815,12
9647,Volume,Mac,10,1,70.4000,12,69.7815,12
9647,Volume,PlayStation 4,10,1,70.4000,12,69.7815,12
21429,Vikings: Wolves of Midgard,Linux,16,3,67.5000,6,67.6663,17
21429,Vikings: Wolves of Midgard,PC (Microsoft Windows),16,3,67.5000,6,67.6663,17
21429,Vikings: Wolves of Midgard,Mac,16,3,67.5000,6,67.6663,17
21429,Vikings: Wolves of Midgard,PlayStation 4,16,3,67.5000,6,67.6663,17
21429,Vikings: Wolves of Midgard,Xbox One,16,3,67.5000,6,67.6663,17
11460,Titan Attacks!,Linux,6,NULL,73.0000,2,67.0532,15
11460,Titan Attacks!,PC (Microsoft Windows),6,NULL,73.0000,2,67.0532,15
11460,Titan Attacks!,Mac,6,NULL,73.0000,2,67.0532,15
11460,Titan Attacks!,PlayStation 4,6,NULL,73.0000,2,67.0532,15
10140,Uncanny Valley,PC (Microsoft Windows),7,NULL,63.7500,4,57.9123,12
10140,Uncanny Valley,PlayStation 4,7,NULL,63.7500,4,57.9123,12
10140,Uncanny Valley,Xbox One,7,NULL,63.7500,4,57.9123,12
10140,Uncanny Valley,Nintendo Switch,7,NULL,63.7500,4,57.9123,12
11170,Unravel,PC (Microsoft Windows),82,11,81.2105,20,80.7640,212
11170,Unravel,PlayStation 4,82,11,81.2105,20,80.7640,212
11170,Unravel,Xbox One,82,11,81.2105,20,80.7640,212
9525,Through the Woods,PC (Microsoft Windows),10,1,46.0000,1,62.3001,15
9525,Through the Woods,PlayStation 4,10,1,46.0000,1,62.3001,15
9525,Through the Woods,Xbox One,10,1,46.0000,1,62.3001,15
8467,Velocity 2X,PC (Microsoft Windows),12,NULL,80.5000,11,88.2331,27
8467,Velocity 2X,PlayStation 4,12,NULL,80.5000,11,88.2331,27
8467,Velocity 2X,Xbox One,12,NULL,80.5000,11,88.2331,27
8467,Velocity 2X,Nintendo Switch,12,NULL,80.5000,11,88.2331,27
11225,Typoman,Linux,11,3,69.2857,7,73.5396,11
11225,Typoman,PC (Microsoft Windows),11,3,69.2857,7,73.5396,11
11225,Typoman,Mac,11,3,69.2857,7,73.5396,11
11225,Typoman,PlayStation 4,11,3,69.2857,7,73.5396,11
11225,Typoman,Xbox One,11,3,69.2857,7,73.5396,11
11225,Typoman,Nintendo Switch,11,3,69.2857,7,73.5396,11
13163,Syberia 3,PC (Microsoft Windows),53,17,44.0000,10,64.7863,34
13163,Syberia 3,Mac,53,17,44.0000,10,64.7863,34
13163,Syberia 3,Android,53,17,44.0000,10,64.7863,34
13163,Syberia 3,iOS,53,17,44.0000,10,64.7863,34
13163,Syberia 3,PlayStation 4,53,17,44.0000,10,64.7863,34
13163,Syberia 3,Xbox One,53,17,44.0000,10,64.7863,34
13163,Syberia 3,Nintendo Switch,53,17,44.0000,10,64.7863,34
8352,The Unfinished Swan,PC (Microsoft Windows),23,NULL,76.6667,4,76.9736,89
8352,The Unfinished Swan,Mac,23,NULL,76.6667,4,76.9736,89
8352,The Unfinished Swan,iOS,23,NULL,76.6667,4,76.9736,89
8352,The Unfinished Swan,PlayStation 4,23,NULL,76.6667,4,76.9736,89
95992,Tales of the Neon Sea,PC (Microsoft Windows),12,5,60.0000,1,67.2881,15
95992,Tales of the Neon Sea,Android,12,5,60.0000,1,67.2881,15
95992,Tales of the Neon Sea,iOS,12,5,60.0000,1,67.2881,15
95992,Tales of the Neon Sea,PlayStation 4,12,5,60.0000,1,67.2881,15
95992,Tales of the Neon Sea,Xbox One,12,5,60.0000,1,67.2881,15
95992,Tales of the Neon Sea,Nintendo Switch,12,5,60.0000,1,67.2881,15
95992,Tales of the Neon Sea,PlayStation 5,12,5,60.0000,1,67.2881,15
123775,Tangle Tower,PC (Microsoft Windows),1,NULL,NULL,NULL,79.8766,16
123775,Tangle Tower,Mac,1,NULL,NULL,NULL,79.8766,16
123775,Tangle Tower,iOS,1,NULL,NULL,NULL,79.8766,16
123775,Tangle Tower,PlayStation 4,1,NULL,NULL,NULL,79.8766,16
123775,Tangle Tower,Xbox One,1,NULL,NULL,NULL,79.8766,16
123775,Tangle Tower,Nintendo Switch,1,NULL,NULL,NULL,79.8766,16
78115,The Legend of Heroes: Trails of Cold Steel IV,PC (Microsoft Windows),6,NULL,83.0000,4,88.7445,15
78115,The Legend of Heroes: Trails of Cold Steel IV,PlayStation 4,6,NULL,83.0000,4,88.7445,15
78115,The Legend of Heroes: Trails of Cold Steel IV,Nintendo Switch,6,NULL,83.0000,4,88.7445,15
78115,The Legend of Heroes: Trails of Cold Steel IV,PlayStation 5,6,NULL,83.0000,4,88.7445,15
9865,Sportsfriends,Linux,2,NULL,81.4286,7,62.1541,20
9865,Sportsfriends,PC (Microsoft Windows),2,NULL,81.4286,7,62.1541,20
9865,Sportsfriends,Mac,2,NULL,81.4286,7,62.1541,20
9865,Sportsfriends,PlayStation 4,2,NULL,81.4286,7,62.1541,20
10030,Sky Force Anniversary,Linux,12,NULL,77.0000,2,80.3282,29
10030,Sky Force Anniversary,PC (Microsoft Windows),12,NULL,77.0000,2,80.3282,29
10030,Sky Force Anniversary,Mac,12,NULL,77.0000,2,80.3282,29
10030,Sky Force Anniversary,Android,12,NULL,77.0000,2,80.3282,29
10030,Sky Force Anniversary,iOS,12,NULL,77.0000,2,80.3282,29
10030,Sky Force Anniversary,PlayStation 4,12,NULL,77.0000,2,80.3282,29
10030,Sky Force Anniversary,Xbox One,12,NULL,77.0000,2,80.3282,29
10030,Sky Force Anniversary,Nintendo Switch,12,NULL,77.0000,2,80.3282,29
28489,Ready or Not,PC (Microsoft Windows),16,20,NULL,NULL,80.5467,13
23319,Shutshimi,Linux,3,NULL,65.0000,2,65.9924,13
23319,Shutshimi,PC (Microsoft Windows),3,NULL,65.0000,2,65.9924,13
23319,Shutshimi,Mac,3,NULL,65.0000,2,65.9924,13
23319,Shutshimi,PlayStation 4,3,NULL,65.0000,2,65.9924,13
21062,Sonic Mania,PC (Microsoft Windows),124,36,85.4375,18,84.0060,251
21062,Sonic Mania,PlayStation 4,124,36,85.4375,18,84.0060,251
21062,Sonic Mania,Xbox One,124,36,85.4375,18,84.0060,251
21062,Sonic Mania,Nintendo Switch,124,36,85.4375,18,84.0060,251
36832,Strange Brigade,PC (Microsoft Windows),21,11,72.9167,14,69.8047,24
36832,Strange Brigade,PlayStation 4,21,11,72.9167,14,69.8047,24
36832,Strange Brigade,Xbox One,21,11,72.9167,14,69.8047,24
36832,Strange Brigade,Nintendo Switch,21,11,72.9167,14,69.8047,24
5333,Strider,PC (Microsoft Windows),22,NULL,78.0625,16,72.5464,51
5333,Strider,PlayStation 4,22,NULL,78.0625,16,72.5464,51
5333,Strider,Xbox One,22,NULL,78.0625,16,72.5464,51
11006,Senran Kagura: Estival Versus,PC (Microsoft Windows),11,NULL,67.7273,11,65.2314,10
11006,Senran Kagura: Estival Versus,PlayStation 4,11,NULL,67.7273,11,65.2314,10
148,Star Wars: Republic Commando,PC (Microsoft Windows),50,NULL,80.8000,6,82.1630,188
148,Star Wars: Republic Commando,PlayStation 4,50,NULL,80.8000,6,82.1630,188
148,Star Wars: Republic Commando,Nintendo Switch,50,NULL,80.8000,6,82.1630,188
7707,Saints Row IV: Re-Elected,PC (Microsoft Windows),9,NULL,77.0000,9,75.7245,21
7707,Saints Row IV: Re-Elected,PlayStation 4,9,NULL,77.0000,9,75.7245,21
7707,Saints Row IV: Re-Elected,Xbox One,9,NULL,77.0000,9,75.7245,21
7707,Saints Row IV: Re-Elected,Nintendo Switch,9,NULL,77.0000,9,75.7245,21
134584,Returnal,PC (Microsoft Windows),17,21,89.8947,21,84.3081,93
134584,Returnal,PlayStation 5,17,21,89.8947,21,84.3081,93
6007,Resogun,PlayStation 4,31,NULL,85.9091,11,83.6981,71
115899,ScourgeBringer,Linux,5,NULL,72.5000,3,73.2157,14
115899,ScourgeBringer,PC (Microsoft Windows),5,NULL,72.5000,3,73.2157,14
115899,ScourgeBringer,Mac,5,NULL,72.5000,3,73.2157,14
115899,ScourgeBringer,PlayStation 4,5,NULL,72.5000,3,73.2157,14
115899,ScourgeBringer,Xbox One,5,NULL,72.5000,3,73.2157,14
115899,ScourgeBringer,Nintendo Switch,5,NULL,72.5000,3,73.2157,14
115899,ScourgeBringer,PlayStation 5,5,NULL,72.5000,3,73.2157,14
12561,Nova-111,PC (Microsoft Windows),4,NULL,74.0000,2,70.3367,12
12561,Nova-111,Mac,4,NULL,74.0000,2,70.3367,12
12561,Nova-111,PlayStation 4,4,NULL,74.0000,2,70.3367,12
12561,Nova-111,Xbox One,4,NULL,74.0000,2,70.3367,12
12561,Nova-111,Nintendo Switch,4,NULL,74.0000,2,70.3367,12
3026,Nihilumbra,Linux,7,NULL,80.0000,1,69.9756,20
3026,Nihilumbra,PC (Microsoft Windows),7,NULL,80.0000,1,69.9756,20
3026,Nihilumbra,Mac,7,NULL,80.0000,1,69.9756,20
3026,Nihilumbra,Android,7,NULL,80.0000,1,69.9756,20
3026,Nihilumbra,iOS,7,NULL,80.0000,1,69.9756,20
3026,Nihilumbra,PlayStation 4,7,NULL,80.0000,1,69.9756,20
3026,Nihilumbra,Nintendo Switch,7,NULL,80.0000,1,69.9756,20
145782,OlliOlli World,PC (Microsoft Windows),6,5,86.7000,13,79.6263,12
145782,OlliOlli World,PlayStation 4,6,5,86.7000,13,79.6263,12
145782,OlliOlli World,Xbox One,6,5,86.7000,13,79.6263,12
145782,OlliOlli World,Nintendo Switch,6,5,86.7000,13,79.6263,12
145782,OlliOlli World,PlayStation 5,6,5,86.7000,13,79.6263,12
7618,Never Alone: Kisima Ingitchuna,Linux,44,NULL,70.6000,11,70.2330,145
7618,Never Alone: Kisima Ingitchuna,PC (Microsoft Windows),44,NULL,70.6000,11,70.2330,145
7618,Never Alone: Kisima Ingitchuna,Mac,44,NULL,70.6000,11,70.2330,145
7618,Never Alone: Kisima Ingitchuna,Android,44,NULL,70.6000,11,70.2330,145
7618,Never Alone: Kisima Ingitchuna,iOS,44,NULL,70.6000,11,70.2330,145
7618,Never Alone: Kisima Ingitchuna,PlayStation 4,44,NULL,70.6000,11,70.2330,145
7618,Never Alone: Kisima Ingitchuna,Xbox One,44,NULL,70.6000,11,70.2330,145
26194,Knack II,PlayStation 4,23,3,71.6923,15,66.3975,18
11544,Paladins,PC (Microsoft Windows),46,NULL,78.8333,7,71.9808,170
11544,Paladins,Mac,46,NULL,78.8333,7,71.9808,170
11544,Paladins,PlayStation 4,46,NULL,78.8333,7,71.9808,170
11544,Paladins,Xbox One,46,NULL,78.8333,7,71.9808,170
11544,Paladins,Nintendo Switch,46,NULL,78.8333,7,71.9808,170
2933,Kingdom Hearts III,PC (Microsoft Windows),220,110,89.8000,15,75.8548,190
2933,Kingdom Hearts III,PlayStation 4,220,110,89.8000,15,75.8548,190
2933,Kingdom Hearts III,Xbox One,220,110,89.8000,15,75.8548,190
5328,Metal Gear Solid V: Ground Zeroes,PC (Microsoft Windows),137,NULL,79.2105,20,75.8890,399
5328,Metal Gear Solid V: Ground Zeroes,PlayStation 4,137,NULL,79.2105,20,75.8890,399
5328,Metal Gear Solid V: Ground Zeroes,Xbox One,137,NULL,79.2105,20,75.8890,399
22499,Moons of Madness,PC (Microsoft Windows),18,11,69.0000,2,75.0328,17
22499,Moons of Madness,PlayStation 4,18,11,69.0000,2,75.0328,17
22499,Moons of Madness,Xbox One,18,11,69.0000,2,75.0328,17
12571,Nioh,PlayStation 4,118,22,87.6364,27,80.4491,140
2990,Machinarium,Linux,117,NULL,87.5000,3,83.2307,325
2990,Machinarium,PC (Microsoft Windows),117,NULL,87.5000,3,83.2307,325
2990,Machinarium,Mac,117,NULL,87.5000,3,83.2307,325
2990,Machinarium,Android,117,NULL,87.5000,3,83.2307,325
2990,Machinarium,iOS,117,NULL,87.5000,3,83.2307,325
2990,Machinarium,PlayStation 4,117,NULL,87.5000,3,83.2307,325
2990,Machinarium,Xbox One,117,NULL,87.5000,3,83.2307,325
2990,Machinarium,Nintendo Switch,117,NULL,87.5000,3,83.2307,325
96252,Mega Man X: Legacy Collection,PC (Microsoft Windows),1,NULL,87.3333,3,87.2448,14
96252,Mega Man X: Legacy Collection,PlayStation 4,1,NULL,87.3333,3,87.2448,14
96252,Mega Man X: Legacy Collection,Xbox One,1,NULL,87.3333,3,87.2448,14
96252,Mega Man X: Legacy Collection,Nintendo Switch,1,NULL,87.3333,3,87.2448,14
25083,LEGO Harry Potter Collection,PlayStation 4,9,NULL,75.1667,6,64.1291,13
25083,LEGO Harry Potter Collection,Xbox One,9,NULL,75.1667,6,64.1291,13
25083,LEGO Harry Potter Collection,Nintendo Switch,9,NULL,75.1667,6,64.1291,13
8992,MouseCraft,Linux,1,NULL,65.0000,3,70.2053,15
8992,MouseCraft,PC (Microsoft Windows),1,NULL,65.0000,3,70.2053,15
8992,MouseCraft,Mac,1,NULL,65.0000,3,70.2053,15
8992,MouseCraft,PlayStation 4,1,NULL,65.0000,3,70.2053,15
8992,MouseCraft,Nintendo Switch,1,NULL,65.0000,3,70.2053,15
1532,Jak X: Combat Racing,PlayStation 4,15,NULL,70.0000,2,76.5615,36
109,L.A. Noire,PC (Microsoft Windows),284,NULL,89.3750,11,82.5940,840
94876,LEGO The Incredibles,PC (Microsoft Windows),12,3,72.2857,7,72.2828,18
94876,LEGO The Incredibles,Mac,12,3,72.2857,7,72.2828,18
94876,LEGO The Incredibles,PlayStation 4,12,3,72.2857,7,72.2828,18
94876,LEGO The Incredibles,Xbox One,12,3,72.2857,7,72.2828,18
94876,LEGO The Incredibles,Nintendo Switch,12,3,72.2857,7,72.2828,18
103369,Kill la Kill: If,PC (Microsoft Windows),5,4,57.0000,3,69.8429,22
103369,Kill la Kill: If,PlayStation 4,5,4,57.0000,3,69.8429,22
103369,Kill la Kill: If,Nintendo Switch,5,4,57.0000,3,69.8429,22
2177,LEGO City Undercover,PC (Microsoft Windows),20,NULL,77.0000,24,73.1247,50
2177,LEGO City Undercover,PlayStation 4,20,NULL,77.0000,24,73.1247,50
2177,LEGO City Undercover,Xbox One,20,NULL,77.0000,24,73.1247,50
2177,LEGO City Undercover,Nintendo Switch,20,NULL,77.0000,24,73.1247,50
134483,Gunfire Reborn,PC (Microsoft Windows),4,NULL,NULL,NULL,73.5051,24
134483,Gunfire Reborn,Android,4,NULL,NULL,NULL,73.5051,24
134483,Gunfire Reborn,iOS,4,NULL,NULL,NULL,73.5051,24
134483,Gunfire Reborn,PlayStation 4,4,NULL,NULL,NULL,73.5051,24
134483,Gunfire Reborn,Xbox One,4,NULL,NULL,NULL,73.5051,24
134483,Gunfire Reborn,Nintendo Switch,4,NULL,NULL,NULL,73.5051,24
134483,Gunfire Reborn,PlayStation 5,4,NULL,NULL,NULL,73.5051,24
11206,Just Dance 2016,PlayStation 4,7,NULL,69.0000,5,77.1786,17
11206,Just Dance 2016,Xbox One,7,NULL,69.0000,5,77.1786,17
28733,Iron Snout,Linux,1,NULL,NULL,NULL,48.6494,15
28733,Iron Snout,PC (Microsoft Windows),1,NULL,NULL,NULL,48.6494,15
28733,Iron Snout,Mac,1,NULL,NULL,NULL,48.6494,15
28733,Iron Snout,PlayStation 4,1,NULL,NULL,NULL,48.6494,15
28733,Iron Snout,Xbox One,1,NULL,NULL,NULL,48.6494,15
28733,Iron Snout,Nintendo Switch,1,NULL,NULL,NULL,48.6494,15
75234,Guacamelee! 2,PC (Microsoft Windows),18,4,84.0000,15,81.1055,71
75234,Guacamelee! 2,PlayStation 4,18,4,84.0000,15,81.1055,71
75234,Guacamelee! 2,Xbox One,18,4,84.0000,15,81.1055,71
75234,Guacamelee! 2,Nintendo Switch,18,4,84.0000,15,81.1055,71
9638,Hero of the Kingdom,Linux,6,NULL,NULL,NULL,70.1332,21
9638,Hero of the Kingdom,PC (Microsoft Windows),6,NULL,NULL,NULL,70.1332,21
9638,Hero of the Kingdom,Mac,6,NULL,NULL,NULL,70.1332,21
19572,Here They Lie,PlayStation 4,8,3,59.7500,8,52.7224,13
138858,Ender Lilies: Quietus of the Knights,PC (Microsoft Windows),7,NULL,79.0000,6,85.8853,30
138858,Ender Lilies: Quietus of the Knights,PlayStation 4,7,NULL,79.0000,6,85.8853,30
138858,Ender Lilies: Quietus of the Knights,Xbox One,7,NULL,79.0000,6,85.8853,30
138858,Ender Lilies: Quietus of the Knights,Nintendo Switch,7,NULL,79.0000,6,85.8853,30
138858,Ender Lilies: Quietus of the Knights,PlayStation 5,7,NULL,79.0000,6,85.8853,30
4843,Kingdom Come: Deliverance,PC (Microsoft Windows),353,187,73.7273,17,79.2431,255
4843,Kingdom Come: Deliverance,PlayStation 4,353,187,73.7273,17,79.2431,255
4843,Kingdom Come: Deliverance,Xbox One,353,187,73.7273,17,79.2431,255
4843,Kingdom Come: Deliverance,Nintendo Switch,353,187,73.7273,17,79.2431,255
36543,Last Day of June,PC (Microsoft Windows),34,1,76.3333,11,74.8277,55
36543,Last Day of June,PlayStation 4,34,1,76.3333,11,74.8277,55
36543,Last Day of June,Nintendo Switch,34,1,76.3333,11,74.8277,55
14523,Helldivers,PC (Microsoft Windows),25,NULL,84.1667,8,73.8465,62
14523,Helldivers,PlayStation 4,25,NULL,84.1667,8,73.8465,62
18927,Hue,Linux,31,2,77.8750,17,69.3239,65
18927,Hue,PC (Microsoft Windows),31,2,77.8750,17,69.3239,65
18927,Hue,Mac,31,2,77.8750,17,69.3239,65
18927,Hue,PlayStation 4,31,2,77.8750,17,69.3239,65
18927,Hue,Xbox One,31,2,77.8750,17,69.3239,65
18927,Hue,Nintendo Switch,31,2,77.8750,17,69.3239,65
12528,Gravity Rush 2,PlayStation 4,70,18,81.2632,21,71.2878,61
27043,FlatOut 4: Total Insanity,PC (Microsoft Windows),8,1,66.0000,6,61.6199,14
27043,FlatOut 4: Total Insanity,PlayStation 4,8,1,66.0000,6,61.6199,14
27043,FlatOut 4: Total Insanity,Xbox One,8,1,66.0000,6,61.6199,14
32969,Ghost 1.0,PC (Microsoft Windows),1,NULL,78.0000,1,88.1832,11
32969,Ghost 1.0,PlayStation 4,1,NULL,78.0000,1,88.1832,11
32969,Ghost 1.0,Xbox One,1,NULL,78.0000,1,88.1832,11
32969,Ghost 1.0,Nintendo Switch,1,NULL,78.0000,1,88.1832,11
1353,flOw,PlayStation 4,15,NULL,75.0000,6,71.9704,75
1353,flOw,Web browser,15,NULL,75.0000,6,71.9704,75
19409,Farming Simulator 17,PC (Microsoft Windows),38,4,63.8571,7,87.3041,15
19409,Farming Simulator 17,Mac,38,4,63.8571,7,87.3041,15
19409,Farming Simulator 17,PlayStation 4,38,4,63.8571,7,87.3041,15
19409,Farming Simulator 17,Xbox One,38,4,63.8571,7,87.3041,15
2117,DayZ,PC (Microsoft Windows),87,41,69.0000,4,47.2790,85
2117,DayZ,PlayStation 4,87,41,69.0000,4,47.2790,85
2117,DayZ,Xbox One,87,41,69.0000,4,47.2790,85
116650,Cyber Shadow,Linux,2,3,77.2727,12,72.7180,19
116650,Cyber Shadow,PC (Microsoft Windows),2,3,77.2727,12,72.7180,19
116650,Cyber Shadow,Mac,2,3,77.2727,12,72.7180,19
116650,Cyber Shadow,PlayStation 4,2,3,77.2727,12,72.7180,19
116650,Cyber Shadow,Xbox One,2,3,77.2727,12,72.7180,19
116650,Cyber Shadow,Nintendo Switch,2,3,77.2727,12,72.7180,19
116650,Cyber Shadow,PlayStation 5,2,3,77.2727,12,72.7180,19
496,Dead Rising 2,Linux,62,NULL,80.6667,14,73.5480,180
496,Dead Rising 2,PC (Microsoft Windows),62,NULL,80.6667,14,73.5480,180
496,Dead Rising 2,PlayStation 4,62,NULL,80.6667,14,73.5480,180
496,Dead Rising 2,Xbox One,62,NULL,80.6667,14,73.5480,180
21634,Death Road to Canada,Linux,11,NULL,76.5714,8,62.9314,24
21634,Death Road to Canada,PC (Microsoft Windows),11,NULL,76.5714,8,62.9314,24
21634,Death Road to Canada,Mac,11,NULL,76.5714,8,62.9314,24
21634,Death Road to Canada,Android,11,NULL,76.5714,8,62.9314,24
21634,Death Road to Canada,iOS,11,NULL,76.5714,8,62.9314,24
21634,Death Road to Canada,PlayStation 4,11,NULL,76.5714,8,62.9314,24
21634,Death Road to Canada,Xbox One,11,NULL,76.5714,8,62.9314,24
21634,Death Road to Canada,Nintendo Switch,11,NULL,76.5714,8,62.9314,24
27134,Deep Rock Galactic,PC (Microsoft Windows),27,5,81.8333,7,81.7367,119
27134,Deep Rock Galactic,PlayStation 4,27,5,81.8333,7,81.7367,119
27134,Deep Rock Galactic,Xbox One,27,5,81.8333,7,81.7367,119
27134,Deep Rock Galactic,PlayStation 5,27,5,81.8333,7,81.7367,119
5639,Ether One,PC (Microsoft Windows),19,NULL,82.0000,1,64.7501,37
5639,Ether One,PlayStation 4,19,NULL,82.0000,1,64.7501,37
86389,Far Cry 3: Classic Edition,PlayStation 4,9,1,80.0000,1,84.3418,24
86389,Far Cry 3: Classic Edition,Xbox One,9,1,80.0000,1,84.3418,24
120625,Disintegration,PC (Microsoft Windows),5,8,64.2500,11,66.9318,9
120625,Disintegration,PlayStation 4,5,8,64.2500,11,66.9318,9
120625,Disintegration,Xbox One,5,8,64.2500,11,66.9318,9
103269,Dead or Alive 6,PC (Microsoft Windows),12,5,73.3636,16,66.1287,26
103269,Dead or Alive 6,PlayStation 4,12,5,73.3636,16,66.1287,26
103269,Dead or Alive 6,Xbox One,12,5,73.3636,16,66.1287,26
55080,Donut County,PC (Microsoft Windows),15,5,80.3077,15,69.3220,143
55080,Donut County,Mac,15,5,80.3077,15,69.3220,143
55080,Donut County,Android,15,5,80.3077,15,69.3220,143
55080,Donut County,iOS,15,5,80.3077,15,69.3220,143
55080,Donut County,PlayStation 4,15,5,80.3077,15,69.3220,143
55080,Donut County,Xbox One,15,5,80.3077,15,69.3220,143
55080,Donut County,Nintendo Switch,15,5,80.3077,15,69.3220,143
8211,Dead or Alive 5: Last Round,PC (Microsoft Windows),18,NULL,71.8000,11,85.2489,42
8211,Dead or Alive 5: Last Round,PlayStation 4,18,NULL,71.8000,11,85.2489,42
8211,Dead or Alive 5: Last Round,Xbox One,18,NULL,71.8000,11,85.2489,42
127348,Dungeons & Dragons: Dark Alliance,PC (Microsoft Windows),3,5,68.1429,8,49.9249,14
127348,Dungeons & Dragons: Dark Alliance,PlayStation 4,3,5,68.1429,8,49.9249,14
127348,Dungeons & Dragons: Dark Alliance,Xbox One,3,5,68.1429,8,49.9249,14
127348,Dungeons & Dragons: Dark Alliance,PlayStation 5,3,5,68.1429,8,49.9249,14
121894,Black Book,PC (Microsoft Windows),1,5,NULL,NULL,82.6195,16
121894,Black Book,Mac,1,5,NULL,NULL,82.6195,16
121894,Black Book,PlayStation 4,1,5,NULL,NULL,82.6195,16
121894,Black Book,Xbox One,1,5,NULL,NULL,82.6195,16
121894,Black Book,Nintendo Switch,1,5,NULL,NULL,82.6195,16
148499,Behind the Frame: The Finest Scenery,PC (Microsoft Windows),NULL,1,NULL,NULL,77.7507,12
148499,Behind the Frame: The Finest Scenery,Mac,NULL,1,NULL,NULL,77.7507,12
148499,Behind the Frame: The Finest Scenery,Android,NULL,1,NULL,NULL,77.7507,12
148499,Behind the Frame: The Finest Scenery,iOS,NULL,1,NULL,NULL,77.7507,12
148499,Behind the Frame: The Finest Scenery,PlayStation 4,NULL,1,NULL,NULL,77.7507,12
148499,Behind the Frame: The Finest Scenery,Nintendo Switch,NULL,1,NULL,NULL,77.7507,12
23975,Bleach: Brave Souls,PC (Microsoft Windows),6,NULL,80.0000,1,80.0469,11
23975,Bleach: Brave Souls,Android,6,NULL,80.0000,1,80.0469,11
23975,Bleach: Brave Souls,iOS,6,NULL,80.0000,1,80.0469,11
23975,Bleach: Brave Souls,PlayStation 4,6,NULL,80.0000,1,80.0469,11
65503,Sky: Children of the Light,PC (Microsoft Windows),35,10,81.6000,5,71.1702,29
65503,Sky: Children of the Light,Android,35,10,81.6000,5,71.1702,29
65503,Sky: Children of the Light,iOS,35,10,81.6000,5,71.1702,29
65503,Sky: Children of the Light,PlayStation 4,35,10,81.6000,5,71.1702,29
65503,Sky: Children of the Light,Nintendo Switch,35,10,81.6000,5,71.1702,29
7268,Akiba's Trip: Undead & Undressed,PC (Microsoft Windows),7,NULL,64.1429,9,59.7115,20
7268,Akiba's Trip: Undead & Undressed,PlayStation 4,7,NULL,64.1429,9,59.7115,20
26678,99Vidas,PC (Microsoft Windows),7,1,59.0000,3,51.7366,18
26678,99Vidas,PlayStation 4,7,1,59.0000,3,51.7366,18
26678,99Vidas,Xbox One,7,1,59.0000,3,51.7366,18
104967,Valheim,Linux,20,NULL,90.0000,2,86.8482,131
104967,Valheim,PC (Microsoft Windows),20,NULL,90.0000,2,86.8482,131
104967,Valheim,Xbox One,20,NULL,90.0000,2,86.8482,131
8222,Dark Souls II: Scholar of the First Sin,PC (Microsoft Windows),119,5,86.7778,10,82.9879,290
8222,Dark Souls II: Scholar of the First Sin,PlayStation 4,119,5,86.7778,10,82.9879,290
8222,Dark Souls II: Scholar of the First Sin,Xbox One,119,5,86.7778,10,82.9879,290
152250,Stranger of Paradise: Final Fantasy Origin,PC (Microsoft Windows),3,4,72.2500,9,70.3478,17
152250,Stranger of Paradise: Final Fantasy Origin,PlayStation 4,3,4,72.2500,9,70.3478,17
152250,Stranger of Paradise: Final Fantasy Origin,Xbox One,3,4,72.2500,9,70.3478,17
152250,Stranger of Paradise: Final Fantasy Origin,PlayStation 5,3,4,72.2500,9,70.3478,17
168670,Uncharted: Legacy of Thieves Collection,PC (Microsoft Windows),12,3,91.2727,17,89.6763,30
168670,Uncharted: Legacy of Thieves Collection,PlayStation 5,12,3,91.2727,17,89.6763,30
134606,Demon's Souls,PlayStation 5,58,8,92.3333,10,87.4390,114
215060,Assassin's Creed Mirage,PC (Microsoft Windows),8,13,74.1429,10,71.7737,24
215060,Assassin's Creed Mirage,iOS,8,13,74.1429,10,71.7737,24
215060,Assassin's Creed Mirage,PlayStation 4,8,13,74.1429,10,71.7737,24
215060,Assassin's Creed Mirage,Xbox One,8,13,74.1429,10,71.7737,24
215060,Assassin's Creed Mirage,PlayStation 5,8,13,74.1429,10,71.7737,24
19564,Death Stranding,PC (Microsoft Windows),266,172,84.4118,19,87.0337,505
19564,Death Stranding,PlayStation 4,266,172,84.4118,19,87.0337,505
17269,Roblox,PC (Microsoft Windows),75,NULL,NULL,NULL,72.1036,86
17269,Roblox,Mac,75,NULL,NULL,NULL,72.1036,86
17269,Roblox,Android,75,NULL,NULL,NULL,72.1036,86
17269,Roblox,iOS,75,NULL,NULL,NULL,72.1036,86
17269,Roblox,PlayStation 4,75,NULL,NULL,NULL,72.1036,86
17269,Roblox,Xbox One,75,NULL,NULL,NULL,72.1036,86
141538,The Callisto Protocol,PC (Microsoft Windows),12,27,64.7143,11,68.6755,41
141538,The Callisto Protocol,PlayStation 4,12,27,64.7143,11,68.6755,41
141538,The Callisto Protocol,Xbox One,12,27,64.7143,11,68.6755,41
141538,The Callisto Protocol,PlayStation 5,12,27,64.7143,11,68.6755,41
3084,Cry of Fear,PC (Microsoft Windows),18,NULL,NULL,NULL,85.4621,44
1184,World of Tanks,PC (Microsoft Windows),54,NULL,72.9091,16,77.0463,134
1184,World of Tanks,PlayStation 4,54,NULL,72.9091,16,77.0463,134
1184,World of Tanks,Xbox One,54,NULL,72.9091,16,77.0463,134
335,Battlefield Vietnam,PC (Microsoft Windows),22,NULL,80.0000,2,73.7365,83
116200,Back 4 Blood,PC (Microsoft Windows),19,19,78.8000,15,67.2589,53
116200,Back 4 Blood,PlayStation 4,19,19,78.8000,15,67.2589,53
116200,Back 4 Blood,Xbox One,19,19,78.8000,15,67.2589,53
116200,Back 4 Blood,PlayStation 5,19,19,78.8000,15,67.2589,53
240,Battlefield 1942,PC (Microsoft Windows),62,NULL,90.0000,1,79.9791,227
240,Battlefield 1942,Mac,62,NULL,90.0000,1,79.9791,227
18320,Battlefield 1,PC (Microsoft Windows),305,54,89.0952,27,77.6045,648
18320,Battlefield 1,PlayStation 4,305,54,89.0952,27,77.6045,648
18320,Battlefield 1,Xbox One,305,54,89.0952,27,77.6045,648
965,Stronghold,PC (Microsoft Windows),64,NULL,NULL,NULL,82.0140,162
965,Stronghold,Mac,64,NULL,NULL,NULL,82.0140,162
828,Painkiller,PC (Microsoft Windows),39,NULL,82.5000,2,75.8949,107
828,Painkiller,Android,39,NULL,82.5000,2,75.8949,107
828,Painkiller,iOS,39,NULL,82.5000,2,75.8949,107
857,Serious Sam: The First Encounter,Linux,82,1,83.3333,3,80.0542,208
857,Serious Sam: The First Encounter,PC (Microsoft Windows),82,1,83.3333,3,80.0542,208
504,Fable III,PC (Microsoft Windows),45,NULL,78.0000,14,67.9634,213
68447,Superliminal,Linux,16,3,78.5714,8,80.5348,129
68447,Superliminal,PC (Microsoft Windows),16,3,78.5714,8,80.5348,129
68447,Superliminal,Mac,16,3,78.5714,8,80.5348,129
68447,Superliminal,PlayStation 4,16,3,78.5714,8,80.5348,129
68447,Superliminal,Xbox One,16,3,78.5714,8,80.5348,129
68447,Superliminal,Nintendo Switch,16,3,78.5714,8,80.5348,129
68447,Superliminal,PlayStation 5,16,3,78.5714,8,80.5348,129
11137,Sea of Thieves,PC (Microsoft Windows),221,102,66.4167,17,69.6316,151
11137,Sea of Thieves,Xbox One,221,102,66.4167,17,69.6316,151
234702,Persona 4 Golden,PC (Microsoft Windows),NULL,NULL,90.0000,1,99.2053,15
234702,Persona 4 Golden,PlayStation 4,NULL,NULL,90.0000,1,99.2053,15
234702,Persona 4 Golden,Xbox One,NULL,NULL,90.0000,1,99.2053,15
234702,Persona 4 Golden,Nintendo Switch,NULL,NULL,90.0000,1,99.2053,15
141704,Venba,PC (Microsoft Windows),NULL,1,85.0000,4,73.6934,11
141704,Venba,Xbox One,NULL,1,85.0000,4,73.6934,11
141704,Venba,Nintendo Switch,NULL,1,85.0000,4,73.6934,11
141704,Venba,PlayStation 5,NULL,1,85.0000,4,73.6934,11
36550,Yakuza: Like a Dragon,PC (Microsoft Windows),6,3,86.0625,18,87.7389,75
36550,Yakuza: Like a Dragon,PlayStation 4,6,3,86.0625,18,87.7389,75
36550,Yakuza: Like a Dragon,Xbox One,6,3,86.0625,18,87.7389,75
36550,Yakuza: Like a Dragon,PlayStation 5,6,3,86.0625,18,87.7389,75
9727,Soma,Linux,149,5,81.2500,18,82.7834,494
9727,Soma,PC (Microsoft Windows),149,5,81.2500,18,82.7834,494
9727,Soma,Mac,149,5,81.2500,18,82.7834,494
9727,Soma,PlayStation 4,149,5,81.2500,18,82.7834,494
9727,Soma,Xbox One,149,5,81.2500,18,82.7834,494
7621,RiME,PC (Microsoft Windows),107,16,72.6000,17,76.7354,196
7621,RiME,PlayStation 4,107,16,72.6000,17,76.7354,196
7621,RiME,Xbox One,107,16,72.6000,17,76.7354,196
7621,RiME,Nintendo Switch,107,16,72.6000,17,76.7354,196
70828,Raji: An Ancient Epic,PC (Microsoft Windows),4,4,77.5000,2,60.0589,25
70828,Raji: An Ancient Epic,PlayStation 4,4,4,77.5000,2,60.0589,25
70828,Raji: An Ancient Epic,Xbox One,4,4,77.5000,2,60.0589,25
70828,Raji: An Ancient Epic,Nintendo Switch,4,4,77.5000,2,60.0589,25
7543,Gods Will Be Watching,Linux,10,NULL,64.0000,5,82.2491,30
7543,Gods Will Be Watching,PC (Microsoft Windows),10,NULL,64.0000,5,82.2491,30
7543,Gods Will Be Watching,Mac,10,NULL,64.0000,5,82.2491,30
7543,Gods Will Be Watching,Android,10,NULL,64.0000,5,82.2491,30
7543,Gods Will Be Watching,iOS,10,NULL,64.0000,5,82.2491,30
7543,Gods Will Be Watching,Web browser,10,NULL,64.0000,5,82.2491,30
26974,Heartbound,Linux,8,1,NULL,NULL,87.7978,16
26974,Heartbound,PC (Microsoft Windows),8,1,NULL,NULL,87.7978,16
126725,Pumpkin Jack,PC (Microsoft Windows),1,NULL,77.1667,6,70.1696,14
126725,Pumpkin Jack,PlayStation 4,1,NULL,77.1667,6,70.1696,14
126725,Pumpkin Jack,Xbox One,1,NULL,77.1667,6,70.1696,14
126725,Pumpkin Jack,Nintendo Switch,1,NULL,77.1667,6,70.1696,14
126725,Pumpkin Jack,PlayStation 5,1,NULL,77.1667,6,70.1696,14
296,Crysis,PC (Microsoft Windows),194,NULL,84.6667,7,80.5831,611
131868,Blue Fire,PC (Microsoft Windows),5,3,73.6250,9,67.9189,15
131868,Blue Fire,PlayStation 4,5,3,73.6250,9,67.9189,15
131868,Blue Fire,Xbox One,5,3,73.6250,9,67.9189,15
131868,Blue Fire,Nintendo Switch,5,3,73.6250,9,67.9189,15
5327,Mighty No. 9,Linux,24,17,52.3500,25,57.3243,37
5327,Mighty No. 9,PC (Microsoft Windows),24,17,52.3500,25,57.3243,37
5327,Mighty No. 9,Mac,24,17,52.3500,25,57.3243,37
5327,Mighty No. 9,PlayStation 4,24,17,52.3500,25,57.3243,37
5327,Mighty No. 9,Xbox One,24,17,52.3500,25,57.3243,37
18327,ZanZarah: The Hidden Portal,PC (Microsoft Windows),3,NULL,NULL,NULL,78.1602,12
5060,Deponia,Linux,37,NULL,77.5000,2,75.2574,150
5060,Deponia,PC (Microsoft Windows),37,NULL,77.5000,2,75.2574,150
5060,Deponia,Mac,37,NULL,77.5000,2,75.2574,150
5060,Deponia,iOS,37,NULL,77.5000,2,75.2574,150
5060,Deponia,PlayStation 4,37,NULL,77.5000,2,75.2574,150
5060,Deponia,Xbox One,37,NULL,77.5000,2,75.2574,150
5060,Deponia,Nintendo Switch,37,NULL,77.5000,2,75.2574,150
5522,Blackguards,PC (Microsoft Windows),7,NULL,67.4000,5,64.1096,15
5522,Blackguards,Mac,7,NULL,67.4000,5,64.1096,15
10560,Moto Racer,PC (Microsoft Windows),4,NULL,NULL,NULL,80.2170,24
19300,Deponia Doomsday,Linux,16,NULL,NULL,NULL,79.0963,47
19300,Deponia Doomsday,PC (Microsoft Windows),16,NULL,NULL,NULL,79.0963,47
19300,Deponia Doomsday,Mac,16,NULL,NULL,NULL,79.0963,47
19300,Deponia Doomsday,PlayStation 4,16,NULL,NULL,NULL,79.0963,47
19300,Deponia Doomsday,Xbox One,16,NULL,NULL,NULL,79.0963,47
19300,Deponia Doomsday,Nintendo Switch,16,NULL,NULL,NULL,79.0963,47
7256,X-Blades,PC (Microsoft Windows),6,NULL,47.0000,4,50.5045,24
7144,The Inner World,Linux,8,NULL,73.5000,5,72.7865,24
7144,The Inner World,PC (Microsoft Windows),8,NULL,73.5000,5,72.7865,24
7144,The Inner World,Mac,8,NULL,73.5000,5,72.7865,24
7144,The Inner World,Android,8,NULL,73.5000,5,72.7865,24
7144,The Inner World,iOS,8,NULL,73.5000,5,72.7865,24
7144,The Inner World,PlayStation 4,8,NULL,73.5000,5,72.7865,24
7144,The Inner World,Xbox One,8,NULL,73.5000,5,72.7865,24
7144,The Inner World,Nintendo Switch,8,NULL,73.5000,5,72.7865,24
498,Borderlands,PC (Microsoft Windows),248,NULL,80.0000,11,79.9797,808
498,Borderlands,Mac,248,NULL,80.0000,11,79.9797,808
498,Borderlands,Xbox One,248,NULL,80.0000,11,79.9797,808
498,Borderlands,Nintendo Switch,248,NULL,80.0000,11,79.9797,808
7194,Steins;Gate,PC (Microsoft Windows),40,NULL,80.0000,4,96.6251,168
7194,Steins;Gate,Android,40,NULL,80.0000,4,96.6251,168
7194,Steins;Gate,iOS,40,NULL,80.0000,4,96.6251,168
7194,Steins;Gate,PlayStation 4,40,NULL,80.0000,4,96.6251,168
2165,War Thunder,Linux,51,NULL,64.6667,5,74.4270,145
2165,War Thunder,PC (Microsoft Windows),51,NULL,64.6667,5,74.4270,145
2165,War Thunder,Mac,51,NULL,64.6667,5,74.4270,145
2165,War Thunder,PlayStation 4,51,NULL,64.6667,5,74.4270,145
2165,War Thunder,Xbox One,51,NULL,64.6667,5,74.4270,145
2165,War Thunder,PlayStation 5,51,NULL,64.6667,5,74.4270,145
127346,Sons of the Forest,PC (Microsoft Windows),11,19,NULL,NULL,69.9892,12
136993,Gotham Knights,PC (Microsoft Windows),7,34,68.1667,10,67.5591,20
136993,Gotham Knights,PlayStation 4,7,34,68.1667,10,67.5591,20
136993,Gotham Knights,Xbox One,7,34,68.1667,10,67.5591,20
136993,Gotham Knights,PlayStation 5,7,34,68.1667,10,67.5591,20
159119,Dead Space,PC (Microsoft Windows),13,26,90.5714,11,85.6748,49
159119,Dead Space,PlayStation 5,13,26,90.5714,11,85.6748,49
204618,High on Life,PC (Microsoft Windows),15,14,69.0000,6,70.6055,87
204618,High on Life,PlayStation 4,15,14,69.0000,6,70.6055,87
204618,High on Life,Xbox One,15,14,69.0000,6,70.6055,87
204618,High on Life,PlayStation 5,15,14,69.0000,6,70.6055,87
4851,Stacking,Linux,16,NULL,84.0000,10,64.8383,38
4851,Stacking,PC (Microsoft Windows),16,NULL,84.0000,10,64.8383,38
4851,Stacking,Mac,16,NULL,84.0000,10,64.8383,38
2603,Battle Chess,PC (Microsoft Windows),9,NULL,NULL,NULL,71.7884,48
2603,Battle Chess,Mac,9,NULL,NULL,NULL,71.7884,48
912,Tomb Raider,PC (Microsoft Windows),111,NULL,84.6000,2,80.8086,347
102060,Imperator: Rome,Linux,5,5,84.0000,3,60.5755,20
102060,Imperator: Rome,PC (Microsoft Windows),5,5,84.0000,3,60.5755,20
102060,Imperator: Rome,Mac,5,5,84.0000,3,60.5755,20
104,Need for Speed: World,PC (Microsoft Windows),11,NULL,63.0000,4,66.6902,62
112104,Command & Conquer Remastered Collection,PC (Microsoft Windows),7,2,80.0000,3,85.0132,13
19565,Marvel's Spider-Man,PlayStation 4,351,68,89.6875,19,87.1830,1279
39,Mafia,PC (Microsoft Windows),346,NULL,62.6667,4,87.4393,1059
90558,Satisfactory,PC (Microsoft Windows),36,11,NULL,NULL,76.0220,86
218793,Wild Hearts,PC (Microsoft Windows),1,5,81.5000,12,68.9587,6
218793,Wild Hearts,PlayStation 5,1,5,81.5000,12,68.9587,6
6787,Double Dragon,PlayStation 4,29,NULL,39.0000,3,75.3956,144
6787,Double Dragon,Nintendo Switch,29,NULL,39.0000,3,75.3956,144
119342,Chivalry 2,PC (Microsoft Windows),2,2,86.3333,4,82.0509,17
119342,Chivalry 2,PlayStation 4,2,2,86.3333,4,82.0509,17
119342,Chivalry 2,Xbox One,2,2,86.3333,4,82.0509,17
119342,Chivalry 2,PlayStation 5,2,2,86.3333,4,82.0509,17
23733,Tunic,PC (Microsoft Windows),46,68,89.0000,4,85.2408,96
23733,Tunic,Mac,46,68,89.0000,4,85.2408,96
23733,Tunic,PlayStation 4,46,68,89.0000,4,85.2408,96
23733,Tunic,Xbox One,46,68,89.0000,4,85.2408,96
23733,Tunic,Nintendo Switch,46,68,89.0000,4,85.2408,96
23733,Tunic,PlayStation 5,46,68,89.0000,4,85.2408,96
4839,Halo: Spartan Assault,PC (Microsoft Windows),12,NULL,66.0000,10,61.6163,44
4839,Halo: Spartan Assault,iOS,12,NULL,66.0000,10,61.6163,44
4839,Halo: Spartan Assault,Xbox One,12,NULL,66.0000,10,61.6163,44
38780,Pillars of Eternity: Complete Edition,PlayStation 4,9,1,84.2857,8,79.8378,14
38780,Pillars of Eternity: Complete Edition,Xbox One,9,1,84.2857,8,79.8378,14
38780,Pillars of Eternity: Complete Edition,Nintendo Switch,9,1,84.2857,8,79.8378,14
13171,2064: Read Only Memories,Linux,21,NULL,82.5714,8,79.9982,35
13171,2064: Read Only Memories,PC (Microsoft Windows),21,NULL,82.5714,8,79.9982,35
13171,2064: Read Only Memories,Mac,21,NULL,82.5714,8,79.9982,35
13171,2064: Read Only Memories,PlayStation 4,21,NULL,82.5714,8,79.9982,35
13171,2064: Read Only Memories,Xbox One,21,NULL,82.5714,8,79.9982,35
28175,Naruto to Boruto: Shinobi Striker,PC (Microsoft Windows),12,3,NULL,NULL,53.0505,29
28175,Naruto to Boruto: Shinobi Striker,PlayStation 4,12,3,NULL,NULL,53.0505,29
28175,Naruto to Boruto: Shinobi Striker,Xbox One,12,3,NULL,NULL,53.0505,29
17780,Car Mechanic Simulator 2015,PC (Microsoft Windows),4,NULL,NULL,NULL,63.5769,12
17780,Car Mechanic Simulator 2015,Mac,4,NULL,NULL,NULL,63.5769,12
26764,Mario Kart 8 Deluxe,Nintendo Switch,94,7,92.8235,20,84.1351,417
75848,Valkyria Chronicles 4,PC (Microsoft Windows),19,1,84.0909,13,80.1107,21
75848,Valkyria Chronicles 4,PlayStation 4,19,1,84.0909,13,80.1107,21
75848,Valkyria Chronicles 4,Xbox One,19,1,84.0909,13,80.1107,21
75848,Valkyria Chronicles 4,Nintendo Switch,19,1,84.0909,13,80.1107,21
121618,Plants vs. Zombies: Battle for Neighborville,PC (Microsoft Windows),14,1,70.7500,10,69.8977,18
121618,Plants vs. Zombies: Battle for Neighborville,PlayStation 4,14,1,70.7500,10,69.8977,18
121618,Plants vs. Zombies: Battle for Neighborville,Xbox One,14,1,70.7500,10,69.8977,18
121618,Plants vs. Zombies: Battle for Neighborville,Nintendo Switch,14,1,70.7500,10,69.8977,18
26401,Star Wars Battlefront II,PC (Microsoft Windows),195,51,71.8235,23,69.7685,412
26401,Star Wars Battlefront II,PlayStation 4,195,51,71.8235,23,69.7685,412
26401,Star Wars Battlefront II,Xbox One,195,51,71.8235,23,69.7685,412
12527,Yakuza 6: The Song of Life,PC (Microsoft Windows),40,9,82.4444,20,85.1582,42
12527,Yakuza 6: The Song of Life,PlayStation 4,40,9,82.4444,20,85.1582,42
12527,Yakuza 6: The Song of Life,Xbox One,40,9,82.4444,20,85.1582,42
2108,Sanctum 2,PC (Microsoft Windows),23,NULL,80.0000,3,74.8860,38
3951,I-Ninja,PC (Microsoft Windows),2,NULL,78.3333,4,68.1753,13
9509,Call of Duty: Black Ops III,PC (Microsoft Windows),161,7,76.7778,20,66.4411,454
9509,Call of Duty: Black Ops III,Mac,161,7,76.7778,20,66.4411,454
9509,Call of Duty: Black Ops III,PlayStation 4,161,7,76.7778,20,66.4411,454
9509,Call of Duty: Black Ops III,Xbox One,161,7,76.7778,20,66.4411,454
3070,Euro Truck Simulator 2,Linux,132,1,87.5000,2,79.8727,262
3070,Euro Truck Simulator 2,PC (Microsoft Windows),132,1,87.5000,2,79.8727,262
3070,Euro Truck Simulator 2,Mac,132,1,87.5000,2,79.8727,262
27771,Moonlighter,Linux,44,6,81.9286,14,69.9174,101
27771,Moonlighter,PC (Microsoft Windows),44,6,81.9286,14,69.9174,101
27771,Moonlighter,Mac,44,6,81.9286,14,69.9174,101
27771,Moonlighter,Android,44,6,81.9286,14,69.9174,101
27771,Moonlighter,iOS,44,6,81.9286,14,69.9174,101
27771,Moonlighter,PlayStation 4,44,6,81.9286,14,69.9174,101
27771,Moonlighter,Xbox One,44,6,81.9286,14,69.9174,101
27771,Moonlighter,Nintendo Switch,44,6,81.9286,14,69.9174,101
11790,The Last of Us: Left Behind,PlayStation 4,85,NULL,87.3333,10,83.4998,275
26761,Splatoon 2,Nintendo Switch,77,14,82.4706,20,82.4640,152
103020,Fallout 76,PC (Microsoft Windows),191,60,51.3571,18,57.5428,171
103020,Fallout 76,PlayStation 4,191,60,51.3571,18,57.5428,171
103020,Fallout 76,Xbox One,191,60,51.3571,18,57.5428,171
5574,7 Days to Die,Linux,35,NULL,36.1250,9,72.9018,115
5574,7 Days to Die,PC (Microsoft Windows),35,NULL,36.1250,9,72.9018,115
5574,7 Days to Die,Mac,35,NULL,36.1250,9,72.9018,115
5574,7 Days to Die,PlayStation 4,35,NULL,36.1250,9,72.9018,115
5574,7 Days to Die,Xbox One,35,NULL,36.1250,9,72.9018,115
18088,Insurgency: Sandstorm,PC (Microsoft Windows),52,12,77.3333,7,74.5845,25
18088,Insurgency: Sandstorm,PlayStation 4,52,12,77.3333,7,74.5845,25
18088,Insurgency: Sandstorm,Xbox One,52,12,77.3333,7,74.5845,25
37030,Dishonored: Death of the Outsider,PC (Microsoft Windows),68,5,81.9091,14,81.1381,150
37030,Dishonored: Death of the Outsider,PlayStation 4,68,5,81.9091,14,81.1381,150
37030,Dishonored: Death of the Outsider,Xbox One,68,5,81.9091,14,81.1381,150
228258,Amnesia: The Bunker,PC (Microsoft Windows),NULL,2,84.5000,7,79.9738,19
228258,Amnesia: The Bunker,PlayStation 4,NULL,2,84.5000,7,79.9738,19
228258,Amnesia: The Bunker,Xbox One,NULL,2,84.5000,7,79.9738,19
7385,Ninja Gaiden Sigma 2,PC (Microsoft Windows),14,NULL,80.0000,6,80.9971,27
7385,Ninja Gaiden Sigma 2,PlayStation 4,14,NULL,80.0000,6,80.9971,27
7385,Ninja Gaiden Sigma 2,Xbox One,14,NULL,80.0000,6,80.9971,27
7385,Ninja Gaiden Sigma 2,Nintendo Switch,14,NULL,80.0000,6,80.9971,27
3112,Soldier of Fortune II: Double Helix,PC (Microsoft Windows),13,NULL,68.0000,4,70.5194,54
3112,Soldier of Fortune II: Double Helix,Mac,13,NULL,68.0000,4,70.5194,54
17112,Creativerse,PC (Microsoft Windows),6,NULL,80.0000,1,72.6446,15
17112,Creativerse,Mac,6,NULL,80.0000,1,72.6446,15
3202,Dungeon Defenders II,Linux,4,2,NULL,NULL,65.8071,22
3202,Dungeon Defenders II,PC (Microsoft Windows),4,2,NULL,NULL,65.8071,22
3202,Dungeon Defenders II,Mac,4,2,NULL,NULL,65.8071,22
3202,Dungeon Defenders II,PlayStation 4,4,2,NULL,NULL,65.8071,22
3202,Dungeon Defenders II,Xbox One,4,2,NULL,NULL,65.8071,22
198499,Chants of Sennaar,PC (Microsoft Windows),NULL,1,80.0000,3,94.9803,11
198499,Chants of Sennaar,PlayStation 4,NULL,1,80.0000,3,94.9803,11
198499,Chants of Sennaar,Xbox One,NULL,1,80.0000,3,94.9803,11
198499,Chants of Sennaar,Nintendo Switch,NULL,1,80.0000,3,94.9803,11
113111,Far Cry New Dawn,PC (Microsoft Windows),25,12,72.3636,14,67.0563,163
113111,Far Cry New Dawn,PlayStation 4,25,12,72.3636,14,67.0563,163
113111,Far Cry New Dawn,Xbox One,25,12,72.3636,14,67.0563,163
14902,Assassin's Creed Chronicles: India,PC (Microsoft Windows),46,1,60.2222,9,68.6403,56
14902,Assassin's Creed Chronicles: India,PlayStation 4,46,1,60.2222,9,68.6403,56
14902,Assassin's Creed Chronicles: India,Xbox One,46,1,60.2222,9,68.6403,56
37145,Valfaris,PC (Microsoft Windows),2,5,85.0000,4,79.8396,20
37145,Valfaris,PlayStation 4,2,5,85.0000,4,79.8396,20
37145,Valfaris,Xbox One,2,5,85.0000,4,79.8396,20
37145,Valfaris,Nintendo Switch,2,5,85.0000,4,79.8396,20
125021,The Jackbox Party Pack 6,Linux,NULL,NULL,80.0000,3,83.1802,12
125021,The Jackbox Party Pack 6,PC (Microsoft Windows),NULL,NULL,80.0000,3,83.1802,12
125021,The Jackbox Party Pack 6,Mac,NULL,NULL,80.0000,3,83.1802,12
125021,The Jackbox Party Pack 6,Android,NULL,NULL,80.0000,3,83.1802,12
125021,The Jackbox Party Pack 6,iOS,NULL,NULL,80.0000,3,83.1802,12
125021,The Jackbox Party Pack 6,PlayStation 4,NULL,NULL,80.0000,3,83.1802,12
125021,The Jackbox Party Pack 6,Xbox One,NULL,NULL,80.0000,3,83.1802,12
125021,The Jackbox Party Pack 6,Nintendo Switch,NULL,NULL,80.0000,3,83.1802,12
5503,Batman: Arkham Knight,PC (Microsoft Windows),444,84,91.8125,21,85.1711,1138
5503,Batman: Arkham Knight,PlayStation 4,444,84,91.8125,21,85.1711,1138
5503,Batman: Arkham Knight,Xbox One,444,84,91.8125,21,85.1711,1138
5503,Batman: Arkham Knight,Nintendo Switch,444,84,91.8125,21,85.1711,1138
96476,Horizon Chase Turbo,Linux,17,NULL,85.0000,5,80.5250,54
96476,Horizon Chase Turbo,PC (Microsoft Windows),17,NULL,85.0000,5,80.5250,54
96476,Horizon Chase Turbo,Mac,17,NULL,85.0000,5,80.5250,54
96476,Horizon Chase Turbo,PlayStation 4,17,NULL,85.0000,5,80.5250,54
96476,Horizon Chase Turbo,Xbox One,17,NULL,85.0000,5,80.5250,54
96476,Horizon Chase Turbo,Nintendo Switch,17,NULL,85.0000,5,80.5250,54
107203,Windjammers 2,PC (Microsoft Windows),3,3,77.5714,8,54.9422,16
107203,Windjammers 2,PlayStation 4,3,3,77.5714,8,54.9422,16
107203,Windjammers 2,Xbox One,3,3,77.5714,8,54.9422,16
107203,Windjammers 2,Nintendo Switch,3,3,77.5714,8,54.9422,16
2114,Tom Clancy's The Division,PC (Microsoft Windows),393,163,79.8182,29,73.6427,325
2114,Tom Clancy's The Division,PlayStation 4,393,163,79.8182,29,73.6427,325
2114,Tom Clancy's The Division,Xbox One,393,163,79.8182,29,73.6427,325
114415,SteamWorld Quest: Hand of Gilgamech,Linux,7,3,79.8333,7,80.8516,30
114415,SteamWorld Quest: Hand of Gilgamech,PC (Microsoft Windows),7,3,79.8333,7,80.8516,30
114415,SteamWorld Quest: Hand of Gilgamech,Mac,7,3,79.8333,7,80.8516,30
114415,SteamWorld Quest: Hand of Gilgamech,Nintendo Switch,7,3,79.8333,7,80.8516,30
3195,Assassin's Creed III: Liberation,PC (Microsoft Windows),52,NULL,69.1667,8,60.1525,142
103054,Assassin's Creed Odyssey,PC (Microsoft Windows),162,43,88.3571,17,81.4285,654
103054,Assassin's Creed Odyssey,PlayStation 4,162,43,88.3571,17,81.4285,654
103054,Assassin's Creed Odyssey,Xbox One,162,43,88.3571,17,81.4285,654
103054,Assassin's Creed Odyssey,PlayStation 5,162,43,88.3571,17,81.4285,654
89354,Supraland,PC (Microsoft Windows),4,NULL,80.0000,3,88.1375,42
89354,Supraland,PlayStation 4,4,NULL,80.0000,3,88.1375,42
89354,Supraland,Xbox One,4,NULL,80.0000,3,88.1375,42
89354,Supraland,Nintendo Switch,4,NULL,80.0000,3,88.1375,42
117717,Planet Zoo,PC (Microsoft Windows),34,12,77.4444,11,78.2292,37
2468,Prince of Persia: The Forgotten Sands,Linux,55,NULL,80.8000,6,68.0806,203
2468,Prince of Persia: The Forgotten Sands,PC (Microsoft Windows),55,NULL,80.8000,6,68.0806,203
1851,Tom Clancy's Rainbow Six: Lockdown,PC (Microsoft Windows),10,NULL,67.3333,4,71.4825,26
109234,Marvel's Spider-Man: The City That Never Sleeps,PC (Microsoft Windows),2,NULL,80.0000,1,79.8921,11
109234,Marvel's Spider-Man: The City That Never Sleeps,PlayStation 4,2,NULL,80.0000,1,79.8921,11
109234,Marvel's Spider-Man: The City That Never Sleeps,PlayStation 5,2,NULL,80.0000,1,79.8921,11
122766,Pilgrims,Linux,NULL,NULL,NULL,NULL,75.0182,32
122766,Pilgrims,PC (Microsoft Windows),NULL,NULL,NULL,NULL,75.0182,32
122766,Pilgrims,Mac,NULL,NULL,NULL,NULL,75.0182,32
122766,Pilgrims,iOS,NULL,NULL,NULL,NULL,75.0182,32
122766,Pilgrims,Nintendo Switch,NULL,NULL,NULL,NULL,75.0182,32
7587,Crimsonland,Linux,15,NULL,60.7500,9,72.7037,33
7587,Crimsonland,PC (Microsoft Windows),15,NULL,60.7500,9,72.7037,33
7587,Crimsonland,Mac,15,NULL,60.7500,9,72.7037,33
7587,Crimsonland,Android,15,NULL,60.7500,9,72.7037,33
7587,Crimsonland,PlayStation 4,15,NULL,60.7500,9,72.7037,33
7587,Crimsonland,Xbox One,15,NULL,60.7500,9,72.7037,33
7587,Crimsonland,Nintendo Switch,15,NULL,60.7500,9,72.7037,33
7587,Crimsonland,PlayStation 5,15,NULL,60.7500,9,72.7037,33
4786,The Evil Within,PC (Microsoft Windows),114,8,75.1176,21,74.8947,317
4786,The Evil Within,PlayStation 4,114,8,75.1176,21,74.8947,317
4786,The Evil Within,Xbox One,114,8,75.1176,21,74.8947,317
2667,FlatOut,Linux,35,NULL,80.0000,2,74.7169,140
2667,FlatOut,PC (Microsoft Windows),35,NULL,80.0000,2,74.7169,140
19839,BioShock: The Collection,PC (Microsoft Windows),71,8,84.2143,14,86.9921,62
19839,BioShock: The Collection,PlayStation 4,71,8,84.2143,14,86.9921,62
19839,BioShock: The Collection,Xbox One,71,8,84.2143,14,86.9921,62
19839,BioShock: The Collection,Nintendo Switch,71,8,84.2143,14,86.9921,62
2668,FlatOut 2,Linux,44,NULL,82.5000,5,81.9764,207
2668,FlatOut 2,PC (Microsoft Windows),44,NULL,82.5000,5,81.9764,207
2668,FlatOut 2,Mac,44,NULL,82.5000,5,81.9764,207
2668,FlatOut 2,Xbox One,44,NULL,82.5000,5,81.9764,207
5045,King's Bounty: Crossworlds,Linux,3,NULL,74.0000,2,64.3869,21
5045,King's Bounty: Crossworlds,PC (Microsoft Windows),3,NULL,74.0000,2,64.3869,21
88461,"Warhammer 40,000: Mechanicus",Linux,6,1,76.5000,5,80.0608,11
88461,"Warhammer 40,000: Mechanicus",PC (Microsoft Windows),6,1,76.5000,5,80.0608,11
88461,"Warhammer 40,000: Mechanicus",Mac,6,1,76.5000,5,80.0608,11
88461,"Warhammer 40,000: Mechanicus",iOS,6,1,76.5000,5,80.0608,11
88461,"Warhammer 40,000: Mechanicus",PlayStation 4,6,1,76.5000,5,80.0608,11
88461,"Warhammer 40,000: Mechanicus",Xbox One,6,1,76.5000,5,80.0608,11
88461,"Warhammer 40,000: Mechanicus",Nintendo Switch,6,1,76.5000,5,80.0608,11
194210,Ghostwire: Tokyo - Prelude: The Corrupted Casefile,PC (Microsoft Windows),NULL,NULL,NULL,NULL,34.0816,36
194210,Ghostwire: Tokyo - Prelude: The Corrupted Casefile,PlayStation 4,NULL,NULL,NULL,NULL,34.0816,36
194210,Ghostwire: Tokyo - Prelude: The Corrupted Casefile,PlayStation 5,NULL,NULL,NULL,NULL,34.0816,36
17224,Deponia: The Complete Journey,Linux,10,NULL,NULL,NULL,82.3301,33
17224,Deponia: The Complete Journey,PC (Microsoft Windows),10,NULL,NULL,NULL,82.3301,33
17224,Deponia: The Complete Journey,Mac,10,NULL,NULL,NULL,82.3301,33
3191,Trials Fusion,PC (Microsoft Windows),31,3,79.3636,11,76.6150,92
3191,Trials Fusion,PlayStation 4,31,3,79.3636,11,76.6150,92
3191,Trials Fusion,Xbox One,31,3,79.3636,11,76.6150,92
20909,The First Tree,Linux,9,2,NULL,NULL,67.9609,48
20909,The First Tree,PC (Microsoft Windows),9,2,NULL,NULL,67.9609,48
20909,The First Tree,Mac,9,2,NULL,NULL,67.9609,48
20909,The First Tree,PlayStation 4,9,2,NULL,NULL,67.9609,48
20909,The First Tree,Xbox One,9,2,NULL,NULL,67.9609,48
20909,The First Tree,Nintendo Switch,9,2,NULL,NULL,67.9609,48
91477,Before Your Eyes,PC (Microsoft Windows),1,NULL,86.3333,6,85.7350,37
91477,Before Your Eyes,Mac,1,NULL,86.3333,6,85.7350,37
91477,Before Your Eyes,Android,1,NULL,86.3333,6,85.7350,37
91477,Before Your Eyes,iOS,1,NULL,86.3333,6,85.7350,37
8925,Sunless Sea,Linux,35,1,85.0000,4,69.0649,65
8925,Sunless Sea,PC (Microsoft Windows),35,1,85.0000,4,69.0649,65
8925,Sunless Sea,Mac,35,1,85.0000,4,69.0649,65
8925,Sunless Sea,iOS,35,1,85.0000,4,69.0649,65
7709,Salt and Sanctuary,Linux,52,2,85.2000,11,81.4472,85
7709,Salt and Sanctuary,PC (Microsoft Windows),52,2,85.2000,11,81.4472,85
7709,Salt and Sanctuary,Mac,52,2,85.2000,11,81.4472,85
7709,Salt and Sanctuary,PlayStation 4,52,2,85.2000,11,81.4472,85
7709,Salt and Sanctuary,Xbox One,52,2,85.2000,11,81.4472,85
7709,Salt and Sanctuary,Nintendo Switch,52,2,85.2000,11,81.4472,85
14159,Kingdom Hearts HD 2.8 Final Chapter Prologue,PC (Microsoft Windows),39,11,77.7778,19,72.1277,33
14159,Kingdom Hearts HD 2.8 Final Chapter Prologue,PlayStation 4,39,11,77.7778,19,72.1277,33
14159,Kingdom Hearts HD 2.8 Final Chapter Prologue,Xbox One,39,11,77.7778,19,72.1277,33
54574,Orwell: Ignorance is Strength,Linux,8,1,80.0000,3,75.9035,27
54574,Orwell: Ignorance is Strength,PC (Microsoft Windows),8,1,80.0000,3,75.9035,27
54574,Orwell: Ignorance is Strength,Mac,8,1,80.0000,3,75.9035,27
26765,Octopath Traveler,PC (Microsoft Windows),44,14,85.4444,11,79.9600,113
26765,Octopath Traveler,Xbox One,44,14,85.4444,11,79.9600,113
26765,Octopath Traveler,Nintendo Switch,44,14,85.4444,11,79.9600,113
138871,The Life and Suffering of Sir Brante,PC (Microsoft Windows),2,NULL,85.0000,1,79.8361,16
138871,The Life and Suffering of Sir Brante,PlayStation 4,2,NULL,85.0000,1,79.8361,16
138871,The Life and Suffering of Sir Brante,Xbox One,2,NULL,85.0000,1,79.8361,16
86477,The Surge 2,PC (Microsoft Windows),55,15,74.0000,14,72.7177,34
86477,The Surge 2,PlayStation 4,55,15,74.0000,14,72.7177,34
86477,The Surge 2,Xbox One,55,15,74.0000,14,72.7177,34
84,Baldur's Gate: Dark Alliance II,Linux,14,NULL,76.0000,3,77.3196,38
84,Baldur's Gate: Dark Alliance II,PC (Microsoft Windows),14,NULL,76.0000,3,77.3196,38
84,Baldur's Gate: Dark Alliance II,Mac,14,NULL,76.0000,3,77.3196,38
5,Baldur's Gate,Linux,119,NULL,NULL,NULL,86.0028,289
5,Baldur's Gate,PC (Microsoft Windows),119,NULL,NULL,NULL,86.0028,289
5,Baldur's Gate,Mac,119,NULL,NULL,NULL,86.0028,289
5,Baldur's Gate,iOS,119,NULL,NULL,NULL,86.0028,289
6,Baldur's Gate II: Shadows of Amn,Linux,156,NULL,90.0000,1,88.1680,413
6,Baldur's Gate II: Shadows of Amn,PC (Microsoft Windows),156,NULL,90.0000,1,88.1680,413
6,Baldur's Gate II: Shadows of Amn,Mac,156,NULL,90.0000,1,88.1680,413
7261,Desperados 2: Cooper's Revenge,PC (Microsoft Windows),5,NULL,70.0000,1,65.4985,16
19959,God of War III: Remastered,PlayStation 4,33,NULL,79.4444,10,87.5028,109
902,Sid Meier's Civilization,PC (Microsoft Windows),45,NULL,NULL,NULL,92.3383,156
902,Sid Meier's Civilization,Mac,45,NULL,NULL,NULL,92.3383,156
293,Sid Meier's Civilization IV,PC (Microsoft Windows),89,NULL,95.0000,3,86.1482,246
293,Sid Meier's Civilization IV,Mac,89,NULL,95.0000,3,86.1482,246
6038,Sid Meier's Civilization: Beyond Earth,Linux,36,8,82.4545,13,70.6697,92
6038,Sid Meier's Civilization: Beyond Earth,PC (Microsoft Windows),36,8,82.4545,13,70.6697,92
6038,Sid Meier's Civilization: Beyond Earth,Mac,36,8,82.4545,13,70.6697,92
2152,Sid Meier's Civilization Revolution,iOS,4,NULL,80.6250,10,70.0624,29
289,Age of Empires,PC (Microsoft Windows),247,NULL,NULL,NULL,83.5325,576
289,Age of Empires,Mac,247,NULL,NULL,NULL,83.5325,576
129797,Age of Empires II: Gold Edition,PC (Microsoft Windows),NULL,NULL,NULL,NULL,88.7507,14
129797,Age of Empires II: Gold Edition,Mac,NULL,NULL,NULL,NULL,88.7507,14
37059,Age of Empires: Definitive Edition,PC (Microsoft Windows),41,8,70.0000,5,83.8876,46
5571,Age of Empires Online,PC (Microsoft Windows),7,NULL,68.7500,6,77.6563,19
819,Grand Theft Auto 2,PC (Microsoft Windows),151,NULL,70.0000,1,79.2665,464
3265,Grand Theft Auto IV: The Lost and Damned,PC (Microsoft Windows),78,NULL,85.6667,4,79.8106,194
26116,Batman: Arkham City - Catwoman Bundle,PC (Microsoft Windows),2,NULL,NULL,NULL,84.0981,12
134710,Grand Theft Auto Online,PlayStation 5,13,6,94.0000,1,63.4777,22
7003,Grand Theft Auto: Episodes from Liberty City,PC (Microsoft Windows),47,NULL,83.7500,9,80.1991,113
27912,Grand Theft Auto IV: Complete Edition,PC (Microsoft Windows),5,NULL,NULL,NULL,87.9992,54
122108,Resident Evil Resistance,PC (Microsoft Windows),4,1,50.0000,1,49.9035,14
122108,Resident Evil Resistance,PlayStation 4,4,1,50.0000,1,49.9035,14
122108,Resident Evil Resistance,Xbox One,4,1,50.0000,1,49.9035,14
977,Resident Evil: Operation Raccoon City,PC (Microsoft Windows),14,NULL,44.3333,10,52.7357,69
977,Resident Evil: Operation Raccoon City,Xbox One,14,NULL,44.3333,10,52.7357,69
424,Resident Evil,PC (Microsoft Windows),101,NULL,79.0000,3,77.4826,347
41858,Resident Evil 6 Remastered,PlayStation 4,3,NULL,70.0000,1,71.2225,16
41858,Resident Evil 6 Remastered,Xbox One,3,NULL,70.0000,1,71.2225,16
41858,Resident Evil 6 Remastered,Nintendo Switch,3,NULL,70.0000,1,71.2225,16
3479,Earthworm Jim 3D,PC (Microsoft Windows),4,NULL,NULL,NULL,53.2532,11
24369,Resident Evil Code: Veronica X,PlayStation 4,31,NULL,NULL,NULL,73.3738,102
15167,SteamWorld Heist,Linux,32,NULL,87.5833,15,83.9004,82
15167,SteamWorld Heist,PC (Microsoft Windows),32,NULL,87.5833,15,83.9004,82
15167,SteamWorld Heist,Mac,32,NULL,87.5833,15,83.9004,82
15167,SteamWorld Heist,iOS,32,NULL,87.5833,15,83.9004,82
15167,SteamWorld Heist,PlayStation 4,32,NULL,87.5833,15,83.9004,82
15167,SteamWorld Heist,Xbox One,32,NULL,87.5833,15,83.9004,82
15167,SteamWorld Heist,Nintendo Switch,32,NULL,87.5833,15,83.9004,82
8768,Drakensang: The Dark Eye,PC (Microsoft Windows),11,NULL,70.0000,4,73.0070,28
4123,KKnD2: Krossfire,PC (Microsoft Windows),3,NULL,NULL,NULL,73.5652,13
2012,Darkest Hour: A Hearts of Iron Game,Linux,2,NULL,NULL,NULL,85.4666,11
2012,Darkest Hour: A Hearts of Iron Game,PC (Microsoft Windows),2,NULL,NULL,NULL,85.4666,11
1982,Omikron: The Nomad Soul,PC (Microsoft Windows),12,NULL,70.0000,1,77.5698,24
3149,LEGO Harry Potter: Years 1-4,Linux,45,NULL,80.6667,10,75.6310,159
3149,LEGO Harry Potter: Years 1-4,PC (Microsoft Windows),45,NULL,80.6667,10,75.6310,159
3149,LEGO Harry Potter: Years 1-4,Mac,45,NULL,80.6667,10,75.6310,159
3149,LEGO Harry Potter: Years 1-4,Android,45,NULL,80.6667,10,75.6310,159
3149,LEGO Harry Potter: Years 1-4,iOS,45,NULL,80.6667,10,75.6310,159
9043,The Blackwell Legacy,Linux,12,NULL,70.0000,3,80.9543,56
9043,The Blackwell Legacy,PC (Microsoft Windows),12,NULL,70.0000,3,80.9543,56
9043,The Blackwell Legacy,Mac,12,NULL,70.0000,3,80.9543,56
9043,The Blackwell Legacy,Android,12,NULL,70.0000,3,80.9543,56
8074,Pathologic,PC (Microsoft Windows),4,NULL,60.0000,1,84.4833,28
9227,Thief Gold,PC (Microsoft Windows),11,NULL,90.0000,1,80.7473,47
2129,Mark of the Ninja,Linux,95,NULL,91.4286,7,84.2887,272
2129,Mark of the Ninja,PC (Microsoft Windows),95,NULL,91.4286,7,84.2887,272
2129,Mark of the Ninja,Mac,95,NULL,91.4286,7,84.2887,272
847,Resident Evil 5,PC (Microsoft Windows),144,NULL,78.4000,18,74.2290,603
23212,Aven Colony,PC (Microsoft Windows),21,3,72.7143,8,61.9591,26
23212,Aven Colony,PlayStation 4,21,3,72.7143,8,61.9591,26
23212,Aven Colony,Xbox One,21,3,72.7143,8,61.9591,26
7719,Eador: Masters of the Broken World,PC (Microsoft Windows),2,NULL,NULL,NULL,47.4891,11
24347,Resident Evil 5: Gold Edition,PC (Microsoft Windows),4,NULL,NULL,NULL,74.5517,24
51821,Heroes of Might and Magic II: Gold,PC (Microsoft Windows),NULL,NULL,NULL,NULL,84.8454,14
895,The Longest Journey,PC (Microsoft Windows),62,NULL,90.0000,1,84.0556,167
895,The Longest Journey,iOS,62,NULL,90.0000,1,84.0556,167
14685,Thea: The Awakening,PC (Microsoft Windows),5,NULL,76.7500,4,84.5681,12
14685,Thea: The Awakening,PlayStation 4,5,NULL,76.7500,4,84.5681,12
14685,Thea: The Awakening,Xbox One,5,NULL,76.7500,4,84.5681,12
14685,Thea: The Awakening,Nintendo Switch,5,NULL,76.7500,4,84.5681,12
8902,Hyperdimension Neptunia Re;Birth1,PC (Microsoft Windows),12,NULL,75.0000,4,69.3047,26
13,Fallout,PC (Microsoft Windows),207,NULL,NULL,NULL,85.8974,511
13,Fallout,Mac,207,NULL,NULL,NULL,85.8974,511
17,Fallout Tactics: Brotherhood of Steel,PC (Microsoft Windows),23,NULL,NULL,NULL,70.2303,79
17,Fallout Tactics: Brotherhood of Steel,Mac,23,NULL,NULL,NULL,70.2303,79
18398,Tyranny,Linux,57,7,81.2000,14,82.1032,95
18398,Tyranny,PC (Microsoft Windows),57,7,81.2000,14,82.1032,95
18398,Tyranny,Mac,57,7,81.2000,14,82.1032,95
26651,Kingdoms and Castles,Linux,18,3,67.0000,2,70.0032,18
26651,Kingdoms and Castles,PC (Microsoft Windows),18,3,67.0000,2,70.0032,18
26651,Kingdoms and Castles,Mac,18,3,67.0000,2,70.0032,18
1,Thief II: The Metal Age,PC (Microsoft Windows),51,NULL,90.0000,1,86.5457,122
8880,Wacky Wheels,PC (Microsoft Windows),7,NULL,NULL,NULL,65.5515,19
8880,Wacky Wheels,Mac,7,NULL,NULL,NULL,65.5515,19
5552,Oddworld: New 'n' Tasty,Linux,39,3,75.8333,13,80.0076,58
5552,Oddworld: New 'n' Tasty,PC (Microsoft Windows),39,3,75.8333,13,80.0076,58
5552,Oddworld: New 'n' Tasty,Mac,39,3,75.8333,13,80.0076,58
5552,Oddworld: New 'n' Tasty,Android,39,3,75.8333,13,80.0076,58
5552,Oddworld: New 'n' Tasty,iOS,39,3,75.8333,13,80.0076,58
5552,Oddworld: New 'n' Tasty,PlayStation 4,39,3,75.8333,13,80.0076,58
5552,Oddworld: New 'n' Tasty,Xbox One,39,3,75.8333,13,80.0076,58
5552,Oddworld: New 'n' Tasty,Nintendo Switch,39,3,75.8333,13,80.0076,58
24427,Sunless Skies,Linux,9,2,83.5000,7,85.7536,12
24427,Sunless Skies,PC (Microsoft Windows),9,2,83.5000,7,85.7536,12
24427,Sunless Skies,Mac,9,2,83.5000,7,85.7536,12
21599,Virginia,PC (Microsoft Windows),42,5,68.1765,20,67.6762,81
21599,Virginia,Mac,42,5,68.1765,20,67.6762,81
21599,Virginia,PlayStation 4,42,5,68.1765,20,67.6762,81
21599,Virginia,Xbox One,42,5,68.1765,20,67.6762,81
3732,Pajama Sam 3: You are What You Eat from Your Head to Your Feet,PC (Microsoft Windows),1,NULL,NULL,NULL,74.1123,12
3732,Pajama Sam 3: You are What You Eat from Your Head to Your Feet,Mac,1,NULL,NULL,NULL,74.1123,12
3732,Pajama Sam 3: You are What You Eat from Your Head to Your Feet,iOS,1,NULL,NULL,NULL,74.1123,12
2381,Rise of the Triad,PC (Microsoft Windows),7,NULL,66.5000,5,77.4445,24
14801,RollerCoaster Tycoon 3: Platinum,PC (Microsoft Windows),4,NULL,NULL,NULL,78.7189,14
14801,RollerCoaster Tycoon 3: Platinum,Mac,4,NULL,NULL,NULL,78.7189,14
8879,Super Time Force Ultra,PC (Microsoft Windows),10,1,NULL,NULL,84.2362,28
8879,Super Time Force Ultra,PlayStation 4,10,1,NULL,NULL,84.2362,28
8879,Super Time Force Ultra,Xbox One,10,1,NULL,NULL,84.2362,28
12510,Renowned Explorers: International Society,Linux,3,NULL,80.0000,3,79.5652,17
12510,Renowned Explorers: International Society,PC (Microsoft Windows),3,NULL,80.0000,3,79.5652,17
12510,Renowned Explorers: International Society,Mac,3,NULL,80.0000,3,79.5652,17
571,Singularity,Linux,66,NULL,79.8000,8,76.2191,201
571,Singularity,PC (Microsoft Windows),66,NULL,79.8000,8,76.2191,201
7169,1954 Alcatraz,PC (Microsoft Windows),4,NULL,60.0000,2,78.8911,16
8874,Hatoful Boyfriend,Linux,12,NULL,75.0000,8,65.6335,40
8874,Hatoful Boyfriend,PC (Microsoft Windows),12,NULL,75.0000,8,65.6335,40
8874,Hatoful Boyfriend,Mac,12,NULL,75.0000,8,65.6335,40
8874,Hatoful Boyfriend,Android,12,NULL,75.0000,8,65.6335,40
8874,Hatoful Boyfriend,iOS,12,NULL,75.0000,8,65.6335,40
8874,Hatoful Boyfriend,PlayStation 4,12,NULL,75.0000,8,65.6335,40
27820,Sid Meier's Civilization III: Complete,PC (Microsoft Windows),6,NULL,NULL,NULL,91.2541,18
11719,Rebel Galaxy,PC (Microsoft Windows),17,NULL,72.1429,8,79.1311,25
11719,Rebel Galaxy,Mac,17,NULL,72.1429,8,79.1311,25
11719,Rebel Galaxy,PlayStation 4,17,NULL,72.1429,8,79.1311,25
11719,Rebel Galaxy,Xbox One,17,NULL,72.1429,8,79.1311,25
9002,Redneck Rampage,PC (Microsoft Windows),3,NULL,NULL,NULL,66.5022,19
9002,Redneck Rampage,Mac,3,NULL,NULL,NULL,66.5022,19
51800,Trine Enchanted Edition,Linux,7,NULL,92.0000,1,81.2545,43
51800,Trine Enchanted Edition,PC (Microsoft Windows),7,NULL,92.0000,1,81.2545,43
51800,Trine Enchanted Edition,Mac,7,NULL,92.0000,1,81.2545,43
51800,Trine Enchanted Edition,PlayStation 4,7,NULL,92.0000,1,81.2545,43
51800,Trine Enchanted Edition,Xbox One,7,NULL,92.0000,1,81.2545,43
51800,Trine Enchanted Edition,Nintendo Switch,7,NULL,92.0000,1,81.2545,43
3,Thief: Deadly Shadows,PC (Microsoft Windows),45,NULL,83.0000,3,82.0039,113
238,Riven: The Sequel to Myst,PC (Microsoft Windows),17,NULL,NULL,NULL,83.2714,63
238,Riven: The Sequel to Myst,Mac,17,NULL,NULL,NULL,83.2714,63
238,Riven: The Sequel to Myst,iOS,17,NULL,NULL,NULL,83.2714,63
1250,Gabriel Knight: Sins of the Fathers,PC (Microsoft Windows),26,NULL,NULL,NULL,87.1751,47
1250,Gabriel Knight: Sins of the Fathers,Mac,26,NULL,NULL,NULL,87.1751,47
34705,Iconoclasts,Linux,24,4,85.1250,13,75.6876,78
34705,Iconoclasts,PC (Microsoft Windows),24,4,85.1250,13,75.6876,78
34705,Iconoclasts,Mac,24,4,85.1250,13,75.6876,78
34705,Iconoclasts,PlayStation 4,24,4,85.1250,13,75.6876,78
34705,Iconoclasts,Xbox One,24,4,85.1250,13,75.6876,78
34705,Iconoclasts,Nintendo Switch,24,4,85.1250,13,75.6876,78
24223,Resident Evil 4: Ultimate HD Edition,PC (Microsoft Windows),4,NULL,80.0000,0,93.7482,23
6217,Tron 2.0,PC (Microsoft Windows),14,NULL,74.4000,5,77.6832,32
6217,Tron 2.0,Mac,14,NULL,74.4000,5,77.6832,32
2900,Harvester,Linux,7,1,NULL,NULL,80.7323,17
2900,Harvester,PC (Microsoft Windows),7,1,NULL,NULL,80.7323,17
2900,Harvester,Mac,7,1,NULL,NULL,80.7323,17
1605,Prisoner of Ice,Linux,2,NULL,NULL,NULL,72.5189,13
1605,Prisoner of Ice,PC (Microsoft Windows),2,NULL,NULL,NULL,72.5189,13
1605,Prisoner of Ice,Mac,2,NULL,NULL,NULL,72.5189,13
11577,Satellite Reign,Linux,14,NULL,81.6667,4,81.9168,14
11577,Satellite Reign,PC (Microsoft Windows),14,NULL,81.6667,4,81.9168,14
11577,Satellite Reign,Mac,14,NULL,81.6667,4,81.9168,14
8787,Sid Meier's Colonization,Linux,18,NULL,NULL,NULL,84.6659,45
8787,Sid Meier's Colonization,PC (Microsoft Windows),18,NULL,NULL,NULL,84.6659,45
8787,Sid Meier's Colonization,Mac,18,NULL,NULL,NULL,84.6659,45
8787,Sid Meier's Colonization,iOS,18,NULL,NULL,NULL,84.6659,45
3823,Blood Omen 2: Legacy of Kain,PC (Microsoft Windows),20,NULL,NULL,NULL,73.8854,33
27519,Rogue Trooper: Redux,PC (Microsoft Windows),5,NULL,59.7500,11,70.0276,5
27519,Rogue Trooper: Redux,PlayStation 4,5,NULL,59.7500,11,70.0276,5
27519,Rogue Trooper: Redux,Xbox One,5,NULL,59.7500,11,70.0276,5
27519,Rogue Trooper: Redux,Nintendo Switch,5,NULL,59.7500,11,70.0276,5
3171,The Saboteur,PC (Microsoft Windows),44,NULL,78.4000,7,71.7884,137
6327,Resonance,Linux,13,NULL,80.0000,1,74.2723,23
6327,Resonance,PC (Microsoft Windows),13,NULL,80.0000,1,74.2723,23
6327,Resonance,Mac,13,NULL,80.0000,1,74.2723,23
14177,Divinity: Original Sin - Enhanced Edition,Linux,37,NULL,90.1429,8,85.8390,105
14177,Divinity: Original Sin - Enhanced Edition,PC (Microsoft Windows),37,NULL,90.1429,8,85.8390,105
14177,Divinity: Original Sin - Enhanced Edition,Mac,37,NULL,90.1429,8,85.8390,105
14177,Divinity: Original Sin - Enhanced Edition,PlayStation 4,37,NULL,90.1429,8,85.8390,105
14177,Divinity: Original Sin - Enhanced Edition,Xbox One,37,NULL,90.1429,8,85.8390,105
11404,Disciples II: Rise of the Elves,PC (Microsoft Windows),4,NULL,NULL,NULL,76.9492,13
8391,Port Royale 2,PC (Microsoft Windows),5,NULL,NULL,NULL,71.1938,11
1251,The Beast Within: A Gabriel Knight Mystery,PC (Microsoft Windows),15,NULL,83.0000,1,86.3401,41
1251,The Beast Within: A Gabriel Knight Mystery,Mac,15,NULL,83.0000,1,86.3401,41
13227,Runaway 2: The Dream of the Turtle,PC (Microsoft Windows),9,NULL,60.7500,4,74.2260,22
13227,Runaway 2: The Dream of the Turtle,iOS,9,NULL,60.7500,4,74.2260,22
6185,Syberia II,PC (Microsoft Windows),57,NULL,NULL,NULL,76.7627,151
6185,Syberia II,Mac,57,NULL,NULL,NULL,76.7627,151
6185,Syberia II,iOS,57,NULL,NULL,NULL,76.7627,151
6185,Syberia II,Nintendo Switch,57,NULL,NULL,NULL,76.7627,151
1252,"Gabriel Knight 3: Blood of the Sacred, Blood of the Damned",PC (Microsoft Windows),4,NULL,70.0000,1,81.4061,20
14394,Battle Brothers,PC (Microsoft Windows),8,NULL,80.2500,5,78.5014,41
14394,Battle Brothers,PlayStation 4,8,NULL,80.2500,5,78.5014,41
14394,Battle Brothers,Xbox One,8,NULL,80.2500,5,78.5014,41
14394,Battle Brothers,Nintendo Switch,8,NULL,80.2500,5,78.5014,41
3029,Spelunky,PC (Microsoft Windows),49,1,90.6000,11,87.1217,142
3029,Spelunky,PlayStation 4,49,1,90.6000,11,87.1217,142
3029,Spelunky,Nintendo Switch,49,1,90.6000,11,87.1217,142
798,Myst IV: Revelation,PC (Microsoft Windows),12,NULL,88.6667,4,77.2604,35
798,Myst IV: Revelation,Mac,12,NULL,88.6667,4,77.2604,35
918,Total Annihilation,PC (Microsoft Windows),27,NULL,NULL,NULL,82.3717,51
918,Total Annihilation,Mac,27,NULL,NULL,NULL,82.3717,51
1997,AquaNox,PC (Microsoft Windows),4,NULL,60.0000,1,66.0437,16
11709,60 Seconds!,PC (Microsoft Windows),6,NULL,80.0000,1,59.8739,37
11709,60 Seconds!,Mac,6,NULL,80.0000,1,59.8739,37
11709,60 Seconds!,Android,6,NULL,80.0000,1,59.8739,37
11709,60 Seconds!,PlayStation 4,6,NULL,80.0000,1,59.8739,37
11709,60 Seconds!,Xbox One,6,NULL,80.0000,1,59.8739,37
11709,60 Seconds!,Nintendo Switch,6,NULL,80.0000,1,59.8739,37
2964,Call of Cthulhu: Dark Corners of the Earth,PC (Microsoft Windows),40,NULL,79.5000,3,79.0812,90
999,Oddworld: Abe's Oddysee,PC (Microsoft Windows),65,NULL,100.0000,0,82.2646,195
999,Oddworld: Abe's Oddysee,PlayStation 4,65,NULL,100.0000,0,82.2646,195
999,Oddworld: Abe's Oddysee,PlayStation 5,65,NULL,100.0000,0,82.2646,195
69,Master of Orion III,PC (Microsoft Windows),1,NULL,55.0000,2,33.6814,12
69,Master of Orion III,Mac,1,NULL,55.0000,2,33.6814,12
7832,Shelter,PC (Microsoft Windows),9,NULL,75.0000,3,72.0613,23
7832,Shelter,Mac,9,NULL,75.0000,3,72.0613,23
287,Patrician III: Rise of the Hanse,Linux,4,NULL,90.0000,1,70.0381,12
287,Patrician III: Rise of the Hanse,PC (Microsoft Windows),4,NULL,90.0000,1,70.0381,12
25513,Pilot Brothers,PC (Microsoft Windows),1,NULL,NULL,NULL,89.2270,11
25513,Pilot Brothers,Android,1,NULL,NULL,NULL,89.2270,11
25513,Pilot Brothers,iOS,1,NULL,NULL,NULL,89.2270,11
590,Age of Wonders II: The Wizard's Throne,Linux,2,NULL,NULL,NULL,84.5261,25
590,Age of Wonders II: The Wizard's Throne,PC (Microsoft Windows),2,NULL,NULL,NULL,84.5261,25
626,Carmageddon,PC (Microsoft Windows),41,NULL,NULL,NULL,80.3786,138
626,Carmageddon,Mac,41,NULL,NULL,NULL,80.3786,138
626,Carmageddon,Android,41,NULL,NULL,NULL,80.3786,138
626,Carmageddon,iOS,41,NULL,NULL,NULL,80.3786,138
35283,The Darkside Detective,Linux,18,2,55.0000,3,78.3124,26
35283,The Darkside Detective,PC (Microsoft Windows),18,2,55.0000,3,78.3124,26
35283,The Darkside Detective,Mac,18,2,55.0000,3,78.3124,26
35283,The Darkside Detective,PlayStation 4,18,2,55.0000,3,78.3124,26
35283,The Darkside Detective,Xbox One,18,2,55.0000,3,78.3124,26
35283,The Darkside Detective,Nintendo Switch,18,2,55.0000,3,78.3124,26
35283,The Darkside Detective,PlayStation 5,18,2,55.0000,3,78.3124,26
166,Star Wars: TIE Fighter,Mac,12,NULL,NULL,NULL,89.3895,42
589,Age of Wonders,Linux,6,NULL,90.0000,1,79.4359,32
589,Age of Wonders,PC (Microsoft Windows),6,NULL,90.0000,1,79.4359,32
145191,Resident Evil 4,PC (Microsoft Windows),6,NULL,NULL,NULL,88.9855,87
18727,Transport Fever,Linux,14,1,87.5000,2,89.4973,20
18727,Transport Fever,PC (Microsoft Windows),14,1,87.5000,2,89.4973,20
18727,Transport Fever,Mac,14,1,87.5000,2,89.4973,20
9534,Sam & Max: The Devil's Playhouse,PC (Microsoft Windows),9,NULL,71.8000,1,77.3743,28
9534,Sam & Max: The Devil's Playhouse,Mac,9,NULL,71.8000,1,77.3743,28
9534,Sam & Max: The Devil's Playhouse,iOS,9,NULL,71.8000,1,77.3743,28
1407,Metal Slug 2,PC (Microsoft Windows),32,NULL,NULL,NULL,81.6546,130
1407,Metal Slug 2,Android,32,NULL,NULL,NULL,81.6546,130
1407,Metal Slug 2,iOS,32,NULL,NULL,NULL,81.6546,130
18509,Slain: Back From Hell,Linux,5,NULL,49.9167,14,60.0282,7
18509,Slain: Back From Hell,PC (Microsoft Windows),5,NULL,49.9167,14,60.0282,7
18509,Slain: Back From Hell,Mac,5,NULL,49.9167,14,60.0282,7
18509,Slain: Back From Hell,PlayStation 4,5,NULL,49.9167,14,60.0282,7
18509,Slain: Back From Hell,Xbox One,5,NULL,49.9167,14,60.0282,7
18509,Slain: Back From Hell,Nintendo Switch,5,NULL,49.9167,14,60.0282,7
6006,Kingdom Rush Frontiers,Linux,4,NULL,80.0000,2,71.2639,25
6006,Kingdom Rush Frontiers,PC (Microsoft Windows),4,NULL,80.0000,2,71.2639,25
6006,Kingdom Rush Frontiers,Mac,4,NULL,80.0000,2,71.2639,25
6006,Kingdom Rush Frontiers,Android,4,NULL,80.0000,2,71.2639,25
6006,Kingdom Rush Frontiers,iOS,4,NULL,80.0000,2,71.2639,25
6006,Kingdom Rush Frontiers,Xbox One,4,NULL,80.0000,2,71.2639,25
6006,Kingdom Rush Frontiers,Nintendo Switch,4,NULL,80.0000,2,71.2639,25
5563,IL-2 Sturmovik: 1946,PC (Microsoft Windows),13,1,90.0000,1,94.3269,21
17032,Darkwood,Linux,9,NULL,79.7500,9,79.7690,39
17032,Darkwood,PC (Microsoft Windows),9,NULL,79.7500,9,79.7690,39
17032,Darkwood,Mac,9,NULL,79.7500,9,79.7690,39
17032,Darkwood,PlayStation 4,9,NULL,79.7500,9,79.7690,39
17032,Darkwood,Xbox One,9,NULL,79.7500,9,79.7690,39
17032,Darkwood,Nintendo Switch,9,NULL,79.7500,9,79.7690,39
17032,Darkwood,PlayStation 5,9,NULL,79.7500,9,79.7690,39
7706,This War of Mine,Linux,118,NULL,82.0000,5,80.7514,319
7706,This War of Mine,PC (Microsoft Windows),118,NULL,82.0000,5,80.7514,319
7706,This War of Mine,Mac,118,NULL,82.0000,5,80.7514,319
7706,This War of Mine,Android,118,NULL,82.0000,5,80.7514,319
7706,This War of Mine,iOS,118,NULL,82.0000,5,80.7514,319
7706,This War of Mine,PlayStation 4,118,NULL,82.0000,5,80.7514,319
7706,This War of Mine,Xbox One,118,NULL,82.0000,5,80.7514,319
25680,The Little Acre,Linux,6,NULL,72.8571,8,70.0194,18
25680,The Little Acre,PC (Microsoft Windows),6,NULL,72.8571,8,70.0194,18
25680,The Little Acre,Mac,6,NULL,72.8571,8,70.0194,18
25680,The Little Acre,iOS,6,NULL,72.8571,8,70.0194,18
25680,The Little Acre,PlayStation 4,6,NULL,72.8571,8,70.0194,18
25680,The Little Acre,Xbox One,6,NULL,72.8571,8,70.0194,18
25680,The Little Acre,Nintendo Switch,6,NULL,72.8571,8,70.0194,18
6968,Doom 3: BFG Edition,PC (Microsoft Windows),30,NULL,71.3333,4,78.0825,65
6968,Doom 3: BFG Edition,Android,30,NULL,71.3333,4,78.0825,65
1593,Pillars of Eternity,Linux,119,11,81.0000,8,81.4943,252
1593,Pillars of Eternity,PC (Microsoft Windows),119,11,81.0000,8,81.4943,252
1593,Pillars of Eternity,Mac,119,11,81.0000,8,81.4943,252
1593,Pillars of Eternity,PlayStation 4,119,11,81.0000,8,81.4943,252
1593,Pillars of Eternity,Nintendo Switch,119,11,81.0000,8,81.4943,252
8765,The Witcher: Adventure Game,PC (Microsoft Windows),10,NULL,73.6667,3,56.1018,22
8765,The Witcher: Adventure Game,Mac,10,NULL,73.6667,3,56.1018,22
8765,The Witcher: Adventure Game,Android,10,NULL,73.6667,3,56.1018,22
8765,The Witcher: Adventure Game,iOS,10,NULL,73.6667,3,56.1018,22
18149,Jotun: Valhalla Edition,Linux,17,3,75.4000,11,69.1230,28
18149,Jotun: Valhalla Edition,PC (Microsoft Windows),17,3,75.4000,11,69.1230,28
18149,Jotun: Valhalla Edition,Mac,17,3,75.4000,11,69.1230,28
18149,Jotun: Valhalla Edition,PlayStation 4,17,3,75.4000,11,69.1230,28
18149,Jotun: Valhalla Edition,Xbox One,17,3,75.4000,11,69.1230,28
18149,Jotun: Valhalla Edition,Nintendo Switch,17,3,75.4000,11,69.1230,28
961,Commandos: Beyond the Call of Duty,PC (Microsoft Windows),38,NULL,66.0000,1,81.4157,88
20908,Jalopy,PC (Microsoft Windows),12,NULL,45.0000,2,61.1961,22
20908,Jalopy,Xbox One,12,NULL,45.0000,2,61.1961,22
5941,ObsCure,PC (Microsoft Windows),17,NULL,72.2500,4,76.0044,60
7260,Desperados: Wanted Dead or Alive,PC (Microsoft Windows),27,NULL,NULL,NULL,81.7753,77
3098,Giana Sisters: Twisted Dreams,PC (Microsoft Windows),13,NULL,78.5000,4,77.6360,28
24,X-COM: UFO Defense,PC (Microsoft Windows),39,NULL,85.0000,3,87.4122,101
23330,Nine Parchments,PC (Microsoft Windows),7,NULL,65.5714,8,73.7285,11
23330,Nine Parchments,PlayStation 4,7,NULL,65.5714,8,73.7285,11
23330,Nine Parchments,Xbox One,7,NULL,65.5714,8,73.7285,11
23330,Nine Parchments,Nintendo Switch,7,NULL,65.5714,8,73.7285,11
7740,Might and Magic VIII: Day of the Destroyer,PC (Microsoft Windows),8,NULL,NULL,NULL,80.6581,19
844,Realms of the Haunting,Linux,4,NULL,NULL,NULL,71.2238,11
844,Realms of the Haunting,PC (Microsoft Windows),4,NULL,NULL,NULL,71.2238,11
844,Realms of the Haunting,Mac,4,NULL,NULL,NULL,71.2238,11
7418,Shivah,Linux,3,NULL,NULL,NULL,72.1250,21
7418,Shivah,PC (Microsoft Windows),3,NULL,NULL,NULL,72.1250,21
7418,Shivah,Mac,3,NULL,NULL,NULL,72.1250,21
7418,Shivah,Android,3,NULL,NULL,NULL,72.1250,21
7418,Shivah,iOS,3,NULL,NULL,NULL,72.1250,21
131843,State of Decay 2: Juggernaut Edition,PC (Microsoft Windows),5,NULL,NULL,NULL,79.8216,15
131843,State of Decay 2: Juggernaut Edition,Xbox One,5,NULL,NULL,NULL,79.8216,15
11631,Hiveswap: Act 1,Linux,11,8,75.0000,1,98.3785,15
11631,Hiveswap: Act 1,PC (Microsoft Windows),11,8,75.0000,1,98.3785,15
11631,Hiveswap: Act 1,Mac,11,8,75.0000,1,98.3785,15
18930,Tokyo 42,PC (Microsoft Windows),17,7,68.5000,12,59.9249,6
18930,Tokyo 42,PlayStation 4,17,7,68.5000,12,59.9249,6
18930,Tokyo 42,Xbox One,17,7,68.5000,12,59.9249,6
1269,Darksiders II,PC (Microsoft Windows),84,NULL,85.7500,20,76.8275,242
3939,Gun,PC (Microsoft Windows),34,NULL,72.5714,5,67.8984,112
5508,The Banner Saga,Linux,76,NULL,81.9286,15,85.4538,225
5508,The Banner Saga,PC (Microsoft Windows),76,NULL,81.9286,15,85.4538,225
5508,The Banner Saga,Mac,76,NULL,81.9286,15,85.4538,225
5508,The Banner Saga,Android,76,NULL,81.9286,15,85.4538,225
5508,The Banner Saga,iOS,76,NULL,81.9286,15,85.4538,225
5508,The Banner Saga,PlayStation 4,76,NULL,81.9286,15,85.4538,225
5508,The Banner Saga,Xbox One,76,NULL,81.9286,15,85.4538,225
5508,The Banner Saga,Nintendo Switch,76,NULL,81.9286,15,85.4538,225
11408,Etherlords II,PC (Microsoft Windows),3,NULL,70.0000,1,64.2708,26
9053,80 Days,PC (Microsoft Windows),15,NULL,70.0000,3,76.3576,43
9053,80 Days,Mac,15,NULL,70.0000,3,76.3576,43
9053,80 Days,Android,15,NULL,70.0000,3,76.3576,43
9053,80 Days,iOS,15,NULL,70.0000,3,76.3576,43
9053,80 Days,Nintendo Switch,15,NULL,70.0000,3,76.3576,43
7209,King Arthur's Gold,Linux,5,1,NULL,NULL,68.6071,11
7209,King Arthur's Gold,PC (Microsoft Windows),5,1,NULL,NULL,68.6071,11
7209,King Arthur's Gold,Mac,5,1,NULL,NULL,68.6071,11
118,Star Wars: Knights of the Old Republic II - The Sith Lords,Linux,229,1,85.8333,7,87.4859,656
118,Star Wars: Knights of the Old Republic II - The Sith Lords,PC (Microsoft Windows),229,1,85.8333,7,87.4859,656
118,Star Wars: Knights of the Old Republic II - The Sith Lords,Mac,229,1,85.8333,7,87.4859,656
118,Star Wars: Knights of the Old Republic II - The Sith Lords,iOS,229,1,85.8333,7,87.4859,656
118,Star Wars: Knights of the Old Republic II - The Sith Lords,Nintendo Switch,229,1,85.8333,7,87.4859,656
134799,Dorfromantik,PC (Microsoft Windows),8,1,NULL,NULL,78.3863,33
134799,Dorfromantik,Nintendo Switch,8,1,NULL,NULL,78.3863,33
150045,Resident Evil: Revelations,PC (Microsoft Windows),1,NULL,NULL,NULL,66.5840,22
150045,Resident Evil: Revelations,PlayStation 4,1,NULL,NULL,NULL,66.5840,22
150045,Resident Evil: Revelations,Xbox One,1,NULL,NULL,NULL,66.5840,22
150045,Resident Evil: Revelations,Nintendo Switch,1,NULL,NULL,NULL,66.5840,22
74545,Opus Magnum,Linux,13,1,92.3333,5,86.4745,30
74545,Opus Magnum,PC (Microsoft Windows),13,1,92.3333,5,86.4745,30
74545,Opus Magnum,Mac,13,1,92.3333,5,86.4745,30
74545,Opus Magnum,Xbox One,13,1,92.3333,5,86.4745,30
1904,Europa Universalis IV,Linux,68,NULL,85.0000,3,89.4911,163
1904,Europa Universalis IV,PC (Microsoft Windows),68,NULL,85.0000,3,89.4911,163
1904,Europa Universalis IV,Mac,68,NULL,85.0000,3,89.4911,163
55935,Doki Doki Literature Club!,Linux,82,4,94.5000,2,81.9121,382
55935,Doki Doki Literature Club!,PC (Microsoft Windows),82,4,94.5000,2,81.9121,382
55935,Doki Doki Literature Club!,Mac,82,4,94.5000,2,81.9121,382
28070,Planet Alpha,PC (Microsoft Windows),22,6,57.6667,4,69.2616,20
28070,Planet Alpha,PlayStation 4,22,6,57.6667,4,69.2616,20
28070,Planet Alpha,Xbox One,22,6,57.6667,4,69.2616,20
28070,Planet Alpha,Nintendo Switch,22,6,57.6667,4,69.2616,20
81275,Unforeseen Incidents,Linux,22,1,80.2500,4,71.4517,16
81275,Unforeseen Incidents,PC (Microsoft Windows),22,1,80.2500,4,71.4517,16
81275,Unforeseen Incidents,Mac,22,1,80.2500,4,71.4517,16
81275,Unforeseen Incidents,Nintendo Switch,22,1,80.2500,4,71.4517,16
27792,PC Building Simulator,PC (Microsoft Windows),37,2,65.0000,2,73.9187,48
27792,PC Building Simulator,PlayStation 4,37,2,65.0000,2,73.9187,48
27792,PC Building Simulator,Xbox One,37,2,65.0000,2,73.9187,48
27792,PC Building Simulator,Nintendo Switch,37,2,65.0000,2,73.9187,48
28073,A Mortician's Tale,PC (Microsoft Windows),1,1,81.0000,3,70.7694,15
28073,A Mortician's Tale,Mac,1,1,81.0000,3,70.7694,15
28073,A Mortician's Tale,iOS,1,1,81.0000,3,70.7694,15
70396,Trüberbrook,Linux,11,11,76.6667,3,69.9210,18
70396,Trüberbrook,PC (Microsoft Windows),11,11,76.6667,3,69.9210,18
70396,Trüberbrook,Mac,11,11,76.6667,3,69.9210,18
70396,Trüberbrook,PlayStation 4,11,11,76.6667,3,69.9210,18
70396,Trüberbrook,Xbox One,11,11,76.6667,3,69.9210,18
70396,Trüberbrook,Nintendo Switch,11,11,76.6667,3,69.9210,18
132050,Mortal Shell,PC (Microsoft Windows),22,5,75.2500,10,74.1351,55
132050,Mortal Shell,PlayStation 4,22,5,75.2500,10,74.1351,55
132050,Mortal Shell,Xbox One,22,5,75.2500,10,74.1351,55
36815,Lust for Darkness,PC (Microsoft Windows),12,1,60.0000,1,60.3915,17
36815,Lust for Darkness,Mac,12,1,60.0000,1,60.3915,17
36815,Lust for Darkness,Nintendo Switch,12,1,60.0000,1,60.3915,17
967,Resident Evil Survivor,PC (Microsoft Windows),7,NULL,NULL,NULL,57.2533,57
1161,Tomb Raider: Legend,PC (Microsoft Windows),75,NULL,60.0000,8,75.2546,233
13117,The Sims 3: High-End Loft Stuff,PC (Microsoft Windows),4,NULL,72.0000,1,68.6587,12
13117,The Sims 3: High-End Loft Stuff,Mac,4,NULL,72.0000,1,68.6587,12
27867,Unavowed,PC (Microsoft Windows),10,5,79.0000,5,87.4935,39
27867,Unavowed,Mac,10,5,79.0000,5,87.4935,39
27867,Unavowed,Nintendo Switch,10,5,79.0000,5,87.4935,39
719,Freedom Fighters,PC (Microsoft Windows),22,NULL,70.0000,1,78.3486,93
6918,Blades of Time,PC (Microsoft Windows),8,NULL,60.5000,4,62.2685,22
6918,Blades of Time,Mac,8,NULL,60.5000,4,62.2685,22
6918,Blades of Time,Nintendo Switch,8,NULL,60.5000,4,62.2685,22
152255,Dodgeball Academia,PC (Microsoft Windows),4,NULL,83.0000,3,74.8363,14
152255,Dodgeball Academia,PlayStation 4,4,NULL,83.0000,3,74.8363,14
152255,Dodgeball Academia,Xbox One,4,NULL,83.0000,3,74.8363,14
152255,Dodgeball Academia,Nintendo Switch,4,NULL,83.0000,3,74.8363,14
110846,Trine 4: The Nightmare Prince,PC (Microsoft Windows),22,8,78.0000,10,74.6518,50
110846,Trine 4: The Nightmare Prince,PlayStation 4,22,8,78.0000,10,74.6518,50
110846,Trine 4: The Nightmare Prince,Xbox One,22,8,78.0000,10,74.6518,50
110846,Trine 4: The Nightmare Prince,Nintendo Switch,22,8,78.0000,10,74.6518,50
74378,Simulacra,PC (Microsoft Windows),NULL,NULL,70.0000,2,71.4989,32
74378,Simulacra,Mac,NULL,NULL,70.0000,2,71.4989,32
74378,Simulacra,Android,NULL,NULL,70.0000,2,71.4989,32
74378,Simulacra,iOS,NULL,NULL,70.0000,2,71.4989,32
74378,Simulacra,PlayStation 4,NULL,NULL,70.0000,2,71.4989,32
74378,Simulacra,Xbox One,NULL,NULL,70.0000,2,71.4989,32
74378,Simulacra,Nintendo Switch,NULL,NULL,70.0000,2,71.4989,32
9835,Draugen,PC (Microsoft Windows),7,6,71.0000,5,67.5346,33
9835,Draugen,PlayStation 4,7,6,71.0000,5,67.5346,33
9835,Draugen,Xbox One,7,6,71.0000,5,67.5346,33
108778,Little Misfortune,Linux,1,3,61.0000,1,73.8713,68
108778,Little Misfortune,PC (Microsoft Windows),1,3,61.0000,1,73.8713,68
108778,Little Misfortune,Mac,1,3,61.0000,1,73.8713,68
108778,Little Misfortune,PlayStation 4,1,3,61.0000,1,73.8713,68
108778,Little Misfortune,Xbox One,1,3,61.0000,1,73.8713,68
108778,Little Misfortune,Nintendo Switch,1,3,61.0000,1,73.8713,68
18157,The Town of Light,Linux,4,NULL,58.2500,10,70.2210,20
18157,The Town of Light,PC (Microsoft Windows),4,NULL,58.2500,10,70.2210,20
18157,The Town of Light,Mac,4,NULL,58.2500,10,70.2210,20
18157,The Town of Light,PlayStation 4,4,NULL,58.2500,10,70.2210,20
18157,The Town of Light,Xbox One,4,NULL,58.2500,10,70.2210,20
18157,The Town of Light,Nintendo Switch,4,NULL,58.2500,10,70.2210,20
9789,RimWorld,Linux,61,NULL,74.5000,3,84.1435,192
9789,RimWorld,PC (Microsoft Windows),61,NULL,74.5000,3,84.1435,192
9789,RimWorld,Mac,61,NULL,74.5000,3,84.1435,192
209,Thrillville: Off the Rails,PC (Microsoft Windows),2,NULL,55.0000,3,65.0437,13
11000,Corpse Party: Blood Drive,PC (Microsoft Windows),2,NULL,55.0000,3,80.1124,13
11000,Corpse Party: Blood Drive,Android,2,NULL,55.0000,3,80.1124,13
11000,Corpse Party: Blood Drive,Nintendo Switch,2,NULL,55.0000,3,80.1124,13
69483,Monster Prom,Linux,3,NULL,59.0000,1,68.4360,24
69483,Monster Prom,PC (Microsoft Windows),3,NULL,59.0000,1,68.4360,24
69483,Monster Prom,Mac,3,NULL,59.0000,1,68.4360,24
18074,OpenTTD,Linux,14,NULL,NULL,NULL,86.7604,23
18074,OpenTTD,PC (Microsoft Windows),14,NULL,NULL,NULL,86.7604,23
18074,OpenTTD,Mac,14,NULL,NULL,NULL,86.7604,23
18074,OpenTTD,Android,14,NULL,NULL,NULL,86.7604,23
164243,Madison,PC (Microsoft Windows),6,3,80.0000,1,70.4836,15
164243,Madison,PlayStation 4,6,3,80.0000,1,70.4836,15
164243,Madison,Xbox One,6,3,80.0000,1,70.4836,15
164243,Madison,Nintendo Switch,6,3,80.0000,1,70.4836,15
164243,Madison,PlayStation 5,6,3,80.0000,1,70.4836,15
128289,The Supper,PC (Microsoft Windows),NULL,NULL,NULL,NULL,74.9086,15
133154,Rough Justice: '84,PC (Microsoft Windows),3,5,NULL,NULL,90.0000,13
26364,The Binding of Isaac: Afterbirth+,Linux,27,NULL,83.3333,4,85.1830,90
26364,The Binding of Isaac: Afterbirth+,PC (Microsoft Windows),27,NULL,83.3333,4,85.1830,90
26364,The Binding of Isaac: Afterbirth+,Mac,27,NULL,83.3333,4,85.1830,90
26364,The Binding of Isaac: Afterbirth+,PlayStation 4,27,NULL,83.3333,4,85.1830,90
26364,The Binding of Isaac: Afterbirth+,Xbox One,27,NULL,83.3333,4,85.1830,90
26364,The Binding of Isaac: Afterbirth+,Nintendo Switch,27,NULL,83.3333,4,85.1830,90
148241,Lies of P,PC (Microsoft Windows),4,17,85.5000,14,88.4733,52
148241,Lies of P,Mac,4,17,85.5000,14,88.4733,52
148241,Lies of P,PlayStation 4,4,17,85.5000,14,88.4733,52
148241,Lies of P,Xbox One,4,17,85.5000,14,88.4733,52
148241,Lies of P,PlayStation 5,4,17,85.5000,14,88.4733,52
127842,Skul: The Hero Slayer,Linux,8,1,81.0000,4,62.3698,17
127842,Skul: The Hero Slayer,PC (Microsoft Windows),8,1,81.0000,4,62.3698,17
127842,Skul: The Hero Slayer,Mac,8,1,81.0000,4,62.3698,17
127842,Skul: The Hero Slayer,PlayStation 4,8,1,81.0000,4,62.3698,17
127842,Skul: The Hero Slayer,Xbox One,8,1,81.0000,4,62.3698,17
127842,Skul: The Hero Slayer,Nintendo Switch,8,1,81.0000,4,62.3698,17
8511,The Blackwell Epiphany,Linux,13,NULL,82.0000,1,83.7381,36
8511,The Blackwell Epiphany,PC (Microsoft Windows),13,NULL,82.0000,1,83.7381,36
8511,The Blackwell Epiphany,Mac,13,NULL,82.0000,1,83.7381,36
13119,The Sims 3: Outdoor Living Stuff,PC (Microsoft Windows),3,NULL,NULL,NULL,59.1906,11
13119,The Sims 3: Outdoor Living Stuff,Mac,3,NULL,NULL,NULL,59.1906,11
9643,Return of the Obra Dinn,PC (Microsoft Windows),24,6,94.5714,9,89.4690,262
9643,Return of the Obra Dinn,Mac,24,6,94.5714,9,89.4690,262
9643,Return of the Obra Dinn,PlayStation 4,24,6,94.5714,9,89.4690,262
9643,Return of the Obra Dinn,Xbox One,24,6,94.5714,9,89.4690,262
9643,Return of the Obra Dinn,Nintendo Switch,24,6,94.5714,9,89.4690,262
122729,"Yes, Your Grace",PC (Microsoft Windows),1,NULL,77.2000,5,73.8719,30
122729,"Yes, Your Grace",Mac,1,NULL,77.2000,5,73.8719,30
122729,"Yes, Your Grace",Xbox One,1,NULL,77.2000,5,73.8719,30
122729,"Yes, Your Grace",Nintendo Switch,1,NULL,77.2000,5,73.8719,30
152071,Planet of Lana,PC (Microsoft Windows),NULL,9,93.3333,5,76.6863,47
152071,Planet of Lana,Xbox One,NULL,9,93.3333,5,76.6863,47
1160,Tomb Raider: Chronicles,PC (Microsoft Windows),28,NULL,60.0000,1,69.0118,80
1160,Tomb Raider: Chronicles,Mac,28,NULL,60.0000,1,69.0118,80
32617,Rec Room,PC (Microsoft Windows),8,NULL,NULL,NULL,79.9580,23
32617,Rec Room,Android,8,NULL,NULL,NULL,79.9580,23
32617,Rec Room,iOS,8,NULL,NULL,NULL,79.9580,23
32617,Rec Room,PlayStation 4,8,NULL,NULL,NULL,79.9580,23
32617,Rec Room,Xbox One,8,NULL,NULL,NULL,79.9580,23
32617,Rec Room,PlayStation 5,8,NULL,NULL,NULL,79.9580,23
27310,We Were Here,PC (Microsoft Windows),7,NULL,NULL,NULL,68.1341,73
27310,We Were Here,Mac,7,NULL,NULL,NULL,68.1341,73
27310,We Were Here,PlayStation 4,7,NULL,NULL,NULL,68.1341,73
27310,We Were Here,Xbox One,7,NULL,NULL,NULL,68.1341,73
137989,Party Animals,PC (Microsoft Windows),2,12,50.0000,3,80.1106,15
137989,Party Animals,Xbox One,2,12,50.0000,3,80.1106,15
3753,Zuma,PC (Microsoft Windows),17,NULL,68.0000,1,73.6697,43
3753,Zuma,Mac,17,NULL,68.0000,1,73.6697,43
3753,Zuma,Web browser,17,NULL,68.0000,1,73.6697,43
491,Castlevania: Lords of Shadow,PC (Microsoft Windows),71,NULL,83.2000,9,79.8492,196
378,Metal Gear Rising: Revengeance,PC (Microsoft Windows),140,NULL,84.7647,22,79.4166,417
378,Metal Gear Rising: Revengeance,Mac,140,NULL,84.7647,22,79.4166,417
106790,Bee Simulator,PC (Microsoft Windows),21,2,56.6667,3,50.3320,11
106790,Bee Simulator,PlayStation 4,21,2,56.6667,3,50.3320,11
106790,Bee Simulator,Xbox One,21,2,56.6667,3,50.3320,11
106790,Bee Simulator,Nintendo Switch,21,2,56.6667,3,50.3320,11
65,The Secret of Monkey Island: Special Edition,PC (Microsoft Windows),48,NULL,80.0000,4,84.1513,131
65,The Secret of Monkey Island: Special Edition,Mac,48,NULL,80.0000,4,84.1513,131
65,The Secret of Monkey Island: Special Edition,iOS,48,NULL,80.0000,4,84.1513,131
19,Max Payne 2: The Fall of Max Payne,PC (Microsoft Windows),261,NULL,84.2857,7,86.4800,776
119170,Ghostbusters: The Video Game Remastered,PC (Microsoft Windows),12,2,60.0000,5,79.0691,20
119170,Ghostbusters: The Video Game Remastered,PlayStation 4,12,2,60.0000,5,79.0691,20
119170,Ghostbusters: The Video Game Remastered,Xbox One,12,2,60.0000,5,79.0691,20
119170,Ghostbusters: The Video Game Remastered,Nintendo Switch,12,2,60.0000,5,79.0691,20
20900,Pac-Man Championship Edition,Android,4,NULL,60.0000,2,70.1081,12
20900,Pac-Man Championship Edition,iOS,4,NULL,60.0000,2,70.1081,12
8191,Final DOOM,PC (Microsoft Windows),16,NULL,70.0000,1,79.3085,38
8191,Final DOOM,Mac,16,NULL,70.0000,1,79.3085,38
622,Call of Duty 2,PC (Microsoft Windows),295,NULL,84.4000,5,83.7214,838
622,Call of Duty 2,Mac,295,NULL,84.4000,5,83.7214,838
2001,Far Cry 3: Blood Dragon,PC (Microsoft Windows),122,NULL,82.9333,16,78.5394,309
11118,Dishonored 2,PC (Microsoft Windows),265,73,85.8500,24,85.4056,554
11118,Dishonored 2,PlayStation 4,265,73,85.8500,24,85.4056,554
11118,Dishonored 2,Xbox One,265,73,85.8500,24,85.4056,554
129057,Rain on Your Parade,Linux,1,NULL,72.5000,2,72.1820,12
129057,Rain on Your Parade,PC (Microsoft Windows),1,NULL,72.5000,2,72.1820,12
129057,Rain on Your Parade,Mac,1,NULL,72.5000,2,72.1820,12
129057,Rain on Your Parade,Xbox One,1,NULL,72.5000,2,72.1820,12
129057,Rain on Your Parade,Nintendo Switch,1,NULL,72.5000,2,72.1820,12
478,The Witcher 2: Assassins of Kings,Linux,441,NULL,85.7143,10,84.9154,1147
478,The Witcher 2: Assassins of Kings,PC (Microsoft Windows),441,NULL,85.7143,10,84.9154,1147
478,The Witcher 2: Assassins of Kings,Mac,441,NULL,85.7143,10,84.9154,1147
1043,Sacred 2: Fallen Angel,PC (Microsoft Windows),12,NULL,65.3333,8,67.8978,39
152122,Doki Doki Literature Club Plus!,PC (Microsoft Windows),11,1,82.5000,2,93.9030,57
152122,Doki Doki Literature Club Plus!,Mac,11,1,82.5000,2,93.9030,57
152122,Doki Doki Literature Club Plus!,PlayStation 4,11,1,82.5000,2,93.9030,57
152122,Doki Doki Literature Club Plus!,Xbox One,11,1,82.5000,2,93.9030,57
152122,Doki Doki Literature Club Plus!,Nintendo Switch,11,1,82.5000,2,93.9030,57
152122,Doki Doki Literature Club Plus!,PlayStation 5,11,1,82.5000,2,93.9030,57
18859,Valley,Linux,18,2,68.4444,10,69.3248,18
18859,Valley,PC (Microsoft Windows),18,2,68.4444,10,69.3248,18
18859,Valley,Mac,18,2,68.4444,10,69.3248,18
18859,Valley,PlayStation 4,18,2,68.4444,10,69.3248,18
18859,Valley,Xbox One,18,2,68.4444,10,69.3248,18
18859,Valley,Nintendo Switch,18,2,68.4444,10,69.3248,18
2113,Star Wars Battlefront,PC (Microsoft Windows),185,89,68.4444,21,67.1118,363
2113,Star Wars Battlefront,PlayStation 4,185,89,68.4444,21,67.1118,363
2113,Star Wars Battlefront,Xbox One,185,89,68.4444,21,67.1118,363
2025,Mount & Blade: Warband,Linux,98,1,68.6000,6,85.9428,298
2025,Mount & Blade: Warband,PC (Microsoft Windows),98,1,68.6000,6,85.9428,298
2025,Mount & Blade: Warband,Mac,98,1,68.6000,6,85.9428,298
2025,Mount & Blade: Warband,PlayStation 4,98,1,68.6000,6,85.9428,298
2025,Mount & Blade: Warband,Xbox One,98,1,68.6000,6,85.9428,298
190,LEGO Star Wars II: The Original Trilogy,PC (Microsoft Windows),40,NULL,68.6000,7,77.6399,179
190,LEGO Star Wars II: The Original Trilogy,Mac,40,NULL,68.6000,7,77.6399,179
11120,The Elder Scrolls: Legends,PC (Microsoft Windows),20,12,77.0000,5,70.1844,35
11120,The Elder Scrolls: Legends,Mac,20,12,77.0000,5,70.1844,35
11120,The Elder Scrolls: Legends,Android,20,12,77.0000,5,70.1844,35
11120,The Elder Scrolls: Legends,iOS,20,12,77.0000,5,70.1844,35
11120,The Elder Scrolls: Legends,PlayStation 4,20,12,77.0000,5,70.1844,35
11120,The Elder Scrolls: Legends,Xbox One,20,12,77.0000,5,70.1844,35
11120,The Elder Scrolls: Legends,Nintendo Switch,20,12,77.0000,5,70.1844,35
11182,Enter the Gungeon,Linux,92,3,82.4615,17,75.7935,252
11182,Enter the Gungeon,PC (Microsoft Windows),92,3,82.4615,17,75.7935,252
11182,Enter the Gungeon,Mac,92,3,82.4615,17,75.7935,252
11182,Enter the Gungeon,PlayStation 4,92,3,82.4615,17,75.7935,252
11182,Enter the Gungeon,Xbox One,92,3,82.4615,17,75.7935,252
11182,Enter the Gungeon,Nintendo Switch,92,3,82.4615,17,75.7935,252
106987,Torchlight III,PC (Microsoft Windows),8,33,66.1111,11,49.4593,29
106987,Torchlight III,PlayStation 4,8,33,66.1111,11,49.4593,29
106987,Torchlight III,Xbox One,8,33,66.1111,11,49.4593,29
106987,Torchlight III,Nintendo Switch,8,33,66.1111,11,49.4593,29
16992,Human: Fall Flat,Linux,68,1,72.7692,14,70.0405,154
16992,Human: Fall Flat,PC (Microsoft Windows),68,1,72.7692,14,70.0405,154
16992,Human: Fall Flat,Mac,68,1,72.7692,14,70.0405,154
16992,Human: Fall Flat,Android,68,1,72.7692,14,70.0405,154
16992,Human: Fall Flat,iOS,68,1,72.7692,14,70.0405,154
16992,Human: Fall Flat,PlayStation 4,68,1,72.7692,14,70.0405,154
16992,Human: Fall Flat,Xbox One,68,1,72.7692,14,70.0405,154
16992,Human: Fall Flat,Nintendo Switch,68,1,72.7692,14,70.0405,154
16992,Human: Fall Flat,PlayStation 5,68,1,72.7692,14,70.0405,154
111815,Unsighted,PC (Microsoft Windows),2,5,83.0000,4,70.5463,12
111815,Unsighted,PlayStation 4,2,5,83.0000,4,70.5463,12
111815,Unsighted,Xbox One,2,5,83.0000,4,70.5463,12
111815,Unsighted,Nintendo Switch,2,5,83.0000,4,70.5463,12
140617,The Dark Pictures Anthology: House of Ashes,PC (Microsoft Windows),6,3,76.1111,12,74.8085,78
140617,The Dark Pictures Anthology: House of Ashes,PlayStation 4,6,3,76.1111,12,74.8085,78
140617,The Dark Pictures Anthology: House of Ashes,Xbox One,6,3,76.1111,12,74.8085,78
140617,The Dark Pictures Anthology: House of Ashes,PlayStation 5,6,3,76.1111,12,74.8085,78
7728,Sonic the Fighters,Xbox One,1,NULL,NULL,NULL,45.9812,26
113114,The Outer Worlds,PC (Microsoft Windows),146,59,85.9333,19,79.1932,446
113114,The Outer Worlds,PlayStation 4,146,59,85.9333,19,79.1932,446
113114,The Outer Worlds,Xbox One,146,59,85.9333,19,79.1932,446
113114,The Outer Worlds,Nintendo Switch,146,59,85.9333,19,79.1932,446
25657,Destiny 2,PC (Microsoft Windows),462,204,82.4400,33,73.9264,434
25657,Destiny 2,PlayStation 4,462,204,82.4400,33,73.9264,434
25657,Destiny 2,Xbox One,462,204,82.4400,33,73.9264,434
25657,Destiny 2,PlayStation 5,462,204,82.4400,33,73.9264,434
52200,Descenders,Linux,3,1,76.6667,3,70.4019,25
52200,Descenders,PC (Microsoft Windows),3,1,76.6667,3,70.4019,25
52200,Descenders,Mac,3,1,76.6667,3,70.4019,25
52200,Descenders,PlayStation 4,3,1,76.6667,3,70.4019,25
52200,Descenders,Xbox One,3,1,76.6667,3,70.4019,25
52200,Descenders,Nintendo Switch,3,1,76.6667,3,70.4019,25
321,Command & Conquer 3: Tiberium Wars,PC (Microsoft Windows),54,NULL,84.5000,5,81.6865,152
321,Command & Conquer 3: Tiberium Wars,Mac,54,NULL,84.5000,5,81.6865,152
124954,Crusader Kings III,Linux,21,4,91.3333,3,86.2153,105
124954,Crusader Kings III,PC (Microsoft Windows),21,4,91.3333,3,86.2153,105
124954,Crusader Kings III,Mac,21,4,91.3333,3,86.2153,105
124954,Crusader Kings III,PlayStation 5,21,4,91.3333,3,86.2153,105
198200,F1 22,PC (Microsoft Windows),8,NULL,83.4000,6,74.4264,14
198200,F1 22,PlayStation 4,8,NULL,83.4000,6,74.4264,14
198200,F1 22,Xbox One,8,NULL,83.4000,6,74.4264,14
198200,F1 22,PlayStation 5,8,NULL,83.4000,6,74.4264,14
76882,Sekiro: Shadows Die Twice,PC (Microsoft Windows),134,64,90.0909,18,91.0490,732
76882,Sekiro: Shadows Die Twice,PlayStation 4,134,64,90.0909,18,91.0490,732
76882,Sekiro: Shadows Die Twice,Xbox One,134,64,90.0909,18,91.0490,732
135789,Townscaper,PC (Microsoft Windows),7,1,80.0000,1,61.6447,39
135789,Townscaper,Mac,7,1,80.0000,1,61.6447,39
135789,Townscaper,Android,7,1,80.0000,1,61.6447,39
135789,Townscaper,iOS,7,1,80.0000,1,61.6447,39
135789,Townscaper,Xbox One,7,1,80.0000,1,61.6447,39
135789,Townscaper,Nintendo Switch,7,1,80.0000,1,61.6447,39
119390,Ni no Kuni: Wrath of the White Witch Remastered,PC (Microsoft Windows),25,5,89.5714,9,86.5955,21
119390,Ni no Kuni: Wrath of the White Witch Remastered,PlayStation 4,25,5,89.5714,9,86.5955,21
119390,Ni no Kuni: Wrath of the White Witch Remastered,Xbox One,25,5,89.5714,9,86.5955,21
119390,Ni no Kuni: Wrath of the White Witch Remastered,Nintendo Switch,25,5,89.5714,9,86.5955,21
9567,TowerFall Ascension,Linux,33,1,87.0000,7,75.4450,75
9567,TowerFall Ascension,PC (Microsoft Windows),33,1,87.0000,7,75.4450,75
9567,TowerFall Ascension,Mac,33,1,87.0000,7,75.4450,75
9567,TowerFall Ascension,PlayStation 4,33,1,87.0000,7,75.4450,75
9567,TowerFall Ascension,Xbox One,33,1,87.0000,7,75.4450,75
256092,EA Sports FC 24,PC (Microsoft Windows),5,NULL,65.8571,10,69.7845,12
256092,EA Sports FC 24,PlayStation 4,5,NULL,65.8571,10,69.7845,12
256092,EA Sports FC 24,Xbox One,5,NULL,65.8571,10,69.7845,12
256092,EA Sports FC 24,Nintendo Switch,5,NULL,65.8571,10,69.7845,12
256092,EA Sports FC 24,PlayStation 5,5,NULL,65.8571,10,69.7845,12
7334,Bloodborne,PlayStation 4,415,9,91.1111,21,91.8872,1245
1942,The Witcher 3: Wild Hunt,PC (Microsoft Windows),1542,179,91.7200,26,94.3865,3640
1942,The Witcher 3: Wild Hunt,PlayStation 4,1542,179,91.7200,26,94.3865,3640
1942,The Witcher 3: Wild Hunt,Xbox One,1542,179,91.7200,26,94.3865,3640
1942,The Witcher 3: Wild Hunt,Nintendo Switch,1542,179,91.7200,26,94.3865,3640
1942,The Witcher 3: Wild Hunt,PlayStation 5,1542,179,91.7200,26,94.3865,3640
9195,Five Nights at Freddy's 2,PC (Microsoft Windows),27,NULL,70.0000,2,78.1962,74
2155,Dark Souls,PC (Microsoft Windows),385,1,90.6250,12,87.3781,1109
26700,Raging Loop,PC (Microsoft Windows),1,NULL,NULL,NULL,80.3505,13
26700,Raging Loop,Android,1,NULL,NULL,NULL,80.3505,13
26700,Raging Loop,iOS,1,NULL,NULL,NULL,80.3505,13
26700,Raging Loop,PlayStation 4,1,NULL,NULL,NULL,80.3505,13
26700,Raging Loop,Nintendo Switch,1,NULL,NULL,NULL,80.3505,13
102874,Pokémon Quest,Android,3,NULL,60.0000,2,68.2423,40
102874,Pokémon Quest,iOS,3,NULL,60.0000,2,68.2423,40
102874,Pokémon Quest,Nintendo Switch,3,NULL,60.0000,2,68.2423,40
144051,Pokémon Brilliant Diamond,Nintendo Switch,4,1,78.7500,4,57.3676,36
75379,World of Warcraft Classic,PC (Microsoft Windows),33,NULL,80.0000,1,80.2475,80
103266,Twin Mirror,PC (Microsoft Windows),13,36,57.0000,9,71.8268,29
103266,Twin Mirror,PlayStation 4,13,36,57.0000,9,71.8268,29
103266,Twin Mirror,Xbox One,13,36,57.0000,9,71.8268,29
19331,Youtubers Life,Linux,34,1,NULL,NULL,65.6975,40
19331,Youtubers Life,PC (Microsoft Windows),34,1,NULL,NULL,65.6975,40
19331,Youtubers Life,Mac,34,1,NULL,NULL,65.6975,40
102087,Leisure Suit Larry: Wet Dreams Don't Dry,PC (Microsoft Windows),16,3,65.0000,3,67.5448,17
102087,Leisure Suit Larry: Wet Dreams Don't Dry,Mac,16,3,65.0000,3,67.5448,17
102087,Leisure Suit Larry: Wet Dreams Don't Dry,PlayStation 4,16,3,65.0000,3,67.5448,17
102087,Leisure Suit Larry: Wet Dreams Don't Dry,Xbox One,16,3,65.0000,3,67.5448,17
102087,Leisure Suit Larry: Wet Dreams Don't Dry,Nintendo Switch,16,3,65.0000,3,67.5448,17
128097,Turnip Boy Commits Tax Evasion,Linux,5,NULL,76.6667,4,70.1972,27
128097,Turnip Boy Commits Tax Evasion,PC (Microsoft Windows),5,NULL,76.6667,4,70.1972,27
128097,Turnip Boy Commits Tax Evasion,Mac,5,NULL,76.6667,4,70.1972,27
128097,Turnip Boy Commits Tax Evasion,iOS,5,NULL,76.6667,4,70.1972,27
128097,Turnip Boy Commits Tax Evasion,PlayStation 4,5,NULL,76.6667,4,70.1972,27
128097,Turnip Boy Commits Tax Evasion,Xbox One,5,NULL,76.6667,4,70.1972,27
128097,Turnip Boy Commits Tax Evasion,Nintendo Switch,5,NULL,76.6667,4,70.1972,27
55771,Fell Seal: Arbiter's Mark,Linux,3,1,81.5000,5,88.5900,22
55771,Fell Seal: Arbiter's Mark,PC (Microsoft Windows),3,1,81.5000,5,88.5900,22
55771,Fell Seal: Arbiter's Mark,Mac,3,1,81.5000,5,88.5900,22
55771,Fell Seal: Arbiter's Mark,PlayStation 4,3,1,81.5000,5,88.5900,22
55771,Fell Seal: Arbiter's Mark,Xbox One,3,1,81.5000,5,88.5900,22
55771,Fell Seal: Arbiter's Mark,Nintendo Switch,3,1,81.5000,5,88.5900,22
34366,The Uncertain: Last Quiet Day,PC (Microsoft Windows),4,NULL,NULL,NULL,59.3514,17
34366,The Uncertain: Last Quiet Day,Mac,4,NULL,NULL,NULL,59.3514,17
34366,The Uncertain: Last Quiet Day,PlayStation 4,4,NULL,NULL,NULL,59.3514,17
34366,The Uncertain: Last Quiet Day,Nintendo Switch,4,NULL,NULL,NULL,59.3514,17
52014,Do Not Feed the Monkeys,Linux,6,1,75.0000,1,73.8148,30
52014,Do Not Feed the Monkeys,PC (Microsoft Windows),6,1,75.0000,1,73.8148,30
52014,Do Not Feed the Monkeys,Mac,6,1,75.0000,1,73.8148,30
52014,Do Not Feed the Monkeys,Android,6,1,75.0000,1,73.8148,30
52014,Do Not Feed the Monkeys,iOS,6,1,75.0000,1,73.8148,30
52014,Do Not Feed the Monkeys,PlayStation 4,6,1,75.0000,1,73.8148,30
52014,Do Not Feed the Monkeys,Xbox One,6,1,75.0000,1,73.8148,30
52014,Do Not Feed the Monkeys,Nintendo Switch,6,1,75.0000,1,73.8148,30
35577,Spooky's Jump Scare Mansion,PC (Microsoft Windows),8,NULL,NULL,NULL,69.2897,25
114909,Fractured Minds,PC (Microsoft Windows),3,NULL,NULL,NULL,51.3234,14
114909,Fractured Minds,Mac,3,NULL,NULL,NULL,51.3234,14
114909,Fractured Minds,PlayStation 4,3,NULL,NULL,NULL,51.3234,14
114909,Fractured Minds,Xbox One,3,NULL,NULL,NULL,51.3234,14
114909,Fractured Minds,Nintendo Switch,3,NULL,NULL,NULL,51.3234,14
20331,For the King,Linux,32,2,76.0000,4,62.5277,53
20331,For the King,PC (Microsoft Windows),32,2,76.0000,4,62.5277,53
20331,For the King,Mac,32,2,76.0000,4,62.5277,53
20331,For the King,PlayStation 4,32,2,76.0000,4,62.5277,53
20331,For the King,Xbox One,32,2,76.0000,4,62.5277,53
20331,For the King,Nintendo Switch,32,2,76.0000,4,62.5277,53
103168,Warhammer: Chaosbane,PC (Microsoft Windows),6,3,65.3750,11,73.2860,20
103168,Warhammer: Chaosbane,PlayStation 4,6,3,65.3750,11,73.2860,20
103168,Warhammer: Chaosbane,Xbox One,6,3,65.3750,11,73.2860,20
103168,Warhammer: Chaosbane,PlayStation 5,6,3,65.3750,11,73.2860,20
7232,Velvet Assassin,PC (Microsoft Windows),6,NULL,54.0000,7,45.8159,17
7232,Velvet Assassin,Mac,6,NULL,54.0000,7,45.8159,17
2595,Tropico 4,PC (Microsoft Windows),38,NULL,74.2500,7,79.6720,104
2595,Tropico 4,Mac,38,NULL,74.2500,7,79.6720,104
11714,Chicken Invaders 2: The Next Wave,PC (Microsoft Windows),2,NULL,NULL,NULL,74.8720,12
11714,Chicken Invaders 2: The Next Wave,Mac,2,NULL,NULL,NULL,74.8720,12
477,Commandos 3: Destination Berlin,PC (Microsoft Windows),32,NULL,70.0000,2,74.7309,74
477,Commandos 3: Destination Berlin,Mac,32,NULL,70.0000,2,74.7309,74
8335,Blackguards 2,PC (Microsoft Windows),5,1,73.8000,6,72.8223,11
8335,Blackguards 2,Mac,5,1,73.8000,6,72.8223,11
8335,Blackguards 2,PlayStation 4,5,1,73.8000,6,72.8223,11
8335,Blackguards 2,Xbox One,5,1,73.8000,6,72.8223,11
7844,Septerra Core: Legacy of the Creator,PC (Microsoft Windows),6,NULL,40.0000,1,66.9302,18
653,Commandos 2: Men of Courage,PC (Microsoft Windows),60,NULL,90.0000,1,86.3578,144
653,Commandos 2: Men of Courage,Mac,60,NULL,90.0000,1,86.3578,144
11859,Air-Sea Battle,PC (Microsoft Windows),1,NULL,NULL,NULL,53.6729,13
2235,Centipede,Web browser,5,NULL,75.0000,2,71.6588,43
4604,Millipede,PC (Microsoft Windows),2,NULL,50.0000,1,70.4229,20
4604,Millipede,Web browser,2,NULL,50.0000,1,70.4229,20
31712,Scum,PC (Microsoft Windows),18,6,NULL,NULL,81.3113,13
60,The Secret of Monkey Island,Mac,201,NULL,80.0000,1,86.4664,417
9667,American Truck Simulator,Linux,25,NULL,81.0000,7,81.3491,59
9667,American Truck Simulator,PC (Microsoft Windows),25,NULL,81.0000,7,81.3491,59
9667,American Truck Simulator,Mac,25,NULL,81.0000,7,81.3491,59
125624,Grounded,PC (Microsoft Windows),18,20,78.7500,9,68.1771,46
125624,Grounded,Xbox One,18,20,78.7500,9,68.1771,46
8351,Tabletop Simulator,Linux,15,2,NULL,NULL,81.1860,63
8351,Tabletop Simulator,PC (Microsoft Windows),15,2,NULL,NULL,81.1860,63
8351,Tabletop Simulator,Mac,15,2,NULL,NULL,81.1860,63
134826,Shapez,PC (Microsoft Windows),1,NULL,NULL,NULL,74.3682,12
134826,Shapez,Android,1,NULL,NULL,NULL,74.3682,12
134826,Shapez,iOS,1,NULL,NULL,NULL,74.3682,12
3146,Plants vs. Zombies: Garden Warfare,PC (Microsoft Windows),36,6,79.6842,22,68.1421,98
3146,Plants vs. Zombies: Garden Warfare,PlayStation 4,36,6,79.6842,22,68.1421,98
3146,Plants vs. Zombies: Garden Warfare,Xbox One,36,6,79.6842,22,68.1421,98
5165,Sonic & Sega All-Stars Racing,PC (Microsoft Windows),8,NULL,76.3333,6,74.7806,56
5165,Sonic & Sega All-Stars Racing,Mac,8,NULL,76.3333,6,74.7806,56
5165,Sonic & Sega All-Stars Racing,Android,8,NULL,76.3333,6,74.7806,56
5165,Sonic & Sega All-Stars Racing,iOS,8,NULL,76.3333,6,74.7806,56
9591,AdVenture Capitalist,Linux,20,NULL,70.0000,1,63.1218,93
9591,AdVenture Capitalist,PC (Microsoft Windows),20,NULL,70.0000,1,63.1218,93
9591,AdVenture Capitalist,Mac,20,NULL,70.0000,1,63.1218,93
9591,AdVenture Capitalist,Android,20,NULL,70.0000,1,63.1218,93
9591,AdVenture Capitalist,iOS,20,NULL,70.0000,1,63.1218,93
9591,AdVenture Capitalist,PlayStation 4,20,NULL,70.0000,1,63.1218,93
9591,AdVenture Capitalist,Web browser,20,NULL,70.0000,1,63.1218,93
4674,Angry Birds Star Wars,PC (Microsoft Windows),15,NULL,63.7500,5,75.6433,72
4674,Angry Birds Star Wars,Mac,15,NULL,63.7500,5,75.6433,72
4674,Angry Birds Star Wars,Android,15,NULL,63.7500,5,75.6433,72
4674,Angry Birds Star Wars,iOS,15,NULL,63.7500,5,75.6433,72
4674,Angry Birds Star Wars,PlayStation 4,15,NULL,63.7500,5,75.6433,72
4674,Angry Birds Star Wars,Xbox One,15,NULL,63.7500,5,75.6433,72
19276,Angry Birds Epic,Android,5,NULL,NULL,NULL,71.1770,15
19276,Angry Birds Epic,iOS,5,NULL,NULL,NULL,71.1770,15
19273,Angry Birds 2,PC (Microsoft Windows),10,NULL,65.0000,3,73.0923,33
19273,Angry Birds 2,Android,10,NULL,65.0000,3,73.0923,33
19273,Angry Birds 2,iOS,10,NULL,65.0000,3,73.0923,33
