game_id,name,first_release_date,follow_count,hype_count,critic_rating_value,critic_rating_count,user_rating_value,user_rating_count
49877,Super Mario Bros. Deluxe,1999-05-10 00:00:00.000,1,NULL,82.0000,1,65.1038,25
2216,Vagrant Story,2000-02-10 00:00:00.000,21,NULL,NULL,NULL,82.9745,67
178123,Grand Theft Auto III: The Definitive Edition,2021-11-11 00:00:00.000,4,NULL,NULL,NULL,50.2094,11
413,Final Fantasy X-2,2003-03-13 00:00:00.000,33,NULL,75.0000,2,65.2670,164
6859,Organ Trail: Director's Cut,2012-08-09 00:00:00.000,NULL,NULL,NULL,NULL,73.3350,11
7571,Car Mechanic Simulator 2014,2014-01-24 00:00:00.000,3,NULL,NULL,NULL,60.9291,17
6059,Blood Bowl 2,2015-09-22 00:00:00.000,9,2,68.5000,11,75.3886,17
74859,Point Blank,2008-10-17 00:00:00.000,4,NULL,NULL,NULL,68.8523,13
6522,Nancy Drew: Message in a Haunted Mansion,2000-11-24 00:00:00.000,1,NULL,NULL,NULL,60.0094,11
20228,Sleeping Dogs: Definitive Edition,2014-10-10 00:00:00.000,47,NULL,74.1667,6,82.2714,170
15934,Gargoyle's Quest,1990-05-02 00:00:00.000,1,NULL,70.0000,1,68.6713,22
4845,The LEGO Movie Videogame,2014-02-04 00:00:00.000,16,1,63.5000,10,64.3908,49
12204,Shower With Your Dad Simulator 2015: Do You Still Shower With Your Dad?,2015-09-02 00:00:00.000,3,NULL,NULL,NULL,55.9020,14
535,WildStar,NULL,8,4,80.2000,12,73.3850,25
6815,Sherlock Holmes: The Awakened,2007-02-16 00:00:00.000,4,NULL,61.6667,4,71.3900,17
3679,Dance Dance Revolution,1998-09-26 00:00:00.000,4,NULL,63.0000,4,79.8276,16
2133,Super Stardust HD,2007-06-28 00:00:00.000,4,NULL,83.3333,3,85.6017,22
135449,Crash Bandicoot,2017-06-30 00:00:00.000,1,NULL,NULL,NULL,86.0618,17
139858,Action Taimanin,2019-12-24 00:00:00.000,14,NULL,NULL,NULL,74.8610,21
1178,Lufia II: Rise of the Sinistrals,1995-02-24 00:00:00.000,4,NULL,NULL,NULL,80.9747,28
3812,Ryse: Son of Rome,2013-11-22 00:00:00.000,73,NULL,66.0000,13,70.9150,247
8973,Football Manager 2012,2011-10-21 00:00:00.000,11,NULL,84.0000,2,92.8863,40
19675,Buzz Lightyear of Star Command,2000-09-26 00:00:00.000,1,NULL,30.0000,1,62.9690,16
12381,Fate/unlimited codes,2008-06-11 00:00:00.000,3,NULL,NULL,NULL,79.7498,11
5587,World of Warships,2015-09-17 00:00:00.000,26,10,82.4000,5,69.6788,46
2676,Guitar Hero Encore: Rocks the 80s,2007-07-24 00:00:00.000,3,NULL,67.5000,2,72.1708,19
47716,Inazuma Eleven 2: Blizzard,2009-10-01 00:00:00.000,1,NULL,NULL,NULL,70.4192,11
22301,Super Mario 64 DS,2004-11-21 00:00:00.000,36,1,85.0000,3,80.6137,170
23860,Alley Cat,1983-12-31 00:00:00.000,3,NULL,NULL,NULL,69.6766,15
239064,Grand Theft Auto V,2022-06-15 00:00:00.000,NULL,NULL,NULL,NULL,93.0813,27
49226,Batman: The Video Game,1989-12-22 00:00:00.000,3,NULL,NULL,NULL,73.2420,32
2594,Tropico 3,2009-10-20 00:00:00.000,20,NULL,75.0000,5,75.9435,46
1174,Golden Sun: Dark Dawn,2010-10-28 00:00:00.000,11,NULL,83.7500,7,70.0919,23
7469,Tom Clancy's Splinter Cell: Double Agent,2006-10-17 00:00:00.000,58,NULL,79.2500,5,75.9020,155
8122,Castle of Illusion Starring Mickey Mouse,1990-11-20 00:00:00.000,12,NULL,55.0000,2,70.2595,62
3101,Wasteland 2,2014-09-19 00:00:00.000,35,5,77.5000,12,72.4452,71
4011,50 Cent: Bulletproof,2005-11-17 00:00:00.000,1,NULL,45.0000,2,59.9178,16
3293,Power Rangers Time Force,2001-01-01 00:00:00.000,NULL,NULL,NULL,NULL,61.4831,12
2549,Half-Life: Blue Shift,2001-06-12 00:00:00.000,80,NULL,60.0000,2,72.2590,280
3645,WWF War Zone,1998-07-14 00:00:00.000,3,NULL,NULL,NULL,62.4127,18
20857,One Piece: Pirate Warriors 2,2013-03-30 00:00:00.000,4,NULL,70.0000,2,63.4140,14
10217,Shadow Dancer: The Secret of Shinobi,1990-12-01 00:00:00.000,1,NULL,NULL,NULL,71.2069,18
2859,Scooby-Doo and the Cyber Chase,2001-10-04 00:00:00.000,9,NULL,NULL,NULL,70.1575,16
8446,QuackShot: Starring Donald Duck,1991-09-05 00:00:00.000,5,NULL,NULL,NULL,78.2589,34
119062,Archero,2019-03-23 00:00:00.000,1,NULL,NULL,NULL,77.9012,14
2801,Ben 10: Alien Force,2008-10-28 00:00:00.000,2,NULL,35.0000,2,61.0405,14
4478,Alien Syndrome,1987-01-01 00:00:00.000,1,NULL,NULL,NULL,65.8454,20
2483,Pro Race Driver,2002-08-23 00:00:00.000,8,NULL,76.6667,2,63.7464,14
6744,Half-Life: Source,2004-06-01 00:00:00.000,39,NULL,NULL,NULL,71.1728,78
10661,Assassin's Creed: Bloodlines,2009-11-17 00:00:00.000,13,1,45.0000,3,59.1613,72
338,Half-Life 2: Episode One,2006-06-01 00:00:00.000,250,NULL,86.5000,4,84.1749,731
5923,Strider 2,1999-12-13 00:00:00.000,8,NULL,NULL,NULL,76.7176,15
5972,Ninja Gaiden,2004-03-02 00:00:00.000,21,NULL,92.5000,4,82.3487,41
6738,Half-Life: Decay,2001-11-14 00:00:00.000,9,NULL,NULL,NULL,66.7854,15
10395,Half-Life 2: Lost Coast,2005-10-27 00:00:00.000,26,NULL,NULL,NULL,67.0550,120
6739,Black Mesa,2015-05-05 00:00:00.000,99,7,87.6667,3,89.9044,341
8001,TOCA 2: Touring Car Challenge,1998-12-31 00:00:00.000,7,NULL,NULL,NULL,81.2933,17
21184,Klonoa,2008-12-04 00:00:00.000,2,NULL,73.7500,4,87.1934,15
6929,Splatterhouse,1988-11-01 00:00:00.000,1,NULL,NULL,NULL,66.2843,18
15535,Galaga '88,1987-12-01 00:00:00.000,4,NULL,NULL,NULL,87.4769,15
7364,Little Busters!,2007-07-27 00:00:00.000,14,NULL,90.0000,1,78.3379,15
7968,Colin McRae Rally 3,2002-10-25 00:00:00.000,8,NULL,83.5000,7,80.0120,36
3201,Project I.G.I.: I'm Going In,2000-12-15 00:00:00.000,31,NULL,NULL,NULL,73.4533,80
6075,1942,1984-11-30 00:00:00.000,10,NULL,80.0000,1,66.9670,73
143292,Metro Exodus: Enhanced Edition,2021-05-06 00:00:00.000,7,NULL,91.5000,3,80.2991,17
6081,Um Jammer Lammy,1999-03-18 00:00:00.000,4,NULL,84.0000,1,71.4534,16
7877,The Legend of Korra,2014-10-21 00:00:00.000,8,NULL,51.5000,8,67.1809,28
3147,Aero Fighters,1992-01-01 00:00:00.000,7,NULL,NULL,NULL,83.9003,26
6773,Aero Fighters 2,1994-01-18 00:00:00.000,4,NULL,NULL,NULL,72.7727,17
7660,Tekken Revolution,2013-06-11 00:00:00.000,2,NULL,80.0000,2,65.9176,17
4769,The Conduit,2009-06-23 00:00:00.000,4,NULL,70.0000,7,69.9160,14
6492,Klonoa: Empire of Dreams,2001-07-19 00:00:00.000,2,NULL,NULL,NULL,74.0235,13
5468,After Burner,1987-07-01 00:00:00.000,1,NULL,NULL,NULL,60.1329,19
103340,Xenoblade Chronicles 2: Torna - The Golden Country,2018-09-14 00:00:00.000,6,NULL,81.5000,4,92.4828,25
1599,Gran Turismo 5 Prologue,2007-12-13 00:00:00.000,3,NULL,81.5000,6,63.5665,20
18599,Tetris DS,2006-03-20 00:00:00.000,5,NULL,80.0000,2,79.2583,30
18130,Alto's Adventure,2015-02-19 00:00:00.000,9,1,NULL,NULL,79.9834,44
6920,BlazBlue: Continuum Shift Extend,2011-09-05 00:00:00.000,5,NULL,86.5000,2,69.1245,24
100387,Hyper Scape,2020-08-11 00:00:00.000,23,2,63.5000,4,56.8132,29
1309,Medal of Honor: Frontline,2002-05-28 00:00:00.000,17,NULL,93.3333,2,77.5070,92
2972,The Lord of the Rings: The Fellowship of the Ring,2002-09-26 00:00:00.000,12,NULL,50.7500,4,55.9817,54
1643,James Bond 007: Agent Under Fire,2001-11-13 00:00:00.000,7,NULL,68.6667,4,63.6321,28
3864,Conflict: Desert Storm II,2003-09-19 00:00:00.000,2,NULL,62.5000,2,70.2574,14
9596,Tibia,1997-01-01 00:00:00.000,28,NULL,NULL,NULL,79.2360,50
26359,MU Online,2001-11-01 00:00:00.000,5,NULL,NULL,NULL,62.7698,16
5353,Air Buster,1990-03-31 00:00:00.000,NULL,NULL,NULL,NULL,69.7286,12
6603,Space Channel 5: Part 2,2002-02-14 00:00:00.000,5,NULL,NULL,NULL,79.5872,14
411,Final Fantasy XI Online,2002-05-16 00:00:00.000,13,NULL,63.3333,4,78.5029,30
2542,Fighting Force,1997-10-09 00:00:00.000,18,NULL,NULL,NULL,73.6524,59
1542,Wipeout Pure,2005-03-24 00:00:00.000,4,NULL,90.0000,2,80.0203,11
4275,Flashback: The Quest for Identity,1992-12-01 00:00:00.000,23,NULL,35.0000,0,83.0645,80
5478,Afro Samurai,2009-01-27 00:00:00.000,5,NULL,62.8000,7,49.9923,13
6506,Mario vs. Donkey Kong 2: March of the Minis,2006-09-25 00:00:00.000,1,NULL,78.2500,4,69.7271,18
16718,Viscera Cleanup Detail: Shadow Warrior,2013-10-11 00:00:00.000,8,NULL,NULL,NULL,57.8327,21
82019,Alien vs. Predator,1993-01-08 00:00:00.000,NULL,NULL,NULL,NULL,55.9337,13
827,Outcast,1999-07-31 00:00:00.000,17,NULL,90.0000,1,85.9486,28
13679,Alien vs. Predator,1994-05-20 00:00:00.000,5,NULL,NULL,NULL,88.3231,32
1957,Alone in the Dark 2,1993-12-31 00:00:00.000,6,NULL,NULL,NULL,30.3539,17
2474,Claw,1997-09-05 00:00:00.000,17,NULL,60.0000,1,74.2532,40
2827,The Simpsons: Bart vs. The Space Mutants,1991-12-31 00:00:00.000,2,NULL,NULL,NULL,59.7382,27
1473,Zone of the Enders: The 2nd Runner,2003-02-13 00:00:00.000,8,NULL,69.8000,6,79.0398,25
5600,Metal Gear Solid,2000-04-24 00:00:00.000,11,1,NULL,NULL,82.5089,21
2451,TrackMania United Forever,2008-04-15 00:00:00.000,13,NULL,80.0000,1,81.8531,26
1294,Tom Clancy's Ghost Recon,2001-11-13 00:00:00.000,18,NULL,68.0000,4,74.8157,60
47367,Sega Superstars Tennis,2008-03-17 00:00:00.000,1,NULL,69.4000,7,70.5584,11
1631,James Bond 007: Nightfire,2002-11-18 00:00:00.000,24,NULL,58.3333,3,73.3377,92
2540,Project Gotham Racing 4,2007-10-02 00:00:00.000,7,NULL,90.0000,3,75.3860,20
4689,Lumines,2004-12-12 00:00:00.000,7,NULL,85.0000,5,81.5942,20
5831,Far Cry Instincts,2005-09-27 00:00:00.000,5,NULL,80.0000,6,83.9046,17
4514,Art of Fighting,1992-09-24 00:00:00.000,2,NULL,NULL,NULL,59.9556,27
3370,Hydro Thunder,1999-03-01 00:00:00.000,4,NULL,NULL,NULL,75.9456,19
1978,Bejeweled 3,2010-12-07 00:00:00.000,16,NULL,78.3333,7,75.0167,47
487,Silent Hill: Downpour,2012-03-13 00:00:00.000,19,NULL,69.8750,9,69.7114,59
484,Silent Hill: Origins,2007-11-06 00:00:00.000,18,NULL,80.2500,7,74.5201,89
27907,Rhythm Doctor,2021-02-26 00:00:00.000,2,NULL,NULL,NULL,89.3044,14
5641,Might & Magic X: Legacy,2014-01-23 00:00:00.000,5,NULL,70.0000,3,85.7274,17
641,Colin McRae Rally 04,2003-09-19 00:00:00.000,11,NULL,80.0000,2,77.5478,40
22066,Silent Hill 2: Restless Dreams,2001-12-19 00:00:00.000,2,NULL,90.0000,1,88.5462,17
222485,Silent Hill 2,2012-03-20 00:00:00.000,NULL,NULL,NULL,NULL,92.7055,11
8737,Adventure Island 3,1992-07-31 00:00:00.000,7,NULL,NULL,NULL,61.9568,22
1368,Sniper: Ghost Warrior 2,2013-03-11 00:00:00.000,22,NULL,51.8000,12,61.0835,71
6472,Adventures of Lolo 2,1990-03-20 00:00:00.000,1,NULL,NULL,NULL,78.9736,11
128069,Pokémon Mystery Dungeon: Rescue Team DX,2020-03-06 00:00:00.000,9,1,65.0000,7,78.7780,21
2179,Red Steel 2,2010-03-23 00:00:00.000,5,NULL,79.0000,5,73.4005,12
3179,Vietcong 2,2005-10-24 00:00:00.000,NULL,NULL,67.5000,3,70.3823,17
14207,The Addams Family,1992-01-01 00:00:00.000,2,NULL,NULL,NULL,73.6869,12
5445,Q.U.B.E.,2011-12-17 00:00:00.000,13,NULL,67.5000,2,70.0542,39
11654,P.T.,2014-08-12 00:00:00.000,23,NULL,NULL,NULL,84.0377,70
7711,Betrayer,2014-03-24 00:00:00.000,6,NULL,66.0000,2,61.6358,18
5342,The Addams Family,1992-12-31 00:00:00.000,2,NULL,NULL,NULL,69.3133,15
2060,Yakuza 2,2006-12-07 00:00:00.000,16,NULL,80.0000,3,78.1195,31
2061,Yakuza 3,2009-02-26 00:00:00.000,20,NULL,79.6000,8,81.9017,55
68682,The Painscreek Killings,2017-09-27 00:00:00.000,1,NULL,NULL,NULL,71.8513,18
955,Tex Murphy: Under a Killing Moon,1994-10-15 00:00:00.000,6,NULL,69.0000,1,88.8547,19
1347,The Darkness,2007-06-25 00:00:00.000,27,NULL,81.7500,5,80.2730,73
1778,Mega Man Zero 4,2005-04-21 00:00:00.000,9,NULL,NULL,NULL,78.0620,39
3134,FIFA Soccer 09,2008-10-02 00:00:00.000,23,NULL,79.5000,6,66.8863,82
9508,Boiling Point: Road to Hell,2005-05-20 00:00:00.000,1,NULL,70.0000,2,63.7399,14
7488,WWE Legends of WrestleMania,2009-03-19 00:00:00.000,4,NULL,72.0000,6,50.0086,11
18323,WWE SmackDown! vs. Raw 2006,2005-11-11 00:00:00.000,12,NULL,80.0000,7,65.7257,43
7846,WWE 2K15,2014-10-28 00:00:00.000,8,NULL,53.0667,15,54.1183,43
6461,WWE SmackDown! Shut Your Mouth,2002-10-31 00:00:00.000,9,NULL,80.0000,1,78.2972,24
5300,WWE SmackDown vs. Raw 2010,2009-10-20 00:00:00.000,16,NULL,65.0000,5,66.4152,42
7496,Grand Chase,2003-08-20 00:00:00.000,2,NULL,NULL,NULL,66.3368,13
1013,SoulCalibur V,2012-01-31 00:00:00.000,19,NULL,79.5000,11,68.7295,71
80852,WWE Smackdown! vs. Raw,2004-11-02 00:00:00.000,9,NULL,NULL,NULL,79.1685,24
3013,FireFall,2013-07-09 00:00:00.000,7,NULL,59.0000,4,70.0160,14
6445,WWF SmackDown! Just Bring It,2001-11-16 00:00:00.000,9,NULL,70.0000,1,69.6124,19
12464,Shogo: Mobile Armor Division,1998-09-30 00:00:00.000,6,NULL,NULL,NULL,79.6318,18
22179,Real Racing 3,2013-02-28 00:00:00.000,4,NULL,30.0000,1,80.9712,18
10208,Blockout,1989-11-04 00:00:00.000,1,NULL,NULL,NULL,77.8008,12
6786,Sherlock Holmes: The Mystery of the Mummy,2002-12-29 00:00:00.000,2,NULL,60.0000,1,69.2944,12
1667,Panzer Dragoon,1995-03-10 00:00:00.000,1,NULL,NULL,NULL,70.2349,20
18841,Gibbous: A Cthulhu Adventure,2019-08-07 00:00:00.000,2,2,70.0000,1,74.7476,12
48274,Teenage Mutant Ninja Turtles: Tournament Fighters,1994-02-01 00:00:00.000,2,NULL,NULL,NULL,56.0894,27
4108,Yu-Gi-Oh! Forbidden Memories,1999-12-09 00:00:00.000,20,NULL,59.0000,1,62.8756,69
414,Final Fantasy Tactics Advance,2003-02-14 00:00:00.000,26,NULL,90.0000,1,81.9721,123
8190,Defense Grid: The Awakening,2008-12-08 00:00:00.000,12,NULL,86.0000,2,71.2173,34
4409,Budokan: The Martial Spirit,1989-12-31 00:00:00.000,2,NULL,NULL,NULL,50.6072,11
28234,Sacred 2 Gold,2012-12-22 00:00:00.000,6,NULL,NULL,NULL,76.9248,11
1730,Mega Man Soccer,1994-02-17 00:00:00.000,2,NULL,NULL,NULL,56.0934,19
138538,NHL 21,2020-10-16 00:00:00.000,1,NULL,74.1250,10,79.8589,13
3164,Prince of Persia 2: The Shadow and the Flame,1993-12-31 00:00:00.000,11,NULL,30.0000,1,70.9391,30
13197,Redout,2016-09-02 00:00:00.000,7,NULL,73.7500,4,67.4000,14
1135,Castlevania: Lament of Innocence,2003-10-21 00:00:00.000,9,NULL,78.0000,3,79.2699,41
2109,A Boy and His Blob: Trouble on Blobolonia,1990-01-01 00:00:00.000,3,NULL,77.0000,3,61.9111,19
1944,Zork,1977-05-01 00:00:00.000,6,NULL,NULL,NULL,70.3884,18
1945,Zork II: The Wizard of Frobozz,1978-03-01 00:00:00.000,2,NULL,NULL,NULL,46.6833,13
33569,True Fear: Forsaken Souls Part 1,2016-10-19 00:00:00.000,NULL,NULL,NULL,NULL,80.1223,12
10456,In the Hunt,1993-04-01 00:00:00.000,3,NULL,30.0000,1,79.9913,12
7246,Watchmen: The End Is Nigh,2009-03-04 00:00:00.000,2,NULL,48.0000,5,64.2692,18
19695,RoboCop 3,1992-08-01 00:00:00.000,2,NULL,NULL,NULL,63.3967,18
11221,The Solus Project,2016-06-07 00:00:00.000,12,3,63.6667,6,66.1934,17
39205,Cut the Rope 2,2013-12-19 00:00:00.000,6,1,NULL,NULL,76.6469,13
3643,WWF Attitude,1999-06-03 00:00:00.000,4,NULL,NULL,NULL,78.9373,20
42604,Joe & Mac 2: Lost in the Tropics,1994-02-18 00:00:00.000,1,NULL,NULL,NULL,65.2575,11
7547,Adventures of Lolo 3,1991-09-01 00:00:00.000,1,NULL,NULL,NULL,79.3926,11
4443,James Pond 2: Codename - RoboCod,1991-12-31 00:00:00.000,1,NULL,50.0000,1,62.5851,24
300,Anno 1503,2002-10-25 00:00:00.000,8,NULL,NULL,NULL,79.4127,32
31,Space Quest IV: Roger Wilco and the Time Rippers,1991-01-01 00:00:00.000,3,NULL,NULL,NULL,94.5193,13
5434,Shadow of the Beast,1989-10-01 00:00:00.000,4,NULL,62.5000,4,72.3610,19
7598,Alien Swarm,2010-07-10 00:00:00.000,12,NULL,60.0000,1,70.3885,56
11707,Hacknet,2015-08-12 00:00:00.000,18,NULL,88.0000,1,77.9072,31
6825,Alien Trilogy,1996-02-01 00:00:00.000,6,NULL,80.0000,1,68.6704,30
1924,Police Quest: In Pursuit of the Death Angel,1987-12-01 00:00:00.000,2,NULL,NULL,NULL,60.0124,13
12370,Xybots,1987-12-31 00:00:00.000,NULL,NULL,NULL,NULL,70.5357,11
3662,Adventures of Lolo,1989-04-20 00:00:00.000,6,NULL,77.5000,2,78.7914,33
3448,Bomberman '94,1993-12-10 00:00:00.000,6,NULL,NULL,NULL,87.7542,13
7704,ActRaiser 2,1993-10-29 00:00:00.000,2,NULL,NULL,NULL,79.4257,16
6468,ActRaiser,1990-12-16 00:00:00.000,11,NULL,NULL,NULL,79.3136,51
3720,Kirby's Dream Land 3,1997-11-27 00:00:00.000,9,NULL,NULL,NULL,81.5534,44
3950,Hunter: The Reckoning,2002-05-21 00:00:00.000,2,NULL,70.0000,3,65.1035,12
8432,Shantae,2002-06-02 00:00:00.000,4,NULL,NULL,NULL,73.0849,21
4037,NBA Street V3,2005-02-08 00:00:00.000,2,NULL,87.0000,3,76.8086,14
1600,Gran Turismo 3: A-Spec,2001-04-28 00:00:00.000,30,NULL,100.0000,1,84.6487,93
2261,Gothic,2001-03-15 00:00:00.000,130,NULL,78.0000,1,86.4877,344
5832,FIFA Street,2005-02-22 00:00:00.000,12,NULL,73.2727,11,78.3391,49
3580,Quest 64,1998-06-01 00:00:00.000,3,NULL,NULL,NULL,38.8774,18
3234,Arcania: Gothic 4,2010-10-12 00:00:00.000,11,NULL,64.0000,7,56.4232,58
9067,StarCraft 64,2000-06-13 00:00:00.000,NULL,NULL,NULL,NULL,80.7928,13
3874,Def Jam Vendetta,2003-04-01 00:00:00.000,5,NULL,30.0000,2,75.6114,11
6952,Damnation,2009-05-22 00:00:00.000,4,NULL,50.0000,4,63.3378,12
2380,Rise of the Triad: Dark War,1995-02-17 00:00:00.000,5,NULL,NULL,NULL,74.8524,21
18943,Jackie Chan: Stuntmaster,2000-03-28 00:00:00.000,8,NULL,NULL,NULL,73.5426,29
8117,Lone Survivor,2012-03-27 00:00:00.000,13,NULL,81.3333,4,62.6981,21
6602,Space Channel 5,1999-12-16 00:00:00.000,6,NULL,NULL,NULL,70.7516,18
1828,Fuse,2013-05-28 00:00:00.000,2,NULL,57.5000,11,64.9470,11
19542,Oxygen Not Included,2019-07-30 00:00:00.000,41,7,NULL,NULL,79.9033,88
1472,Zone of the Enders,2001-03-01 00:00:00.000,4,NULL,NULL,NULL,73.3564,37
6194,Tenchu: Wrath of Heaven,2003-03-03 00:00:00.000,11,NULL,80.0000,2,83.4852,31
5884,The King of Fighters 2002,2002-10-10 00:00:00.000,12,NULL,NULL,NULL,66.5246,38
80659,Dumb Ways to Die,2013-05-06 00:00:00.000,2,NULL,NULL,NULL,73.3522,12
2678,Band Hero,2009-11-03 00:00:00.000,4,NULL,76.0000,10,69.0167,20
26789,The Devil on G-String,2008-05-29 00:00:00.000,6,NULL,NULL,NULL,81.5933,20
318,Ragnarok Online,2002-08-31 00:00:00.000,11,NULL,NULL,NULL,77.3526,42
355,Quake III Arena,1999-12-02 00:00:00.000,229,NULL,86.6667,3,83.4690,332
1783,Mega Man Star Force: Dragon,2006-12-14 00:00:00.000,NULL,NULL,NULL,NULL,74.9006,11
9474,Sonic the Hedgehog 4: Episode II,2012-05-15 00:00:00.000,3,NULL,53.0000,4,55.5609,14
5845,Onimusha: Warlords,2001-01-25 00:00:00.000,23,NULL,70.0000,2,80.7792,73
2965,The Lord of the Rings: The Two Towers,2002-10-21 00:00:00.000,26,NULL,65.0000,4,73.3129,104
8237,The Getaway,2002-12-11 00:00:00.000,7,NULL,80.0000,1,75.2938,25
2586,Skate 2,2009-01-21 00:00:00.000,15,NULL,83.0000,6,84.9061,53
2275,Tatsunoko vs. Capcom: Ultimate All Stars,2010-01-26 00:00:00.000,5,NULL,87.3333,5,78.6350,24
24537,The Last Door: Season 2,2016-03-29 00:00:00.000,1,1,65.0000,1,63.8608,11
2021,Mount & Blade,2008-09-30 00:00:00.000,20,NULL,65.2500,4,73.0203,99
21084,Ico & Shadow of the Colossus Collection,2011-09-22 00:00:00.000,3,NULL,95.2500,5,89.3227,12
7275,Atelier Rorona: The Alchemist of Arland,2009-06-25 00:00:00.000,4,NULL,77.5000,11,88.8037,19
21911,LittleBigPlanet,2009-11-17 00:00:00.000,NULL,NULL,81.0000,2,75.3516,22
305,Cossacks II: Napoleonic Wars,2005-04-15 00:00:00.000,5,NULL,65.0000,3,66.8348,12
152660,BioShock,2010-01-05 00:00:00.000,2,NULL,NULL,NULL,77.8001,22
18387,Genital Jousting,2018-01-18 00:00:00.000,49,3,62.5000,3,67.4925,31
5506,Democracy 3,2013-10-14 00:00:00.000,10,NULL,66.5000,2,79.1384,45
54552,Galerians,1999-08-26 00:00:00.000,1,NULL,NULL,NULL,55.2037,16
1842,Tom Clancy's Rainbow Six,1998-08-21 00:00:00.000,14,NULL,NULL,NULL,77.7168,57
117008,Assemble With Care,2019-09-19 00:00:00.000,2,NULL,75.0000,1,70.1143,24
2132,The Binding of Isaac,2011-09-28 00:00:00.000,92,NULL,83.5000,5,81.8616,311
362,Heroes of Might and Magic: A Strategic Quest,1995-08-31 00:00:00.000,12,NULL,75.0000,1,79.9401,41
74732,Etterna,2016-08-26 00:00:00.000,5,NULL,NULL,NULL,87.1732,14
19986,Samurai Shodown II,1994-10-28 00:00:00.000,1,NULL,80.0000,1,81.4185,25
14405,Triple Town,2012-12-06 00:00:00.000,3,NULL,NULL,NULL,79.4013,12
2461,Curse of the Azure Bonds,1989-12-31 00:00:00.000,4,NULL,NULL,NULL,80.0745,12
5169,Sonic Unleashed,2008-11-20 00:00:00.000,14,NULL,65.8333,4,58.5820,114
3145,Plants vs. Zombies 2: It's About Time,2013-08-15 00:00:00.000,23,NULL,80.0000,1,71.9332,85
7276,Atelier Totori: The Adventurer of Arland,2010-06-24 00:00:00.000,4,NULL,71.5000,4,73.9133,14
51820,Heroes of Might and Magic III: Complete,2000-12-31 00:00:00.000,6,NULL,NULL,NULL,94.1061,133
9648,Katawa Shoujo,2012-01-04 00:00:00.000,27,NULL,NULL,NULL,81.0233,79
10743,Sid Meier's Railroads!,2006-10-17 00:00:00.000,5,NULL,75.0000,2,77.0671,11
6517,JoJo's Bizarre Adventure: All Star Battle,2013-08-29 00:00:00.000,9,NULL,70.5000,8,87.0280,18
1619,Mortal Kombat II,1993-11-01 00:00:00.000,47,NULL,NULL,NULL,76.3395,248
1866,Killzone 2,2009-02-25 00:00:00.000,40,NULL,90.2500,10,78.4162,129
1620,Mortal Kombat 3,1995-04-15 00:00:00.000,30,NULL,50.0000,1,73.8885,173
22652,Shadowrun: Dragonfall,2014-02-27 00:00:00.000,15,NULL,82.5000,2,82.6200,35
19508,Alisia Dragoon,1992-02-19 00:00:00.000,2,NULL,NULL,NULL,80.9388,17
119262,Tom Clancy's Rainbow Six Extraction,2022-01-20 00:00:00.000,5,15,77.0000,12,62.8317,19
7969,Colin McRae Rally 2005,2004-09-24 00:00:00.000,13,NULL,80.0000,3,78.7001,43
1618,Mortal Kombat,1992-08-02 00:00:00.000,52,NULL,83.3333,0,68.3469,255
826,Saints Row 2,2008-10-14 00:00:00.000,80,NULL,81.1667,8,72.9875,235
15995,Puzzle Agent,2010-06-04 00:00:00.000,8,NULL,NULL,NULL,61.5806,21
6454,We Love Katamari,2005-07-06 00:00:00.000,10,NULL,89.3333,3,87.8829,35
560,Aliens vs. Predator,2010-02-16 00:00:00.000,34,NULL,74.0000,6,69.1139,129
6459,Katamari Forever,2009-07-23 00:00:00.000,4,NULL,81.0000,5,89.9002,14
61296,Mogeko Castle,2014-03-05 00:00:00.000,NULL,NULL,NULL,NULL,69.7301,15
790,Might and Magic VI: The Mandate of Heaven,1998-04-30 00:00:00.000,16,NULL,NULL,NULL,87.3607,27
2609,Rising Storm,2013-05-30 00:00:00.000,11,NULL,NULL,NULL,76.7429,25
2140,LittleBigPlanet 2,2011-01-18 00:00:00.000,37,NULL,93.7500,8,81.9356,134
18473,Phoenix,1980-12-01 00:00:00.000,4,NULL,90.0000,1,76.8638,11
19614,Boogerman: A Pick and Flick Adventure,1994-11-18 00:00:00.000,4,NULL,NULL,NULL,74.3778,27
114,Star Wars: The Old Republic,2011-12-20 00:00:00.000,74,NULL,85.0000,11,75.9014,181
939,Wizardry 8,2001-11-15 00:00:00.000,5,NULL,NULL,NULL,79.9967,19
18975,Oceanhorn: Monster of Uncharted Seas,2015-03-17 00:00:00.000,8,NULL,72.9167,14,73.2091,17
2867,Ultima III: Exodus,1983-08-23 00:00:00.000,2,NULL,NULL,NULL,51.0931,19
3452,Bomberman 64: The Second Attack!,1999-12-03 00:00:00.000,3,NULL,NULL,NULL,69.2058,11
5433,Sengoku,1991-01-12 00:00:00.000,1,NULL,71.0000,0,60.4483,12
161,Star Wars: Rebel Assault,1993-11-01 00:00:00.000,1,NULL,NULL,NULL,63.8020,18
17459,Defender II,1981-12-31 00:00:00.000,1,NULL,NULL,NULL,55.6005,12
26157,Super Mario Maker for Nintendo 3DS,2016-12-01 00:00:00.000,5,NULL,67.8333,12,79.3769,14
1322,Ty the Tasmanian Tiger,2002-10-08 00:00:00.000,8,NULL,60.0000,2,79.5789,22
6403,Tomodachi Life,2013-04-18 00:00:00.000,4,1,69.7143,8,74.8175,31
23867,PewDiePie's Tuber Simulator,2016-09-28 00:00:00.000,142,7,NULL,NULL,71.7549,64
58782,My Nintendo Picross: The Legend of Zelda Twilight Princess,2016-03-31 00:00:00.000,1,NULL,60.0000,1,72.7837,14
11663,Drakengard 2,2005-06-16 00:00:00.000,5,NULL,63.0000,3,71.0690,13
3453,Bomberman Hero,1998-04-30 00:00:00.000,1,NULL,NULL,NULL,69.7741,16
2868,Ultima II: The Revenge of the Enchantress,1982-08-24 00:00:00.000,2,NULL,NULL,NULL,56.5977,18
12230,Ultima VI: The False Prophet,1990-06-01 00:00:00.000,3,NULL,NULL,NULL,84.3204,19
1253,The Lost Vikings 2,1997-02-27 00:00:00.000,4,NULL,NULL,NULL,80.8791,20
77493,Utawarerumono: Prelude to the Fallen,2018-04-26 00:00:00.000,1,NULL,71.0000,1,70.5226,18
7964,Ittle Dew,2013-07-23 00:00:00.000,5,NULL,81.0000,2,75.4525,14
4182,Star Wars: Rogue Squadron III - Rebel Strike,2003-10-15 00:00:00.000,7,NULL,40.0000,1,75.6734,17
1191,Crash: Mind Over Mutant,2008-10-07 00:00:00.000,4,NULL,59.6667,4,58.3660,50
9938,Aarklash: Legacy,2013-09-12 00:00:00.000,5,NULL,NULL,NULL,75.8936,12
136868,Train Sim World 2,2020-08-20 00:00:00.000,5,NULL,90.0000,1,83.7926,14
1545,Wipeout 2048,2012-01-19 00:00:00.000,7,NULL,83.3333,3,83.4749,15
720,Freedom Force,2002-01-09 00:00:00.000,10,NULL,90.0000,2,74.1837,24
15547,Apocalypse,1998-10-31 00:00:00.000,4,NULL,NULL,NULL,60.7842,14
7033,SpellForce 2: Shadow Wars,2006-04-05 00:00:00.000,9,NULL,88.3333,3,76.7100,24
6789,Darius,1987-12-31 00:00:00.000,2,NULL,NULL,NULL,60.7742,12
2886,Starflight,1986-08-15 00:00:00.000,5,NULL,NULL,NULL,78.9303,16
12588,The King of Fighters '96,1996-07-30 00:00:00.000,10,NULL,NULL,NULL,72.0994,40
9151,Super Punch-Out!!,1994-09-14 00:00:00.000,10,NULL,90.0000,1,81.2853,48
1642,007 Racing,2000-11-20 00:00:00.000,4,NULL,NULL,NULL,62.7665,19
3664,Kid Icarus: Of Myths and Monsters,1991-11-05 00:00:00.000,1,NULL,NULL,NULL,77.0471,13
5384,Advanced Dungeons & Dragons: Eye of the Beholder,1991-12-31 00:00:00.000,11,NULL,NULL,NULL,82.0034,36
121688,Final Fantasy,2000-12-09 00:00:00.000,2,NULL,NULL,NULL,79.3136,26
3545,Mystical Ninja Starring Goemon,1997-08-07 00:00:00.000,3,NULL,NULL,NULL,80.4159,15
2953,Frontier: Elite II,1993-10-01 00:00:00.000,4,NULL,NULL,NULL,82.7955,14
21127,Broken Sword: Shadow of the Templars - The Director's Cut,2009-03-19 00:00:00.000,11,1,83.0000,4,76.4200,39
57372,SoulWorker,2016-04-06 00:00:00.000,16,5,80.0000,1,61.7477,20
18279,BattleTech,2018-04-24 00:00:00.000,22,9,82.2500,9,80.1444,26
9772,And Yet It Moves,2009-04-02 00:00:00.000,4,NULL,78.0000,3,73.1891,25
18683,Metal Gear Solid: VR Missions,1999-09-29 00:00:00.000,10,NULL,70.0000,1,70.1580,42
8070,Eldritch,2013-10-21 00:00:00.000,2,NULL,80.6667,3,61.1595,20
6291,Virtua Tennis,1999-12-31 00:00:00.000,8,NULL,50.0000,2,88.0717,38
11599,Hylics,2015-10-02 00:00:00.000,2,NULL,NULL,NULL,74.3870,16
683,Europa Universalis III,2007-01-23 00:00:00.000,12,NULL,70.0000,1,86.5711,44
3773,Disney's Magical Mirror Starring Mickey Mouse,2002-08-09 00:00:00.000,2,NULL,NULL,NULL,60.9553,11
7870,Boom Beach,2014-03-26 00:00:00.000,4,NULL,NULL,NULL,60.3753,17
1870,Shellshock: Nam '67,2004-09-03 00:00:00.000,5,NULL,60.0000,3,62.7756,12
18870,Championship Manager 4,2003-03-01 00:00:00.000,5,NULL,100.0000,1,89.9077,18
1025,Zelda II: The Adventure of Link,1987-01-14 00:00:00.000,51,NULL,NULL,NULL,65.9358,237
9613,King's Bounty,1990-12-31 00:00:00.000,4,NULL,NULL,NULL,68.2204,15
158982,Final Fantasy III,2021-07-28 00:00:00.000,1,NULL,80.0000,1,79.3800,11
4138,Bust A Groove,1998-01-29 00:00:00.000,3,NULL,NULL,NULL,67.5040,11
31173,Domina,2017-04-03 00:00:00.000,4,NULL,NULL,NULL,68.4397,22
86504,In Other Waters,2020-04-03 00:00:00.000,3,1,71.0000,5,69.9581,15
121346,Risk: Global Domination,2016-12-31 00:00:00.000,NULL,NULL,NULL,NULL,66.3251,23
1118,Castlevania: The Adventure,1989-10-27 00:00:00.000,4,NULL,46.0000,1,44.3281,37
2364,Xenoblade Chronicles,2010-06-10 00:00:00.000,58,NULL,90.5000,8,86.1033,120
1175,Alundra,1997-04-11 00:00:00.000,9,NULL,NULL,NULL,73.0820,22
440,Medieval II: Total War,2006-11-10 00:00:00.000,60,NULL,90.0000,4,86.6259,192
75962,JoJo's Bizarre Adventure: Heritage for the Future,1999-09-13 00:00:00.000,1,NULL,NULL,NULL,89.7245,22
1875,Toribash,2006-03-01 00:00:00.000,6,NULL,NULL,NULL,68.5297,17
1797,Ratchet & Clank: Full Frontal Assault,2012-11-27 00:00:00.000,6,NULL,58.0000,5,61.6314,26
9013,Thirty Flights of Loving,2012-08-20 00:00:00.000,11,NULL,90.0000,1,77.2055,32
1702,Wario Land: Shake It!,2008-07-24 00:00:00.000,3,NULL,78.8333,7,70.1205,13
516,Of Orcs and Men,2012-10-11 00:00:00.000,5,NULL,80.0000,1,72.9678,22
1402,Professor Layton vs. Phoenix Wright: Ace Attorney,2012-11-29 00:00:00.000,21,NULL,82.4000,10,79.0932,33
2923,Donkey Kong Country: Tropical Freeze,2014-02-13 00:00:00.000,51,4,85.9412,12,82.8789,139
1720,Mega Man 7,1995-03-24 00:00:00.000,12,NULL,NULL,NULL,77.7410,74
122649,A Total War Saga: Troy,2020-08-13 00:00:00.000,7,1,76.2500,4,71.8305,18
1133,Castlevania: Harmony of Dissonance,2002-06-06 00:00:00.000,15,NULL,NULL,NULL,75.3429,83
11194,The Legend of Zelda: Tri Force Heroes,2015-10-22 00:00:00.000,16,4,71.8571,10,64.5850,35
12328,Fate/stay night,2007-04-19 00:00:00.000,20,NULL,NULL,NULL,88.2995,47
28168,Code Vein,2019-09-26 00:00:00.000,81,49,72.9091,17,70.7974,124
2963,Dota 2,2013-07-09 00:00:00.000,207,NULL,90.5000,5,79.5222,547
89,Emperor: Battle for Dune,2001-06-12 00:00:00.000,5,NULL,NULL,NULL,76.7102,17
26766,Xenoblade Chronicles 2,2017-12-01 00:00:00.000,93,8,85.1429,18,90.4586,137
7733,Might and Magic: Book One - The Secret of the Inner Sanctum,1986-06-01 00:00:00.000,2,NULL,NULL,NULL,69.7782,12
32021,Dungeon Punks,2016-07-26 00:00:00.000,7,NULL,41.0000,1,61.4248,11
46784,Sengoku 3,2001-01-18 00:00:00.000,1,NULL,NULL,NULL,82.1017,13
141192,NEO: The World Ends with You,2021-07-26 00:00:00.000,1,2,84.1667,7,80.5065,16
103339,Super Mario Party,2018-10-05 00:00:00.000,40,3,72.9091,12,66.6401,117
45964,Touhou Gensoukyou: Lotus Land Story,1998-08-14 00:00:00.000,2,NULL,NULL,NULL,79.8454,12
2931,Cities in Motion 2,2013-04-02 00:00:00.000,6,NULL,NULL,NULL,71.9084,12
103315,Just Dance 2019,2018-10-23 00:00:00.000,8,3,55.0000,4,67.0115,13
115284,The Legend of Zelda: Link's Awakening,2019-09-20 00:00:00.000,38,13,86.6429,16,83.2225,197
2751,Galaga,1981-09-01 00:00:00.000,16,NULL,70.0000,2,73.1959,98
5871,Jurassic Park: Operation Genesis,2003-03-10 00:00:00.000,41,1,74.0000,5,72.1893,38
42654,Ninja Warriors,1994-01-28 00:00:00.000,2,NULL,NULL,NULL,84.9512,14
7727,Linger In Shadows,2008-10-09 00:00:00.000,NULL,NULL,40.0000,2,63.0367,18
6184,SNK vs. Capcom: SVC Chaos,2003-07-24 00:00:00.000,2,NULL,68.0000,2,70.1213,17
152354,Mario Party Superstars,2021-10-28 00:00:00.000,2,1,79.3333,8,84.0505,27
119947,NHL 20,2019-09-13 00:00:00.000,1,NULL,79.1429,9,79.0094,16
4546,WWF WrestleMania: The Arcade Game,1995-10-18 00:00:00.000,2,NULL,NULL,NULL,31.0776,13
35132,LiEat,2016-02-25 00:00:00.000,3,NULL,NULL,NULL,60.8611,11
114411,Among the Sleep: Enhanced Edition,2017-11-02 00:00:00.000,NULL,NULL,NULL,NULL,59.2676,12
26500,Toukiden 2,2016-06-30 00:00:00.000,7,1,74.6154,14,79.9896,5
474,Metal Gear Solid 2: Substance,2002-11-04 00:00:00.000,46,NULL,80.0000,4,87.1362,124
6433,Heart of Darkness,1998-07-04 00:00:00.000,27,NULL,50.0000,0,79.7066,59
192,Maniac Mansion,1987-10-01 00:00:00.000,33,NULL,90.0000,1,86.3773,102
1807,Crazy Taxi 3: High Roller,2002-07-24 00:00:00.000,2,NULL,50.0000,2,72.8206,15
105738,Project Warlock,2018-10-18 00:00:00.000,6,NULL,80.0000,3,68.2205,22
26768,Disgaea 5 Complete,2017-03-03 00:00:00.000,9,1,90.0000,2,84.5218,19
4555,Tiny Toon Adventures,1991-12-20 00:00:00.000,12,NULL,NULL,NULL,74.5047,49
19875,Football Manager 2016,2015-11-13 00:00:00.000,3,NULL,83.8000,6,85.3808,26
76888,Bayonetta 3,2022-10-28 00:00:00.000,21,27,90.2500,7,79.5511,16
1555,Virtua Fighter 5,2006-07-20 00:00:00.000,7,NULL,88.8333,6,79.8028,20
138733,Lacuna,2021-05-20 00:00:00.000,2,2,75.0000,1,66.7464,15
7328,Infamous: First Light,2014-08-26 00:00:00.000,53,2,75.8571,9,74.9054,145
786,MechWarrior 4: Vengeance,2000-11-22 00:00:00.000,2,NULL,NULL,NULL,70.3996,11
39023,Dyna Blaster,1991-02-01 00:00:00.000,2,NULL,NULL,NULL,83.9729,15
3004,DLC Quest,2011-11-02 00:00:00.000,7,NULL,NULL,NULL,69.9738,44
257,"Warhammer 40,000: Dawn of War",2004-09-20 00:00:00.000,52,NULL,86.2500,5,86.6137,154
767,Kohan: Immortal Sovereigns,2001-03-14 00:00:00.000,2,NULL,80.0000,1,89.6125,13
766,Kohan II: Kings of War,2004-09-20 00:00:00.000,3,NULL,77.5000,3,80.3264,17
135295,Stream Racer,2020-06-19 00:00:00.000,12,5,NULL,NULL,84.7692,15
7018,Infernal,2007-02-23 00:00:00.000,4,NULL,0.0000,7,44.6188,16
2872,Rogue,1980-12-31 00:00:00.000,4,NULL,NULL,NULL,75.0296,16
3872,Dead to Rights,2002-06-03 00:00:00.000,5,NULL,60.0000,1,58.7132,21
3007,Dynasty Warriors 4,2003-02-27 00:00:00.000,6,NULL,60.0000,1,65.3465,30
2768,"SpongeBob SquarePants: Lights, Camera, Pants!",2005-10-15 00:00:00.000,2,NULL,40.0000,1,63.0330,19
1454,Suikoden II,1998-12-17 00:00:00.000,33,NULL,100.0000,1,91.8553,89
119402,The Witcher 3: Wild Hunt - Complete Edition,2016-08-29 00:00:00.000,33,2,88.0000,12,98.5565,95
15020,Arc the Lad,1995-06-30 00:00:00.000,1,NULL,NULL,NULL,89.6232,12
18808,Bucky O'Hare,1992-12-31 00:00:00.000,2,NULL,NULL,NULL,88.6500,19
2188,Magic 2014: Duels of the Planeswalkers,2013-06-26 00:00:00.000,5,NULL,76.5000,5,74.3339,17
199116,Brotato,2022-09-27 00:00:00.000,1,1,NULL,NULL,77.9897,21
3986,Mario Superstar Baseball,2005-07-21 00:00:00.000,3,NULL,60.0000,1,62.6990,30
62,The Curse of Monkey Island,1997-10-31 00:00:00.000,108,NULL,NULL,NULL,84.8220,260
11583,Five Nights at Freddy's 4,2015-07-23 00:00:00.000,8,NULL,55.0000,3,69.6987,46
288,Operation Flashpoint: Cold War Crisis,2001-06-22 00:00:00.000,20,NULL,90.0000,1,88.6674,53
11222,Windjammers,1994-01-08 00:00:00.000,6,NULL,79.0000,9,82.7351,21
36534,Lost Sphear,2017-10-12 00:00:00.000,19,1,66.8182,13,60.0867,10
5623,Severance: Blade of Darkness,2001-02-21 00:00:00.000,16,NULL,90.0000,1,87.4005,35
8330,Gothic 3: Forsaken Gods,2008-11-20 00:00:00.000,1,NULL,NULL,NULL,54.3034,23
6874,Rune Factory 4,2012-07-19 00:00:00.000,7,NULL,78.6000,6,77.5317,18
5769,Championship Manager: Season 01/02,2001-10-12 00:00:00.000,7,NULL,90.0000,1,84.0702,24
10916,Burnout Legends,2005-09-13 00:00:00.000,9,NULL,92.5000,2,75.6068,26
125009,Halo 2: Anniversary,2014-11-11 00:00:00.000,3,NULL,80.0000,1,84.2937,36
6488,Disney's DuckTales 2,1993-04-23 00:00:00.000,6,NULL,NULL,NULL,84.5124,41
6294,Worms World Party,2001-04-06 00:00:00.000,44,NULL,80.0000,1,83.5240,118
168537,Football Manager 2022,2021-11-09 00:00:00.000,4,1,90.0000,3,84.6946,28
1390,Dead or Alive Xtreme Beach Volleyball,2003-01-22 00:00:00.000,3,NULL,30.0000,3,56.7161,18
6139,Star Force,1984-12-31 00:00:00.000,NULL,NULL,NULL,NULL,60.3685,15
2259,Boom Blox,2008-05-05 00:00:00.000,3,NULL,76.6667,4,86.0203,12
9461,Stronghold 3,2011-10-25 00:00:00.000,4,NULL,51.6667,3,46.6656,19
2139,Renegade Ops,2011-09-13 00:00:00.000,12,NULL,87.0000,6,66.9747,27
19734,Virtua Fighter,1993-10-15 00:00:00.000,NULL,NULL,NULL,NULL,53.7266,28
18139,Michael Jackson's Moonwalker,1990-07-24 00:00:00.000,10,NULL,NULL,NULL,65.9848,38
2904,DuckTales: Remastered,2013-08-13 00:00:00.000,16,NULL,74.8462,14,76.7912,98
75128,Cube Escape: The Mill,2015-09-01 00:00:00.000,1,NULL,NULL,NULL,69.8062,16
75130,Cube Escape: Theatre,2016-04-11 00:00:00.000,2,NULL,NULL,NULL,70.2683,18
5454,Space Ace,1983-10-01 00:00:00.000,3,NULL,NULL,NULL,69.9874,12
7966,Dirt Showdown,2012-05-23 00:00:00.000,20,NULL,75.2000,11,68.1193,58
2317,Toki Tori,2008-05-20 00:00:00.000,1,NULL,80.0000,4,71.2954,14
80185,Sega Genesis Classics,2018-05-29 00:00:00.000,6,NULL,NULL,NULL,89.7035,13
139077,Football Manager 2021,2020-11-23 00:00:00.000,5,1,88.3333,4,79.6846,25
11391,Digimon World Re:Digitize,2012-07-19 00:00:00.000,3,NULL,NULL,NULL,77.1338,13
1017,Worms Reloaded,2010-08-26 00:00:00.000,7,NULL,79.7500,5,76.0909,36
22744,Dynamite Headdy,1994-08-05 00:00:00.000,NULL,NULL,NULL,NULL,72.3617,23
12183,Tyrants: Fight Through Time,1991-12-31 00:00:00.000,2,NULL,NULL,NULL,79.9260,12
39285,Golden Axe: The Revenge Of Death Adder,1992-05-01 00:00:00.000,7,NULL,NULL,NULL,73.7056,15
8735,Abobo's Big Adventure,2012-01-11 00:00:00.000,2,NULL,NULL,NULL,89.1408,13
11258,Mario & Sonic at the Rio 2016 Olympic Games,2016-06-23 00:00:00.000,4,NULL,68.0000,4,64.0285,11
2359,Total War: Rome II,2013-09-03 00:00:00.000,48,NULL,71.9091,15,78.2968,153
44102,Total War Saga: Thrones of Britannia,2018-05-02 00:00:00.000,11,2,76.4286,7,69.9495,11
14528,Serena,2014-01-30 00:00:00.000,6,NULL,NULL,NULL,75.9845,23
1177,Lufia & the Fortress of Doom,1993-06-25 00:00:00.000,5,NULL,NULL,NULL,63.8542,13
3129,Gain Ground,1988-11-01 00:00:00.000,NULL,NULL,NULL,NULL,70.2639,11
16033,Vectorman,1995-10-24 00:00:00.000,3,NULL,NULL,NULL,80.0583,29
606,Battle Realms,2001-11-07 00:00:00.000,19,NULL,NULL,NULL,77.9792,28
178264,Bad End Theater,2021-10-26 00:00:00.000,NULL,NULL,NULL,NULL,95.0203,17
9278,Endless Legend,2014-09-18 00:00:00.000,19,NULL,81.0000,3,68.2025,60
10091,Hatsune Miku: Project Mirai DX,2015-05-28 00:00:00.000,6,NULL,78.8571,9,79.6517,12
7804,Bubsy in Claws Encounters of the Furred Kind,1993-05-01 00:00:00.000,2,NULL,NULL,NULL,45.8548,25
6405,Gunstar Heroes,1993-09-09 00:00:00.000,14,NULL,60.0000,1,83.5540,59
131970,Fuser,2020-11-09 00:00:00.000,2,1,78.4286,8,75.3693,12
19293,Motorsport Manager,2014-08-21 00:00:00.000,12,1,90.0000,4,85.3640,20
936,World Soccer: Winning Eleven 7 International,2003-10-17 00:00:00.000,11,NULL,87.2500,5,77.2876,46
72944,Silkroad Online,2004-12-31 00:00:00.000,NULL,NULL,NULL,NULL,57.7535,16
24493,Fate/Grand Order,2015-07-30 00:00:00.000,17,2,NULL,NULL,97.4959,45
19776,Urban Reign,2005-09-13 00:00:00.000,2,NULL,44.5000,2,60.4669,11
39295,X-Men: Children of the Atom,1994-12-08 00:00:00.000,1,NULL,NULL,NULL,69.4519,12
3290,Power Rangers: Lightspeed Rescue,2000-06-01 00:00:00.000,NULL,NULL,NULL,NULL,46.7860,12
18681,ISS Pro Evolution 2,2000-08-24 00:00:00.000,6,NULL,NULL,NULL,70.2879,23
80961,Total War: Three Kingdoms,2019-05-23 00:00:00.000,11,4,82.1667,11,80.2345,30
18189,Downfall,2016-02-15 00:00:00.000,12,NULL,NULL,NULL,88.2147,28
115789,Boneworks,2019-12-10 00:00:00.000,1,2,NULL,NULL,58.0371,11
1279,Hearthstone,2014-03-11 00:00:00.000,239,8,88.2222,10,78.8177,566
125165,Diablo IV,2023-06-06 00:00:00.000,3,65,89.6667,11,77.4603,100
28028,Total War: Warhammer II,2017-09-28 00:00:00.000,35,5,87.8750,11,82.2914,71
52006,Noita,2020-10-15 00:00:00.000,15,12,80.5000,4,80.8853,52
37063,South Park: Phone Destroyer,2017-11-09 00:00:00.000,6,NULL,55.0000,3,70.0670,12
103292,Gears 5,2019-09-09 00:00:00.000,59,18,87.8333,17,81.5764,182
6899,Shinobi,1987-11-16 00:00:00.000,5,NULL,60.0000,3,67.9203,35
1684,Fruit Ninja,2010-04-20 00:00:00.000,13,NULL,83.3333,0,72.2538,80
473,Battlefield: Bad Company,2008-06-23 00:00:00.000,33,NULL,88.0000,6,77.2667,121
51226,Gangsters 2: Vendetta,2001-06-06 00:00:00.000,5,NULL,NULL,NULL,90.7290,12
3074,The Great Giana Sisters,1987-05-06 00:00:00.000,7,NULL,90.0000,1,74.9688,24
6375,Digimon: Battle Spirit 2,2002-12-07 00:00:00.000,1,NULL,NULL,NULL,83.9987,13
2335,Mario Party DS,2007-11-08 00:00:00.000,12,NULL,55.0000,2,76.6449,62
8200,Total War: Attila,2015-02-17 00:00:00.000,16,NULL,76.8000,11,73.4144,61
18386,Naruto: Ultimate Ninja,2003-10-23 00:00:00.000,9,NULL,70.0000,4,67.6870,44
922,Tribes 2,2001-03-28 00:00:00.000,6,NULL,84.5000,2,79.9871,12
72472,HuniePop 2: Double Date,2021-02-08 00:00:00.000,3,9,NULL,NULL,70.7803,18
199748,20 Minutes Till Dawn,2022-06-08 00:00:00.000,1,NULL,NULL,NULL,68.5744,14
9265,Spiral Knights,2011-04-04 00:00:00.000,4,NULL,51.0000,2,57.6998,23
8186,LittleBigPlanet Karting,2012-11-06 00:00:00.000,8,NULL,73.3333,7,59.8925,27
15901,StarTropics,1990-12-01 00:00:00.000,8,NULL,NULL,NULL,86.4826,23
2442,Commander Keen in Keen Dreams,1991-12-31 00:00:00.000,7,NULL,58.0000,1,79.4416,20
16369,Golden Axe III,1993-06-25 00:00:00.000,7,NULL,NULL,NULL,78.8980,40
2441,Commander Keen in Invasion of the Vorticons: Keen Must Die!,1990-12-18 00:00:00.000,4,NULL,NULL,NULL,61.9122,16
2445,"Commander Keen in Goodbye, Galaxy!: The Armageddon Machine",1991-12-18 00:00:00.000,8,NULL,NULL,NULL,88.7698,27
85,Dune,1992-03-14 00:00:00.000,15,NULL,NULL,NULL,80.5926,46
576,DC Universe Online,2011-01-11 00:00:00.000,17,NULL,73.7143,12,64.0614,49
3751,Peggle,2007-02-27 00:00:00.000,19,NULL,86.6667,3,73.7011,87
7198,Super Street Fighter IV,2010-04-27 00:00:00.000,10,NULL,90.4000,8,72.7792,45
20310,Unmechanical: Extended Edition,2015-01-30 00:00:00.000,3,NULL,70.0000,4,61.0406,14
9438,The Typing of the Dead: Overkill,2013-10-29 00:00:00.000,4,NULL,70.0000,1,60.0009,14
8774,Grow Home,2015-02-04 00:00:00.000,24,NULL,78.0000,7,72.1451,86
10128,Rock Band 4,2015-10-06 00:00:00.000,9,4,75.7692,15,72.6798,16
2713,Kirby 64: The Crystal Shards,2000-03-24 00:00:00.000,23,NULL,NULL,NULL,74.6402,88
24423,Pokémon Trading Card Game Online,2011-03-24 00:00:00.000,100,1,NULL,NULL,64.5732,41
7317,Haze,2008-05-20 00:00:00.000,4,NULL,60.0000,4,63.1686,16
113109,Marvel Ultimate Alliance 3: The Black Order,2019-07-19 00:00:00.000,7,5,73.8182,14,70.1008,25
1467,Sin and Punishment,2000-11-21 00:00:00.000,4,NULL,NULL,NULL,80.1525,19
1853,Tom Clancy's Rainbow Six: Vegas 2,2008-03-18 00:00:00.000,30,NULL,82.0000,7,77.7040,122
3068,Forza Motorsport 4,2011-10-11 00:00:00.000,26,NULL,85.7143,11,83.7120,60
1401,Professor Layton and the Miracle Mask,2011-02-26 00:00:00.000,15,NULL,85.2000,7,80.0365,35
5658,Atlantis,1982-12-31 00:00:00.000,1,NULL,NULL,NULL,79.1911,11
48240,Star Soldier,1986-06-13 00:00:00.000,NULL,NULL,NULL,NULL,59.6121,11
102123,The Vanishing of Ethan Carter Redux,2015-09-11 00:00:00.000,1,NULL,NULL,NULL,78.5214,16
28107,Marvel Contest of Champions,2014-12-10 00:00:00.000,5,NULL,NULL,NULL,69.9901,15
5139,Scarface: The World Is Yours,2006-07-25 00:00:00.000,19,NULL,78.7500,6,73.3418,43
218,MDK2,2000-03-31 00:00:00.000,20,NULL,90.0000,1,80.6145,57
7139,Ignition,1997-12-31 00:00:00.000,16,NULL,NULL,NULL,88.8312,37
9619,Pilotwings,1990-12-21 00:00:00.000,4,NULL,NULL,NULL,61.3855,32
2186,Wii Fit,2007-12-01 00:00:00.000,4,NULL,73.5000,5,61.5860,47
2928,Super Monkey Ball 2,2002-08-25 00:00:00.000,11,NULL,70.0000,2,74.2661,36
2830,The Simpsons: Bart vs. the World,1991-12-01 00:00:00.000,3,NULL,NULL,NULL,61.4825,17
4243,The Incredible Machine,1992-12-31 00:00:00.000,19,NULL,NULL,NULL,81.2666,39
1355,Jet Force Gemini,1999-10-11 00:00:00.000,11,NULL,NULL,NULL,80.4898,41
2777,Kirby Air Ride,2003-08-11 00:00:00.000,13,NULL,NULL,NULL,76.5262,61
1306,Medal of Honor: Warfighter,2012-10-23 00:00:00.000,32,NULL,48.8889,10,63.1468,121
3726,Kirby: Nightmare in Dream Land,2002-10-25 00:00:00.000,11,NULL,70.0000,1,82.3744,80
122,Left 4 Dead,2008-11-17 00:00:00.000,160,NULL,84.8571,8,80.2853,577
19310,Dragon Ball: Raging Blast,2009-11-09 00:00:00.000,4,NULL,59.0000,4,70.5076,17
127743,Lake,2021-09-01 00:00:00.000,2,8,66.6667,3,69.2071,36
2647,Kirby Super Star Ultra,2008-09-22 00:00:00.000,17,NULL,77.0000,6,80.2404,66
422,LEGO Racers,1999-07-31 00:00:00.000,9,NULL,NULL,NULL,65.5862,65
4983,Madden NFL 07,2006-08-22 00:00:00.000,4,NULL,80.2000,4,66.7478,14
20283,Kingdom Hearts Final Mix,2002-12-26 00:00:00.000,4,NULL,NULL,NULL,75.0032,38
3214,MadWorld,2009-03-10 00:00:00.000,6,NULL,74.8000,6,74.7139,34
143609,Mario Golf: Super Rush,2021-06-24 00:00:00.000,2,1,74.1429,9,69.9744,13
3401,Mario Golf,1999-06-11 00:00:00.000,7,NULL,93.0000,1,70.1639,46
2344,Mario Kart: Double Dash!!,2003-11-07 00:00:00.000,76,NULL,85.0000,3,83.5490,295
79500,Pepsiman,1999-03-04 00:00:00.000,3,NULL,NULL,NULL,66.1005,29
19311,Dragon Ball: Raging Blast 2,2010-11-02 00:00:00.000,2,NULL,54.6667,3,77.8608,25
2256,Super Mario Strikers,2005-11-18 00:00:00.000,11,NULL,NULL,NULL,76.1052,73
11708,Hero Siege,2014-01-29 00:00:00.000,10,NULL,80.0000,1,73.6900,35
3987,Mario Super Sluggers,2008-06-19 00:00:00.000,3,NULL,65.3333,3,70.6464,30
2328,Mario Party 2,1999-12-17 00:00:00.000,29,NULL,NULL,NULL,79.3505,106
15455,Ys: The Oath in Felghana,2005-07-04 00:00:00.000,9,NULL,83.0000,4,80.4536,28
3406,Mario Tennis,2000-07-21 00:00:00.000,26,NULL,NULL,NULL,77.9135,97
6504,Mario Tennis: Power Tour,2005-09-13 00:00:00.000,4,NULL,80.0000,1,87.3866,20
3412,Mischief Makers,1997-06-27 00:00:00.000,2,NULL,NULL,NULL,65.8608,26
12089,Fantastic Dizzy,1993-09-21 00:00:00.000,3,NULL,NULL,NULL,89.6340,14
75994,Potionomics,2022-10-17 00:00:00.000,2,1,87.0000,1,69.5167,12
202,Sam & Max Hit the Road,1993-11-01 00:00:00.000,32,NULL,82.6667,4,85.6091,119
2270,Canabalt,2009-09-01 00:00:00.000,1,NULL,NULL,NULL,73.5903,17
12070,Party Hard,2015-08-25 00:00:00.000,12,NULL,68.9000,11,68.4550,53
148372,Victoria 3,2022-10-25 00:00:00.000,1,1,87.0000,2,67.6806,13
5922,The Ship: Murder Party,2006-09-15 00:00:00.000,3,NULL,79.5000,2,60.0703,21
2896,Crackdown,2007-02-20 00:00:00.000,18,NULL,85.0000,4,73.1505,76
438,Rome: Total War,2004-09-22 00:00:00.000,85,NULL,91.0000,3,82.2671,257
9037,The Blackwell Deception,2011-10-12 00:00:00.000,14,NULL,NULL,NULL,85.2587,41
4463,World Heroes,1992-07-28 00:00:00.000,NULL,NULL,NULL,NULL,60.1985,15
35463,Software Inc.,2015-05-01 00:00:00.000,6,NULL,NULL,NULL,79.7947,12
5929,Midtown Madness 3,2003-06-17 00:00:00.000,4,NULL,85.0000,3,76.4839,11
55536,Mirror,2017-09-21 00:00:00.000,4,NULL,NULL,NULL,70.1501,15
2929,Super Monkey Ball Deluxe,2005-03-15 00:00:00.000,2,NULL,80.0000,1,65.2662,12
75247,The Red Strings Club,2018-01-22 00:00:00.000,16,1,78.0000,8,76.4604,66
120176,Teamfight Tactics,2019-06-26 00:00:00.000,10,NULL,NULL,NULL,81.8198,69
4602,Karateka,1984-12-31 00:00:00.000,5,NULL,70.0000,2,68.7778,19
143502,The Ratchelor: A Rat Dating Sim,2021-02-14 00:00:00.000,79,1,NULL,NULL,80.2453,35
14410,Paragon,2016-06-07 00:00:00.000,19,8,NULL,NULL,77.5438,24
6885,Shin Megami Tensei: Devil Survivor 2,2011-07-28 00:00:00.000,5,NULL,82.4000,5,79.6750,15
75963,JoJo's Bizarre Adventure,1999-10-31 00:00:00.000,1,NULL,NULL,NULL,80.0020,12
9046,Chroma Squad,2015-04-30 00:00:00.000,16,2,71.8571,7,84.2778,37
2337,Mario Party Advance,2005-01-13 00:00:00.000,3,NULL,10.0000,1,60.0137,13
45986,Sonic Colors,2010-12-11 00:00:00.000,2,NULL,NULL,NULL,77.9691,15
4842,Kinect Sports Rivals,2014-04-08 00:00:00.000,1,NULL,64.7143,14,80.0000,2
958,Zeus: Master of Olympus,2000-10-22 00:00:00.000,13,NULL,90.0000,1,68.9259,36
12515,Pokémon Go,2016-07-06 00:00:00.000,113,19,62.7273,11,65.9920,387
11739,Time Crisis,1995-12-01 00:00:00.000,3,NULL,NULL,NULL,72.6672,36
8622,Advanced Dungeons & Dragons: Hillsfar,1989-12-31 00:00:00.000,3,NULL,NULL,NULL,61.6853,11
135381,Pokémon Unite,2021-07-20 00:00:00.000,23,1,75.0000,2,73.0090,41
8371,Outland,2011-04-27 00:00:00.000,17,NULL,85.0000,6,73.6855,40
3383,Harvest Moon: Friends of Mineral Town,2003-04-18 00:00:00.000,8,NULL,NULL,NULL,88.3690,22
570,Prototype,2009-06-09 00:00:00.000,95,NULL,78.3750,10,74.1367,304
46993,The Mirror Lied,2008-05-26 00:00:00.000,NULL,NULL,NULL,NULL,45.6894,12
1172,Golden Sun,2001-08-01 00:00:00.000,32,NULL,90.0000,1,80.7988,108
1173,Golden Sun: The Lost Age,2002-06-28 00:00:00.000,22,NULL,80.0000,1,87.9521,65
217,Sonic Chronicles: The Dark Brotherhood,2008-09-25 00:00:00.000,3,NULL,72.5000,4,63.1286,28
11407,Etherlords,2001-11-12 00:00:00.000,1,NULL,50.0000,1,63.4538,21
2366,Xenoblade Chronicles X,2015-04-29 00:00:00.000,50,11,85.4667,17,82.3607,63
3574,Pokémon Puzzle League,2000-09-25 00:00:00.000,9,NULL,NULL,NULL,76.1649,33
3877,Digimon Rumble Arena 2,2004-07-29 00:00:00.000,6,NULL,NULL,NULL,61.6815,24
3941,Harry Potter and the Chamber of Secrets,2002-11-08 00:00:00.000,60,NULL,NULL,NULL,73.6927,229
76110,Cookies vs. Claus,2017-12-03 00:00:00.000,44,NULL,NULL,NULL,85.7143,14
6705,A Hat in Time,2017-10-05 00:00:00.000,70,10,79.6000,13,84.1507,176
4904,Harry Potter and the Deathly Hallows: Part 1,2010-11-16 00:00:00.000,19,NULL,41.0000,6,50.4432,42
36793,Pokémon Ultra Moon,2017-11-16 00:00:00.000,43,18,82.5000,4,67.4766,71
19286,Swordigo,2012-03-22 00:00:00.000,2,NULL,NULL,NULL,78.3809,11
143614,The Legend of Zelda: Skyward Sword HD,2021-07-16 00:00:00.000,6,2,83.4286,9,75.7185,24
2324,Pokémon Snap,1999-03-21 00:00:00.000,40,NULL,NULL,NULL,76.1713,190
3155,The Lord of the Rings: The Battle for Middle-earth II,2006-03-02 00:00:00.000,74,NULL,80.8333,6,82.3280,197
3699,The Settlers II: 10th Anniversary,2006-09-01 00:00:00.000,15,NULL,NULL,NULL,80.9098,25
4824,Driver: Parallel Lines,2006-03-14 00:00:00.000,20,NULL,66.3333,4,75.2157,39
11836,Scratches,2006-03-08 00:00:00.000,5,NULL,80.0000,1,70.0560,18
11795,Shelter 2,2015-03-09 00:00:00.000,4,NULL,NULL,NULL,70.8398,18
31819,The Hex,2018-10-16 00:00:00.000,4,NULL,70.0000,1,79.6494,22
6289,Virtua Cop,1994-09-01 00:00:00.000,4,NULL,NULL,NULL,70.7117,37
28336,There Is No Game,2015-06-26 00:00:00.000,6,NULL,NULL,NULL,64.6045,24
6997,Frontlines: Fuel of War,2008-02-25 00:00:00.000,6,NULL,76.0000,4,66.4994,20
1796,Ratchet & Clank: All 4 One,2011-10-18 00:00:00.000,15,NULL,73.4000,7,58.9165,46
24289,Naruto: Clash of Ninja 2,2003-12-04 00:00:00.000,1,NULL,62.0000,1,66.4233,12
1263,Sparkster,1994-09-15 00:00:00.000,2,NULL,NULL,NULL,72.7211,11
6606,Star Wars: Episode I - Jedi Power Battles,2000-03-31 00:00:00.000,7,NULL,NULL,NULL,74.0467,23
3189,Project Zomboid,2013-11-08 00:00:00.000,24,3,NULL,NULL,81.6958,81
11694,Disgaea 2: Cursed Memories,2006-02-23 00:00:00.000,1,NULL,85.4000,6,84.0789,13
42790,Yu-Gi-Oh! 5D's Tag Force 4,2009-12-18 00:00:00.000,4,NULL,NULL,NULL,76.5970,14
9155,R.C. Pro-Am,1988-02-01 00:00:00.000,4,NULL,NULL,NULL,79.5258,17
1289,Ratchet & Clank,2002-11-04 00:00:00.000,83,NULL,80.0000,2,81.9040,234
81173,Marie's Room,2018-04-13 00:00:00.000,6,NULL,NULL,NULL,69.8648,27
2258,Red Steel,2006-11-19 00:00:00.000,5,NULL,63.3333,3,63.0951,26
19131,Shin Megami Tensei: Devil Survivor Overclocked,2011-08-23 00:00:00.000,4,NULL,84.0000,2,91.1549,19
8558,Forza Motorsport 6,2015-09-15 00:00:00.000,27,3,83.6429,16,76.4214,44
36721,Realm Grinder,2017-01-24 00:00:00.000,1,NULL,NULL,NULL,80.6186,12
505,Hunted: The Demon's Forge,2011-05-31 00:00:00.000,8,NULL,65.8000,6,63.4273,21
5611,RuneScape,2001-01-04 00:00:00.000,27,NULL,NULL,NULL,79.5061,105
84799,Punch-Out!!,1990-08-02 00:00:00.000,3,NULL,NULL,NULL,80.2751,25
27891,SimCity 4: Deluxe Edition,2003-09-22 00:00:00.000,7,NULL,NULL,NULL,78.3335,22
989,Halo 3: ODST,2009-09-22 00:00:00.000,75,NULL,77.6667,8,75.2400,305
991,Halo 4,2012-11-06 00:00:00.000,131,NULL,87.5000,14,78.6704,441
7777,Beavis and Butt-head,1994-12-31 00:00:00.000,NULL,NULL,NULL,NULL,69.0265,12
3727,Kirby's Avalanche,1995-02-01 00:00:00.000,3,NULL,NULL,NULL,66.6996,14
192192,Sonic Adventure 2,2012-10-02 00:00:00.000,2,NULL,NULL,NULL,59.8168,17
1334,Brothers: A Tale of Two Sons,2013-08-07 00:00:00.000,216,NULL,83.4375,19,81.5303,654
25791,Digimon Masters Online,2016-11-03 00:00:00.000,7,NULL,NULL,NULL,51.9211,12
329,Dungeon Siege,2002-04-05 00:00:00.000,31,NULL,72.0000,3,78.9566,103
3728,Kirby's Block Ball,1995-12-14 00:00:00.000,NULL,NULL,NULL,NULL,70.0568,11
86,Dune II: The Building of a Dynasty,1992-12-01 00:00:00.000,29,NULL,NULL,NULL,89.8804,84
17379,Miscreated,2018-12-18 00:00:00.000,6,NULL,NULL,NULL,58.7610,16
71976,Mario's Picross,1995-03-14 00:00:00.000,2,NULL,NULL,NULL,80.9860,16
2277,Rayman Raving Rabbids,2006-11-19 00:00:00.000,16,1,70.5000,2,70.6311,83
16478,Shardlight,2016-03-08 00:00:00.000,14,1,75.6000,5,80.4578,25
1345,Enclave,2002-03-10 00:00:00.000,17,NULL,81.0000,2,77.3841,44
3399,Golf,1984-05-01 00:00:00.000,8,NULL,NULL,NULL,66.0291,18
3135,FIFA Soccer 08,2007-09-27 00:00:00.000,26,NULL,76.6667,5,73.3129,93
1193,Crash Nitro Kart,2003-11-11 00:00:00.000,7,NULL,77.0000,2,69.4141,60
142213,Spyro the Dragon,2018-11-13 00:00:00.000,3,NULL,NULL,NULL,84.8796,14
95167,Kids,2019-05-28 00:00:00.000,4,2,67.0000,2,67.4036,21
2035,Angry Birds,2009-12-10 00:00:00.000,36,NULL,75.0000,2,74.4083,178
7504,The Forest,2018-04-30 00:00:00.000,51,2,86.0000,7,67.3109,209
3792,Avatar: The Last Airbender,2006-10-10 00:00:00.000,3,NULL,65.0000,6,57.2395,18
647,Command & Conquer,1995-09-26 00:00:00.000,120,NULL,NULL,NULL,84.5663,279
649,Command & Conquer: Generals,2003-02-10 00:00:00.000,65,NULL,NULL,NULL,80.3748,193
1880,Baldur's Gate: Enhanced Edition,2012-11-27 00:00:00.000,27,NULL,78.4000,6,81.4079,62
24839,Butcher,2016-10-05 00:00:00.000,4,NULL,71.6000,6,65.6984,11
4034,NBA Live 06,2005-09-26 00:00:00.000,2,NULL,85.0000,3,89.3162,21
16328,Hidden in Plain Sight,2014-07-16 00:00:00.000,3,NULL,80.0000,1,85.9348,13
12793,Terminator 2: Judgment Day,1992-06-26 00:00:00.000,3,NULL,NULL,NULL,63.5412,17
5668,Commando,1985-04-02 00:00:00.000,9,NULL,80.0000,1,71.9631,45
20668,Zombie Driver,2009-12-04 00:00:00.000,3,NULL,67.5000,2,64.9670,11
3953,Ikaruga,2001-12-20 00:00:00.000,14,NULL,89.0000,9,87.9960,42
103500,NHL 19,2018-09-14 00:00:00.000,1,2,78.8000,6,79.7688,19
3140,The Legend of Dragoon,1999-12-02 00:00:00.000,18,NULL,NULL,NULL,83.5442,69
1190,Crash of the Titans,2007-10-04 00:00:00.000,15,NULL,63.3333,4,71.1771,85
5619,Demon's Souls,2009-02-05 00:00:00.000,107,NULL,88.2500,10,85.1736,309
923,Tribes: Vengeance,2004-10-05 00:00:00.000,3,NULL,76.0000,2,72.8798,11
6168,Insanely Twisted Shadow Planet,2011-08-03 00:00:00.000,4,NULL,75.6667,5,73.7942,19
384,Final Fantasy XIII-2,2011-12-15 00:00:00.000,48,NULL,74.7273,14,71.7268,141
397,Final Fantasy: 20th Anniversary Edition,2007-06-07 00:00:00.000,2,NULL,60.0000,1,79.8259,12
9506,Tribes: Ascend,2012-04-12 00:00:00.000,6,NULL,89.3333,3,77.4183,26
13095,Rival Schools: United by Fate,1997-11-17 00:00:00.000,7,NULL,NULL,NULL,82.4316,28
8397,International Karate +,1987-10-01 00:00:00.000,5,NULL,90.0000,1,84.1800,27
7293,Gauntlet,2014-09-23 00:00:00.000,13,2,68.0000,2,66.1165,49
1214,Dark Cloud,2000-12-14 00:00:00.000,25,NULL,NULL,NULL,81.4005,57
23003,Hard Truck: Apocalypse,2005-12-08 00:00:00.000,3,NULL,40.0000,1,77.7512,12
612,Beneath a Steel Sky,1994-03-01 00:00:00.000,30,NULL,NULL,NULL,76.7441,81
19496,Shadowmatic,2015-01-14 00:00:00.000,2,NULL,NULL,NULL,69.9930,11
4194,Taz: Wanted,2002-09-17 00:00:00.000,1,NULL,NULL,NULL,83.4628,17
11713,Chicken Invaders,1999-12-31 00:00:00.000,3,NULL,NULL,NULL,72.2702,19
1669,Panzer Dragoon II Zwei,1996-03-22 00:00:00.000,1,NULL,NULL,NULL,83.3749,13
37419,Dude Simulator,2017-07-13 00:00:00.000,110,NULL,NULL,NULL,76.1070,33
18124,Akinator,2007-12-31 00:00:00.000,17,NULL,NULL,NULL,65.0343,20
2539,Alpha Protocol,2010-05-28 00:00:00.000,31,NULL,59.1429,9,74.5872,123
6358,Divinity II: Ego Draconis,2010-01-05 00:00:00.000,13,NULL,64.0000,4,81.3826,31
3205,Resistance 2,2008-11-04 00:00:00.000,27,NULL,86.5000,9,74.5773,80
1278,Resistance: Fall of Man,2006-11-11 00:00:00.000,28,NULL,87.0000,6,69.9085,97
50467,Ib,2012-02-27 00:00:00.000,4,NULL,NULL,NULL,80.0542,43
1083,Wipeout,1995-09-29 00:00:00.000,7,NULL,75.0000,2,71.7226,25
5056,NBA 2K11,2010-10-05 00:00:00.000,11,NULL,91.5000,5,88.5338,49
3878,Digimon World 4,2005-01-06 00:00:00.000,5,NULL,NULL,NULL,55.6998,19
8475,Myst V: End of Ages,2005-09-20 00:00:00.000,6,NULL,67.5000,3,71.6505,21
152063,Death Stranding: Director's Cut,2021-09-24 00:00:00.000,7,3,90.8571,9,88.5569,35
795,Motocross Madness 2,2000-05-26 00:00:00.000,5,NULL,80.0000,1,74.3114,18
6841,Raiden,1990-09-01 00:00:00.000,8,NULL,NULL,NULL,79.3289,17
7871,Robocraft,2017-08-24 00:00:00.000,6,2,NULL,NULL,69.3654,24
8323,Insaniquarium Deluxe,2004-09-01 00:00:00.000,7,NULL,NULL,NULL,75.5726,24
47097,Misao,2011-05-26 00:00:00.000,2,NULL,NULL,NULL,75.3478,12
27734,4Story Online,2008-12-31 00:00:00.000,8,NULL,NULL,NULL,58.7101,22
5476,Ace Combat 6: Fires of Liberation,2007-10-23 00:00:00.000,9,NULL,82.5000,3,83.3635,22
3795,Baten Kaitos: Eternal Wings and the Lost Ocean,2003-12-05 00:00:00.000,4,NULL,80.0000,2,88.1032,17
597,America's Army,2002-07-04 00:00:00.000,2,NULL,60.0000,1,70.0016,11
4196,Teenage Mutant Ninja Turtles 2: Battle Nexus,2004-10-19 00:00:00.000,5,NULL,54.0000,1,61.7022,16
4631,Midnight Club II,2003-04-09 00:00:00.000,13,NULL,85.2500,7,75.2602,33
21560,The Silver Case,2016-10-07 00:00:00.000,10,2,67.8000,11,65.2149,18
13096,Project Justice,2000-12-17 00:00:00.000,1,NULL,NULL,NULL,80.9101,15
2190,Rabbids Go Home,2009-11-01 00:00:00.000,1,NULL,79.2500,5,73.6380,11
80594,GunZ: The Duel,2004-02-14 00:00:00.000,2,NULL,NULL,NULL,78.9200,13
18940,Combat Arms,2007-11-01 00:00:00.000,4,NULL,70.0000,2,79.9070,12
26189,GunBound,2005-06-01 00:00:00.000,4,NULL,NULL,NULL,76.6901,15
2977,Mortal Kombat: Komplete Edition,2012-02-28 00:00:00.000,43,NULL,83.7778,11,81.3297,89
3273,The Void,2008-04-17 00:00:00.000,7,NULL,80.0000,2,79.4701,21
17477,Top Gunner,1986-10-15 00:00:00.000,5,NULL,NULL,NULL,79.5149,26
24428,Sundered,2017-07-28 00:00:00.000,25,2,79.0909,14,84.5455,22
87514,Granny,2017-11-24 00:00:00.000,15,NULL,NULL,NULL,71.8415,15
2331,Mario Party 5,2003-11-10 00:00:00.000,16,NULL,50.0000,2,71.0181,62
2187,Wii Fit Plus,2009-10-01 00:00:00.000,3,NULL,78.6667,4,71.0881,22
2334,Mario Party 7,2005-07-11 00:00:00.000,9,NULL,30.0000,1,72.3744,55
2333,Mario Party 6,2004-11-18 00:00:00.000,10,NULL,40.0000,1,59.7150,49
86386,Teenage Mutant Ninja Turtles,1989-05-12 00:00:00.000,3,NULL,NULL,NULL,65.9998,27
39185,8 Ball Pool,2013-01-23 00:00:00.000,3,NULL,NULL,NULL,70.0064,17
19454,Deadlight: Director's Cut,2016-06-21 00:00:00.000,12,1,68.8571,7,71.1551,30
9707,Audiosurf 2,2013-10-02 00:00:00.000,8,NULL,NULL,NULL,76.5645,33
4600,Excitebike,1984-11-28 00:00:00.000,20,NULL,NULL,NULL,72.2675,134
45143,The Legend of Zelda: Four Swords - Anniversary Edition,2011-09-28 00:00:00.000,5,NULL,NULL,NULL,69.5489,18
11065,Ratchet & Clank,2016-04-12 00:00:00.000,107,16,84.2222,20,80.4603,375
2547,Zool,1992-07-01 00:00:00.000,9,NULL,NULL,NULL,82.9824,24
2583,Dragon Ball Z: Battle of Z,2014-01-23 00:00:00.000,3,NULL,56.6250,9,59.6884,18
10152,Speedball 2: Brutal Deluxe,1990-11-01 00:00:00.000,2,NULL,75.0000,2,73.6262,13
6268,Pandemonium!,1996-10-31 00:00:00.000,10,NULL,68.0000,2,75.7690,40
10192,The Ultimate Doom,1995-04-30 00:00:00.000,29,NULL,90.0000,1,86.9236,66
1149,Castlevania: Lords of Shadow - Mirror of Fate,2013-03-05 00:00:00.000,7,NULL,71.6000,13,66.1358,24
7609,Until Dawn,2015-08-25 00:00:00.000,195,14,79.5000,18,80.2914,556
114032,Power Rangers: Battle for the Grid,2019-03-26 00:00:00.000,NULL,NULL,55.0000,4,79.8845,16
26193,Uncharted: The Lost Legacy,2017-08-22 00:00:00.000,166,13,86.7727,25,82.7249,407
3099,Door Kickers,2014-10-20 00:00:00.000,11,1,84.5000,2,71.9044,31
6914,Bionic Commando,2009-05-19 00:00:00.000,10,NULL,69.1667,7,67.0464,38
19731,Sonic Labyrinth,1995-11-17 00:00:00.000,NULL,NULL,NULL,NULL,57.0498,11
7391,Puppeteer,2013-09-05 00:00:00.000,10,NULL,79.5714,9,84.0482,29
2950,Age of Empires II: HD Edition,2013-04-09 00:00:00.000,52,NULL,50.0000,1,84.5991,175
350,Battlefield Heroes,2009-06-25 00:00:00.000,15,NULL,70.0000,2,74.9001,51
554,Driver: San Francisco,2011-09-02 00:00:00.000,45,NULL,81.5000,9,75.2800,134
10479,Kairo,2013-01-25 00:00:00.000,3,NULL,80.0000,1,79.0919,12
3199,Dead Rising 3,2013-11-22 00:00:00.000,36,NULL,75.5625,17,67.9321,111
3343,Snowboard Kids 2,1999-02-19 00:00:00.000,6,NULL,70.0000,1,80.9720,15
42876,Street Fighter Alpha 3 MAX,2006-01-19 00:00:00.000,1,NULL,NULL,NULL,81.9496,14
10500,Blazing Star,1998-01-19 00:00:00.000,4,NULL,NULL,NULL,70.6071,11
1315,Medal of Honor: Heroes 2,2007-11-13 00:00:00.000,2,NULL,65.6667,4,69.2977,11
20556,Star Fox Command,2006-08-03 00:00:00.000,2,NULL,70.0000,3,69.8739,12
164,Star Wars: Shadows of the Empire,1996-12-01 00:00:00.000,4,NULL,65.0000,1,67.5184,55
7304,FIFA Street 3,2008-02-18 00:00:00.000,7,NULL,66.6667,4,69.3541,25
11966,Black Tiger,1987-08-01 00:00:00.000,1,NULL,NULL,NULL,72.0271,12
77378,Super Mario All-Stars + Super Mario World,1994-12-01 00:00:00.000,4,NULL,NULL,NULL,95.5681,21
81197,Super Mario Advance,2001-03-21 00:00:00.000,5,NULL,85.0000,1,79.5633,30
38297,Street Fighter EX plus Alpha,1997-07-17 00:00:00.000,2,NULL,NULL,NULL,68.3233,15
28951,F1 2017,2017-08-25 00:00:00.000,16,2,83.2727,13,82.2659,27
222099,Super Mario Bros. 3,1993-07-14 00:00:00.000,1,NULL,NULL,NULL,80.6646,13
1067,Super Mario Bros. 2,1988-10-09 00:00:00.000,94,NULL,NULL,NULL,76.5793,469
9602,Super Smash Bros. for Wii U,2014-11-21 00:00:00.000,88,NULL,95.2727,12,84.1600,285
2739,Tetris Attack,1996-08-01 00:00:00.000,6,NULL,NULL,NULL,82.8385,27
7335,Splatoon,2015-05-28 00:00:00.000,60,24,81.0000,18,81.2954,107
30002,Lobotomy Corporation,2018-04-09 00:00:00.000,4,NULL,NULL,NULL,74.0251,11
109457,New Super Mario Bros. U Deluxe,2019-01-11 00:00:00.000,6,2,82.7778,11,71.6554,43
10613,Killer Instinct Gold,1996-11-25 00:00:00.000,2,NULL,65.0000,1,70.6276,19
45967,Touhou Rei'iden: The Highly Responsive to Prayers,1996-11-01 00:00:00.000,3,NULL,NULL,NULL,50.5765,14
759,Command & Conquer: Red Alert 3 - Uprising,2009-03-12 00:00:00.000,10,NULL,60.0000,2,72.8309,30
2000,Postal,1997-09-24 00:00:00.000,12,NULL,NULL,NULL,68.3409,54
1606,Empire Earth III,2007-11-06 00:00:00.000,5,NULL,40.0000,4,57.0830,12
2115,Titanfall,2014-03-11 00:00:00.000,83,10,83.7143,25,80.1841,205
3629,Wave Race 64,1996-09-27 00:00:00.000,15,NULL,NULL,NULL,73.3370,61
5294,WWE '12,2011-11-22 00:00:00.000,9,NULL,75.0000,5,79.7315,23
11325,The Oregon Trail,1971-12-03 00:00:00.000,7,NULL,NULL,NULL,81.7901,26
206336,Holocure: Save the Fans!,2022-06-24 00:00:00.000,16,NULL,NULL,NULL,76.9326,12
101006,Gran Turismo 7,2022-03-04 00:00:00.000,5,14,86.7500,11,80.3739,30
8697,Shadowgate,1987-07-30 00:00:00.000,5,NULL,NULL,NULL,83.7436,20
6697,Yu-Gi-Oh! The Sacred Cards,2002-07-04 00:00:00.000,2,NULL,NULL,NULL,60.3066,17
306,Far Cry,2004-03-23 00:00:00.000,104,NULL,87.5000,3,77.9082,423
54844,Ion Fury,2019-08-15 00:00:00.000,11,2,84.0000,8,78.1478,27
6179,Sudeki,2004-07-20 00:00:00.000,5,NULL,66.2500,4,76.9338,15
17131,BeamNG.drive,2015-04-05 00:00:00.000,22,NULL,NULL,NULL,77.0919,38
242,Cossacks: European Wars,2001-03-30 00:00:00.000,21,NULL,80.0000,1,79.3887,52
3798,Dungeon Master,1987-12-15 00:00:00.000,5,NULL,NULL,NULL,90.0205,23
8548,Call of Duty: Black Ops - Declassified,2012-11-13 00:00:00.000,2,NULL,42.7500,4,54.7488,11
2037,Hearts of Iron II,2005-04-01 00:00:00.000,5,NULL,84.0000,2,81.3477,19
11037,Victoria II,2010-08-13 00:00:00.000,12,NULL,76.0000,1,81.9475,46
8738,The Basement Collection,2012-08-31 00:00:00.000,7,NULL,80.0000,1,70.3394,14
20052,Heroes of Might & Magic III: HD Edition,2015-01-28 00:00:00.000,4,NULL,65.3333,3,53.2757,13
79824,Old School RuneScape,2013-02-22 00:00:00.000,4,NULL,77.0000,1,73.7918,44
159,Star Wars: Force Commander,2000-03-22 00:00:00.000,1,NULL,NULL,NULL,53.6411,13
1028,The Legend of Zelda: Link's Awakening,1993-06-06 00:00:00.000,70,NULL,80.0000,0,86.8898,181
1310,Medal of Honor: Pacific Assault,2004-11-02 00:00:00.000,55,NULL,82.3333,3,78.0906,137
7468,Tom Clancy's EndWar,2008-11-04 00:00:00.000,3,NULL,77.8000,6,60.1947,11
11712,DreadOut,2014-05-15 00:00:00.000,7,NULL,40.0000,2,28.0195,23
3949,Hulk,2003-05-27 00:00:00.000,6,NULL,NULL,NULL,64.0751,33
2672,Guitar Hero 5,2009-09-01 00:00:00.000,9,NULL,81.4000,8,71.5253,56
2248,Frozen Synapse,2011-05-26 00:00:00.000,11,NULL,89.0000,3,77.0807,23
6391,Driver 2: Back on the Streets,2000-11-13 00:00:00.000,28,NULL,50.0000,1,71.6846,76
18352,Call of Duty: Black Ops II - Care Package,2012-11-13 00:00:00.000,10,1,NULL,NULL,80.0872,16
14147,Jotun,2015-09-29 00:00:00.000,18,NULL,85.0000,4,74.9445,34
2601,Aegis Wing,2007-05-16 00:00:00.000,1,NULL,NULL,NULL,59.7372,13
1522,Pokémon White Version,2010-09-18 00:00:00.000,41,NULL,80.0000,1,81.4011,201
79247,3D Pinball: Space Cadet,1995-10-31 00:00:00.000,3,NULL,NULL,NULL,71.3861,20
8353,Pokémon White Version 2,2012-06-23 00:00:00.000,35,NULL,80.0000,3,81.4459,127
19601,Deus Ex GO,2016-08-18 00:00:00.000,8,NULL,83.0000,6,65.9249,21
102873,"Pokémon: Let's Go, Eevee!",2018-11-16 00:00:00.000,40,8,80.0000,2,69.7157,122
37382,Pokémon Sword,2019-11-15 00:00:00.000,78,25,82.3636,11,72.3074,185
3698,The Settlers: Heritage of Kings,2005-02-18 00:00:00.000,11,NULL,55.0000,4,75.1697,22
20602,Naruto: Uzumaki Chronicles,2005-09-18 00:00:00.000,2,NULL,63.3333,3,68.9522,18
15915,Biker Mice From Mars,1994-12-01 00:00:00.000,4,NULL,40.0000,2,69.4458,13
10029,Infinity Blade,2010-12-09 00:00:00.000,5,NULL,NULL,NULL,64.9565,16
9674,Star Fox 2,2017-09-29 00:00:00.000,4,NULL,62.5000,6,69.9810,12
14674,Valkyria Chronicles 2,2010-01-21 00:00:00.000,6,NULL,88.0000,4,73.8910,12
7622,Nancy Drew: Stay Tuned for Danger,1999-11-13 00:00:00.000,1,NULL,NULL,NULL,62.4220,14
43322,Sonic the Hedgehog Chaos,1993-10-25 00:00:00.000,3,NULL,NULL,NULL,69.9682,20
21945,Yu-Gi-Oh! GX: Tag Force 2,2007-09-18 00:00:00.000,7,NULL,60.0000,1,83.2467,17
7624,Nancy Drew: The Final Scene,2001-11-01 00:00:00.000,NULL,NULL,NULL,NULL,67.0682,12
754,IL-2 Sturmovik,2001-11-18 00:00:00.000,6,NULL,NULL,NULL,76.7944,15
8621,Samorost 2,2005-12-08 00:00:00.000,19,NULL,NULL,NULL,76.9601,60
39244,Shadow Fight 2,2014-05-01 00:00:00.000,5,NULL,61.5000,2,80.4894,24
88818,Dragon Ball Z: Dokkan Battle,2015-07-16 00:00:00.000,2,NULL,NULL,NULL,70.0465,12
564,Rogue Warrior,2009-11-26 00:00:00.000,8,NULL,54.0000,4,47.5370,33
9627,Gnomoria,2016-02-23 00:00:00.000,11,1,NULL,NULL,86.5189,16
2969,Rain,2013-10-01 00:00:00.000,9,NULL,78.5000,12,75.7154,29
3994,Mat Hoffman's Pro BMX,2001-05-14 00:00:00.000,4,NULL,NULL,NULL,69.8919,21
28389,Plok,1993-09-01 00:00:00.000,3,NULL,NULL,NULL,85.6528,15
145,Star Wars Galaxies: An Empire Divided,2003-06-26 00:00:00.000,4,NULL,75.0000,4,79.6698,17
9597,Solatorobo: Red the Hunter,2010-10-28 00:00:00.000,7,NULL,79.3333,5,89.7118,11
1132,Castlevania: Circle of the Moon,2001-03-21 00:00:00.000,14,NULL,90.0000,1,66.2130,93
7289,Always Sometimes Monsters,2014-05-21 00:00:00.000,6,NULL,81.0000,5,70.1030,21
105416,The Walking Dead: Saints & Sinners,2020-01-23 00:00:00.000,9,1,84.2500,5,70.4090,11
7311,Lost Horizon,2010-09-24 00:00:00.000,5,NULL,NULL,NULL,71.0667,15
19438,Turmoil,2016-06-02 00:00:00.000,12,NULL,NULL,NULL,69.4621,40
1677,Wild Arms,1996-12-20 00:00:00.000,10,1,80.0000,1,80.1038,29
2677,Guitar Hero: Smash Hits,2009-06-16 00:00:00.000,3,NULL,74.7500,7,63.6106,18
135142,New Pokémon Snap,2021-04-29 00:00:00.000,2,4,81.2500,14,73.9083,31
7605,S.T.A.L.K.E.R.: Call of Pripyat,2009-10-02 00:00:00.000,61,NULL,78.6667,4,78.0416,183
6737,Sherlock Holmes Versus Jack the Ripper,2009-05-24 00:00:00.000,14,NULL,66.0000,3,73.5492,37
4788,Octodad: Dadliest Catch,2014-01-30 00:00:00.000,17,NULL,73.6364,11,71.1721,67
1908,Neverwinter,2013-06-20 00:00:00.000,23,NULL,73.1818,13,64.7869,58
39048,Ghosts 'n Goblins,1986-11-01 00:00:00.000,NULL,NULL,62.0000,0,50.6262,11
1934,Red Baron,1990-01-01 00:00:00.000,5,NULL,NULL,NULL,86.5234,14
682,Europa Universalis II,2001-11-12 00:00:00.000,11,NULL,NULL,NULL,81.8180,14
2545,Dragon Ball Z: Super Butouden,1993-03-20 00:00:00.000,1,NULL,NULL,NULL,71.0052,19
5146,Secret Files 2: Puritas Cordis,2008-08-29 00:00:00.000,9,NULL,55.0000,2,71.1759,15
20008,Muramasa Rebirth,2013-03-28 00:00:00.000,5,NULL,80.0000,4,80.2573,12
4612,Devil World,1984-10-05 00:00:00.000,NULL,NULL,NULL,NULL,70.0303,11
2550,Dragon Ball Z: Super Butouden 3,1994-09-29 00:00:00.000,NULL,NULL,NULL,NULL,70.4507,14
5575,FIFA Street,2012-03-13 00:00:00.000,4,NULL,NULL,NULL,60.4926,39
2546,Dragon Ball Z: Super Butouden 2,1993-12-17 00:00:00.000,2,NULL,NULL,NULL,79.8773,14
7866,F1 2014,2014-10-02 00:00:00.000,7,1,62.7143,8,73.4315,18
2472,Prince of Persia,1989-10-03 00:00:00.000,77,NULL,NULL,NULL,82.2132,238
1201,Tales of Destiny,1997-12-23 00:00:00.000,5,NULL,NULL,NULL,82.9659,21
18718,Clock Tower,1995-09-14 00:00:00.000,11,NULL,NULL,NULL,70.1527,25
8342,Mortyr 2093-1944,1999-12-31 00:00:00.000,3,NULL,NULL,NULL,59.5267,11
2182,Wii Sports Resort,2009-07-24 00:00:00.000,22,NULL,90.0000,5,78.3316,140
2181,Wii Sports,2006-11-19 00:00:00.000,43,NULL,75.0000,3,74.9422,313
119225,Vampire: The Masquerade - Coteries of New York,2019-12-11 00:00:00.000,2,5,72.0000,3,70.1028,13
6702,Street Fighter Alpha: Warriors' Dreams,1995-06-05 00:00:00.000,3,NULL,70.0000,1,73.6705,35
5416,Twisted Metal,2012-02-14 00:00:00.000,8,NULL,81.2500,4,61.0038,29
1202,Tales of Eternia,2000-11-30 00:00:00.000,8,NULL,80.0000,1,80.5315,25
2686,Star Fox Adventures,2002-09-22 00:00:00.000,25,NULL,60.0000,2,71.1638,90
9919,The Technomancer,2016-06-28 00:00:00.000,24,11,61.7222,19,69.4980,20
28282,A Case of Distrust,2018-02-08 00:00:00.000,4,4,79.3333,4,68.7916,13
8804,SimFarm,1993-12-31 00:00:00.000,5,NULL,NULL,NULL,80.9165,11
18021,Top Gun,1987-11-24 00:00:00.000,3,NULL,NULL,NULL,72.2186,25
11767,Hatsune Miku: Project Diva Extend,2011-11-10 00:00:00.000,NULL,NULL,NULL,NULL,79.5596,12
47381,Dirt 3: Complete Edition,2012-04-20 00:00:00.000,6,NULL,NULL,NULL,74.2925,22
7687,Battleborn,2016-05-03 00:00:00.000,13,6,73.0625,19,61.8275,30
14733,World Soccer Winning Eleven 6: Final Evolution,2002-10-25 00:00:00.000,5,NULL,NULL,NULL,70.1594,15
19114,Spider-Man,2002-04-15 00:00:00.000,27,NULL,74.5000,4,67.2819,122
4575,X-Men Legends,2004-09-21 00:00:00.000,10,NULL,75.0000,4,76.6269,25
9051,Zombie Driver HD,2012-10-17 00:00:00.000,7,NULL,60.0000,1,71.6497,15
10958,The Next Big Thing,2011-04-21 00:00:00.000,6,NULL,NULL,NULL,70.7767,14
11755,Hatsune Miku: Project Diva 2nd,2010-06-29 00:00:00.000,1,NULL,NULL,NULL,82.3551,16
11754,Hatsune Miku: Project Diva,2009-07-02 00:00:00.000,NULL,NULL,NULL,NULL,69.2199,15
5930,Midtown Madness 2,2000-09-22 00:00:00.000,6,NULL,90.0000,1,65.9623,32
6990,Eternal Sonata,2007-06-14 00:00:00.000,15,NULL,75.0000,5,73.8335,26
2949,Killing Floor,2009-05-14 00:00:00.000,42,NULL,68.0000,5,72.9921,127
9637,Orcs Must Die! Unchained,2017-03-19 00:00:00.000,9,4,82.5000,2,74.9166,15
41878,Uncharted: Drake's Fortune Remastered,2015-10-07 00:00:00.000,9,NULL,NULL,NULL,73.2022,97
12908,Ultima Underworld: The Stygian Abyss,1992-03-11 00:00:00.000,8,NULL,NULL,NULL,74.4226,23
2901,Spartan X,1984-12-01 00:00:00.000,5,NULL,NULL,NULL,62.9229,49
1615,Mortal Kombat: Unchained,2006-11-13 00:00:00.000,4,NULL,NULL,NULL,59.9808,11
109826,Super Animal Royale,2018-12-12 00:00:00.000,9,NULL,NULL,NULL,63.3765,16
301,Microsoft Flight Simulator X,2006-10-10 00:00:00.000,13,NULL,79.6667,4,77.1189,18
103303,The Elder Scrolls: Blades,2019-03-27 00:00:00.000,19,10,30.0000,1,61.3136,34
9604,TagPro,2013-02-01 00:00:00.000,152,NULL,NULL,NULL,83.4829,176
12203,Rick Dangerous 2,1990-12-31 00:00:00.000,6,NULL,NULL,NULL,76.2150,18
7176,Saw,2009-10-06 00:00:00.000,2,NULL,40.0000,3,70.7307,29
6709,Street Fighter III 2nd Impact: Giant Attack,1997-10-18 00:00:00.000,2,NULL,NULL,NULL,79.1814,14
7316,Gran Turismo 6,2013-12-05 00:00:00.000,29,NULL,82.9091,13,82.5448,67
8501,Asterix and the Great Rescue,1993-11-01 00:00:00.000,NULL,NULL,NULL,NULL,59.3013,17
6690,Fatal Fury 3: Road to the Final Victory,1995-03-27 00:00:00.000,1,NULL,NULL,NULL,69.4351,18
102,Need for Speed: Shift,2009-09-15 00:00:00.000,42,NULL,79.5000,8,73.5207,177
4840,S.T.A.L.K.E.R.: Clear Sky,2008-08-22 00:00:00.000,48,2,82.3333,4,72.7940,145
4204,Terminator Salvation,2009-05-07 00:00:00.000,4,NULL,42.0000,6,37.1508,23
196230,Stacklands,2022-04-08 00:00:00.000,NULL,NULL,NULL,NULL,79.3157,14
308,Black & White,2001-03-25 00:00:00.000,34,NULL,NULL,NULL,75.8032,110
26968,Cayne,2017-01-24 00:00:00.000,11,NULL,NULL,NULL,54.7341,20
1737,Mega Man V,1994-07-22 00:00:00.000,4,NULL,NULL,NULL,77.3267,14
2691,Rock Band 3,2010-10-26 00:00:00.000,12,NULL,87.5000,5,82.5212,37
14452,Astérix & Obelix,1995-12-31 00:00:00.000,3,NULL,NULL,NULL,64.4669,19
18371,Escape Plan,2012-02-14 00:00:00.000,4,NULL,65.0000,3,66.8149,11
8758,Anomaly: Warzone Earth,2011-04-08 00:00:00.000,7,NULL,84.6000,7,73.4522,21
95014,Dragon Ball Legends,2018-05-17 00:00:00.000,4,2,NULL,NULL,60.0132,13
15536,Escape from Tarkov,2017-07-27 00:00:00.000,36,24,0.0000,2,75.2010,67
7032,Kane & Lynch: Dead Men,2007-11-13 00:00:00.000,30,NULL,60.0000,3,65.1454,114
6621,Super Ghouls'n Ghosts,1991-10-04 00:00:00.000,20,NULL,70.0000,1,74.4792,70
6142,Risen 3: Titan Lords,2014-08-12 00:00:00.000,24,1,50.7143,8,70.7835,41
744,King's Quest IV: The Perils of Rosella,1988-09-23 00:00:00.000,4,NULL,NULL,NULL,61.5835,16
42,Deus Ex: Invisible War,2003-12-02 00:00:00.000,24,NULL,80.0000,4,63.0218,92
26836,Project: Gorgon,2018-03-13 00:00:00.000,21,NULL,75.0000,1,78.8828,25
7664,Shipwreckers!,1997-10-01 00:00:00.000,2,NULL,NULL,NULL,69.9115,11
42574,Super R-Type,1991-07-13 00:00:00.000,1,NULL,NULL,NULL,67.2454,14
7556,You Have to Win the Game,2012-05-06 00:00:00.000,3,NULL,NULL,NULL,70.1082,12
243385,The Murder of Sonic the Hedgehog,2023-03-31 00:00:00.000,NULL,NULL,NULL,NULL,76.0045,29
29211,Stronghold Crusader HD,2013-10-21 00:00:00.000,1,NULL,NULL,NULL,82.4427,17
666,Delta Force,1998-10-21 00:00:00.000,12,NULL,NULL,NULL,67.6652,45
6004,Richard Burns Rally,2004-07-09 00:00:00.000,8,NULL,70.0000,1,74.4385,13
10592,Neighbours from Hell 2: On Vacation,2004-05-05 00:00:00.000,23,NULL,NULL,NULL,69.3896,68
4595,Arkanoid,1986-07-01 00:00:00.000,14,NULL,NULL,NULL,80.5408,98
458,StarCraft II: Legacy of the Void,2015-11-10 00:00:00.000,90,21,89.5000,9,87.9909,160
10948,Ys Seven,2009-09-16 00:00:00.000,6,NULL,79.2222,11,79.9521,23
1224,Kingdom Hearts Birth by Sleep,2010-01-09 00:00:00.000,40,NULL,82.6667,4,86.2160,130
8816,Screencheat,2014-10-21 00:00:00.000,2,NULL,71.0000,4,63.0107,17
2693,The Beatles: Rock Band,2009-09-09 00:00:00.000,15,NULL,88.1429,9,85.7078,47
3085,Rune,2000-11-18 00:00:00.000,13,NULL,70.0000,1,79.7220,37
94049,Minecraft: Windows 10 Edition,2015-07-25 00:00:00.000,10,2,NULL,NULL,93.8414,17
4348,Another World,1991-11-01 00:00:00.000,32,NULL,NULL,NULL,84.5851,162
5321,Tokyo Mirage Sessions #FE,2015-12-26 00:00:00.000,21,12,82.0556,20,74.0521,27
1034,The Legend of Zelda: Four Swords Adventures,2004-03-18 00:00:00.000,20,NULL,85.0000,3,67.6955,54
1110,Metroid Prime Hunters,2006-03-20 00:00:00.000,9,NULL,86.6667,3,70.9602,49
2911,Leisure Suit Larry 6: Shape Up or Slip Out!,1993-06-15 00:00:00.000,8,NULL,NULL,NULL,73.0769,23
30480,"Hello Charlotte Ep.1: Junk Food, Gods and Teddy Bears",2015-06-17 00:00:00.000,NULL,NULL,NULL,NULL,71.8577,15
1873,Defender of the Crown,1986-01-01 00:00:00.000,4,NULL,NULL,NULL,70.5951,22
100761,Distraint: Deluxe Edition,2015-10-21 00:00:00.000,2,1,0.0000,1,60.0460,15
11196,Star Fox Zero,2016-04-21 00:00:00.000,19,13,66.7692,14,60.1051,34
19795,Knight Online,2002-07-15 00:00:00.000,2,NULL,20.0000,1,50.0093,13
3988,Mario Hoops 3-on-3,2006-07-27 00:00:00.000,5,NULL,60.0000,2,60.2521,24
4561,Pokémon Rumble Blast,2011-08-11 00:00:00.000,5,NULL,58.2000,5,76.2576,15
354,Battlefield Play4Free,2011-04-04 00:00:00.000,8,NULL,NULL,NULL,49.7365,25
1089,Donkey Kong,1994-06-14 00:00:00.000,20,NULL,90.0000,1,82.3815,52
13199,Amnesia: Memories,2013-12-19 00:00:00.000,4,NULL,70.0000,2,50.9242,13
14551,Impossible Creatures,2002-12-29 00:00:00.000,3,NULL,73.3333,4,76.7216,19
6542,Disciples II: Dark Prophecy,2002-01-24 00:00:00.000,15,NULL,NULL,NULL,79.7525,49
3163,Rollcage Stage II,2000-03-08 00:00:00.000,4,NULL,90.0000,1,82.6296,12
9271,Dungeon Siege: Legends of Aranna,2003-11-11 00:00:00.000,7,NULL,90.0000,1,82.6252,26
132907,There Is No Game: Wrong Dimension,2020-08-06 00:00:00.000,2,NULL,80.0000,1,83.3367,32
9333,Worms: Ultimate Mayhem,2011-09-28 00:00:00.000,8,NULL,55.0000,1,74.9525,29
3944,Harry Potter: Quidditch World Cup,2003-10-28 00:00:00.000,20,NULL,78.0000,3,69.9029,49
1387,Dead or Alive,1996-11-26 00:00:00.000,5,NULL,NULL,NULL,61.2310,26
4565,Pokémon Ranger: Guardian Signs,2010-03-06 00:00:00.000,8,NULL,68.6667,5,75.3091,35
6252,WWE Raw,2002-02-11 00:00:00.000,3,NULL,NULL,NULL,70.9443,16
681,Europa 1400: The Guild,2002-10-25 00:00:00.000,2,NULL,NULL,NULL,70.6819,11
168,Star Wars: X-Wing,1993-02-01 00:00:00.000,7,NULL,NULL,NULL,80.0583,40
251,Where in the World Is Carmen Sandiego?,1985-04-23 00:00:00.000,5,NULL,70.0000,1,79.6830,23
6767,Etrian Odyssey IV: Legends of the Titan,2012-07-05 00:00:00.000,5,NULL,82.1429,7,79.8694,11
105,Need for Speed: Hot Pursuit,2010-11-16 00:00:00.000,78,NULL,89.7500,10,78.6209,316
190361,Iron Lung,2022-03-10 00:00:00.000,NULL,NULL,NULL,NULL,78.1396,25
3450,Super Bomberman,1993-04-28 00:00:00.000,7,NULL,NULL,NULL,71.3223,41
2941,Pro Evolution Soccer 2013,2012-09-20 00:00:00.000,8,NULL,78.6667,9,71.6543,85
1973,Defiance,2013-04-02 00:00:00.000,2,NULL,70.7000,14,50.9280,19
2338,Mario Party: Island Tour,2013-11-21 00:00:00.000,3,NULL,55.1250,7,59.8503,12
16035,Kid Chameleon,1992-05-28 00:00:00.000,3,NULL,NULL,NULL,83.8680,32
132205,F1 2020,2020-07-07 00:00:00.000,26,NULL,89.5000,5,89.1755,33
104890,Anodyne 2: Return to Dust,2019-08-12 00:00:00.000,4,NULL,70.0000,2,68.8304,16
5314,Hyrule Warriors,2014-08-14 00:00:00.000,38,5,74.6667,16,73.6567,93
6171,Year Walk,2013-02-21 00:00:00.000,13,NULL,86.6667,3,76.1614,41
23412,Angry Birds Go!,2013-11-15 00:00:00.000,2,NULL,NULL,NULL,60.2325,11
5679,Theatrhythm Final Fantasy: Curtain Call,2014-04-24 00:00:00.000,8,1,80.5714,8,80.2270,17
9564,Pokémon Rumble World,2015-04-08 00:00:00.000,2,NULL,70.0000,1,70.8650,13
7343,Yoshi's Woolly World,2015-06-26 00:00:00.000,29,12,78.8000,13,71.5148,55
5636,Candy Crush Saga,2012-04-12 00:00:00.000,20,NULL,NULL,NULL,60.9408,51
2680,DJ Hero 2,2010-10-19 00:00:00.000,2,NULL,86.4286,11,76.2250,15
20601,Yoshi's Island DS,2006-11-13 00:00:00.000,4,NULL,80.0000,2,77.5144,28
6023,Pinball Fantasies,1992-10-01 00:00:00.000,3,NULL,NULL,NULL,80.3717,15
11217,Metroid Prime: Federation Force,2016-08-18 00:00:00.000,3,2,65.8667,17,31.2101,6
18138,Pokkén Tournament,2015-07-16 00:00:00.000,5,NULL,76.2857,16,60.2237,25
8580,720 Degrees,1986-12-01 00:00:00.000,1,NULL,NULL,NULL,39.6308,14
8749,N+,2008-02-20 00:00:00.000,4,NULL,80.0000,3,87.7029,18
1582,The Legend of Spyro: A New Beginning,2006-10-10 00:00:00.000,4,NULL,65.0000,4,63.5202,19
2697,Rocksmith,2011-10-18 00:00:00.000,9,NULL,80.6667,7,81.6287,15
3024,Pinball Dreams,1992-03-13 00:00:00.000,2,NULL,NULL,NULL,80.7784,18
7213,Tenchu Z,2006-10-05 00:00:00.000,5,NULL,55.0000,4,76.9247,17
66812,Mario Party: The Top 100,2017-11-09 00:00:00.000,3,NULL,54.6000,6,66.1555,11
4389,Spider-Man and the X-Men in Arcade's Revenge,1992-11-01 00:00:00.000,NULL,NULL,NULL,NULL,48.7804,12
45963,Touhou Kaikidan: Mystic Square,1998-12-30 00:00:00.000,3,NULL,NULL,NULL,79.9128,11
22397,Bear With Me,2016-08-08 00:00:00.000,8,NULL,71.7778,3,80.3875,11
7027,SpellForce: The Order of Dawn,2003-11-28 00:00:00.000,12,NULL,83.0000,1,77.0923,50
24481,Football Manager 2017,2016-11-04 00:00:00.000,15,NULL,82.0000,7,85.1797,35
1288,Gun.Smoke,1985-11-01 00:00:00.000,2,NULL,NULL,NULL,75.7830,27
19329,Shin Megami Tensei IV: Apocalypse,2016-02-10 00:00:00.000,14,3,84.9286,15,73.4182,19
5648,Too Human,2008-08-19 00:00:00.000,4,NULL,60.0000,7,53.9311,14
3384,Harvest Moon: A Wonderful Life,2003-09-12 00:00:00.000,6,NULL,84.5000,2,89.3575,21
3485,Extreme-G,1997-09-30 00:00:00.000,5,NULL,NULL,NULL,60.4427,19
18980,"Warhammer 40,000: Dawn of War III",2017-04-27 00:00:00.000,30,12,76.7273,13,64.5606,22
4559,PokéPark 2: Wonders Beyond,2011-11-12 00:00:00.000,NULL,NULL,64.5000,2,70.3213,11
1617,Mortal Kombat vs. DC Universe,2008-11-16 00:00:00.000,9,NULL,77.1429,9,59.9458,61
4110,X-Men: Mutant Academy 2,2001-09-20 00:00:00.000,2,NULL,NULL,NULL,67.0899,13
11256,Bravely Second: End Layer,2015-04-23 00:00:00.000,10,NULL,76.7500,13,70.3077,16
1003,Enter the Matrix,2003-05-14 00:00:00.000,21,NULL,55.8333,8,62.3015,124
6781,Starwhal,2014-09-29 00:00:00.000,8,NULL,70.0000,2,54.7877,20
6770,Fantasy Life,2012-12-27 00:00:00.000,5,NULL,74.5556,9,69.9252,22
1614,Mortal Kombat: Shaolin Monks,2005-09-19 00:00:00.000,18,NULL,74.0000,3,67.6237,55
148228,V Rising,2022-05-17 00:00:00.000,9,1,NULL,NULL,76.1699,24
75582,Carcassonne,2017-11-29 00:00:00.000,NULL,NULL,75.0000,1,73.3339,14
26809,Hidden Folks,2017-02-15 00:00:00.000,14,1,80.0000,6,74.2826,42
10039,Superfighters Deluxe,2018-11-30 00:00:00.000,420,38,NULL,NULL,92.9372,83
8258,Street Fighter V,2016-02-15 00:00:00.000,89,18,71.7895,24,73.2669,128
145327,Town Star,2020-02-26 00:00:00.000,21,NULL,NULL,NULL,93.3164,34
8560,Kinect Star Wars,2012-04-03 00:00:00.000,3,NULL,55.0000,8,53.0536,17
19943,Melty Blood Actress Again Current Code,2010-07-29 00:00:00.000,2,NULL,80.0000,1,74.9029,22
116795,Mario & Sonic at the Olympic Games Tokyo 2020,2019-11-01 00:00:00.000,25,1,63.0000,2,72.9202,11
1975,8 Eyes,1988-09-27 00:00:00.000,1,NULL,NULL,NULL,54.1787,14
5720,Aliens Versus Predator: Extinction,2003-07-30 00:00:00.000,3,NULL,56.0000,4,68.8851,11
22486,Honey Select,2016-09-09 00:00:00.000,33,NULL,NULL,NULL,72.1881,16
19747,Teenage Mutant Ninja Turtles,2003-10-21 00:00:00.000,8,NULL,60.0000,2,60.8428,34
9768,Morphopolis,2014-08-14 00:00:00.000,3,NULL,55.0000,2,64.9627,16
106805,Call of Duty: Mobile,2019-05-14 00:00:00.000,22,NULL,82.5000,3,65.8106,87
4487,Mercs,1990-12-31 00:00:00.000,2,NULL,NULL,NULL,79.0379,15
1568,SoulCalibur: Broken Destiny,2009-08-27 00:00:00.000,2,NULL,86.0000,5,69.7183,13
21968,Phantasy Star Online,2000-12-21 00:00:00.000,3,NULL,90.0000,1,78.4086,20
1231,Phantasy Star III: Generations of Doom,1990-04-21 00:00:00.000,3,NULL,NULL,NULL,77.0491,17
8908,Alien 3,1992-02-19 00:00:00.000,11,NULL,NULL,NULL,68.7353,36
18814,The King of Fighters XIV,2016-08-23 00:00:00.000,11,3,79.7647,19,81.3336,22
1233,Phantasy Star,1987-12-20 00:00:00.000,7,NULL,NULL,NULL,79.4414,30
391,Dissidia Final Fantasy,2008-12-18 00:00:00.000,12,NULL,86.0000,6,70.8660,47
14391,Tree of Savior,2016-05-10 00:00:00.000,4,2,58.0000,2,53.1735,12
68391,Shadow Fight 3,2017-11-16 00:00:00.000,6,NULL,NULL,NULL,60.3482,13
9256,The Lord of the Rings: War of the Ring,2003-11-08 00:00:00.000,9,NULL,91.0000,1,67.1176,39
392,Final Fantasy XII: Revenant Wings,2007-04-26 00:00:00.000,6,NULL,83.3333,4,61.7493,16
8006,Marlow Briggs and the Mask of Death,2013-09-20 00:00:00.000,6,NULL,70.0000,1,71.7790,11
28558,The Sims Mobile,2018-03-06 00:00:00.000,4,NULL,NULL,NULL,66.4904,12
12236,Xenon 2: Megablast,1989-11-01 00:00:00.000,5,NULL,NULL,NULL,78.0811,19
27162,Touhou Eiyashou: Imperishable Night,2004-08-15 00:00:00.000,4,NULL,NULL,NULL,74.2335,20
54612,Fallout 4: Game of the Year Edition,2017-09-26 00:00:00.000,11,NULL,NULL,NULL,89.1724,46
8040,Poker Night at the Inventory,2010-11-22 00:00:00.000,11,NULL,NULL,NULL,69.0940,38
21040,Dark Souls: Prepare to Die Edition,2012-08-24 00:00:00.000,78,1,84.3333,4,89.6964,173
25009,Fahrenheit: Indigo Prophecy Remastered,2015-01-28 00:00:00.000,24,NULL,NULL,NULL,78.2880,45
5626,Forced,2013-10-24 00:00:00.000,3,1,78.7500,4,86.3508,11
38844,Disney's Pinocchio,1995-12-31 00:00:00.000,1,NULL,NULL,NULL,60.1533,14
5539,Archon,1983-11-01 00:00:00.000,4,NULL,NULL,NULL,78.1876,22
5561,Vandal Hearts,1996-10-25 00:00:00.000,4,NULL,80.0000,1,80.1097,13
9099,Silver Surfer,1990-11-01 00:00:00.000,2,NULL,NULL,NULL,38.6898,14
87029,Pou,2012-08-05 00:00:00.000,NULL,NULL,NULL,NULL,52.9157,12
35099,Viridi,2015-08-19 00:00:00.000,1,NULL,NULL,NULL,50.7595,11
8257,Centurion: Defender of Rome,1990-12-31 00:00:00.000,4,NULL,NULL,NULL,90.2863,14
22251,Dog's Life,2003-10-31 00:00:00.000,2,NULL,60.0000,1,40.3429,13
13150,The Sims 4: Spooky Stuff,2015-09-29 00:00:00.000,2,NULL,NULL,NULL,65.1651,11
191897,Aperture Desk Job,2022-03-01 00:00:00.000,5,NULL,NULL,NULL,70.9577,32
28975,Peggle Deluxe,2007-03-06 00:00:00.000,4,NULL,NULL,NULL,78.4559,20
6342,Solar 2,2011-06-17 00:00:00.000,5,NULL,82.0000,1,79.8280,14
84197,Faith: The Unholy Trinity,2017-10-03 00:00:00.000,NULL,NULL,NULL,NULL,79.5806,11
140042,Ghost of Tsushima: Legends,2020-10-16 00:00:00.000,1,NULL,NULL,NULL,79.4177,11
16306,Pocket Mortys,2016-01-13 00:00:00.000,6,NULL,61.6667,3,69.8019,12
3447,Bomberman II,1991-06-28 00:00:00.000,4,NULL,80.0000,3,81.4140,18
14407,Genji: Dawn of the Samurai,2005-09-20 00:00:00.000,4,NULL,66.0000,3,70.0309,12
2847,A Bug's Life,1998-10-31 00:00:00.000,4,NULL,NULL,NULL,70.8919,38
7100,Naruto Shippuden: Ultimate Ninja Storm Generations,2012-02-23 00:00:00.000,14,NULL,77.0000,5,70.5200,48
7508,Caesar IV,2006-09-26 00:00:00.000,9,NULL,69.0000,3,74.6269,18
840,Railroad Tycoon 3,2003-10-27 00:00:00.000,7,1,85.0000,2,81.4011,13
9146,Guilty Gear XX Accent Core Plus R,2012-09-20 00:00:00.000,3,NULL,0.0000,2,90.1384,25
6975,Dynasty Warriors 6,2007-11-11 00:00:00.000,8,NULL,66.2500,5,75.5818,19
7420,How to Survive,2013-10-23 00:00:00.000,12,NULL,86.5000,2,65.6029,38
2674,Guitar Hero: Metallica,2009-03-29 00:00:00.000,11,NULL,90.0000,4,78.7245,48
27166,Touhou Youyoumu: Perfect Cherry Blossom,2003-08-17 00:00:00.000,3,NULL,NULL,NULL,80.1862,18
12579,Danganronpa V3: Killing Harmony,2017-01-12 00:00:00.000,52,10,87.6154,14,89.1226,151
157,Star Wars: Dark Forces,1995-02-28 00:00:00.000,32,NULL,66.0000,3,78.3908,121
6439,Track & Field,1983-09-01 00:00:00.000,6,NULL,80.0000,0,74.9902,34
7842,Danganronpa: Trigger Happy Havoc,2010-11-25 00:00:00.000,57,NULL,82.3333,11,81.5370,272
3040,A Virus Named Tom,2012-08-01 00:00:00.000,5,NULL,NULL,NULL,46.0146,11
12314,Moon Patrol,1982-05-08 00:00:00.000,3,NULL,80.0000,1,79.6642,14
3592,Robotron: 2084,1982-01-01 00:00:00.000,4,NULL,70.0000,1,70.3643,11
81909,Exo One,2021-11-18 00:00:00.000,3,3,NULL,NULL,69.6839,24
7101,Naruto: Rise of a Ninja,2007-10-30 00:00:00.000,11,NULL,75.0000,3,79.3651,12
2249,DeathSpank,2010-07-13 00:00:00.000,14,NULL,79.3333,7,77.8896,25
4614,Galaxian,1979-09-15 00:00:00.000,10,NULL,90.0000,1,81.2305,62
178283,NFUT Cards,2021-01-01 00:00:00.000,18,NULL,NULL,NULL,94.7826,23
13777,The House of the Dead 2,1998-11-01 00:00:00.000,11,NULL,67.0000,3,72.2121,44
7102,Naruto: The Broken Bond,2008-11-18 00:00:00.000,6,NULL,80.0000,2,79.7466,12
5863,The House of the Dead III,2002-06-01 00:00:00.000,4,NULL,NULL,NULL,69.9272,21
2987,Wolfenstein: Enemy Territory,2003-05-29 00:00:00.000,19,NULL,NULL,NULL,82.5847,57
120710,The Henry Stickmin Collection,2020-08-07 00:00:00.000,5,NULL,NULL,NULL,93.9682,41
11589,Yomawari: Night Alone,2016-10-25 00:00:00.000,5,2,80.0000,7,51.9658,29
3587,Ready 2 Rumble Boxing: Round 2,2000-10-23 00:00:00.000,1,NULL,30.0000,1,63.3003,16
3430,Cruis'n World,1996-11-01 00:00:00.000,4,NULL,NULL,NULL,73.2300,15
3043,Dungeon Defenders,2010-12-15 00:00:00.000,12,NULL,77.5000,5,70.9125,52
9703,Faerie Solitaire,2010-09-17 00:00:00.000,3,NULL,NULL,NULL,69.5151,12
20043,Yu-Gi-Oh! Legacy of the Duelist,2015-07-30 00:00:00.000,11,NULL,80.0000,3,81.5282,28
11603,Pac-Man 2: The New Adventures,1994-04-06 00:00:00.000,3,NULL,NULL,NULL,69.0142,17
1440,Fire Emblem: The Sacred Stones,2004-10-07 00:00:00.000,25,NULL,76.0000,3,91.8088,103
1298,Tom Clancy's Ghost Recon 2,2004-11-16 00:00:00.000,4,NULL,74.6000,6,69.2341,12
111651,Diablo Immortal,2022-06-02 00:00:00.000,8,16,60.0000,1,34.6168,57
2250,DeathSpank: Thongs of Virtue,2010-09-20 00:00:00.000,6,NULL,72.6667,4,79.6185,11
7879,Savant: Ascent,2013-12-04 00:00:00.000,3,NULL,NULL,NULL,59.9288,11
87622,Garena Free Fire,2017-12-04 00:00:00.000,74,NULL,NULL,NULL,60.3767,36
4104,Monster Rancher,1997-07-24 00:00:00.000,2,NULL,30.0000,1,75.4547,13
1806,Crazy Taxi 2,2001-05-28 00:00:00.000,5,NULL,NULL,NULL,71.6674,29
2469,The House of the Dead,1996-09-13 00:00:00.000,6,NULL,NULL,NULL,67.3860,44
1128,Castlevania: Symphony of the Night,1997-03-20 00:00:00.000,111,NULL,92.3333,3,91.9856,562
10090,Tony Hawk's Pro Skater 5,2015-09-29 00:00:00.000,12,9,35.0000,7,59.6495,14
1030,The Legend of Zelda: Majora's Mask,2000-04-27 00:00:00.000,193,NULL,90.0000,0,87.5183,677
74567,Misao: Definitive Edition,2017-10-25 00:00:00.000,1,NULL,65.0000,2,79.7762,11
12340,Summer Games,1984-12-31 00:00:00.000,3,NULL,NULL,NULL,72.2078,17
27523,Alien Swarm: Reactive Drop,2017-04-20 00:00:00.000,8,NULL,NULL,NULL,72.4360,17
1311,Medal of Honor: European Assault,2005-06-07 00:00:00.000,8,NULL,77.6000,5,71.8462,35
1330,Turok,2008-02-05 00:00:00.000,20,NULL,75.0000,7,65.8018,56
18944,Toy Story Racer,2001-03-06 00:00:00.000,5,NULL,NULL,NULL,79.1963,13
1036,The Legend of Zelda: Twilight Princess,2006-11-19 00:00:00.000,261,NULL,96.2500,3,85.1440,591
136000,The Gunk,2021-12-16 00:00:00.000,1,6,66.2500,7,64.8823,39
93807,Counter-Strike: Condition Zero - Deleted Scenes,2004-03-23 00:00:00.000,3,NULL,NULL,NULL,64.7060,20
888,Supreme Commander: Forged Alliance,2007-11-06 00:00:00.000,13,NULL,75.0000,3,77.7848,34
1286,Conker's Bad Fur Day,2001-03-05 00:00:00.000,40,NULL,NULL,NULL,81.7404,107
3340,Paper Mario,2000-08-11 00:00:00.000,70,NULL,90.0000,1,87.1128,207
2591,Star Fox 64,1997-04-27 00:00:00.000,53,NULL,87.0000,1,85.3085,200
2723,Diddy Kong Racing,1997-11-21 00:00:00.000,29,NULL,50.0000,1,79.3750,146
1638,GoldenEye 007,1997-08-23 00:00:00.000,105,NULL,88.0000,0,85.8556,313
1626,Super Smash Bros.,1999-01-21 00:00:00.000,83,NULL,85.0000,1,81.4005,359
1531,Jak and Daxter: The Lost Frontier,2009-11-03 00:00:00.000,8,NULL,77.5000,4,65.5921,22
566,Ghostbusters: The Video Game,2009-06-16 00:00:00.000,9,NULL,69.8571,12,76.1217,45
3418,Banjo-Tooie,2000-11-20 00:00:00.000,48,NULL,NULL,NULL,86.7207,133
2342,Mario Kart 64,1996-12-14 00:00:00.000,136,NULL,81.0000,1,82.2410,471
3213,Yoshi's Story,1997-12-21 00:00:00.000,14,NULL,NULL,NULL,72.6050,86
10619,Cricket 07,2006-11-14 00:00:00.000,1,NULL,30.0000,1,65.9446,14
36508,Digimon World 2,2000-07-27 00:00:00.000,6,NULL,NULL,NULL,76.1286,28
1096,Donkey Kong 64,1999-11-22 00:00:00.000,39,NULL,NULL,NULL,72.9346,138
739,Guild Wars: Factions,2006-04-28 00:00:00.000,15,NULL,80.0000,3,79.8774,37
6505,Mario vs. Donkey Kong,2004-05-24 00:00:00.000,8,NULL,80.0000,1,77.2507,42
1041,The Legend of Zelda: Oracle of Ages,2001-02-27 00:00:00.000,37,NULL,95.3333,3,84.8413,129
19678,Digimon World 3,2002-06-05 00:00:00.000,7,NULL,NULL,NULL,72.7279,34
44819,Digimon Digital Card Battle,2001-08-12 00:00:00.000,3,NULL,NULL,NULL,71.9886,14
1032,The Legend of Zelda: Oracle of Seasons,2001-02-27 00:00:00.000,40,NULL,93.0000,2,82.7606,147
1134,Castlevania: Aria of Sorrow,2003-05-06 00:00:00.000,30,NULL,86.0000,2,88.3858,172
1035,The Legend of Zelda: The Minish Cap,2004-11-04 00:00:00.000,93,NULL,90.0000,1,84.4101,343
3721,Kirby & the Amazing Mirror,2004-04-15 00:00:00.000,16,NULL,NULL,NULL,84.4268,76
1107,Metroid: Zero Mission,2004-02-09 00:00:00.000,56,NULL,95.0000,3,86.4611,220
80877,Final Fantasy XV: Royal Edition,2018-03-06 00:00:00.000,NULL,NULL,73.0000,1,78.4647,25
1104,Metroid Fusion,2002-11-17 00:00:00.000,64,NULL,85.0000,3,83.7950,234
3351,Mario & Luigi: Superstar Saga,2003-11-17 00:00:00.000,39,NULL,86.0000,1,86.7088,149
1312,Medal of Honor: Heroes,2006-10-23 00:00:00.000,2,NULL,50.0000,1,70.1695,11
144,Star Wars: Empire at War,2006-02-16 00:00:00.000,18,NULL,72.5000,3,73.9652,88
11605,The Typing of the Dead,1999-12-31 00:00:00.000,4,NULL,80.0000,1,65.5027,15
192150,Sonic Adventure DX: Director's Cut,2011-03-04 00:00:00.000,NULL,NULL,NULL,NULL,73.9564,12
7412,Fallout: Brotherhood of Steel,2004-01-13 00:00:00.000,5,NULL,52.5000,3,61.8066,13
4106,Monster Rancher 2,1999-02-25 00:00:00.000,2,NULL,NULL,NULL,70.5101,12
10700,PixelJunk Eden,2008-07-31 00:00:00.000,2,NULL,87.3333,4,51.8371,13
9628,Transformice,2010-05-01 00:00:00.000,7,1,NULL,NULL,68.9847,24
55092,Secret of Mana,2018-02-15 00:00:00.000,41,4,68.0000,10,51.7043,17
103,Need for Speed: Nitro,2009-11-03 00:00:00.000,3,NULL,69.0000,3,78.4045,13
10151,Speedball,1988-11-01 00:00:00.000,NULL,NULL,NULL,NULL,75.0341,12
4144,Armored Core,1997-07-10 00:00:00.000,6,NULL,NULL,NULL,77.1590,18
139446,Mortal Kombat 11: Ultimate,2020-11-17 00:00:00.000,3,1,97.3333,4,89.8576,15
55077,Beast Battle Simulator,2017-08-23 00:00:00.000,39,NULL,NULL,NULL,96.4117,13
20053,SimCity BuildIt,2014-12-16 00:00:00.000,6,NULL,80.0000,3,69.8731,19
2579,Dragon Ball Z: The Legend,1996-03-31 00:00:00.000,6,NULL,NULL,NULL,70.5815,19
3769,DCS World,2008-10-17 00:00:00.000,4,NULL,NULL,NULL,92.5913,13
120,Diablo III,2012-05-15 00:00:00.000,244,NULL,83.4000,22,78.4176,756
6453,Katamari Damacy,2004-03-18 00:00:00.000,30,NULL,85.3333,4,88.6634,95
2732,Hexic HD,2005-11-16 00:00:00.000,4,NULL,85.0000,2,59.8976,22
19621,Naruto: Ultimate Ninja 2,2004-09-30 00:00:00.000,4,NULL,77.6667,3,69.9022,28
24104,Bloody Roar 4,2003-11-11 00:00:00.000,7,NULL,86.0000,1,78.8066,11
9741,Guitar Hero Live,2015-10-20 00:00:00.000,15,4,80.7500,16,75.5431,31
77336,The Legend of Zelda: A Link to the Past & Four Swords,2002-12-02 00:00:00.000,7,NULL,100.0000,1,82.2558,21
3404,Mario Golf: Advance Tour,2004-04-22 00:00:00.000,1,NULL,81.0000,2,67.6649,14
1775,Mega Man Zero,2002-04-26 00:00:00.000,10,NULL,NULL,NULL,84.5735,78
16747,Yoshi's Island: Super Mario Advance 3,2002-09-24 00:00:00.000,12,NULL,90.0000,1,80.7591,42
6600,Sonic Battle,2003-12-04 00:00:00.000,5,NULL,75.0000,1,61.2805,31
2178,New Super Mario Bros. Wii,2009-11-12 00:00:00.000,71,NULL,81.2500,6,82.2961,258
2345,Mario Kart DS,2005-11-14 00:00:00.000,57,NULL,90.0000,2,81.3387,313
2733,10-Yard Fight,1983-12-01 00:00:00.000,1,NULL,NULL,NULL,59.2258,12
119295,Microsoft Flight Simulator,2020-08-17 00:00:00.000,43,19,85.4444,13,93.4344,60
2471,Dangerous Dave,1988-10-01 00:00:00.000,4,NULL,NULL,NULL,54.1316,14
2183,Mario Kart Wii,2008-04-10 00:00:00.000,97,NULL,71.2500,5,80.2025,471
953,NHL 10,2009-09-15 00:00:00.000,1,NULL,84.0000,4,82.2627,15
1864,Ni no Kuni: Wrath of the White Witch,2011-11-17 00:00:00.000,72,NULL,83.7000,13,86.1786,180
1427,Phoenix Wright: Ace Attorney - Justice for All,2006-03-31 00:00:00.000,34,NULL,80.0000,4,78.3683,163
3332,Vigilante 8,1998-06-01 00:00:00.000,11,NULL,40.0000,1,71.7017,46
1429,Apollo Justice: Ace Attorney,2007-04-12 00:00:00.000,21,NULL,74.4000,7,72.2702,107
1428,Phoenix Wright: Ace Attorney - Trials and Tribulations,2006-03-31 00:00:00.000,36,NULL,83.5000,3,87.9745,159
3668,Shrek 2,2004-05-03 00:00:00.000,18,NULL,63.7500,5,57.9837,54
12077,Phoenix Wright: Ace Attorney - Spirit of Justice,2016-06-09 00:00:00.000,23,7,81.4444,19,83.5373,33
1430,Ace Attorney Investigations: Miles Edgeworth,2009-05-28 00:00:00.000,17,NULL,81.0000,3,75.6265,62
160,Star Wars: Jedi Knight - Mysteries of the Sith,1998-02-24 00:00:00.000,5,NULL,NULL,NULL,79.6830,28
76244,The Great Ace Attorney: Adventures,2015-07-09 00:00:00.000,10,NULL,NULL,NULL,92.1356,23
6743,Dungeons of Dredmor,2011-07-13 00:00:00.000,4,NULL,70.0000,2,69.9212,32
1907,Grim Dawn,2016-02-25 00:00:00.000,52,16,82.0000,4,74.2807,151
21610,Phoenix Wright: Ace Attorney Trilogy,2014-04-17 00:00:00.000,11,NULL,82.2500,13,82.4203,55
2558,Dragon Ball GT: Final Bout,1997-08-21 00:00:00.000,21,NULL,NULL,NULL,59.8092,66
3019,Starbound,2016-07-22 00:00:00.000,63,4,87.4000,6,71.7020,179
2592,DEFCON,2006-09-29 00:00:00.000,3,NULL,85.0000,3,77.3748,22
2238,King's Quest V: Absence Makes the Heart Go Yonder!,1990-11-09 00:00:00.000,9,NULL,NULL,NULL,73.1707,25
5968,Double Dragon Neon,2012-09-11 00:00:00.000,3,NULL,75.5000,4,77.0310,19
945,Football Manager 2007,2006-10-20 00:00:00.000,5,NULL,76.2500,3,77.2924,18
14530,Super Bomberman 2,1994-04-28 00:00:00.000,7,NULL,NULL,NULL,81.4493,27
3927,Gauntlet Dark Legacy,2000-12-31 00:00:00.000,1,NULL,65.5000,2,67.0780,15
84919,Super C,1990-02-02 00:00:00.000,NULL,NULL,NULL,NULL,79.5534,19
6790,Double Dragon II: The Revenge,1988-11-01 00:00:00.000,18,NULL,NULL,NULL,77.9079,74
9554,Mr. DO!,1982-09-01 00:00:00.000,2,NULL,80.0000,1,62.9853,12
18595,Trace Memory,2005-02-24 00:00:00.000,5,NULL,70.0000,1,64.1495,15
7881,ESPN NFL 2K5,2004-07-20 00:00:00.000,5,NULL,91.5000,3,91.0789,19
7452,Ms. Pac-Man,1982-01-13 00:00:00.000,10,NULL,84.0000,2,80.6153,70
20284,Kingdom Hearts II Final Mix,2007-03-29 00:00:00.000,14,NULL,NULL,NULL,84.8018,42
8819,A Golden Wake,2014-10-09 00:00:00.000,4,NULL,86.0000,1,62.9177,15
1956,Alone in the Dark,1992-09-01 00:00:00.000,19,NULL,60.0000,1,72.5356,59
3333,Vigilante 8: 2nd Offense,1999-11-18 00:00:00.000,8,NULL,NULL,NULL,81.0239,28
113108,Journey to the Savage Planet,2020-01-28 00:00:00.000,13,9,80.3636,16,73.5918,39
8960,Nosferatu: The Wrath of Malachi,2003-10-21 00:00:00.000,4,NULL,80.0000,1,71.2902,18
8307,Lemmings 2: The Tribes,1993-12-31 00:00:00.000,14,NULL,NULL,NULL,89.4469,35
138235,Super Mario Bros. 35,2020-10-01 00:00:00.000,21,20,70.0000,5,59.9975,34
1371,Company of Heroes: Tales of Valor,2009-04-07 00:00:00.000,13,1,67.5000,5,83.3706,31
3743,Freddi Fish and The Case of the Missing Kelp Seeds,1994-10-28 00:00:00.000,2,NULL,NULL,NULL,79.9585,14
1370,Company of Heroes: Opposing Fronts,2007-09-25 00:00:00.000,14,1,82.0000,3,83.6440,27
11292,Rogue Galaxy,2005-12-08 00:00:00.000,9,NULL,81.5000,4,67.1209,30
41829,The Legend of Zelda: Breath of the Wild - Expansion Pass,2017-03-03 00:00:00.000,6,NULL,NULL,NULL,95.9378,15
2947,Shadow Warrior,1997-05-13 00:00:00.000,29,NULL,77.5000,0,77.7632,65
8477,Alien vs Predator,1994-10-20 00:00:00.000,5,NULL,NULL,NULL,67.7371,12
43036,Monkey Island Special Edition Collection,2011-10-09 00:00:00.000,3,NULL,NULL,NULL,95.0163,13
4368,Jungle Strike,1993-03-23 00:00:00.000,4,NULL,NULL,NULL,77.6325,20
3231,Below,2018-12-14 00:00:00.000,44,28,65.8000,12,72.5927,19
3075,FTL: Faster Than Light,2012-09-14 00:00:00.000,110,NULL,88.8000,6,84.1474,351
6984,EA Sports MMA,2010-10-19 00:00:00.000,1,NULL,80.6000,8,77.3726,11
5991,Project: Snowblind,2005-02-23 00:00:00.000,3,NULL,72.5000,4,63.0288,23
7042,Silver,1999-03-19 00:00:00.000,13,NULL,NULL,NULL,77.0547,21
254,RollerCoaster Tycoon,1999-03-31 00:00:00.000,63,NULL,83.0000,2,82.4585,179
11588,Quiplash,2015-06-30 00:00:00.000,12,NULL,70.3333,3,76.2850,16
11265,Blood II: The Chosen,1998-10-31 00:00:00.000,11,NULL,NULL,NULL,70.8621,23
13057,Top Gear 2,1993-08-08 00:00:00.000,NULL,NULL,NULL,NULL,57.7471,15
78459,Divinity II: Developer's Cut,2012-10-29 00:00:00.000,2,NULL,NULL,NULL,78.8516,14
22472,Artificial Academy 2,2014-06-13 00:00:00.000,88,NULL,NULL,NULL,78.0867,32
1930,Gobliiins,1991-12-31 00:00:00.000,9,NULL,NULL,NULL,79.9109,23
2209,Atlantis: The Lost Tales,1997-12-31 00:00:00.000,4,NULL,NULL,NULL,53.8779,12
9103,Elasto Mania,2000-02-01 00:00:00.000,10,NULL,NULL,NULL,91.3553,33
23094,Pocket Fighter,1998-06-11 00:00:00.000,3,NULL,NULL,NULL,81.1371,16
984,Tom Clancy's H.A.W.X 2,2010-09-03 00:00:00.000,3,NULL,52.1667,9,60.2436,16
2984,Dynasty Warriors 3,2001-09-20 00:00:00.000,7,NULL,NULL,NULL,70.3313,15
10717,Prehistorik,1991-12-31 00:00:00.000,2,NULL,NULL,NULL,70.1453,21
2912,Leisure Suit Larry: Love for Sail!,1996-11-26 00:00:00.000,13,NULL,NULL,NULL,82.2588,44
5577,Lyne,2014-01-01 00:00:00.000,8,NULL,NULL,NULL,58.1534,24
3935,Godzilla: Destroy All Monsters Melee,2002-10-08 00:00:00.000,2,NULL,NULL,NULL,63.3853,13
103330,Nioh 2,2020-03-13 00:00:00.000,16,9,84.4444,10,79.6681,38
109462,Animal Crossing: New Horizons,2020-03-19 00:00:00.000,108,29,90.1818,15,83.6412,327
1369,Company of Heroes 2,2013-06-25 00:00:00.000,35,NULL,77.7273,12,79.9400,88
145515,Pac-Man 99,2021-04-07 00:00:00.000,NULL,NULL,77.6667,4,78.6214,13
6379,The Magical Quest Starring Mickey Mouse,1992-11-20 00:00:00.000,6,NULL,NULL,NULL,72.4165,29
19136,CastleStorm,2013-05-29 00:00:00.000,2,NULL,73.0000,9,69.3576,11
11244,Rez,2001-11-22 00:00:00.000,15,NULL,88.0000,5,86.0801,35
4539,FIFA Soccer 95,1994-12-31 00:00:00.000,5,NULL,NULL,NULL,70.0353,15
3977,Lemony Snicket's A Series of Unfortunate Events,2004-11-10 00:00:00.000,5,NULL,58.8000,5,69.2791,13
54780,Subsurface Circular,2017-08-17 00:00:00.000,8,NULL,67.0000,3,71.4392,21
71128,Fatal Fury,1991-11-25 00:00:00.000,1,NULL,NULL,NULL,62.6294,29
8248,Marvel vs. Capcom 3: Fate of Two Worlds,2011-02-15 00:00:00.000,10,NULL,88.0000,9,72.5022,31
17478,Kinect Sports,2010-10-09 00:00:00.000,5,NULL,75.0000,6,64.5245,13
46687,ClayFighter,1993-11-15 00:00:00.000,5,NULL,NULL,NULL,49.9424,15
1308,Medal of Honor: Underground,2000-10-23 00:00:00.000,17,NULL,NULL,NULL,74.9787,62
19712,NBA Jam Tournament Edition,1994-12-31 00:00:00.000,1,NULL,65.0000,1,61.4225,15
3073,Forza Motorsport,2005-05-03 00:00:00.000,6,NULL,87.7500,4,84.1809,26
1245,Tekken 4,2001-07-01 00:00:00.000,33,NULL,NULL,NULL,74.4377,151
5357,The Amazing Spider-Man vs. The Kingpin,1991-12-31 00:00:00.000,5,NULL,NULL,NULL,72.0796,15
654,Company of Heroes,2006-09-12 00:00:00.000,71,NULL,95.0000,5,85.4496,194
1622,Mortal Kombat 4,1997-09-11 00:00:00.000,22,NULL,NULL,NULL,70.5629,166
9543,"Zero Escape: Nine Hours, Nine Persons, Nine Doors",2009-12-10 00:00:00.000,41,NULL,90.0000,3,83.5178,175
1242,Tekken,1994-12-09 00:00:00.000,20,NULL,75.0000,2,66.4449,113
6708,Street Fighter III: New Generation,1997-02-28 00:00:00.000,3,NULL,NULL,NULL,72.7833,28
3429,Cruis'n USA,1994-12-01 00:00:00.000,4,NULL,NULL,NULL,66.0326,27
3364,Mario & Luigi: Partners in Time,2005-11-28 00:00:00.000,24,NULL,90.6667,3,78.5376,98
2320,Pokémon Mystery Dungeon: Blue Rescue Team,2005-11-17 00:00:00.000,14,NULL,65.0000,2,77.8440,63
3323,Tropico 2: Pirate Cove,2003-04-08 00:00:00.000,4,NULL,86.0000,2,70.0219,13
7307,Folklore,2007-06-21 00:00:00.000,7,NULL,77.0000,6,63.7191,13
8433,Lifeless Planet,2014-06-06 00:00:00.000,9,NULL,61.4286,7,59.7125,25
19847,HunieCam Studio,2016-04-04 00:00:00.000,12,NULL,75.0000,1,77.2389,28
3723,Kirby: Squeak Squad,2006-11-02 00:00:00.000,6,NULL,70.0000,1,78.8904,48
5759,Brute Force,2003-05-27 00:00:00.000,3,NULL,78.0000,4,68.9754,12
7625,Nancy Drew: Secret of the Scarlet Hand,2002-08-12 00:00:00.000,NULL,NULL,NULL,NULL,67.0575,14
2842,The Simpsons: Road Rage,2001-11-19 00:00:00.000,9,NULL,58.5000,4,61.7799,47
19530,Quake Champions,2017-08-22 00:00:00.000,33,14,NULL,NULL,72.5703,58
1038,The Legend of Zelda: Spirit Tracks,2009-12-07 00:00:00.000,39,NULL,91.6667,5,76.8409,147
1037,The Legend of Zelda: Phantom Hourglass,2007-06-23 00:00:00.000,55,NULL,89.2500,4,76.9603,221
1569,Jet Grind Radio,2000-06-29 00:00:00.000,13,NULL,80.0000,4,76.0245,74
8808,Super Scribblenauts,2010-10-12 00:00:00.000,NULL,NULL,85.2500,7,75.8872,24
1348,Ghost Trick: Phantom Detective,2010-06-19 00:00:00.000,24,NULL,50.0000,10,89.8760,81
1779,Mega Man ZX,2006-07-06 00:00:00.000,7,NULL,63.3333,3,93.0958,38
8167,Rhythm Heaven,2008-07-31 00:00:00.000,15,NULL,87.3333,7,86.5598,41
27034,Linelight,2017-01-30 00:00:00.000,6,NULL,90.4000,8,96.8896,16
3363,Mario & Luigi: Bowser's Inside Story,2009-09-14 00:00:00.000,29,NULL,96.0000,7,89.6711,108
15830,Saya no Uta,2003-12-26 00:00:00.000,20,NULL,NULL,NULL,84.4716,61
7233,Venetica,2010-11-05 00:00:00.000,5,NULL,46.6667,5,37.5254,19
12209,Tokyo Twilight Ghost Hunters: Daybreak Special Gigs,2015-11-26 00:00:00.000,1,NULL,65.9091,11,60.0000,2
18017,The Legend of Zelda: Twilight Princess HD,2016-03-04 00:00:00.000,33,3,85.7500,14,83.8401,86
6704,Street Fighter Alpha 3,1998-06-29 00:00:00.000,8,NULL,80.0000,2,81.3296,68
5234,Top Spin,2003-10-28 00:00:00.000,6,NULL,80.0000,3,72.5267,15
107776,"One Night, Hot Springs",2018-08-30 00:00:00.000,1,1,NULL,NULL,70.1888,18
5507,Moonstone: A Hard Days Knight,1991-03-01 00:00:00.000,6,NULL,NULL,NULL,71.4567,13
1491,SimCity Societies,2007-11-13 00:00:00.000,6,NULL,66.6667,4,66.1548,19
109532,Assassin's Creed III Remastered,2019-03-29 00:00:00.000,21,1,80.0000,1,78.0997,56
8032,Tom and Jerry in House Trap,2000-11-24 00:00:00.000,4,NULL,NULL,NULL,72.6262,17
2564,Dragon Ball Z: Budokai 2,2003-11-14 00:00:00.000,6,NULL,74.0000,2,71.7741,60
62032,Hungry Shark Evolution,2012-10-24 00:00:00.000,4,NULL,NULL,NULL,70.3636,17
433,The Chronicles of Riddick: Assault on Dark Athena,2009-04-07 00:00:00.000,29,NULL,80.8333,8,80.9948,58
42611,Hagane: The Final Conflict,1994-12-18 00:00:00.000,NULL,NULL,NULL,NULL,70.1864,14
6637,Hexen II,1997-09-11 00:00:00.000,9,NULL,NULL,NULL,68.8094,18
39328,Dungeons & Dragons: Tower of Doom,1994-12-03 00:00:00.000,1,NULL,NULL,NULL,78.3812,16
7751,Alleyway,1989-04-21 00:00:00.000,4,NULL,50.0000,1,70.5475,13
4699,Double Dribble,1986-12-31 00:00:00.000,2,NULL,NULL,NULL,70.9270,14
3789,Asterix & Obelix: Kick Buttix,2003-11-21 00:00:00.000,8,NULL,NULL,NULL,68.4770,20
7629,Nancy Drew: Legend of the Crystal Skull,2007-10-08 00:00:00.000,1,NULL,NULL,NULL,79.4154,11
77457,Super Soccer,1991-12-13 00:00:00.000,1,NULL,NULL,NULL,59.3045,14
1209,Tales of Vesperia,2008-08-07 00:00:00.000,15,NULL,80.2000,7,81.0569,47
68369,The Norwood Suite,2017-10-02 00:00:00.000,2,NULL,NULL,NULL,79.5277,11
2576,Dragon Ball Z: Supersonic Warriors,2004-03-26 00:00:00.000,2,NULL,77.0000,1,57.9126,17
927,Unreal Tournament 2004,2004-03-16 00:00:00.000,64,NULL,88.0000,3,83.4456,174
7864,DeadCore,2014-10-17 00:00:00.000,2,NULL,62.6667,3,62.7068,13
178237,Donkey Kong Country 2,2004-06-25 00:00:00.000,NULL,NULL,70.0000,1,80.0959,11
9834,Warlords Battlecry III,2004-05-17 00:00:00.000,9,NULL,NULL,NULL,82.7364,18
121242,Batman Returns,1993-02-26 00:00:00.000,NULL,NULL,NULL,NULL,63.6059,17
453,The Death and Return of Superman,1994-01-01 00:00:00.000,1,NULL,NULL,NULL,58.9068,15
9861,International Superstar Soccer,1994-11-11 00:00:00.000,4,NULL,NULL,NULL,80.0370,21
4630,Yu-Gi-Oh! The Duelists of the Roses,2001-09-06 00:00:00.000,3,NULL,NULL,NULL,82.3929,18
6816,Knights of the Round,1991-11-27 00:00:00.000,2,NULL,NULL,NULL,79.8618,26
8360,One Finger Death Punch,2013-09-01 00:00:00.000,18,NULL,90.0000,2,70.7232,50
19835,Dragon Ball Z: Buu's Fury,2004-09-14 00:00:00.000,4,NULL,NULL,NULL,71.3541,33
55189,Warhammer: Vermintide 2,2018-03-08 00:00:00.000,47,2,81.1111,12,75.2970,91
6110,Hang-On,1985-07-01 00:00:00.000,2,NULL,NULL,NULL,69.1242,18
749,Homeworld,1999-09-28 00:00:00.000,28,NULL,90.0000,1,85.2368,49
11610,Disgaea: Hour of Darkness,2003-01-30 00:00:00.000,19,NULL,90.0000,2,83.9272,29
11756,Arkanoid: Revenge of Doh,1987-06-01 00:00:00.000,4,NULL,NULL,NULL,80.0796,15
3896,Dragon Ball Z: Sagas,2005-03-22 00:00:00.000,6,NULL,NULL,NULL,48.4618,47
2844,The Simpsons: Hit & Run,2003-09-16 00:00:00.000,54,NULL,72.8000,6,76.0563,214
9064,Super Adventure Island,1992-01-11 00:00:00.000,2,NULL,NULL,NULL,66.9374,12
26546,Dynasty Warriors 9,2018-02-08 00:00:00.000,14,3,65.1250,10,50.6039,11
5597,Assetto Corsa,2014-12-19 00:00:00.000,25,NULL,63.7000,11,80.3468,66
18013,Dungeon Souls,2016-12-02 00:00:00.000,9,NULL,69.7500,5,63.1965,17
11491,Zombi,2015-08-18 00:00:00.000,16,NULL,63.0000,6,67.2504,36
26869,World of Horror,2020-02-20 00:00:00.000,4,2,90.0000,1,61.4688,14
47068,FNaF World,2016-02-08 00:00:00.000,2,NULL,NULL,NULL,73.8179,12
10232,Thimbleweed Park,2017-03-30 00:00:00.000,60,12,82.6154,15,80.2583,103
2669,Guitar Hero World Tour,2008-10-26 00:00:00.000,22,NULL,82.5000,6,74.4665,103
337,American McGee's Alice,2000-12-06 00:00:00.000,23,NULL,NULL,NULL,73.9481,99
44463,Super Star Wars: The Empire Strikes Back,1993-06-01 00:00:00.000,2,NULL,NULL,NULL,75.0451,21
42576,X-Men: Mutant Apocalypse,1994-11-01 00:00:00.000,NULL,NULL,NULL,NULL,67.1053,16
3811,Bionicle: The Game,2003-09-01 00:00:00.000,4,NULL,43.0000,1,61.1322,13
2195,Mike Tyson's Punch-Out!!,1987-10-18 00:00:00.000,15,NULL,NULL,NULL,82.8128,82
103337,Divinity: Original Sin II - Definitive Edition,2018-08-31 00:00:00.000,14,1,92.5556,9,90.4421,93
4838,Guacamelee!,2013-04-09 00:00:00.000,44,NULL,84.3636,12,79.3391,156
18657,Yoshi's Cookie,1992-11-21 00:00:00.000,4,NULL,NULL,NULL,72.3555,20
19577,Star Wars: Galaxy of Heroes,2015-11-24 00:00:00.000,4,1,70.0000,1,70.0474,23
143335,DinoScape,2020-06-13 00:00:00.000,8,NULL,NULL,NULL,88.6885,14
5471,2014 FIFA World Cup Brazil,2014-04-15 00:00:00.000,6,NULL,76.2500,7,64.7413,21
2555,MotorStorm: Apocalypse,2011-03-16 00:00:00.000,7,NULL,78.3333,8,62.6770,30
1678,Wild Arms 2,1999-09-02 00:00:00.000,2,NULL,NULL,NULL,73.8220,14
2567,Dragon Ball Z: Shin Budokai,2006-03-07 00:00:00.000,4,NULL,70.0000,1,69.5969,26
282,EverQuest,1999-03-16 00:00:00.000,8,NULL,84.0000,1,71.8294,18
1481,Gradius III,1989-12-11 00:00:00.000,2,NULL,NULL,NULL,70.3501,18
3203,Mad Father,2012-12-10 00:00:00.000,6,NULL,NULL,NULL,80.0654,51
573,X-Men Origins: Wolverine,2009-05-01 00:00:00.000,35,NULL,71.6667,1,71.2563,105
27384,Graveyard Keeper,2018-08-15 00:00:00.000,23,10,75.0000,1,76.1216,55
2265,WWE SmackDown vs. Raw 2011,2010-10-26 00:00:00.000,16,NULL,70.0000,5,70.7388,48
6442,WWE Smackdown! Here Comes the Pain,2003-10-27 00:00:00.000,14,NULL,90.0000,2,72.2254,46
5297,WWE 2K14,2013-10-29 00:00:00.000,9,NULL,73.1111,9,76.7551,22
2151,Catherine,2011-02-17 00:00:00.000,65,NULL,79.7143,11,78.6187,157
11336,Warhammer: Dark Omen,1998-03-31 00:00:00.000,4,NULL,NULL,NULL,79.6717,12
139896,Shadow of the Colossus,2012-01-12 00:00:00.000,NULL,NULL,NULL,NULL,84.8175,26
5928,Midnight Club 3: DUB Edition,2005-04-12 00:00:00.000,17,NULL,75.2000,6,65.7871,42
5296,WWE All Stars,2011-03-29 00:00:00.000,4,NULL,63.3333,6,57.2109,23
2568,Dragon Ball Z: Shin Budokai - Another Road,2007-03-20 00:00:00.000,7,NULL,60.0000,1,68.7847,24
2254,Dragon Ball Z: Budokai Tenkaichi 3,2007-10-04 00:00:00.000,52,NULL,68.6667,3,78.7109,202
1632,GoldenEye: Rogue Agent,2004-11-22 00:00:00.000,5,NULL,63.3333,4,54.2455,14
2632,Jaws Unleashed,2006-05-23 00:00:00.000,6,NULL,49.8000,5,60.5799,12
7632,CSI: Dark Motives,2004-03-23 00:00:00.000,2,NULL,70.0000,2,78.4368,11
10632,The Sims Medieval,2011-03-22 00:00:00.000,5,NULL,75.0000,5,70.3929,37
78550,Bad North,2018-08-20 00:00:00.000,17,2,66.5000,2,75.4984,59
24978,Contra Force,1992-09-30 00:00:00.000,2,NULL,NULL,NULL,70.4843,28
46989,The Crooked Man,2012-12-31 00:00:00.000,2,NULL,NULL,NULL,70.5334,12
2252,Dragon Ball Z: Budokai Tenkaichi 2,2006-10-05 00:00:00.000,15,NULL,73.5000,5,78.3559,83
214,Neverwinter Nights 2,2006-10-31 00:00:00.000,45,NULL,85.0000,5,82.7385,121
2577,Dragon Ball Z: Supersonic Warriors 2,2005-11-20 00:00:00.000,7,NULL,80.0000,1,68.4783,22
2253,Dragon Ball Z: Budokai Tenkaichi,2005-10-06 00:00:00.000,17,NULL,62.5000,3,73.4520,66
22516,Crashday,2006-02-24 00:00:00.000,2,NULL,60.0000,1,57.1636,11
674,Dungeons & Dragons: Dragonshard,2005-09-21 00:00:00.000,4,NULL,70.0000,1,80.0953,11
16880,Tower of Guns,2014-02-02 00:00:00.000,5,NULL,68.0000,7,56.4580,18
119656,Koikatsu Party,2019-06-10 00:00:00.000,4,NULL,NULL,NULL,87.6463,11
5909,Marc Ecko's Getting Up: Contents Under Pressure,2006-02-14 00:00:00.000,6,NULL,61.5000,4,70.3464,23
27441,Wargroove,2019-01-02 00:00:00.000,15,6,84.6667,9,74.4965,40
5025,To the Moon,2011-11-01 00:00:00.000,116,NULL,82.7143,8,81.4691,364
9886,Metal Gear Acid 2,2005-12-08 00:00:00.000,5,NULL,84.5000,2,79.6118,14
29526,Kindergarten,2017-04-07 00:00:00.000,2,NULL,NULL,NULL,86.0875,11
7806,Bubsy 3D,1996-11-26 00:00:00.000,1,NULL,NULL,NULL,23.0100,15
8063,Retro City Rampage,2012-10-09 00:00:00.000,10,NULL,72.5000,6,68.9418,17
8748,N,2004-03-01 00:00:00.000,8,NULL,NULL,NULL,62.0804,15
5729,Area 51,2005-04-25 00:00:00.000,11,NULL,76.6667,3,72.9577,35
9732,The Flame in the Flood,2016-02-24 00:00:00.000,24,2,76.8824,18,75.4735,53
12834,Caveman Ninja,1991-12-31 00:00:00.000,3,NULL,NULL,NULL,65.6173,24
7020,Inversion,2012-06-05 00:00:00.000,8,NULL,54.0000,7,64.7671,32
9201,Yet Another Zombie Defense,2010-02-03 00:00:00.000,2,NULL,NULL,NULL,21.4330,15
4703,Bakugan Battle Brawlers,2009-10-20 00:00:00.000,4,NULL,60.0000,2,60.8879,18
15903,Tharsis,2016-01-11 00:00:00.000,9,NULL,63.4286,9,73.1152,15
6979,E.V.O. : Search for Eden,1992-12-21 00:00:00.000,6,NULL,NULL,NULL,70.1010,21
2749,Bloody Roar,1997-07-07 00:00:00.000,5,NULL,NULL,NULL,76.7575,31
114684,Splitgate,2019-05-22 00:00:00.000,12,NULL,65.0000,1,72.8002,44
283,Theme Park,1994-12-31 00:00:00.000,14,NULL,79.0000,2,68.9582,80
5612,LEGO Island,1997-09-26 00:00:00.000,5,1,NULL,NULL,67.5901,21
19612,Yo! Noid,1990-11-01 00:00:00.000,1,NULL,NULL,NULL,51.5252,13
8605,Gunman Clive 2,2015-01-29 00:00:00.000,NULL,NULL,70.0000,2,74.3535,11
37138,Sengoku Rance,2006-12-15 00:00:00.000,3,NULL,NULL,NULL,94.7147,24
18815,Ghostbusters,2016-07-12 00:00:00.000,NULL,NULL,32.1667,13,30.0000,1
12633,Atelier Sophie: The Alchemist of the Mysterious Book,2015-11-19 00:00:00.000,9,NULL,76.0833,12,77.9588,8
9705,10000000,2012-02-17 00:00:00.000,4,NULL,80.0000,1,50.3168,15
9244,Tembo the Badass Elephant,2015-07-21 00:00:00.000,5,2,71.0000,12,72.0451,7
7168,The Dark Eye: Memoria,2013-08-29 00:00:00.000,9,NULL,76.6667,3,80.5096,28
18225,The Sinking City,2019-06-27 00:00:00.000,62,61,70.0000,17,70.4237,80
126153,S.T.A.L.K.E.R.: Anomaly,2018-05-11 00:00:00.000,242,NULL,NULL,NULL,80.2365,21
4887,Geometry Wars: Retro Evolved 2,2008-07-30 00:00:00.000,8,NULL,88.5000,5,87.6190,14
47398,L.A. Noire: The Complete Edition,2011-11-08 00:00:00.000,14,NULL,NULL,NULL,80.7149,30
26467,The Deed,2015-11-23 00:00:00.000,4,NULL,NULL,NULL,64.7873,17
19634,Atelier Iris: Eternal Mana,2004-05-27 00:00:00.000,5,NULL,82.5000,3,72.4110,11
47461,Borderlands 2: Game of the Year Edition,2013-10-08 00:00:00.000,13,NULL,NULL,NULL,82.5035,62
13074,MicroProse Formula One Grand Prix,1991-12-31 00:00:00.000,4,NULL,NULL,NULL,89.5644,16
7339,Super Mario Maker,2015-09-10 00:00:00.000,70,16,89.7273,14,81.4096,170
43895,Disney's Goofy's Fun House,2001-06-15 00:00:00.000,NULL,NULL,NULL,NULL,69.8767,11
8108,Pink Panther: Pinkadelic Pursuit,2002-11-15 00:00:00.000,9,NULL,NULL,NULL,66.6883,24
3946,The Hobbit,2003-10-24 00:00:00.000,10,NULL,59.0000,1,72.2469,25
1388,Dead or Alive 2,1999-10-16 00:00:00.000,16,NULL,80.0000,1,75.5450,62
4135,Darkstalkers 3,1998-04-16 00:00:00.000,7,NULL,NULL,NULL,78.3933,23
3400,NES Open Tournament Golf,1991-09-20 00:00:00.000,2,NULL,NULL,NULL,72.0897,12
5979,Pariah,2005-05-03 00:00:00.000,2,NULL,65.7500,5,59.8407,13
2705,Just Dance 3,2011-10-07 00:00:00.000,3,NULL,70.0000,7,73.4181,17
3889,Donkey Konga,2003-12-12 00:00:00.000,3,NULL,60.0000,0,70.8422,19
118993,Borderlands: Game of the Year Enhanced,2019-04-03 00:00:00.000,68,NULL,NULL,NULL,69.1156,32
13661,Hero of the Kingdom II,2015-02-20 00:00:00.000,5,NULL,NULL,NULL,72.8038,17
9159,Journey to Silius,1990-08-10 00:00:00.000,2,NULL,NULL,NULL,79.1437,17
2629,Guitar Hero: Warriors of Rock,2010-09-24 00:00:00.000,18,NULL,68.1667,9,74.7153,53
27259,Mystic Messenger,2016-07-08 00:00:00.000,3,NULL,NULL,NULL,80.0005,15
6980,Three Wonders,1991-12-31 00:00:00.000,2,NULL,NULL,NULL,81.5675,12
972,Resident Evil Outbreak,2003-12-11 00:00:00.000,12,NULL,70.0000,2,60.1648,41
6856,Rygar,1986-05-01 00:00:00.000,2,NULL,NULL,NULL,75.0013,19
86375,Soccer,1985-04-09 00:00:00.000,3,NULL,NULL,NULL,58.8675,20
2754,Breakout,1976-05-13 00:00:00.000,6,NULL,NULL,NULL,79.0364,35
5881,Kill.Switch,2003-10-28 00:00:00.000,5,NULL,75.0000,5,75.9867,12
17625,Soul Gambler,2014-06-04 00:00:00.000,5,NULL,NULL,NULL,59.1226,12
3047,Forza Horizon,2012-10-23 00:00:00.000,44,NULL,81.8750,11,85.0292,109
74548,Tennis,1984-01-14 00:00:00.000,4,NULL,NULL,NULL,79.7678,26
2365,Battle for Wesnoth,2005-08-02 00:00:00.000,7,NULL,NULL,NULL,81.0010,30
4592,Antarctic Adventure,1983-12-31 00:00:00.000,4,NULL,NULL,NULL,64.3011,32
14411,Forbidden Siren 2,2006-02-09 00:00:00.000,6,NULL,80.0000,2,82.4450,11
1780,Mega Man ZX Advent,2007-07-12 00:00:00.000,5,NULL,75.0000,2,94.0116,24
23732,Osiris: New Dawn,2016-09-28 00:00:00.000,14,4,NULL,NULL,59.5625,12
396,The Final Fantasy Legend,1989-12-15 00:00:00.000,3,NULL,NULL,NULL,60.5045,13
55195,Travis Strikes Again: No More Heroes,2019-01-18 00:00:00.000,6,5,74.1429,9,53.4942,16
27890,Marvel Super Heroes,1995-10-24 00:00:00.000,3,NULL,NULL,NULL,66.2374,14
1439,Fire Emblem: The Blazing Blade,2003-04-25 00:00:00.000,31,NULL,90.0000,1,87.9745,101
5590,Pixel Piracy,2013-11-12 00:00:00.000,2,NULL,50.0000,1,78.7943,12
8684,Doki-Doki Universe,2013-12-02 00:00:00.000,4,NULL,74.0000,7,64.0447,12
439,Spartan: Total Warrior,2005-10-07 00:00:00.000,2,NULL,77.5000,2,68.0082,15
40470,Car Mechanic Simulator 2018,2017-07-21 00:00:00.000,27,2,67.0000,3,73.7416,23
7038,The King of Fighters XIII,2010-07-14 00:00:00.000,10,NULL,79.0000,5,79.1846,40
45142,The Legend of Zelda: Ocarina of Time - Master Quest,2002-02-28 00:00:00.000,9,NULL,NULL,NULL,89.9830,23
86428,Pinball,1984-02-02 00:00:00.000,2,NULL,NULL,NULL,69.2921,14
760,Interstate '76,1997-03-28 00:00:00.000,8,NULL,NULL,NULL,78.1063,19
23400,Ace of Spades: Battle Builder,2012-12-12 00:00:00.000,5,NULL,NULL,NULL,63.6263,13
8400,The Last Ninja,1987-12-31 00:00:00.000,2,NULL,NULL,NULL,63.4046,20
3322,Project Gotham Racing 3,2005-11-22 00:00:00.000,6,NULL,87.5000,3,89.3316,17
26297,Need for Speed: No Limits,2015-01-06 00:00:00.000,7,2,NULL,NULL,70.1327,22
2976,Survarium,2015-04-02 00:00:00.000,11,6,NULL,NULL,53.4738,12
5551,Nidhogg,2014-01-13 00:00:00.000,29,NULL,83.5000,6,78.0718,87
83891,Friday the 13th: Killer Puzzle,2018-01-19 00:00:00.000,2,NULL,80.0000,3,74.4108,15
10143,Animal Crossing: Happy Home Designer,2015-07-30 00:00:00.000,6,1,65.5556,11,60.8968,19
22688,Inazuma Eleven,2008-08-22 00:00:00.000,5,NULL,93.0000,2,73.1359,29
3321,Project Gotham Racing 2,2003-11-17 00:00:00.000,11,NULL,93.0000,3,83.4357,20
15450,Ys III: Wanderers from Ys,1989-07-01 00:00:00.000,2,NULL,NULL,NULL,79.6224,11
16775,Finding Teddy,2013-02-08 00:00:00.000,1,NULL,NULL,NULL,69.9391,12
2910,Leisure Suit Larry 5: Passionate Patti Does a Little Undercover Work,1991-09-07 00:00:00.000,6,NULL,NULL,NULL,64.4260,19
16765,Type: Rider,2013-10-03 00:00:00.000,10,NULL,81.0000,2,66.6511,23
109096,Krunker,2018-05-20 00:00:00.000,12,NULL,NULL,NULL,72.1243,19
591,Age of Wonders: Shadow Magic,2003-07-25 00:00:00.000,2,NULL,89.0000,1,81.7780,29
81143,The World Ends with You: Final Remix,2018-09-27 00:00:00.000,1,NULL,72.2857,8,57.3647,11
2367,Blaster Master,1988-06-17 00:00:00.000,3,NULL,85.0000,2,79.9345,27
6310,Astro Boy: Omega Factor,2003-12-18 00:00:00.000,2,NULL,NULL,NULL,70.1348,14
6471,Adventure Island II,1991-02-01 00:00:00.000,4,NULL,NULL,NULL,67.8093,30
2700,Tony Hawk's Proving Ground,2007-10-15 00:00:00.000,5,NULL,71.2500,6,57.5393,13
706,Command & Conquer: Renegade,2002-02-26 00:00:00.000,12,NULL,59.0000,2,70.5401,68
9906,Super House of Dead Ninjas,2013-02-18 00:00:00.000,8,NULL,80.0000,2,81.1578,12
14722,Waking Mars,2012-02-29 00:00:00.000,3,NULL,NULL,NULL,78.9048,11
20910,World War Z,2019-04-16 00:00:00.000,32,8,73.6667,15,70.1244,82
12987,System Shock: Enhanced Edition,2015-09-22 00:00:00.000,9,NULL,89.0000,3,89.9325,25
2438,Prince of Persia,2008-12-02 00:00:00.000,94,NULL,84.2857,9,77.5147,267
6817,Ghouls 'n Ghosts,1988-12-01 00:00:00.000,17,NULL,NULL,NULL,80.8612,63
11635,Drakengard,2003-09-11 00:00:00.000,12,NULL,70.0000,1,68.5520,45
26709,Project CARS 2,2017-09-22 00:00:00.000,37,8,83.8750,11,76.7725,42
111130,Apsulov: End of Gods,2019-08-08 00:00:00.000,11,1,NULL,NULL,78.8216,13
23879,Shin Megami Tensei II,1994-03-18 00:00:00.000,5,NULL,NULL,NULL,80.4984,15
3102,Kerbal Space Program,2015-04-27 00:00:00.000,127,13,86.5714,9,88.9530,154
178126,Grand Theft Auto: San Andreas - The Definitive Edition,2021-11-11 00:00:00.000,5,2,NULL,NULL,50.0889,17
66,Monkey Island 2 Special Edition: LeChuck's Revenge,2010-06-26 00:00:00.000,28,NULL,86.0000,2,85.1623,68
9894,1nsane,2000-12-31 00:00:00.000,6,NULL,NULL,NULL,84.3401,13
2683,Mercenaries: Playground of Destruction,2005-01-11 00:00:00.000,11,NULL,70.8000,5,71.7910,31
4367,Street Fighter II: Special Champion Edition,1993-12-31 00:00:00.000,2,NULL,NULL,NULL,79.5476,11
6993,Fight Night Round 4,2009-06-23 00:00:00.000,4,NULL,87.5000,8,79.1591,16
381,Metal Gear Solid: Portable Ops,2006-12-05 00:00:00.000,11,NULL,90.0000,2,68.6210,44
138270,Adios,2021-03-17 00:00:00.000,2,NULL,NULL,NULL,71.8745,15
18094,Z1: Battle Royale,2018-02-28 00:00:00.000,15,1,66.2500,6,73.1185,37
11088,Alien Shooter 2: Reloaded,2006-09-07 00:00:00.000,5,NULL,NULL,NULL,77.9720,17
1127,Castlevania: Bloodlines,1994-03-17 00:00:00.000,14,NULL,NULL,NULL,75.9266,83
794,Wing Commander: Privateer,1993-09-22 00:00:00.000,3,NULL,NULL,NULL,89.9335,11
594,Aliens versus Predator 2,2001-10-22 00:00:00.000,27,NULL,NULL,NULL,81.8311,72
51,Syndicate Wars,1996-12-31 00:00:00.000,4,NULL,50.0000,1,66.8275,15
20031,Super Star Wars,1992-11-01 00:00:00.000,8,NULL,75.0000,3,68.8968,42
2557,Dragon Ball Z: Hyper Dimension,1996-03-29 00:00:00.000,4,NULL,NULL,NULL,77.6483,20
9531,Gems of War,2014-11-19 00:00:00.000,5,NULL,NULL,NULL,75.8698,19
11781,Muv-Luv Alternative,2006-02-24 00:00:00.000,6,NULL,92.0000,3,89.3417,13
2203,The 11th Hour,1995-11-30 00:00:00.000,5,NULL,51.0000,1,77.2961,17
8682,Grim Fandango Remastered,2015-01-26 00:00:00.000,70,3,82.2500,14,76.9457,184
460,"Simon the Sorcerer II: The Lion, the Wizard and the Wardrobe",1995-01-01 00:00:00.000,8,NULL,NULL,NULL,85.9135,24
95013,Far Cry Classic,2014-02-11 00:00:00.000,NULL,1,NULL,NULL,76.7764,14
10844,Silent Storm,2003-11-07 00:00:00.000,3,NULL,80.0000,1,79.5740,17
8559,I.G.I.-2: Covert Strike,2003-03-03 00:00:00.000,19,NULL,68.3333,3,75.8140,44
3078,Sniper Elite V2,2012-04-30 00:00:00.000,58,NULL,66.9091,13,71.4914,185
178166,Donkey Kong Jr.,1983-07-15 00:00:00.000,NULL,NULL,NULL,NULL,66.5232,19
11812,Universe Sandbox Legacy,2011-04-29 00:00:00.000,NULL,NULL,84.0000,1,63.3034,11
109339,Change: A Homeless Survival Experience,2020-05-01 00:00:00.000,19,1,NULL,NULL,41.5406,12
2263,Gothic 3,2006-10-13 00:00:00.000,46,NULL,61.6667,3,77.4336,168
1715,Mega Man 2,1989-06-02 00:00:00.000,109,NULL,NULL,NULL,86.3439,334
3049,State of Decay,2013-06-05 00:00:00.000,52,NULL,75.0000,10,75.8163,117
5820,Dynasty Warriors 5,2005-02-24 00:00:00.000,6,NULL,63.3333,3,64.9828,22
3683,Mother 3,2006-04-20 00:00:00.000,55,NULL,NULL,NULL,90.8439,140
11083,Disney Infinity 3.0,2015-08-28 00:00:00.000,2,NULL,81.3636,14,78.1684,17
50575,Battle Stadium D.O.N,2006-08-20 00:00:00.000,3,NULL,NULL,NULL,44.2439,14
7554,Tiny Thief,2013-07-11 00:00:00.000,3,NULL,80.0000,1,79.3015,13
11261,The Black Mirror,2003-10-17 00:00:00.000,24,NULL,80.0000,1,81.6530,58
8901,Badland,2013-04-04 00:00:00.000,13,NULL,70.0000,2,75.7701,45
18698,Rage Racer,1996-12-03 00:00:00.000,3,NULL,70.0000,1,89.7552,11
9781,Beyond Divinity,2004-04-27 00:00:00.000,5,NULL,75.0000,1,69.7258,14
26776,Detention,2017-01-12 00:00:00.000,17,NULL,76.0000,4,75.3667,50
3952,Ice Age 2: The Meltdown,2006-03-14 00:00:00.000,7,NULL,62.7500,4,69.1530,18
6390,Drill Dozer,2005-09-22 00:00:00.000,1,NULL,75.0000,2,72.7274,11
3966,Killer7,2005-06-09 00:00:00.000,18,NULL,73.5000,5,81.9290,49
1441,Fire Emblem: Path of Radiance,2005-04-20 00:00:00.000,27,NULL,80.0000,1,83.8162,88
1962,Dreamfall Chapters,2014-10-21 00:00:00.000,40,2,76.3636,12,82.8475,69
6351,Contra III: The Alien Wars,1992-02-28 00:00:00.000,19,NULL,NULL,NULL,81.2769,95
11615,Fighting Force 2,1999-11-30 00:00:00.000,6,NULL,NULL,NULL,41.3484,14
8740,The Adventures of Bayou Billy,1989-06-01 00:00:00.000,NULL,NULL,NULL,NULL,58.4982,12
3857,"The Chronicles of Narnia: The Lion, the Witch and the Wardrobe",2005-11-14 00:00:00.000,5,NULL,67.5000,4,55.8131,25
2725,Pokémon Colosseum,2003-11-21 00:00:00.000,22,NULL,NULL,NULL,71.4398,101
1033,The Legend of Zelda: The Wind Waker,2002-12-13 00:00:00.000,283,NULL,90.0000,1,87.0325,789
3492,F-Zero GX,2003-07-25 00:00:00.000,11,NULL,90.0000,3,78.8089,53
8390,SpaceChem,2011-01-01 00:00:00.000,8,NULL,NULL,NULL,83.1520,25
6823,Buster Bros.,1989-12-31 00:00:00.000,7,NULL,NULL,NULL,74.9998,40
10759,F-22 Lightning II,1996-09-30 00:00:00.000,2,NULL,NULL,NULL,71.7974,11
1706,WarioWare: Smooth Moves,2006-12-02 00:00:00.000,14,NULL,80.0000,2,84.7099,65
27499,Distraint 2,2018-11-13 00:00:00.000,1,1,NULL,NULL,87.3100,13
45556,Sonic.EXE,2013-07-24 00:00:00.000,1,NULL,NULL,NULL,12.2609,14
16474,Final Fantasy II,1988-12-17 00:00:00.000,15,NULL,40.0000,1,71.2295,48
3489,F-Zero X,1998-07-14 00:00:00.000,20,NULL,NULL,NULL,82.7371,74
4114,Tenchu 2: Birth of the Stealth Assassins,2000-08-15 00:00:00.000,14,NULL,NULL,NULL,82.0304,49
1139,Castlevania: Rondo of Blood,1993-10-29 00:00:00.000,16,NULL,NULL,NULL,80.2753,90
24949,Pokémon Uranium,2016-08-06 00:00:00.000,6,NULL,NULL,NULL,80.0942,14
3717,Kirby's Adventure,1993-03-23 00:00:00.000,30,NULL,60.0000,1,80.7778,150
44494,Yu-Gi-Oh! GX Tag Force 3,2008-12-28 00:00:00.000,4,NULL,NULL,NULL,81.6403,20
17141,Clockwork Tales: Of Glass and Ink,2014-03-04 00:00:00.000,6,NULL,70.0000,1,70.1876,14
5474,2006 FIFA World Cup,2006-04-24 00:00:00.000,9,NULL,85.0000,2,69.0282,27
28386,The Legend of the Mystical Ninja,1991-07-17 00:00:00.000,2,NULL,NULL,NULL,79.4187,17
19249,Empyrion: Galactic Survival,2020-08-05 00:00:00.000,8,1,NULL,NULL,64.0289,15
7794,Bonk's Adventure,1989-12-15 00:00:00.000,2,NULL,NULL,NULL,60.5113,16
54699,Black Mirror,2017-11-28 00:00:00.000,13,NULL,25.0000,1,52.3728,11
5629,Dungeons & Dragons Online,2006-02-28 00:00:00.000,4,NULL,83.3333,3,71.1270,17
1433,Fire Emblem: Shadow Dragon and the Blade of Light,1990-04-20 00:00:00.000,3,NULL,55.0000,1,90.0849,18
2223,Torin's Passage,1995-10-31 00:00:00.000,7,NULL,70.0000,1,78.0066,11
18967,Valkyria Chronicles Remastered,2014-11-11 00:00:00.000,17,NULL,85.4444,11,86.6554,23
5592,Bit.Trip Presents... Runner2: Future Legend of Rhythm Alien,2013-02-26 00:00:00.000,13,NULL,87.2222,10,70.3097,35
1711,Wario's Woods,1994-02-19 00:00:00.000,2,NULL,NULL,NULL,69.9943,12
2325,Pokémon Battle Revolution,2006-12-14 00:00:00.000,9,NULL,53.2500,4,68.1542,64
11191,EarthBound Beginnings,2015-06-14 00:00:00.000,12,NULL,NULL,NULL,80.6493,45
2907,Killer Instinct,1994-10-28 00:00:00.000,16,1,70.0000,0,75.7482,93
8599,Gunman Clive,2012-04-02 00:00:00.000,2,NULL,80.0000,1,73.4905,20
1733,Mega Man: Dr. Wily's Revenge,1991-07-26 00:00:00.000,2,NULL,NULL,NULL,69.8960,11
3725,Kirby's Return to Dream Land,2011-10-24 00:00:00.000,13,NULL,86.5000,4,89.7575,49
6386,Dragon Ball: Advanced Adventure,2004-11-18 00:00:00.000,5,NULL,NULL,NULL,78.6933,44
4379,Batman Returns,1992-02-19 00:00:00.000,8,NULL,NULL,NULL,73.1155,41
9912,PixelJunk Shooter,2009-12-10 00:00:00.000,4,NULL,82.6667,4,78.9686,23
1434,Fire Emblem Gaiden,1992-03-14 00:00:00.000,5,1,NULL,NULL,79.6414,15
9249,Hotel Dusk: Room 215,2007-01-22 00:00:00.000,21,NULL,80.0000,2,81.2071,56
87672,Florence,2018-02-13 00:00:00.000,6,NULL,80.0000,2,76.3035,87
476,Star Wars: Battlefront - Elite Squadron,2009-11-03 00:00:00.000,4,NULL,60.0000,2,73.9721,12
14697,Teenage Mutant Ninja Turtles IV: Turtles in Time,1992-07-24 00:00:00.000,29,NULL,40.0000,0,86.3926,133
17174,S.K.I.L.L.: Special Force 2,2013-09-12 00:00:00.000,4,NULL,NULL,NULL,62.7484,11
377,Metal Gear 2: Solid Snake,1990-07-20 00:00:00.000,20,NULL,NULL,NULL,81.2923,72
1658,Mighty Final Fight,1993-06-11 00:00:00.000,2,1,NULL,NULL,75.5762,19
8581,Star Fox,1993-02-21 00:00:00.000,23,NULL,70.0000,1,82.8237,121
27522,Habbo,2000-08-01 00:00:00.000,10,NULL,NULL,NULL,59.4081,23
32,Space Quest V: The Next Mutation,1993-02-05 00:00:00.000,4,NULL,NULL,NULL,85.7056,14
11007,Knights of the Temple II,2005-11-24 00:00:00.000,2,NULL,57.0000,2,58.3548,12
1463,Perfect Dark,2000-05-22 00:00:00.000,49,NULL,70.0000,1,89.9214,124
2266,Muramasa: The Demon Blade,2009-04-09 00:00:00.000,14,NULL,85.0000,5,85.5219,40
8448,Maui Mallard in Cold Shadow,1995-12-08 00:00:00.000,6,NULL,NULL,NULL,80.9363,24
1585,Skylanders: Spyro's Adventure,2011-10-13 00:00:00.000,3,NULL,81.5000,5,67.7418,29
4596,Battle City,1985-09-09 00:00:00.000,14,NULL,NULL,NULL,81.8679,64
1832,Army of Two: The Devil's Cartel,2013-03-26 00:00:00.000,8,NULL,56.0000,14,60.7569,32
6490,Disney's Chip 'n Dale Rescue Rangers,1990-06-08 00:00:00.000,23,NULL,NULL,NULL,78.5546,98
9709,Klonoa 2: Lunatea's Veil,2001-03-22 00:00:00.000,4,NULL,NULL,NULL,78.6350,18
3816,Teenage Mutant Ninja Turtles II: The Arcade Game,1990-12-01 00:00:00.000,15,NULL,NULL,NULL,80.3147,81
985,Dead Space: Extraction,2009-09-24 00:00:00.000,3,NULL,81.3333,6,67.4003,28
2703,Micro Machines,1991-12-31 00:00:00.000,12,NULL,60.0000,0,78.9985,63
7859,Gabriel Knight: Sins of the Fathers - 20th Anniversary Edition,2014-10-15 00:00:00.000,4,NULL,88.0000,1,79.9864,20
1321,Turok: Dinosaur Hunter,1997-02-28 00:00:00.000,14,1,78.5000,1,69.2252,61
3451,Bomberman 64,1997-09-26 00:00:00.000,10,NULL,NULL,NULL,65.9092,51
2574,Dragon Ball Z: Ultimate Tenkaichi,2011-10-25 00:00:00.000,13,NULL,45.0000,3,51.0892,38
8392,Edge,2008-12-01 00:00:00.000,6,NULL,86.0000,1,73.8468,24
77234,Final Fantasy III,1990-04-27 00:00:00.000,3,NULL,NULL,NULL,65.2901,27
2905,Divinity: Dragon Commander,2013-08-06 00:00:00.000,5,NULL,75.0000,4,68.6559,13
14729,Final Fantasy XIV Online,2010-09-30 00:00:00.000,14,NULL,35.0000,6,50.1977,24
114110,Fear & Hunger,2018-12-11 00:00:00.000,NULL,NULL,NULL,NULL,72.9778,12
459,Simon the Sorcerer,1993-01-02 00:00:00.000,14,NULL,NULL,NULL,81.2399,45
4497,Star Control,1990-12-31 00:00:00.000,3,NULL,NULL,NULL,81.9134,11
572,Arma 2,2009-06-17 00:00:00.000,26,NULL,0.0000,4,75.3031,59
601,ArmA 2: Operation Arrowhead,2010-06-29 00:00:00.000,13,NULL,70.0000,2,66.3880,24
103203,The X-Files Game,1998-05-31 00:00:00.000,2,NULL,NULL,NULL,68.5576,13
18220,Rhythm Heaven Megamix,2015-06-11 00:00:00.000,6,NULL,81.1429,8,80.3977,15
8594,Mario vs. Donkey Kong: Tipping Stars,2015-03-05 00:00:00.000,NULL,NULL,71.6667,11,69.1936,6
4700,Bravely Default,2013-12-05 00:00:00.000,40,NULL,85.0000,12,74.2687,70
1657,Final Fight 3,1995-12-21 00:00:00.000,5,NULL,NULL,NULL,81.9138,42
80174,Mario's Super Picross,1995-09-14 00:00:00.000,NULL,NULL,NULL,NULL,89.6315,17
1656,Final Fight 2,1993-05-22 00:00:00.000,5,NULL,NULL,NULL,80.0041,51
1437,Fire Emblem: Thracia 776,1999-09-01 00:00:00.000,8,NULL,NULL,NULL,88.8035,24
18050,Echochrome,2008-03-19 00:00:00.000,6,NULL,85.0000,4,79.6040,18
52,The Elder Scrolls: Arena,1994-03-25 00:00:00.000,11,NULL,88.0000,1,72.0872,37
17052,Return to Mysterious Island,2004-11-19 00:00:00.000,7,NULL,87.0000,1,70.3286,14
8489,Blake Stone: Aliens of Gold,1993-12-03 00:00:00.000,2,NULL,NULL,NULL,79.9305,15
4068,Pokémon Pinball,1999-04-14 00:00:00.000,14,NULL,NULL,NULL,69.5103,80
2655,Animal Crossing,2001-12-14 00:00:00.000,34,NULL,80.0000,1,77.6154,108
2111,Dark,2013-07-04 00:00:00.000,6,NULL,41.5714,7,39.7500,14
1073,Super Mario World 2: Yoshi's Island,1995-08-05 00:00:00.000,175,NULL,100.0000,1,88.2784,549
86807,Sonic CD,2011-12-14 00:00:00.000,NULL,NULL,85.0000,2,79.8582,12
6942,Condemned: Criminal Origins,2005-11-16 00:00:00.000,42,NULL,73.8333,6,80.5845,141
7252,WWE SmackDown vs. Raw 2007,2006-11-10 00:00:00.000,16,NULL,78.0000,9,75.7188,48
1200,Tales of Phantasia,1995-12-15 00:00:00.000,10,NULL,65.0000,2,86.6623,33
10733,The Novelist,2013-12-10 00:00:00.000,3,NULL,58.7500,4,74.1268,12
6615,Summon Night: Swordcraft Story,2003-04-25 00:00:00.000,2,NULL,NULL,NULL,84.1532,13
8505,Duke Nukem: Manhattan Project,2002-05-14 00:00:00.000,11,NULL,45.0000,3,75.6776,48
359,Final Fantasy XV,2016-11-29 00:00:00.000,266,78,81.4400,29,76.6831,463
8967,Worms Battlegrounds,2014-05-30 00:00:00.000,15,NULL,67.0000,5,75.2437,24
51945,Ratty Catty,2017-07-21 00:00:00.000,52,NULL,NULL,NULL,75.9091,21
68362,RoboCop,1990-12-01 00:00:00.000,NULL,NULL,NULL,NULL,55.1968,12
1529,Jak II,2003-10-14 00:00:00.000,42,NULL,90.0000,2,80.5755,170
8656,Leisure Suit Larry 2: Goes Looking for Love (in Several Wrong Places),1988-10-27 00:00:00.000,7,NULL,NULL,NULL,63.5775,25
7883,Magicite,2014-06-09 00:00:00.000,1,NULL,NULL,NULL,65.6302,12
1528,Jak and Daxter: The Precursor Legacy,2001-12-03 00:00:00.000,60,NULL,90.0000,1,80.4590,251
7337,Captain Toad: Treasure Tracker,2014-11-13 00:00:00.000,26,3,82.1304,15,80.7454,112
18985,Dangerous Golf,2016-06-03 00:00:00.000,NULL,NULL,54.4667,15,69.8992,6
8789,Flight of the Amazon Queen,1995-12-31 00:00:00.000,14,NULL,NULL,NULL,71.8011,29
19333,Absolver,2017-08-29 00:00:00.000,41,16,74.7333,19,60.9553,37
4619,Popeye,1982-12-31 00:00:00.000,10,NULL,NULL,NULL,62.9171,39
76840,while True: learn(),2019-01-17 00:00:00.000,5,NULL,70.0000,2,75.1806,16
11122,ToeJam & Earl: Back in the Groove,2019-03-01 00:00:00.000,7,6,69.5000,13,80.0000,3
1892,Pid,2012-10-31 00:00:00.000,10,NULL,62.5000,5,59.9757,17
6655,Mother Russia Bleeds,2016-09-05 00:00:00.000,25,6,72.6250,11,66.7303,44
143260,MLB The Show 21,2021-04-20 00:00:00.000,NULL,3,81.6250,11,80.1670,7
32902,GentleMoon 2,2016-06-07 00:00:00.000,38,NULL,NULL,NULL,88.4615,13
2,Thief: The Dark Project,1998-11-30 00:00:00.000,61,NULL,70.0000,1,86.5787,146
23719,Neverwinter Nights: Enhanced Edition,2018-03-27 00:00:00.000,11,1,45.0000,2,64.1152,14
3267,Day of Defeat: Source,2005-09-26 00:00:00.000,18,NULL,85.0000,2,71.1846,49
1004,The Matrix: Path of Neo,2005-10-04 00:00:00.000,18,NULL,65.6000,6,66.6071,59
4181,Star Wars: Rogue Squadron II - Rogue Leader,2001-11-09 00:00:00.000,11,NULL,90.0000,2,84.0746,48
7479,Warhawk,2007-08-28 00:00:00.000,2,NULL,85.4000,7,60.1078,11
4479,Snake Rattle 'n' Roll,1990-07-01 00:00:00.000,2,NULL,NULL,NULL,77.2710,16
617,Brothers in Arms: Earned in Blood,2005-10-04 00:00:00.000,8,NULL,73.0000,5,71.9594,51
5311,F1 Race Stars,2012-11-13 00:00:00.000,3,NULL,70.0000,8,52.2439,16
1340,Dustforce DX,2012-01-17 00:00:00.000,5,NULL,79.7500,8,79.8547,11
11563,Sherlock Holmes: The Devil's Daughter,2016-06-10 00:00:00.000,42,6,67.3750,10,73.0965,81
22958,Last Window: The Secret of Cape West,2010-01-14 00:00:00.000,7,NULL,NULL,NULL,88.0202,12
6884,Shin Megami Tensei: Devil Survivor,2009-01-15 00:00:00.000,7,NULL,90.0000,3,77.5281,32
2958,Planetary Annihilation,2014-09-05 00:00:00.000,10,1,70.0000,2,74.5394,15
20950,Lifeless Planet: Premier Edition,2015-05-13 00:00:00.000,6,NULL,64.7500,4,57.0997,16
3573,Pilotwings 64,1996-06-23 00:00:00.000,6,NULL,NULL,NULL,67.4733,27
8109,The Pink Panther: Hokus Pokus Pink,1998-12-31 00:00:00.000,4,NULL,NULL,NULL,71.3290,13
11205,Anno 2205,2015-11-02 00:00:00.000,31,4,62.8000,5,73.2762,51
18861,I Am Setsuna,2016-02-18 00:00:00.000,26,1,75.5556,29,70.0983,27
540,Disney Universe,2011-10-25 00:00:00.000,2,NULL,64.6667,6,62.1960,16
4655,2010 FIFA World Cup South Africa,2010-04-27 00:00:00.000,8,NULL,88.0000,7,66.1592,37
9019,Shadowgrounds,2005-11-11 00:00:00.000,2,NULL,75.0000,3,65.3728,19
55628,Bomber Crew,2017-10-19 00:00:00.000,8,NULL,85.0000,3,76.8754,15
103221,Tetris Effect,2018-11-09 00:00:00.000,16,2,88.0000,15,88.1701,66
159720,Milk outside a bag of milk outside a bag of milk,2021-12-16 00:00:00.000,2,NULL,NULL,NULL,80.1820,17
1398,Professor Layton and the Diabolical Box,2007-11-29 00:00:00.000,28,NULL,85.0000,4,79.7445,83
22952,The King of Fighters 2002: Unlimited Match,2009-02-26 00:00:00.000,5,NULL,NULL,NULL,70.2443,20
2664,Just Dance 2,2010-10-12 00:00:00.000,3,NULL,NULL,NULL,69.9472,11
15467,Shin Megami Tensei: Strange Journey,2009-10-08 00:00:00.000,10,NULL,86.5000,4,90.8501,26
11209,Star Ocean,1996-07-19 00:00:00.000,15,NULL,NULL,NULL,80.7681,14
2967,Cryostasis,2009-02-27 00:00:00.000,11,NULL,65.0000,6,74.8554,27
21899,Final Fantasy X HD Remaster,2013-12-26 00:00:00.000,NULL,NULL,95.0000,1,89.8591,11
11650,NHL 96,1995-09-01 00:00:00.000,NULL,NULL,NULL,NULL,96.1483,12
55037,Street Fighter EX3,2000-03-04 00:00:00.000,1,NULL,NULL,NULL,68.1533,12
1045,SiN,1998-11-04 00:00:00.000,5,NULL,NULL,NULL,81.7718,20
27514,Gravel,2018-02-27 00:00:00.000,2,1,71.0000,5,74.1937,13
26701,Turok,2015-12-17 00:00:00.000,10,NULL,77.0000,5,71.7296,21
1785,Mega Man Star Force 2: Zerker x Ninja,2007-11-22 00:00:00.000,NULL,NULL,52.0000,2,73.8738,13
442,Napoleon: Total War,2010-02-23 00:00:00.000,16,NULL,83.3333,4,77.4943,72
13561,Digimon World: Next Order,2016-03-17 00:00:00.000,11,2,68.5455,12,67.6414,17
9807,Magicka 2,2015-05-26 00:00:00.000,15,NULL,60.8333,8,74.3423,60
7147,A New Beginning,2012-12-11 00:00:00.000,14,NULL,NULL,NULL,63.0443,19
122565,Humanity,2023-05-15 00:00:00.000,NULL,3,82.5000,2,81.5919,14
670,Command & Conquer 4: Tiberian Twilight,2010-03-16 00:00:00.000,10,NULL,65.0000,5,37.5563,30
5411,Pitfall!,1982-09-01 00:00:00.000,11,NULL,NULL,NULL,72.2916,77
118272,Predator: Hunting Grounds,2020-04-24 00:00:00.000,6,3,66.2222,11,55.4860,6
7659,Lotus Turbo Challenge 2,1991-12-31 00:00:00.000,6,NULL,NULL,NULL,80.4442,18
20330,Flinthook,2017-04-18 00:00:00.000,12,1,80.8000,7,79.7581,12
15155,Total War: Shogun 2 - Fall of the Samurai,2012-02-04 00:00:00.000,4,NULL,80.0000,1,80.5432,13
11059,Naruto Shippuden: Ultimate Ninja Storm 4,2016-02-04 00:00:00.000,55,4,75.3333,11,76.8656,137
1406,Metal Slug Advance,2004-11-12 00:00:00.000,5,NULL,89.0000,1,69.7763,21
36926,Monster Hunter: World,2018-01-26 00:00:00.000,364,90,93.2500,24,83.7226,396
21063,Sonic Forces,2017-11-07 00:00:00.000,70,45,56.7273,13,58.0992,77
118219,John Wick Hex,2019-10-08 00:00:00.000,2,2,76.0833,13,60.4571,10
9082,Raptor: Call of the Shadows,1994-04-01 00:00:00.000,2,NULL,NULL,NULL,79.0516,13
11133,Dark Souls III,2016-03-24 00:00:00.000,333,27,86.0769,29,87.1502,1204
1941,Infamous: Second Son,2014-03-21 00:00:00.000,133,4,79.2667,17,78.0735,426
2369,Dark Messiah of Might and Magic,2006-10-25 00:00:00.000,49,NULL,76.5000,4,78.8207,173
3225,No Man's Sky,2016-08-09 00:00:00.000,320,226,73.8421,43,70.2463,399
5620,Nox,2000-01-31 00:00:00.000,21,NULL,NULL,NULL,76.2836,37
8110,Octodad,2010-12-31 00:00:00.000,3,NULL,NULL,NULL,72.4935,17
2110,Ride to Hell: Retribution,2013-06-25 00:00:00.000,1,NULL,10.0000,2,11.8674,16
14431,Scorched Earth,1991-12-31 00:00:00.000,2,NULL,NULL,NULL,79.2881,15
115115,Resident Evil 3,2020-04-03 00:00:00.000,82,12,80.8000,14,79.2356,267
3659,Joust,1982-07-16 00:00:00.000,4,NULL,80.0000,2,73.5855,25
1698,Wario Land 3,2000-03-21 00:00:00.000,6,NULL,NULL,NULL,80.1279,37
441,Empire: Total War,2009-03-03 00:00:00.000,30,NULL,89.8333,7,78.0788,126
6341,Dwarf Fortress,2006-08-08 00:00:00.000,19,NULL,84.0000,0,87.4051,50
8968,Everlasting Summer,2014-11-18 00:00:00.000,17,NULL,NULL,NULL,85.2275,84
518,F.E.A.R. Extraction Point,2006-10-24 00:00:00.000,29,NULL,73.3333,3,79.4306,79
2552,Mad Max,2015-09-01 00:00:00.000,184,42,72.0000,17,76.2370,424
517,F.E.A.R.,2005-10-17 00:00:00.000,139,NULL,80.8571,9,80.8274,434
4484,Klax,1990-02-01 00:00:00.000,1,NULL,NULL,NULL,59.9428,13
3561,NHL 99,1998-09-30 00:00:00.000,1,NULL,NULL,NULL,69.9327,17
818,NHL 98,1997-10-23 00:00:00.000,2,NULL,NULL,NULL,79.0493,17
94752,Minecraft: Xbox One Edition,2014-09-05 00:00:00.000,2,NULL,NULL,NULL,79.9497,11
4043,NHL 2005,2004-09-14 00:00:00.000,1,NULL,75.0000,2,87.9849,14
41884,Uncharted 3: Drake's Deception - Game of the Year Edition,2012-09-21 00:00:00.000,2,NULL,NULL,NULL,89.8431,13
875,NHL 08,2007-09-12 00:00:00.000,2,NULL,83.0000,4,72.7961,16
6546,Mr. Gimmick,1992-01-31 00:00:00.000,NULL,NULL,NULL,NULL,80.5442,11
5964,NHL 07,2006-09-12 00:00:00.000,2,NULL,73.8000,6,66.6421,24
815,NHL 2002,2001-09-17 00:00:00.000,7,NULL,70.0000,1,85.8555,17
4044,NHL 06,2005-09-06 00:00:00.000,3,NULL,88.0000,1,75.5731,15
107292,Onimusha: Warlords,2019-01-15 00:00:00.000,2,1,75.1250,10,81.2397,22
816,NHL 2004,2003-09-22 00:00:00.000,3,NULL,NULL,NULL,77.4329,16
18688,Manual Samuel,2016-10-11 00:00:00.000,11,NULL,61.0000,6,73.5222,26
28815,LEGO Marvel Super Heroes 2,2017-11-14 00:00:00.000,27,11,73.7692,16,70.1289,30
3782,The Incredibles,2004-10-26 00:00:00.000,9,NULL,40.0000,2,65.8376,32
119374,Final Fantasy VIII Remastered,2019-09-03 00:00:00.000,6,5,79.1667,6,70.7975,17
123902,Murder by Numbers,2020-03-05 00:00:00.000,3,NULL,71.0000,3,68.1208,13
3475,Dr. Mario 64,2001-04-08 00:00:00.000,2,NULL,NULL,NULL,61.6235,13
39496,Street Fighter II: Champion Edition,1992-03-18 00:00:00.000,4,NULL,NULL,NULL,76.9772,22
15756,Geometry Wars: Retro Evolved,2005-11-22 00:00:00.000,8,NULL,90.0000,3,61.1863,17
3736,Putt-Putt Saves the Zoo,1995-08-01 00:00:00.000,3,NULL,NULL,NULL,79.5518,13
4552,Crusader of Centy,1994-12-31 00:00:00.000,2,NULL,NULL,NULL,77.5332,14
9655,HuniePop,2015-01-19 00:00:00.000,36,NULL,82.5000,3,79.6994,111
114285,NBA 2K20,2019-09-05 00:00:00.000,25,3,77.2500,9,71.3904,48
26013,NBA Live 98,1997-10-31 00:00:00.000,NULL,NULL,NULL,NULL,55.3313,11
2043,Majesty 2: The Fantasy Kingdom Sim,2009-09-17 00:00:00.000,3,NULL,50.0000,2,61.5718,19
1813,Dragon Quest II: Luminaries of the Legendary Line,2005-12-31 00:00:00.000,10,NULL,0.0000,1,79.3994,33
28224,Scanner Sombre,2017-04-26 00:00:00.000,4,NULL,72.5000,4,58.7877,13
1939,Destiny,2014-09-09 00:00:00.000,169,24,78.2941,23,72.2017,399
2054,OutRun 2006: Coast 2 Coast,2006-03-17 00:00:00.000,10,NULL,90.0000,2,77.9807,29
72016,Game & Watch Gallery,1997-02-01 00:00:00.000,2,NULL,NULL,NULL,69.9522,11
1328,Turok 3: Shadow of Oblivion,2000-08-30 00:00:00.000,4,1,NULL,NULL,61.3724,13
17583,SpellForce 3,2017-12-07 00:00:00.000,25,7,74.0000,11,59.4794,23
7226,UEFA Euro 2008,2008-04-17 00:00:00.000,4,NULL,75.0000,4,62.4454,17
14402,Eversion,2008-12-29 00:00:00.000,3,NULL,NULL,NULL,70.1604,11
12153,Ikari Warriors,1986-03-01 00:00:00.000,4,NULL,52.0000,1,71.7050,27
3081,Evil Genius,2004-09-28 00:00:00.000,17,NULL,82.5000,4,74.4229,29
8471,Startopia,2001-06-15 00:00:00.000,6,NULL,90.0000,1,89.7624,15
7444,Shovel Knight,2014-06-26 00:00:00.000,173,NULL,88.9474,20,85.9780,452
5631,The Temple of Elemental Evil,2003-09-16 00:00:00.000,7,NULL,NULL,NULL,72.5684,28
77631,Harry Potter: Hogwarts Mystery,2018-04-25 00:00:00.000,11,2,32.5000,4,36.4753,23
144133,Gloam,2021-03-01 00:00:00.000,7,1,NULL,NULL,92.5926,11
28010,God Eater 3,2018-12-13 00:00:00.000,13,4,72.7500,12,59.9157,9
36794,Pokkén Tournament DX,2017-09-22 00:00:00.000,13,1,77.4167,13,79.5686,14
567,Fuel,2009-06-02 00:00:00.000,6,NULL,76.2500,5,79.8312,11
14481,Oh No! More Lemmings,1991-12-31 00:00:00.000,5,1,NULL,NULL,89.8145,13
170,Star Wars: X-Wing vs. TIE Fighter,1997-04-30 00:00:00.000,2,NULL,NULL,NULL,76.0477,18
8999,Braveland,2014-03-17 00:00:00.000,8,NULL,NULL,NULL,77.6129,14
87983,What the Golf?,2019-09-19 00:00:00.000,1,3,87.6667,4,73.6478,27
14813,Peggle Nights,2008-09-03 00:00:00.000,6,NULL,84.0000,4,83.7666,23
58310,Peggle Blast,2014-12-02 00:00:00.000,NULL,1,NULL,NULL,79.9038,11
15773,TrackMania Nations Forever,2008-03-03 00:00:00.000,11,NULL,NULL,NULL,70.0269,44
118922,Reventure,2019-06-04 00:00:00.000,1,NULL,70.0000,2,71.3019,11
11592,Lara Croft GO,2015-08-27 00:00:00.000,40,NULL,85.8000,6,81.1230,69
924,Wing Commander,1990-01-01 00:00:00.000,6,NULL,NULL,NULL,81.3903,34
3781,Finding Nemo,2003-05-09 00:00:00.000,4,NULL,61.0000,3,60.7074,20
8807,Scribblenauts,2009-09-15 00:00:00.000,7,NULL,78.8000,7,72.7884,38
3490,F-Zero,1990-11-21 00:00:00.000,23,NULL,80.0000,1,78.9361,140
1646,James Bond 007: Quantum of Solace,2008-10-31 00:00:00.000,20,NULL,61.7143,9,65.3699,56
7457,Siren: Blood Curse,2008-07-13 00:00:00.000,7,NULL,74.6667,6,70.5477,19
1781,Mega Man Star Force: Pegasus,2006-12-14 00:00:00.000,NULL,NULL,60.0000,2,69.0501,12
7211,A Story About My Uncle,2014-05-28 00:00:00.000,22,NULL,69.0000,2,68.5221,117
5691,Pole Position,1982-09-16 00:00:00.000,8,NULL,60.0000,1,72.7470,33
7558,Ninja Gaiden,1988-10-01 00:00:00.000,25,NULL,NULL,NULL,79.6798,116
2391,Berzerk,1980-11-12 00:00:00.000,1,NULL,70.0000,1,72.2628,16
6387,Dragon Ball Z: The Legacy of Goku,2002-05-14 00:00:00.000,5,NULL,NULL,NULL,68.5552,45
18227,Shin Megami Tensei: Digital Devil Saga,2004-07-15 00:00:00.000,13,NULL,76.6667,3,80.6424,25
1087,Donkey Kong Junior,1982-06-30 00:00:00.000,12,NULL,NULL,NULL,72.9341,55
5836,Fight Night Round 3,2006-02-20 00:00:00.000,6,NULL,84.0000,7,68.9578,22
6125,Pitfall II: The Lost Caverns,1984-06-01 00:00:00.000,NULL,NULL,NULL,NULL,71.5811,13
6706,E.T. the Extra-Terrestrial,1982-12-01 00:00:00.000,2,NULL,NULL,NULL,48.5330,31
19850,Lumo,2016-05-24 00:00:00.000,6,NULL,77.0000,11,59.9229,15
4652,Pro Evolution Soccer 2014,2013-09-24 00:00:00.000,8,NULL,79.5000,11,66.5457,58
8644,Assault Android Cactus,2015-09-23 00:00:00.000,5,NULL,82.1818,12,72.5927,16
1723,Mega Man 10,2010-03-01 00:00:00.000,10,NULL,80.0000,2,83.1936,36
18929,Mosaic,2019-09-13 00:00:00.000,5,9,78.7500,5,72.4091,12
134599,NBA 2K21,2020-09-03 00:00:00.000,17,5,77.3636,14,71.6145,30
19133,Elsword,2010-03-17 00:00:00.000,3,NULL,60.0000,1,65.7646,34
1544,Wipeout HD,2008-09-25 00:00:00.000,11,NULL,83.7500,7,73.5868,31
27093,Yu-Gi-Oh! Duel Links,2016-11-17 00:00:00.000,22,NULL,NULL,NULL,76.0642,64
7392,Code Name S.T.E.A.M.,2015-03-13 00:00:00.000,5,2,68.4167,14,61.1351,10
5319,Project CARS,2015-05-07 00:00:00.000,61,21,82.1429,16,75.4105,83
14522,Siren,2003-11-06 00:00:00.000,9,NULL,70.0000,2,70.1151,14
119391,Trials of Mana,2020-04-23 00:00:00.000,54,17,77.9000,13,76.1455,26
7612,CounterSpy,2014-08-19 00:00:00.000,7,NULL,63.3750,9,75.0379,34
7557,Big Rigs: Over the Road Racing,2003-11-20 00:00:00.000,2,NULL,NULL,NULL,10.3622,22
17136,Abyss: The Wraiths of Eden,2012-10-29 00:00:00.000,2,NULL,NULL,NULL,72.5948,14
14544,The Stanley Parable Demonstration,2013-10-10 00:00:00.000,6,NULL,NULL,NULL,87.5310,15
28225,Police Stories,2019-09-19 00:00:00.000,5,6,70.0000,2,55.8265,13
133040,Cryptoman,2019-04-01 00:00:00.000,4,NULL,NULL,NULL,86.6767,23
3221,Rogue Legacy,2013-06-27 00:00:00.000,79,NULL,86.0000,14,76.0298,293
110069,Dragon Quest XI S: Echoes of an Elusive Age - Definitive Edition,2019-09-27 00:00:00.000,8,4,91.7500,4,85.4572,61
17818,Disney Infinity 2.0: Marvel Super Heroes,2014-09-18 00:00:00.000,1,NULL,74.0000,12,69.0905,5
152259,FAR: Changing Tides,2022-03-01 00:00:00.000,1,2,88.0000,3,73.0635,25
13204,Pathologic Classic HD,2015-10-29 00:00:00.000,3,NULL,74.0000,1,83.8589,21
7056,The Lord of the Rings: Conquest,2009-01-09 00:00:00.000,16,NULL,60.0000,4,70.0893,75
8974,Football Manager 2013,2012-11-02 00:00:00.000,8,NULL,89.5000,4,86.3863,38
848,Rise of Nations,2003-05-20 00:00:00.000,54,NULL,92.0000,3,81.6373,148
8500,Futuridium EP Deluxe,2014-09-30 00:00:00.000,2,NULL,61.0000,1,42.3748,11
12267,Skate or Die,1987-12-31 00:00:00.000,3,NULL,NULL,NULL,67.0447,24
83731,Beat Saber,2019-05-21 00:00:00.000,8,NULL,85.0000,4,85.9011,99
7091,MX vs. ATV Reflex,2009-12-01 00:00:00.000,2,NULL,75.6667,4,80.0463,11
4126,Intelligent Qube,1997-01-31 00:00:00.000,4,NULL,60.0000,0,88.3401,13
121957,Chess.com,2007-12-31 00:00:00.000,1,NULL,NULL,NULL,83.0633,12
1361,Ehrgeiz,1998-02-26 00:00:00.000,3,NULL,NULL,NULL,63.7968,13
3320,Project Gotham Racing,2001-11-15 00:00:00.000,3,NULL,70.0000,2,79.7396,11
50833,Yu-Gi-Oh! Power of Chaos: Joey the Passion,2004-07-02 00:00:00.000,7,NULL,NULL,NULL,79.6870,22
27958,Radiant Historia: Perfect Chronology,2017-06-29 00:00:00.000,3,2,83.6250,9,60.5638,12
75126,Cube Escape: Harvey's Box,2015-06-01 00:00:00.000,1,NULL,NULL,NULL,70.2936,19
6516,Radiant Historia,2010-11-03 00:00:00.000,7,NULL,82.5000,3,89.8951,15
5572,Men of War: Assault Squad 2,2014-03-20 00:00:00.000,13,2,75.0000,1,79.9440,17
326,Medal of Honor: Allied Assault,2002-01-22 00:00:00.000,98,1,80.0000,1,82.8290,279
8614,Digimon World,1999-01-28 00:00:00.000,17,NULL,NULL,NULL,67.4233,74
2413,Oni,2001-01-26 00:00:00.000,19,NULL,70.0000,2,88.8161,61
820,No One Lives Forever 2: A Spy in H.A.R.M.'s Way,2002-09-30 00:00:00.000,31,NULL,80.0000,2,86.5180,76
5602,Overgrowth,2017-10-16 00:00:00.000,19,8,50.8000,7,51.3820,15
3700,The Settlers: Rise of an Empire,2007-09-25 00:00:00.000,7,NULL,70.0000,3,74.3344,15
12505,Infinity Blade III,2013-09-18 00:00:00.000,5,NULL,74.3333,4,82.8205,13
6181,The Suffering: Ties That Bind,2005-09-26 00:00:00.000,9,NULL,72.0000,4,68.4532,24
1741,Mega Man X,1993-12-17 00:00:00.000,68,NULL,85.0000,1,86.0390,235
5821,Eragon,2006-11-14 00:00:00.000,2,NULL,54.1250,10,47.0509,17
7393,World of Tanks: Blitz,2014-06-28 00:00:00.000,2,NULL,NULL,NULL,68.3931,22
64821,Urban Rivals World,2009-12-31 00:00:00.000,1,NULL,NULL,NULL,80.2552,12
142494,Dragon Ball Z: Kakarot - Dragon Ball Card Warriors,2020-10-27 00:00:00.000,9,NULL,NULL,NULL,100.0000,13
2621,Cool Spot,1993-04-30 00:00:00.000,5,NULL,NULL,NULL,63.7265,55
3216,Secret of Mana,1993-08-06 00:00:00.000,57,NULL,NULL,NULL,83.6402,163
454,The Lost Vikings,1993-04-29 00:00:00.000,18,NULL,NULL,NULL,76.2745,69
7637,Sniper Elite: Nazi Zombie Army,2013-02-28 00:00:00.000,2,NULL,56.0000,2,63.1855,15
2651,Destroy All Humans!,2005-06-21 00:00:00.000,20,NULL,70.0000,6,72.2182,57
14545,Human Resource Machine,2015-10-15 00:00:00.000,18,NULL,74.3333,6,77.6483,37
8506,Xeodrifter,2014-12-11 00:00:00.000,3,NULL,79.0000,6,67.3271,23
26772,NBA 2K18,2017-09-15 00:00:00.000,66,42,73.8000,11,68.9196,41
26760,Super Bomberman R,2017-03-03 00:00:00.000,16,1,63.6667,17,61.8745,24
1075,Super Mario Sunshine,2002-07-19 00:00:00.000,132,NULL,90.0000,2,82.1898,426
3109,Postal 2,2003-04-13 00:00:00.000,76,NULL,59.2500,4,70.6951,210
115282,Tetris 99,2019-02-13 00:00:00.000,5,NULL,84.0000,4,83.6114,78
2485,Luigi's Mansion,2001-09-14 00:00:00.000,52,NULL,70.0000,1,79.9374,206
1194,Crash Tag Team Racing,2005-10-19 00:00:00.000,11,NULL,60.0000,2,68.5736,62
17137,Enigmatis: The Ghosts of Maple Creek,2011-09-01 00:00:00.000,4,NULL,NULL,NULL,69.1842,18
31558,WWE 2K18,2017-10-17 00:00:00.000,38,21,67.5385,14,63.2116,38
1912,Warface,2013-10-21 00:00:00.000,24,NULL,54.0000,2,63.1958,58
143615,Knockout City,2021-05-21 00:00:00.000,10,NULL,86.0000,11,76.3951,33
13155,Rage of Mages II: Necromancer,1999-04-15 00:00:00.000,1,NULL,NULL,NULL,89.5987,11
15434,The King of Fighters XI,2005-10-26 00:00:00.000,5,1,76.5000,4,80.7091,13
75129,Cube Escape: Birthday,2016-02-01 00:00:00.000,NULL,NULL,NULL,NULL,70.4719,17
9540,Wonder Boy in Monster World,1991-10-25 00:00:00.000,NULL,NULL,NULL,NULL,74.7399,20
6213,Total Overdose,2005-09-16 00:00:00.000,17,NULL,66.3333,5,68.5413,58
6273,Red Faction,2001-05-22 00:00:00.000,31,NULL,70.0000,2,73.9864,115
9269,Dungeon Siege II,2005-08-16 00:00:00.000,20,NULL,83.0000,5,79.1261,64
7862,Sonic Adventure 2: Battle,2001-12-20 00:00:00.000,22,NULL,NULL,NULL,80.2885,80
38932,Trine 2: Complete Story,2013-06-06 00:00:00.000,10,NULL,93.0000,1,79.7973,40
9559,Titan Souls,2015-04-14 00:00:00.000,36,7,72.3750,9,72.1675,79
14366,Until Dawn: Rush of Blood,2016-10-13 00:00:00.000,14,3,70.4545,12,69.5570,20
152267,Tinykin,2022-08-30 00:00:00.000,1,1,82.6667,4,81.3612,31
10960,Thumper,2016-10-10 00:00:00.000,31,7,83.7273,14,75.3401,73
235,RollerCoaster Tycoon 3,2004-11-02 00:00:00.000,33,NULL,83.7500,3,74.1278,101
1323,Ty the Tasmanian Tiger 2: Bush Rescue,2004-10-12 00:00:00.000,5,NULL,66.6667,3,69.1406,12
43321,Sonic the Hedgehog Genesis,2006-12-14 00:00:00.000,1,NULL,NULL,NULL,66.3726,12
7643,Shadowrun,2007-05-29 00:00:00.000,10,NULL,68.0000,5,56.0886,22
26145,Impact Winter,2017-05-23 00:00:00.000,30,3,65.0000,2,67.9861,11
868,Sid Meier's Pirates!,2004-11-22 00:00:00.000,34,NULL,82.6667,3,81.6479,103
139295,Milk inside a bag of milk inside a bag of milk,2020-08-26 00:00:00.000,3,NULL,NULL,NULL,89.1987,36
117,The Last Guardian,2016-12-06 00:00:00.000,222,63,80.2857,23,83.0699,261
2138,Grid 2,2013-05-27 00:00:00.000,37,NULL,80.5833,15,73.6586,139
7326,Forza Horizon 2,2014-09-30 00:00:00.000,43,4,86.4118,17,82.8984,100
7220,Tron: Evolution,2010-11-26 00:00:00.000,5,NULL,59.0000,7,60.5252,19
9462,Stronghold: Crusader Extreme,2008-07-02 00:00:00.000,2,NULL,40.0000,1,69.5922,13
964,Stronghold Crusader,2002-07-31 00:00:00.000,50,NULL,80.0000,1,84.2561,137
8678,Defy Gravity,2011-07-25 00:00:00.000,2,NULL,NULL,NULL,43.2415,12
7593,Space Rangers 2: Dominators,2004-11-25 00:00:00.000,7,NULL,82.5000,2,91.4837,32
2327,Mario Party,1998-12-18 00:00:00.000,41,NULL,72.0000,1,81.3220,137
3328,1080° Snowboarding,1998-02-28 00:00:00.000,6,NULL,70.0000,1,65.6455,55
3403,Mario Golf: Toadstool Tour,2003-08-29 00:00:00.000,8,NULL,76.5000,2,70.9710,33
7170,Ico,2001-09-24 00:00:00.000,98,NULL,96.6667,3,84.4696,251
4041,NFL Street,2004-01-13 00:00:00.000,1,NULL,79.5000,4,89.6561,12
7,Jagged Alliance,1994-06-02 00:00:00.000,5,NULL,NULL,NULL,79.1221,19
18282,Monster World IV,1994-04-01 00:00:00.000,1,NULL,NULL,NULL,80.0386,13
18978,Table Top Racing: World Tour,2016-05-03 00:00:00.000,10,NULL,40.0000,1,60.6848,22
86395,Synthetik: Legion Rising,2018-03-15 00:00:00.000,6,3,70.0000,1,71.8524,19
1283,The Legend of Kyrandia 2: The Hand of Fate,1993-01-01 00:00:00.000,4,NULL,NULL,NULL,82.5166,21
1213,Tales of Xillia 2,2012-11-01 00:00:00.000,9,NULL,68.8182,13,77.9298,37
37088,The Elder Scrolls V: Skyrim VR,2017-11-17 00:00:00.000,23,2,75.2500,5,76.4815,17
2922,Crusader Kings,2004-07-15 00:00:00.000,2,NULL,86.0000,1,84.7599,11
103018,Team Sonic Racing,2019-05-21 00:00:00.000,15,4,71.3333,12,72.9493,27
15698,Metroid Dread,2021-10-07 00:00:00.000,11,5,83.5455,13,84.8080,106
1712,"WarioWare, Inc.: Mega Party Games!",2003-10-17 00:00:00.000,2,NULL,70.0000,1,80.3397,20
432,Total War: Shogun 2,2011-03-15 00:00:00.000,61,NULL,88.0000,8,84.9356,165
16136,The Final Station,2016-08-30 00:00:00.000,15,1,72.0909,12,74.1047,48
9057,Trespasser,1998-10-28 00:00:00.000,3,NULL,NULL,NULL,65.1793,18
8168,Tecmo Bowl,1987-12-01 00:00:00.000,9,NULL,70.0000,1,75.3083,21
6222,Unreal II: The Awakening,2003-02-03 00:00:00.000,14,NULL,60.5000,3,64.7853,55
4216,True Crime: Streets of LA,2003-11-03 00:00:00.000,20,NULL,74.3333,4,70.5593,82
9823,Disciples III: Reincarnation,2014-02-14 00:00:00.000,1,NULL,NULL,NULL,74.6449,14
4625,Wild Gunman,1984-02-18 00:00:00.000,6,NULL,29.0000,1,60.6961,25
550,God of War: Ghost of Sparta,2010-11-02 00:00:00.000,59,NULL,91.0000,6,81.6559,217
7729,Sound Shapes,2012-08-07 00:00:00.000,14,NULL,86.8889,9,73.9460,39
569,Wolfenstein,2009-08-18 00:00:00.000,59,NULL,81.0000,7,71.8758,207
21888,Castlevania: The Dracula X Chronicles,2007-10-23 00:00:00.000,7,NULL,82.3333,4,80.4530,31
152,Star Wars: Jedi Knight II - Jedi Outcast,2002-03-26 00:00:00.000,97,NULL,73.3333,4,84.7693,264
3365,Mario & Luigi: Dream Team,2013-07-12 00:00:00.000,10,NULL,80.4000,12,77.4073,51
14790,Bound,2016-08-16 00:00:00.000,23,5,71.7273,14,76.3555,48
26673,Omori,2020-12-25 00:00:00.000,24,4,82.5000,2,89.1060,79
26671,Montaro,2016-07-25 00:00:00.000,2,NULL,60.0000,1,69.4511,13
1101,Metroid,1986-08-06 00:00:00.000,40,NULL,60.0000,2,71.3605,197
22048,Virtua Tennis 2,2001-11-24 00:00:00.000,2,NULL,75.0000,1,88.4283,19
1116,Castlevania II: Simon's Quest,1987-08-28 00:00:00.000,15,NULL,NULL,NULL,58.3856,115
5772,SteamWorld Dig,2013-08-07 00:00:00.000,45,NULL,81.1250,11,73.8316,175
2201,The Duel: Test Drive II,1989-12-31 00:00:00.000,2,NULL,NULL,NULL,88.3980,16
105049,Remnant: From the Ashes,2019-08-20 00:00:00.000,52,13,76.3571,18,78.3496,183
109742,Relicta,2020-08-03 00:00:00.000,2,NULL,88.0000,2,60.7661,12
1412,Metal Slug 7,2008-07-22 00:00:00.000,6,1,68.0000,5,75.9081,17
1080,New Super Mario Bros. 2,2012-07-28 00:00:00.000,31,NULL,77.0833,13,72.7915,114
8877,Hogs of War,2000-09-05 00:00:00.000,6,NULL,NULL,NULL,71.0716,41
2991,Superbrothers: Sword & Sworcery EP,2011-03-24 00:00:00.000,29,NULL,NULL,NULL,76.7347,73
53276,Little Nightmares: Complete Edition,2017-06-06 00:00:00.000,4,NULL,70.0000,1,79.9534,16
141,Star Wars: Battlefront,2004-09-20 00:00:00.000,68,NULL,72.9231,5,80.4543,268
109455,Luigi's Mansion 3,2019-10-31 00:00:00.000,34,15,88.7857,17,83.6197,149
19729,Mr. Shifty,2017-04-13 00:00:00.000,11,2,63.8750,10,89.2464,14
14748,Ni no Kuni II: Revenant Kingdom,2018-03-23 00:00:00.000,129,36,86.2857,18,77.1072,111
74500,Monster Energy Supercross: The Official Videogame,2018-02-08 00:00:00.000,3,NULL,58.3333,4,69.8777,11
55984,Blacksad: Under the Skin,2019-11-05 00:00:00.000,49,21,66.2500,5,79.1197,41
7098,Naruto Shippuden: Ultimate Ninja Storm 2,2010-10-15 00:00:00.000,18,NULL,67.3333,4,74.6899,75
4404,Teenage Mutant Ninja Turtles: The HyperStone Heist,1992-12-11 00:00:00.000,9,NULL,NULL,NULL,80.5558,44
9661,Stasis,2015-08-31 00:00:00.000,13,1,66.6667,3,70.9100,27
76960,MediEvil,2019-10-25 00:00:00.000,34,18,64.0000,13,82.8100,42
76428,My Hero One's Justice,2018-08-23 00:00:00.000,10,2,69.1667,7,69.8713,18
18184,The Guest,2016-03-10 00:00:00.000,3,NULL,NULL,NULL,60.0722,12
5570,Strife,2015-05-22 00:00:00.000,5,3,NULL,NULL,59.7575,11
2563,Dragon Ball Z: Budokai,2002-11-02 00:00:00.000,10,NULL,85.0000,1,65.9682,69
1960,Alone in the Dark: The New Nightmare,2001-06-22 00:00:00.000,21,NULL,80.0000,1,69.3282,45
127985,LEGO Builder's Journey,2019-12-20 00:00:00.000,4,NULL,77.2000,5,79.6863,18
6188,H1Z1,2015-01-15 00:00:00.000,17,12,65.0000,2,53.8302,25
28544,Rakuen,2017-05-10 00:00:00.000,9,NULL,78.5000,2,79.8781,17
9918,LEGO Jurassic World,2015-06-11 00:00:00.000,23,2,72.8125,19,76.1264,67
15890,Princess Remedy in a World of Hurt,2014-12-01 00:00:00.000,2,NULL,NULL,NULL,75.5689,13
285,Railroad Tycoon II,1998-06-30 00:00:00.000,9,NULL,NULL,NULL,85.4760,19
16003,Nancy Drew: The Phantom of Venice,2008-07-11 00:00:00.000,1,NULL,NULL,NULL,61.2617,11
1129,Castlevania Legends,1997-11-27 00:00:00.000,3,NULL,NULL,NULL,61.2699,20
856,NHL 2003,2002-09-30 00:00:00.000,3,NULL,40.0000,1,80.1811,13
1534,Pocky & Rocky,1992-12-22 00:00:00.000,2,NULL,NULL,NULL,79.9124,11
11858,God Eater Resurrection,2015-10-29 00:00:00.000,11,1,71.8750,8,70.0152,11
1344,Wild Guns,1994-08-12 00:00:00.000,6,NULL,NULL,NULL,82.4312,27
4603,Lode Runner,1983-10-30 00:00:00.000,10,NULL,80.0000,2,76.8910,41
824,NHL 09,2008-09-09 00:00:00.000,3,NULL,90.0000,3,89.6989,28
19525,Fe,2018-02-15 00:00:00.000,32,9,71.0909,15,70.0487,25
17012,Move or Die,2016-01-21 00:00:00.000,10,NULL,NULL,NULL,79.1482,36
7408,Dragon Ball: Xenoverse,2015-02-05 00:00:00.000,21,NULL,74.0000,11,68.3223,113
1215,Dark Cloud 2,2002-11-28 00:00:00.000,18,NULL,90.0000,2,85.0574,39
703,FIFA Soccer 2005,2004-10-08 00:00:00.000,12,NULL,82.0000,3,78.5136,65
7191,Splatterhouse,2010-11-23 00:00:00.000,6,NULL,70.0000,8,78.0754,13
110411,Dirt Rally 2.0,2019-02-25 00:00:00.000,8,1,80.6000,12,76.2628,59
667,Descent 3,1999-06-17 00:00:00.000,6,NULL,NULL,NULL,79.9415,11
8410,Happy Wars,2012-10-12 00:00:00.000,2,NULL,NULL,NULL,65.4978,15
11782,Shantae: Risky's Revenge,2010-10-04 00:00:00.000,8,NULL,91.5000,3,82.1357,29
158980,Final Fantasy,2021-07-28 00:00:00.000,3,NULL,87.6667,4,83.6077,22
17520,Bloons TD 5,2011-12-14 00:00:00.000,1,NULL,NULL,NULL,72.0942,32
185241,Have a Nice Death,2022-03-08 00:00:00.000,3,4,78.3333,3,71.5197,11
23354,Injustice: Gods Among Us - Ultimate Edition,2013-11-12 00:00:00.000,29,NULL,79.0000,2,72.4694,81
13234,Karnov,1987-01-01 00:00:00.000,1,NULL,NULL,NULL,62.8705,18
107155,Sniper Ghost Warrior Contracts,2019-11-22 00:00:00.000,3,4,66.6667,3,72.9329,18
3133,FIFA Soccer 10,2009-10-01 00:00:00.000,27,NULL,85.8750,8,69.6497,98
95308,Ring of Elysium,2018-09-19 00:00:00.000,9,NULL,NULL,NULL,67.8691,29
23314,Asphalt 9: Legends,2018-02-26 00:00:00.000,12,2,NULL,NULL,70.3271,22
19459,FIFA 17,2016-09-27 00:00:00.000,93,6,86.5263,22,75.5013,210
56345,FIFA Mobile,2016-10-11 00:00:00.000,1,NULL,NULL,NULL,67.2073,12
983,Tom Clancy's H.A.W.X,2009-03-03 00:00:00.000,12,NULL,73.8333,9,73.2986,44
116417,Creature in the Well,2019-09-06 00:00:00.000,7,2,73.7500,4,82.6837,21
96209,FIFA 19,2018-09-28 00:00:00.000,24,9,76.3333,13,73.8784,180
4649,Pro Evolution Soccer 2010,2009-10-23 00:00:00.000,18,NULL,85.0000,4,73.6764,81
5583,Earth Defense Force 2017,2006-12-14 00:00:00.000,2,NULL,73.3333,7,69.9873,11
19348,Half-Life Deathmatch: Source,2006-05-01 00:00:00.000,10,NULL,NULL,NULL,69.8168,13
5080,ObsCure: The Aftermath,2007-09-07 00:00:00.000,10,NULL,55.0000,5,75.8477,33
26196,Crash Bandicoot N. Sane Trilogy,2017-06-30 00:00:00.000,117,11,78.0000,19,82.5129,284
28509,Stunt Race FX,1994-06-04 00:00:00.000,1,NULL,NULL,NULL,71.2931,16
4651,Pro Evolution Soccer 2012,2011-09-27 00:00:00.000,9,NULL,73.5000,5,70.5278,58
944,Football Manager 2005,2004-11-05 00:00:00.000,3,NULL,90.0000,1,75.5601,18
165351,Cult of the Lamb,2022-08-11 00:00:00.000,14,8,88.8333,8,77.4006,75
100359,Pro Evolution Soccer 2019,2018-08-28 00:00:00.000,6,6,73.0000,8,56.8966,55
28862,Pro Evolution Soccer 2018,2017-09-12 00:00:00.000,12,1,84.0000,12,70.3356,67
4784,EA Sports UFC,2014-06-17 00:00:00.000,2,NULL,68.6364,11,67.7789,15
14953,Nancy Drew: Danger by Design,2006-07-24 00:00:00.000,1,NULL,NULL,NULL,67.1142,11
103261,Just Cause 4,2018-12-04 00:00:00.000,100,28,69.4000,18,65.0698,100
7356,Kingdom Hearts HD 1.5 Remix,2013-03-14 00:00:00.000,36,NULL,80.8333,8,85.8447,49
1789,Painkiller: Hell & Damnation,2012-10-31 00:00:00.000,5,NULL,56.6667,8,52.4135,23
3266,Grand Theft Auto Advance,2004-10-26 00:00:00.000,4,NULL,60.0000,2,55.5555,15
102129,Astro Bot: Rescue Mission,2018-10-02 00:00:00.000,4,NULL,89.4000,5,93.0633,30
1724,Mega Man: The Power Battle,1995-10-01 00:00:00.000,1,NULL,NULL,NULL,65.3994,17
43617,Yu-Gi-Oh! Capsule Monster Coliseum,2004-11-27 00:00:00.000,7,NULL,NULL,NULL,68.9496,11
26893,Yu-Gi-Oh! Power of Chaos: Kaiba the Revenge,2004-04-06 00:00:00.000,10,NULL,NULL,NULL,72.6226,17
18724,EyeToy: Play,2003-04-04 00:00:00.000,2,NULL,80.0000,1,73.5198,15
2033,Call of Duty: Ghosts,2013-11-05 00:00:00.000,124,5,73.6087,27,64.4727,558
436,Shogun: Total War,2000-06-13 00:00:00.000,16,NULL,90.0000,1,84.5365,47
6199,The Thing,2002-08-20 00:00:00.000,12,NULL,68.5000,3,73.1588,45
30,Space Quest III: The Pirates Of Pestulon,1989-03-24 00:00:00.000,8,NULL,NULL,NULL,80.6830,17
28204,Call of Duty: WWII,2017-11-02 00:00:00.000,451,192,75.2778,23,74.9571,448
76742,One Piece: World Seeker,2019-03-14 00:00:00.000,16,5,66.6000,13,57.9578,18
9706,Bleed,2012-12-12 00:00:00.000,5,NULL,75.0000,3,70.3848,19
10233,Brawlhalla,2014-04-30 00:00:00.000,33,3,75.0000,1,66.2564,156
3669,Shrek the Third,2007-05-15 00:00:00.000,3,NULL,57.4444,10,50.0546,13
12311,Keystone Kapers,1983-12-31 00:00:00.000,3,NULL,NULL,NULL,78.2505,12
2063,Yakuza 5,2012-12-06 00:00:00.000,18,NULL,84.3333,8,81.4698,27
1349,The Bouncer,2000-12-23 00:00:00.000,5,NULL,NULL,NULL,47.4935,14
3644,WWF No Mercy,2000-11-17 00:00:00.000,6,NULL,NULL,NULL,74.7386,23
81205,Assassin's Creed: Rogue Remastered,2018-03-20 00:00:00.000,10,1,67.5000,4,70.3684,14
141959,Donkey Kong,1983-07-15 00:00:00.000,1,NULL,NULL,NULL,66.4319,40
87485,WildCraft: Wild Sim Online,2018-02-14 00:00:00.000,46,NULL,NULL,NULL,93.8835,18
796,MVP Baseball 2005,2005-02-22 00:00:00.000,6,NULL,88.2500,4,89.6086,16
7046,Factorio,2016-02-25 00:00:00.000,84,13,85.5000,2,84.5946,192
9878,Out There Somewhere,2014-05-21 00:00:00.000,6,NULL,90.0000,1,74.5469,16
165346,Saints Row,2022-08-23 00:00:00.000,5,12,61.2500,7,44.9606,17
11581,Zoo Tycoon 2,2004-11-09 00:00:00.000,5,NULL,70.0000,1,65.4858,28
8291,Discworld,1995-12-31 00:00:00.000,12,NULL,70.0000,1,83.7988,33
165390,Blasphemous II,2023-08-24 00:00:00.000,1,1,88.7500,7,89.8661,13
12858,Star Wars,1983-05-01 00:00:00.000,4,NULL,90.0000,1,77.4681,14
89444,Assetto Corsa Competizione,2019-05-29 00:00:00.000,128,NULL,70.0000,3,74.4379,18
1235,Tekken 5: Dark Resurrection,2005-12-01 00:00:00.000,13,NULL,87.2000,5,80.3772,48
15709,Odin Sphere: Leifthrasir,2016-01-14 00:00:00.000,14,1,88.3333,13,85.8895,28
811,NBA Live 99,1998-10-31 00:00:00.000,1,NULL,NULL,NULL,78.3210,13
5951,NBA Live 07,2006-09-25 00:00:00.000,3,NULL,51.2500,4,93.2036,22
7551,Day of Defeat,2003-05-01 00:00:00.000,13,NULL,70.5000,3,74.3115,45
928,Unreal Tournament III,2007-11-19 00:00:00.000,31,NULL,82.8571,11,75.9321,100
808,NBA Live 2003,2002-10-07 00:00:00.000,4,NULL,NULL,NULL,73.2656,18
4033,NBA Live 2005,2004-09-28 00:00:00.000,NULL,NULL,NULL,NULL,65.2088,12
5329,NBA 2K14,2013-10-01 00:00:00.000,18,NULL,79.7500,13,75.9659,51
214986,Kingdom Hearts Re:Chain of Memories,2013-03-14 00:00:00.000,NULL,NULL,NULL,NULL,59.7323,12
2417,Akalabeth: World of Doom,1979-06-30 00:00:00.000,7,NULL,NULL,NULL,47.5885,18
7614,NBA 2K15,2014-10-07 00:00:00.000,19,1,81.1429,8,77.2333,56
1360,Einhänder,1997-11-20 00:00:00.000,2,NULL,NULL,NULL,79.7960,17
3188,Murdered: Soul Suspect,2014-06-03 00:00:00.000,68,5,60.8571,14,64.8598,213
8359,Rad Racer,1987-08-07 00:00:00.000,2,NULL,NULL,NULL,69.8923,17
19987,Samurai Shodown III,1995-11-15 00:00:00.000,2,NULL,65.0000,1,70.3950,23
11757,Onimusha 2: Samurai's Destiny,2002-03-07 00:00:00.000,10,NULL,70.0000,1,82.0973,34
27278,Whispers of a Machine,2019-04-17 00:00:00.000,6,3,65.0000,2,81.7552,24
8384,Gish,2004-05-10 00:00:00.000,3,NULL,NULL,NULL,76.1462,14
1918,Injustice: Gods Among Us,2013-04-16 00:00:00.000,85,NULL,80.0000,12,72.3523,269
122559,Mini Motorways,2019-09-19 00:00:00.000,3,1,85.7500,4,82.7071,27
126362,Endzone: A World Apart,2020-04-02 00:00:00.000,3,2,NULL,NULL,69.6509,12
18061,Candy Crush Soda Saga,2014-05-01 00:00:00.000,26,NULL,NULL,NULL,36.6505,13
5033,Scribblenauts Unmasked: A DC Comics Adventure,2013-09-01 00:00:00.000,6,NULL,73.5556,10,69.9090,20
11061,Hexcells Infinite,2014-09-01 00:00:00.000,9,NULL,NULL,NULL,76.6916,22
14951,Osmos,2009-08-18 00:00:00.000,12,NULL,80.0000,3,76.1314,32
37137,Kirby Star Allies,2018-03-16 00:00:00.000,23,5,74.0833,13,71.2676,61
6530,Pac-Man World,1999-10-15 00:00:00.000,11,NULL,NULL,NULL,77.9762,32
9471,Half-Life 2: Deathmatch,2004-11-30 00:00:00.000,20,NULL,NULL,NULL,75.4603,52
28414,Mario + Rabbids Kingdom Battle,2017-08-29 00:00:00.000,49,6,83.3684,21,76.7646,149
13905,Lunar: Silver Star Story Complete,1996-10-25 00:00:00.000,3,NULL,NULL,NULL,79.5769,13
6420,Ghost Rider,2007-02-13 00:00:00.000,4,NULL,50.0000,4,64.0585,17
1725,Mega Man 2: The Power Fighters,1996-07-01 00:00:00.000,1,NULL,NULL,NULL,60.5922,13
6318,Banjo-Kazooie: Grunty's Revenge,2003-09-12 00:00:00.000,5,NULL,65.5000,2,43.1378,20
5105,Fatal Frame II: Crimson Butterfly,2003-11-27 00:00:00.000,17,NULL,86.6667,2,85.3091,41
5413,Twisted Metal: Black,2001-06-18 00:00:00.000,9,NULL,90.0000,1,82.7437,34
4063,Pac-Man World 2,2002-02-24 00:00:00.000,6,NULL,72.5000,4,79.9004,20
2927,Super Monkey Ball,2001-09-14 00:00:00.000,10,NULL,45.0000,1,68.5963,40
136773,Card Shark,2022-06-02 00:00:00.000,1,1,88.0000,3,69.9487,13
957,Duke Nukem,1991-07-01 00:00:00.000,15,NULL,NULL,NULL,70.3363,46
2192,Mini Ninjas,2009-09-08 00:00:00.000,13,NULL,77.0000,7,77.7926,40
7743,Wizard of Wor,1980-12-31 00:00:00.000,3,NULL,NULL,NULL,73.1758,14
139708,Devour,2021-01-28 00:00:00.000,2,NULL,NULL,NULL,76.7851,19
956,Duke Nukem II,1993-12-03 00:00:00.000,10,NULL,NULL,NULL,70.2872,29
138343,Hyrule Warriors: Age of Calamity,2020-11-19 00:00:00.000,14,23,80.4444,13,80.2259,39
11175,Transformers: Devastation,2015-10-06 00:00:00.000,21,NULL,75.2000,17,72.6596,63
555,Transformers: War for Cybertron,2010-06-22 00:00:00.000,13,NULL,70.7778,11,73.6607,48
16743,Uniracers,1994-12-31 00:00:00.000,NULL,NULL,NULL,NULL,58.1708,12
490,Duke Nukem Forever,2011-06-10 00:00:00.000,37,NULL,54.7500,11,57.3642,183
131961,Clubhouse Games: 51 Worldwide Classics,2020-06-04 00:00:00.000,4,2,79.4000,6,72.5307,16
3502,Gauntlet,1985-01-01 00:00:00.000,5,NULL,77.3333,3,70.0203,32
45760,Pulseman,1994-07-22 00:00:00.000,8,NULL,NULL,NULL,51.0003,12
7216,Test Drive Unlimited 2,2011-02-08 00:00:00.000,21,NULL,73.3333,8,66.8620,59
1222,Knights of the Temple: Infernal Crusade,2004-03-19 00:00:00.000,3,NULL,40.0000,1,68.9431,16
4171,Shadow Hearts: Covenant,2004-02-19 00:00:00.000,10,NULL,81.0000,3,80.8811,23
20286,Kingdom Hearts Re:Chain of Memories,2007-03-29 00:00:00.000,17,NULL,70.0000,3,69.6783,67
342,Duke Nukem 3D,1996-01-29 00:00:00.000,124,NULL,75.3333,1,82.2596,368
6317,Cabal,1988-12-31 00:00:00.000,1,NULL,NULL,NULL,69.0952,27
9804,MapleStory,2003-04-29 00:00:00.000,7,NULL,50.0000,1,75.3392,35
1220,Kingdom Hearts: Chain of Memories,2004-11-11 00:00:00.000,21,NULL,80.0000,1,80.3611,100
5368,Cadillacs and Dinosaurs,1993-04-01 00:00:00.000,12,NULL,NULL,NULL,80.3939,54
1403,Professor Layton and the Azran Legacy,2013-02-28 00:00:00.000,10,NULL,82.2857,10,71.5990,20
13102,Kami,2013-10-10 00:00:00.000,4,NULL,NULL,NULL,79.5556,11
5106,Fatal Frame,2001-12-13 00:00:00.000,17,NULL,80.5000,1,74.3491,49
5615,Sacred 3,2014-08-01 00:00:00.000,9,3,41.4286,8,58.7952,17
8744,Global Operations,2002-03-25 00:00:00.000,3,NULL,81.0000,1,62.4083,16
6404,Contagion,2013-10-25 00:00:00.000,7,NULL,NULL,NULL,57.9850,18
9272,F1 2015,2015-06-12 00:00:00.000,11,1,61.5000,13,70.8551,23
19486,Asterix,1991-12-31 00:00:00.000,4,NULL,NULL,NULL,79.5655,12
3851,Catwoman,2004-07-20 00:00:00.000,2,NULL,71.4000,9,58.0173,13
3602,Space Station Silicon Valley,1998-10-21 00:00:00.000,1,NULL,NULL,NULL,72.7626,11
6330,Omerta: City of Gangsters,2013-01-31 00:00:00.000,7,NULL,54.6667,7,62.1909,16
7501,"King's Quest VI: Heir Today, Gone Tomorrow",1992-09-30 00:00:00.000,10,NULL,NULL,NULL,81.0316,29
11276,The Room Two,2013-12-12 00:00:00.000,27,NULL,80.7500,5,77.0219,96
18222,The Room Three,2015-11-04 00:00:00.000,16,NULL,NULL,NULL,74.9043,64
152245,Eiyuden Chronicle: Rising,2022-05-10 00:00:00.000,1,3,73.7500,5,71.3821,15
1383,Dead or Alive 5,2012-09-25 00:00:00.000,13,NULL,74.7000,10,74.9677,32
6278,Jamestown: Legend of the Lost Colony,2011-06-08 00:00:00.000,5,NULL,78.0000,1,78.6442,15
2572,Dragon Ball Z: Tenkaichi Tag Team,2010-09-30 00:00:00.000,4,NULL,NULL,NULL,69.9429,21
7579,Insurgency,2014-01-22 00:00:00.000,43,NULL,70.0000,1,75.1794,113
2745,Rayman Raving Rabbids 2,2007-11-13 00:00:00.000,4,NULL,60.0000,2,65.9734,18
5174,Spectrobes,2007-03-13 00:00:00.000,4,NULL,63.3333,3,59.6142,15
15183,The Mean Greens: Plastic Warfare,2015-12-08 00:00:00.000,4,NULL,40.0000,1,72.2133,13
75563,Harry Potter: Wizards Unite,2019-06-21 00:00:00.000,5,NULL,66.6667,4,62.5902,11
299,Age of Empires III,2005-10-18 00:00:00.000,110,NULL,78.2500,5,78.6770,350
1697,Wario Land II,1998-03-09 00:00:00.000,6,NULL,NULL,NULL,78.0926,32
2553,MotorStorm,2006-12-14 00:00:00.000,12,NULL,85.0000,5,75.8618,43
35389,Transmissions: Element 120,2016-06-16 00:00:00.000,2,NULL,NULL,NULL,62.1162,14
14872,"Dr. Langeskov, The Tiger, and The Terribly Cursed Emerald: A Whirlwind Heist",2015-12-04 00:00:00.000,21,NULL,NULL,NULL,71.4057,65
11764,The Plan,2013-02-10 00:00:00.000,5,NULL,41.6667,3,58.6058,25
113115,The Last Campfire,2020-08-27 00:00:00.000,4,13,88.0000,2,78.7611,29
2150,Split/Second,2010-05-18 00:00:00.000,22,NULL,81.8333,9,81.7028,86
19541,State of Decay 2,2018-05-22 00:00:00.000,128,35,66.5000,15,74.3069,85
8746,Aura Kingdom,2013-12-23 00:00:00.000,4,NULL,NULL,NULL,60.3000,24
544,The Darkness II,2012-02-07 00:00:00.000,77,NULL,76.6364,11,77.2853,183
27150,Minion Masters,2019-05-24 00:00:00.000,6,1,0.0000,1,66.5080,19
168668,Uncharted 4: A Thief's End - Remastered,2022-01-28 00:00:00.000,2,NULL,NULL,NULL,91.0519,22
3875,Def Jam: Fight for NY,2004-09-20 00:00:00.000,14,NULL,72.5000,2,82.0669,58
6269,Pandemonium 2,1997-09-30 00:00:00.000,3,NULL,NULL,NULL,69.8027,14
2727,Castle Wolfenstein,1981-09-01 00:00:00.000,5,NULL,NULL,NULL,77.5802,15
86295,Tick Tock: A Tale for Two,2019-03-07 00:00:00.000,4,3,0.0000,1,91.5143,18
9424,SkyDrift,2011-09-06 00:00:00.000,3,NULL,75.0000,3,74.2435,11
12672,Lotus III: The Ultimate Challenge,1992-12-31 00:00:00.000,3,NULL,NULL,NULL,92.8488,16
33027,Pico Park,2016-04-27 00:00:00.000,1,NULL,NULL,NULL,68.3214,15
2148,Banjo-Kazooie,1998-06-29 00:00:00.000,96,NULL,78.0000,0,85.3427,276
3045,Bugs Bunny & Taz: Time Busters,2000-09-01 00:00:00.000,10,NULL,NULL,NULL,79.4191,41
26775,Shin Megami Tensei V,2021-11-12 00:00:00.000,14,3,82.3750,10,87.6937,23
9824,Disciples III: Renaissance,2009-12-11 00:00:00.000,4,NULL,45.0000,4,50.1048,21
3824,Bloody Roar 3,2000-12-01 00:00:00.000,1,NULL,NULL,NULL,79.2354,14
19545,Observer,2017-08-15 00:00:00.000,62,6,74.0000,15,75.9067,121
2541,Rockstar Games presents Table Tennis,2006-05-23 00:00:00.000,9,NULL,82.5000,3,86.2797,11
33308,The Lab,2016-04-05 00:00:00.000,1,NULL,NULL,NULL,80.2554,12
575,The Godfather II,2009-04-07 00:00:00.000,20,NULL,65.0000,9,69.9323,71
10037,Analogue: A Hate Story,2012-02-01 00:00:00.000,6,NULL,73.0000,2,78.9244,13
20409,Dead Rising 2: Case Zero,2010-08-31 00:00:00.000,7,1,87.0000,4,60.3405,17
27844,The Elder Scrolls IV: Oblivion - Game of the Year Edition Deluxe,2009-06-16 00:00:00.000,3,NULL,NULL,NULL,95.7953,20
1266,Assassin's Creed III,2012-10-30 00:00:00.000,325,NULL,81.1765,20,73.7858,1163
18099,Pokémon Moon,2016-11-18 00:00:00.000,78,21,85.0000,3,77.9166,196
28841,Rygar,1987-04-17 00:00:00.000,1,NULL,NULL,NULL,69.8571,26
3088,Rocksmith 2014,2013-10-22 00:00:00.000,15,NULL,86.8889,11,87.5300,33
191931,Pokémon Scarlet,2022-11-18 00:00:00.000,5,NULL,74.0000,3,64.3347,36
115653,Pokémon Shield,2019-11-15 00:00:00.000,60,18,67.5000,2,65.8177,137
7498,Tekken 7,2015-02-18 00:00:00.000,54,1,84.8235,20,78.5090,188
16476,Castlevania: Dracula X,1995-08-07 00:00:00.000,9,NULL,90.0000,1,70.2857,48
116125,Stela,2019-10-11 00:00:00.000,2,1,68.7500,4,74.8395,18
1559,Pokémon FireRed Version,2004-01-29 00:00:00.000,114,NULL,NULL,NULL,83.0495,428
2287,Pokémon Y,2013-10-12 00:00:00.000,73,5,91.2500,4,79.8107,249
35932,12 Labours of Hercules,2014-04-11 00:00:00.000,4,NULL,NULL,NULL,69.9166,11
1513,Pokémon Silver Version,1999-11-21 00:00:00.000,114,NULL,85.0000,2,88.1643,308
1520,Pokémon SoulSilver Version,2009-09-12 00:00:00.000,64,NULL,90.0000,2,90.0146,231
6203,Burnout Dominator,2007-03-06 00:00:00.000,10,NULL,80.0000,5,74.3348,28
101439,F1 2018,2018-08-24 00:00:00.000,4,NULL,79.0000,7,79.8815,35
1693,Advance Wars: Dual Strike,2005-06-23 00:00:00.000,14,NULL,90.6667,3,87.7672,49
5452,Sonic CD,1993-09-23 00:00:00.000,20,NULL,85.3333,1,73.1697,139
13151,The Sims FreePlay,2011-12-15 00:00:00.000,11,NULL,NULL,NULL,53.0725,22
21709,Naruto Shippuden: Ultimate Ninja Storm 3 Full Burst,2013-10-22 00:00:00.000,17,NULL,78.5000,4,80.8337,26
1748,Mega Man X8,2004-12-07 00:00:00.000,7,NULL,NULL,NULL,73.0784,47
15748,The Sims Social,2011-08-09 00:00:00.000,4,NULL,NULL,NULL,49.9678,11
6614,Zero Escape: Virtue's Last Reward,2012-02-16 00:00:00.000,32,NULL,85.6667,6,88.0976,121
1571,Sega Rally Championship,1994-10-11 00:00:00.000,4,NULL,50.0000,1,73.4800,27
7221,Turning Point: Fall of Liberty,2008-02-26 00:00:00.000,2,NULL,41.7500,6,62.2534,17
1728,Mega Man Anniversary Collection,2004-06-23 00:00:00.000,3,NULL,83.5000,3,81.2601,14
2634,Rampage: Total Destruction,2006-04-24 00:00:00.000,3,NULL,50.6667,3,65.4537,14
1814,Dragon Quest III: The Seeds of Salvation,2009-11-19 00:00:00.000,6,NULL,0.0000,1,89.4103,31
103629,Ultimate Custom Night,2018-06-27 00:00:00.000,NULL,NULL,NULL,NULL,69.9543,18
519,F.E.A.R. Perseus Mandate,2007-11-06 00:00:00.000,23,NULL,70.0000,3,72.5755,72
4113,Tenchu: Stealth Assassins,1998-02-26 00:00:00.000,17,NULL,NULL,NULL,81.0985,49
15731,Samorost,2003-12-31 00:00:00.000,13,NULL,NULL,NULL,74.1330,57
3797,Battalion Wars,2005-09-19 00:00:00.000,2,NULL,77.5000,2,78.2912,11
1002,Oddworld: Stranger's Wrath,2005-01-25 00:00:00.000,13,NULL,78.0000,5,77.9956,34
20110,Donkey Kong Country Returns 3D,2013-05-23 00:00:00.000,6,NULL,82.7500,9,77.6090,26
9490,Nether,2014-06-05 00:00:00.000,2,1,60.0000,3,61.1479,11
2826,The Simpsons Arcade Game,1991-03-04 00:00:00.000,12,NULL,57.5000,2,73.6666,45
2048,Zeno Clash II,2013-04-30 00:00:00.000,4,NULL,54.5000,7,69.8988,11
19260,Sonic Rivals,2006-11-24 00:00:00.000,4,NULL,67.5000,2,56.3329,16
297,Counter-Strike: Condition Zero,2004-03-23 00:00:00.000,33,NULL,66.3333,3,74.7176,180
12857,Space Harrier,1985-10-02 00:00:00.000,2,NULL,NULL,NULL,66.3488,28
26652,Lisa: The First,2012-10-09 00:00:00.000,4,NULL,NULL,NULL,68.0133,17
11193,Hyrule Warriors: Legends,2016-01-21 00:00:00.000,7,6,71.3636,11,71.4161,10
14751,Ace Combat 3: Electrosphere,1999-05-27 00:00:00.000,4,NULL,NULL,NULL,75.6281,19
27239,Rayman Legends: Definitive Edition,2017-09-12 00:00:00.000,14,1,75.0000,4,72.3669,25
1109,Metroid Prime Pinball,2005-10-24 00:00:00.000,2,NULL,60.0000,2,60.1313,14
2051,OutRun,1986-09-25 00:00:00.000,10,NULL,NULL,NULL,73.8049,71
5352,After Burner II,1987-12-31 00:00:00.000,3,NULL,NULL,NULL,65.0442,17
1452,Suikoden Tierkreis,2008-12-18 00:00:00.000,5,NULL,76.0000,4,77.7249,14
8479,Naruto Shippuden: Ultimate Ninja Storm Revolution,2014-09-11 00:00:00.000,22,NULL,65.6000,6,66.0117,77
1372,Counter-Strike: Global Offensive,2012-08-21 00:00:00.000,439,NULL,81.0000,5,82.0113,1080
1399,Professor Layton and the Unwound Future,2008-11-27 00:00:00.000,26,NULL,92.6000,7,83.8718,77
6224,Need for Speed: V-Rally 2,1999-10-31 00:00:00.000,3,NULL,NULL,NULL,79.5227,13
21593,Lords of the Fallen,2023-10-13 00:00:00.000,10,11,71.0000,9,62.6286,14
39749,The House of da Vinci,2017-06-22 00:00:00.000,3,NULL,NULL,NULL,78.8107,22
16873,Monochroma,2014-05-28 00:00:00.000,4,NULL,45.5000,3,60.7239,15
5664,Bump 'n' Jump,1982-11-01 00:00:00.000,1,NULL,NULL,NULL,66.7020,12
17245,Daytona USA,1993-08-01 00:00:00.000,3,NULL,80.0000,5,73.7947,23
15325,Woodle Tree Adventures,2014-06-06 00:00:00.000,5,NULL,NULL,NULL,43.2399,12
9425,Skullgirls,2012-04-10 00:00:00.000,36,NULL,78.7500,11,77.4690,74
47598,Shock Troopers,1997-01-11 00:00:00.000,NULL,NULL,NULL,NULL,75.4617,11
4599,Elevator Action,1983-05-23 00:00:00.000,4,NULL,80.0000,1,70.7283,35
1640,James Bond 007: Tomorrow Never Dies,1999-11-16 00:00:00.000,6,NULL,NULL,NULL,69.3455,25
133433,Guardian Tales,2020-02-25 00:00:00.000,1,NULL,NULL,NULL,69.9994,11
11488,Dropsy,2015-09-10 00:00:00.000,7,NULL,86.6667,3,77.5715,19
26778,Alex Kidd in Miracle World,1986-11-01 00:00:00.000,4,NULL,NULL,NULL,66.2257,46
86264,Yoshi,1991-12-14 00:00:00.000,1,NULL,NULL,NULL,54.0033,19
6807,Ghosts 'n Goblins,1985-07-07 00:00:00.000,14,NULL,90.0000,1,74.5188,86
121752,Ghostrunner,2020-10-27 00:00:00.000,39,14,82.0000,11,79.6816,115
3127,Brigandine: The Legend of Forsena,1998-04-02 00:00:00.000,4,NULL,NULL,NULL,88.4663,14
4594,Adventure Island,1986-09-12 00:00:00.000,10,NULL,NULL,NULL,69.4751,73
119257,Destroy All Humans!,2020-07-28 00:00:00.000,6,4,67.2727,14,70.5458,42
19448,Echo,2017-09-19 00:00:00.000,24,5,76.6667,7,60.6271,25
3777,FlatOut: Ultimate Carnage,2007-07-22 00:00:00.000,12,NULL,80.0000,4,78.4659,55
33615,VRChat,2017-02-01 00:00:00.000,7,NULL,NULL,NULL,78.7904,32
9176,Call of Cthulhu,2018-10-29 00:00:00.000,91,58,64.7500,10,68.3907,93
12225,Stunt Car Racer,1989-11-06 00:00:00.000,1,NULL,NULL,NULL,75.5905,13
1375,F1 2010,2010-09-22 00:00:00.000,14,NULL,84.0000,7,77.5705,41
8382,Vessel,2012-03-01 00:00:00.000,2,NULL,76.0000,3,44.5471,12
9609,Distance,2018-09-18 00:00:00.000,11,3,90.0000,1,84.9344,21
10922,Stealth Bastard Deluxe,2012-11-28 00:00:00.000,5,NULL,79.3333,3,70.0373,12
1277,Plants vs. Zombies,2009-05-05 00:00:00.000,103,NULL,84.5556,12,78.5872,458
77494,Wilmot's Warehouse,2019-08-28 00:00:00.000,2,1,85.0000,1,70.0142,18
4100,Tomba! 2: The Evil Swine Return,1999-10-28 00:00:00.000,4,NULL,NULL,NULL,74.9479,23
19914,Charlie Murder,2013-08-14 00:00:00.000,NULL,NULL,74.0000,6,69.2927,16
115785,American Fugitive,2019-05-21 00:00:00.000,9,1,72.5000,3,58.6000,12
27762,Paradigm,2017-04-05 00:00:00.000,3,NULL,87.3333,3,87.2843,15
4492,Urban Strike,1994-12-31 00:00:00.000,4,NULL,NULL,NULL,69.2814,20
45670,Alex Kidd in Shinobi World,1990-09-01 00:00:00.000,7,NULL,NULL,NULL,60.0992,13
11326,Jeanne d'Arc,2006-11-22 00:00:00.000,8,NULL,76.0000,4,74.6384,15
16368,Unmechanical,2012-08-09 00:00:00.000,1,NULL,50.0000,3,63.7811,13
6013,RoboCop,1988-11-01 00:00:00.000,2,NULL,NULL,NULL,67.6131,30
55590,Mashinky,2017-10-06 00:00:00.000,16,NULL,NULL,NULL,89.7503,13
5647,Enemy Front,2014-06-10 00:00:00.000,12,2,33.3333,3,56.6205,31
736,GT Legends,2005-10-15 00:00:00.000,4,NULL,85.0000,2,89.7919,14
20009,Darkstalkers: The Night Warriors,1994-07-01 00:00:00.000,2,NULL,65.0000,1,80.1391,22
16733,Bloody Trapland,2013-10-27 00:00:00.000,2,NULL,NULL,NULL,78.6050,13
4053,One Piece: Grand Adventure,2006-08-29 00:00:00.000,2,NULL,65.0000,2,71.0855,14
3115,Godus,2014-08-06 00:00:00.000,7,1,80.0000,1,63.2444,17
5379,Ecco: The Tides of Time,1994-08-25 00:00:00.000,3,NULL,NULL,NULL,70.1535,18
16587,Final Fantasy IV,1991-07-19 00:00:00.000,44,NULL,80.0000,1,82.8683,171
3810,Billy Hatcher and the Giant Egg,2003-09-23 00:00:00.000,4,NULL,70.0000,1,70.3677,12
1980,Q*bert,1982-10-18 00:00:00.000,5,NULL,64.0000,2,61.5638,31
7471,Transformers: Revenge of the Fallen,2009-06-23 00:00:00.000,7,NULL,93.3333,11,68.8955,24
8772,Drakensang Online,2011-08-08 00:00:00.000,7,NULL,NULL,NULL,66.0939,14
105322,Pummel Party,2018-09-20 00:00:00.000,2,NULL,NULL,NULL,68.7658,33
9006,Conan,2007-09-28 00:00:00.000,7,NULL,65.0000,2,63.1259,14
1818,Dragon Warrior VII,2000-08-26 00:00:00.000,NULL,NULL,NULL,NULL,80.4102,15
49,Syndicate,1993-06-06 00:00:00.000,16,NULL,68.7500,4,83.5100,48
19272,Angry Birds Star Wars II,2013-09-18 00:00:00.000,6,NULL,100.0000,1,72.7771,22
13670,Knightmare,1986-01-01 00:00:00.000,2,1,NULL,NULL,71.8793,11
89025,Helix Jump,2018-02-10 00:00:00.000,4,NULL,NULL,NULL,60.4868,12
3840,Burnout 2: Point of Impact,2002-09-30 00:00:00.000,22,NULL,85.0000,6,76.0926,49
9105,2048,2014-03-09 00:00:00.000,10,NULL,NULL,NULL,73.0951,46
26762,1-2-Switch,2017-03-03 00:00:00.000,5,1,53.6667,10,46.4965,26
7690,Hydrophobia: Prophecy,2011-05-09 00:00:00.000,5,NULL,NULL,NULL,44.3673,14
18797,Rise of Nations: Rise of Legends,2006-05-09 00:00:00.000,15,NULL,80.3333,4,79.1954,29
5258,Virtua Tennis 4,2011-04-29 00:00:00.000,11,NULL,68.5000,8,86.6079,35
4601,Hogan's Alley,1984-06-12 00:00:00.000,5,NULL,NULL,NULL,59.9571,29
1752,Mega Man Legends,1997-12-18 00:00:00.000,6,NULL,NULL,NULL,75.9561,45
141271,Road Rash,1994-07-01 00:00:00.000,NULL,NULL,NULL,NULL,79.8786,17
11283,Agar.io,2015-04-28 00:00:00.000,22,NULL,NULL,NULL,69.5016,50
172201,Mario Bros.,1983-09-09 00:00:00.000,2,NULL,NULL,NULL,54.5168,18
1469,Kuru Kuru Kururin,2001-03-21 00:00:00.000,3,NULL,79.5000,2,73.4037,13
24275,Mega Man: Maverick Hunter X,2005-12-15 00:00:00.000,3,NULL,85.0000,1,77.3017,23
22775,Super Exploding Zoo,2015-06-03 00:00:00.000,2,NULL,NULL,NULL,66.0442,11
2710,Mappy,1983-03-01 00:00:00.000,3,NULL,NULL,NULL,70.1719,26
1327,Turok: Rage Wars,1999-10-31 00:00:00.000,4,NULL,NULL,NULL,69.8832,13
9805,Ogre Battle: The March of the Black Queen,1993-03-12 00:00:00.000,4,NULL,NULL,NULL,72.2123,14
14406,Shadow of Rome,2005-02-04 00:00:00.000,5,NULL,74.5000,2,76.4582,14
12346,Xevious,1982-12-10 00:00:00.000,5,NULL,53.3333,2,60.3423,18
19902,Bad Piggies,2012-09-27 00:00:00.000,10,NULL,75.0000,2,69.6825,27
116667,F1 2019,2019-06-28 00:00:00.000,19,1,85.6667,8,84.0136,39
419,Final Fantasy V,1992-12-06 00:00:00.000,21,NULL,NULL,NULL,76.9660,117
1326,Turok 2: Seeds of Evil,1998-12-10 00:00:00.000,22,NULL,63.5000,1,74.0062,58
426,Final Fantasy VI,1994-04-02 00:00:00.000,218,NULL,100.0000,1,89.6229,606
4562,Pokémon Rumble,2009-06-16 00:00:00.000,5,NULL,NULL,NULL,61.8288,20
6250,Trine 2,2011-12-07 00:00:00.000,83,NULL,85.0000,9,77.2800,232
25692,Circus Charlie,1984-02-01 00:00:00.000,4,NULL,NULL,NULL,75.2033,39
9334,Worms Revolution,2012-10-09 00:00:00.000,7,NULL,67.5000,4,69.7791,31
20480,Worms 2: Armageddon,2009-07-01 00:00:00.000,5,NULL,92.5000,4,79.4736,20
38545,Battle Circuit,1997-04-19 00:00:00.000,NULL,NULL,NULL,NULL,71.7322,12
4618,Pooyan,1982-10-01 00:00:00.000,2,NULL,NULL,NULL,69.6264,17
14591,Battletoads,1994-12-01 00:00:00.000,1,NULL,NULL,NULL,70.3083,15
110737,The Watson-Scott Test,2018-10-19 00:00:00.000,62,NULL,NULL,NULL,67.3050,43
9242,Bionic Commando,1987-12-31 00:00:00.000,2,NULL,75.0000,0,61.3087,17
25112,Naruto Shippuden: Ultimate Ninja 5,2007-12-20 00:00:00.000,4,NULL,NULL,NULL,70.0980,38
1275,SimCity 4,2003-01-12 00:00:00.000,76,NULL,85.0000,2,81.4430,183
3016,Illusion of Gaia,1993-11-27 00:00:00.000,17,NULL,NULL,NULL,83.4322,48
6283,Sonic Advance,2001-12-20 00:00:00.000,14,NULL,79.0000,1,70.3536,99
8719,Blade,2000-11-23 00:00:00.000,5,NULL,NULL,NULL,50.1920,13
6100,Bomb Jack,1984-12-31 00:00:00.000,1,NULL,80.0000,1,61.8443,19
26472,Disco Elysium,2019-10-15 00:00:00.000,64,12,89.1250,8,95.1724,517
1538,Wipeout XL,1996-09-30 00:00:00.000,8,NULL,90.0000,1,73.2961,24
4973,Link's Crossbow Training,2007-11-19 00:00:00.000,3,NULL,60.0000,2,71.5638,19
18170,Yie Ar Kung-Fu,1984-10-25 00:00:00.000,6,NULL,20.0000,1,69.5254,27
12266,Qix,1981-12-31 00:00:00.000,1,NULL,NULL,NULL,69.7063,12
4578,X-Men: The Official Game,2006-05-16 00:00:00.000,4,NULL,53.2857,3,63.8656,13
20398,Chrono Trigger,2008-11-20 00:00:00.000,2,NULL,73.6000,6,91.8363,33
15407,No More Room in Hell,2013-09-04 00:00:00.000,8,NULL,NULL,NULL,68.4713,31
4607,Road Fighter,1984-12-01 00:00:00.000,4,NULL,NULL,NULL,73.1397,31
4747,Cars 2,2011-06-21 00:00:00.000,4,NULL,75.0000,5,65.5132,17
4118,Spider-Man 2: Enter Electro,2001-10-19 00:00:00.000,21,NULL,40.0000,1,73.7160,66
12118,Gods,1991-12-31 00:00:00.000,3,NULL,NULL,NULL,82.2384,15
17030,LEGO Star Wars: The Force Awakens,2016-06-27 00:00:00.000,28,6,75.9130,25,66.2247,76
3196,Warsong,1991-04-26 00:00:00.000,1,NULL,NULL,NULL,78.0224,11
3514,International Superstar Soccer '98,1998-06-04 00:00:00.000,3,NULL,NULL,NULL,65.1087,12
2408,Final Fantasy Tactics A2: Grimoire of the Rift,2007-10-25 00:00:00.000,9,NULL,83.0000,4,82.4798,37
16618,Ōkamiden,2010-09-30 00:00:00.000,6,NULL,78.0000,3,68.2445,13
9514,Echo Night,1998-08-13 00:00:00.000,2,NULL,NULL,NULL,69.9668,14
80408,X-Men,1992-01-31 00:00:00.000,2,NULL,NULL,NULL,69.8793,13
2184,Kirby's Epic Yarn,2010-10-14 00:00:00.000,13,NULL,84.6000,8,68.6992,61
39520,Real Bout Fatal Fury,1995-12-21 00:00:00.000,1,NULL,NULL,NULL,79.0322,14
3722,Kirby: Canvas Curse,2005-03-24 00:00:00.000,6,NULL,85.0000,2,72.0653,39
662,Anno 1404,2009-06-23 00:00:00.000,51,NULL,72.0000,3,80.2415,131
144345,FortressOne,2018-05-24 00:00:00.000,13,1,NULL,NULL,92.8763,22
1432,Phoenix Wright: Ace Attorney - Dual Destinies,2013-07-25 00:00:00.000,25,NULL,80.2000,10,74.8170,64
193359,Rayman Legends,2013-08-29 00:00:00.000,NULL,NULL,0.0000,2,79.8687,11
28395,Snake,1997-12-18 00:00:00.000,1,NULL,NULL,NULL,72.9191,17
2932,Sea Dogs,2000-11-24 00:00:00.000,7,NULL,NULL,NULL,75.2787,13
5992,Psi-Ops: The Mindgate Conspiracy,2004-06-14 00:00:00.000,7,NULL,83.0000,5,65.3975,24
7816,Captain America and the Avengers,1991-12-31 00:00:00.000,3,NULL,NULL,NULL,65.1251,27
2687,Animal Crossing: New Leaf,2012-11-08 00:00:00.000,64,NULL,88.3000,11,85.1190,194
44043,ClayFighter 63 1/3,1997-10-21 00:00:00.000,NULL,NULL,NULL,NULL,54.3092,13
3440,Army Men: Sarge's Heroes,1999-09-28 00:00:00.000,3,NULL,NULL,NULL,71.3889,28
28706,Madden NFL 18,2017-08-25 00:00:00.000,13,3,79.4000,17,77.9423,14
8965,Darkest Dungeon,2015-12-31 00:00:00.000,91,4,83.1000,16,83.2336,322
14206,Blackwake,2017-02-24 00:00:00.000,13,7,NULL,NULL,47.8489,15
56,The Elder Scrolls III: Morrowind,2002-05-01 00:00:00.000,315,NULL,85.0000,3,85.9070,682
8311,Titan Quest,2006-06-26 00:00:00.000,41,NULL,81.2500,5,78.3454,147
26654,Nekopara Vol. 0,2015-08-16 00:00:00.000,8,NULL,NULL,NULL,65.7335,26
19516,WWE 2K17,2016-10-11 00:00:00.000,11,1,60.8333,14,68.2943,28
11730,Framed,2014-11-13 00:00:00.000,10,NULL,NULL,NULL,75.8995,25
3873,Defender,1981-03-01 00:00:00.000,5,NULL,70.0000,2,46.6240,30
7873,Chrome,2003-10-28 00:00:00.000,5,NULL,59.5000,2,50.9378,11
15705,Digimon Story: Cyber Sleuth,2016-02-02 00:00:00.000,15,NULL,79.2222,9,78.6259,44
19163,Grand Kingdom,2015-11-19 00:00:00.000,8,NULL,78.5455,12,69.0283,13
10141,Snake II,2000-09-01 00:00:00.000,7,NULL,NULL,NULL,80.1304,16
4158,Sonic Riders,2006-02-21 00:00:00.000,11,NULL,66.0000,2,67.6799,71
72373,Getting Over It with Bennett Foddy,2017-12-06 00:00:00.000,41,1,NULL,NULL,83.1669,102
25877,"Pokémon: Let's Go, Pikachu!",2018-11-16 00:00:00.000,50,11,76.6923,17,74.9670,108
28227,Happy Wheels,2010-06-04 00:00:00.000,10,NULL,NULL,NULL,66.9583,30
2948,Infestation: Survivor Stories,2012-10-15 00:00:00.000,3,NULL,NULL,NULL,35.7126,14
2956,Audiosurf,2008-02-15 00:00:00.000,28,NULL,90.0000,3,75.1385,110
34,Giants: Citizen Kabuto,2000-12-06 00:00:00.000,16,NULL,NULL,NULL,82.8345,28
135881,eFootball PES 2021 Season Update,2020-09-15 00:00:00.000,4,NULL,70.0000,3,74.9320,32
2679,DJ Hero,2009-10-27 00:00:00.000,7,NULL,84.5000,9,78.6728,21
19623,Naruto Shippuden: Ultimate Ninja 4,2007-04-05 00:00:00.000,3,NULL,63.5000,2,70.1712,26
52190,The LEGO Ninjago Movie Video Game,2017-09-22 00:00:00.000,21,NULL,73.2500,4,69.4697,18
5693,River Raid,1982-12-01 00:00:00.000,6,NULL,NULL,NULL,82.0363,27
54662,Football Manager 2018,2017-11-10 00:00:00.000,17,1,74.5000,9,87.7163,35
14691,Air Combat,1993-06-01 00:00:00.000,1,NULL,70.0000,1,70.0328,16
25621,Yandere Simulator,2014-04-01 00:00:00.000,9,6,NULL,NULL,52.2543,11
80138,BanG Dream! Girls Band Party!,2017-03-16 00:00:00.000,NULL,NULL,NULL,NULL,74.3870,11
2657,Kinect Adventures,2010-11-04 00:00:00.000,7,NULL,65.0000,3,58.0325,25
437,Medieval: Total War,2002-08-19 00:00:00.000,21,NULL,90.0000,2,83.2025,67
4576,X-Men Legends II: Rise of Apocalypse,2005-09-20 00:00:00.000,11,NULL,78.2000,6,71.1118,37
11667,Dragon Quest XI: Echoes of an Elusive Age,2017-07-29 00:00:00.000,52,7,84.0000,12,85.4974,99
103224,Realm Royale Reforged,2018-06-05 00:00:00.000,4,NULL,78.0000,2,60.2503,31
8050,Tiny Toon Adventures: Buster Busts Loose!,1992-12-18 00:00:00.000,7,NULL,NULL,NULL,76.7623,21
59858,Lethal League Blaze,2018-10-24 00:00:00.000,7,1,90.0000,1,90.4920,20
5410,Pitfall: The Mayan Adventure,1994-12-31 00:00:00.000,4,NULL,50.0000,1,73.2278,21
115283,Astral Chain,2019-08-30 00:00:00.000,12,9,89.1818,12,82.8270,79
28548,Remothered: Tormented Fathers,2018-01-30 00:00:00.000,10,1,80.0000,2,71.0686,21
1641,James Bond 007: The World Is Not Enough,2001-09-11 00:00:00.000,6,NULL,NULL,NULL,72.8610,32
4969,LEGO The Lord of the Rings,2012-10-30 00:00:00.000,50,NULL,77.4444,10,74.6739,145
19289,Candle,2016-11-11 00:00:00.000,28,3,71.0000,2,69.8308,11
9235,LSD: Dream Emulator,1998-10-22 00:00:00.000,8,NULL,NULL,NULL,70.0965,17
106270,Disney's Aladdin,1994-12-31 00:00:00.000,NULL,NULL,NULL,NULL,75.7278,11
1476,Gradius,1985-05-29 00:00:00.000,9,NULL,74.5000,1,68.3111,44
112191,Epic Seven,2018-11-08 00:00:00.000,5,1,79.0000,2,94.3285,11
8900,Monument Valley,2014-04-03 00:00:00.000,60,NULL,89.6667,4,76.7687,162
3414,Nightmare Creatures,1997-09-30 00:00:00.000,7,NULL,NULL,NULL,70.8754,33
1793,Secret Agent Clank,2008-06-17 00:00:00.000,12,NULL,81.0000,5,77.2464,31
28278,Catan Universe,2017-04-25 00:00:00.000,NULL,NULL,NULL,NULL,97.1764,11
1792,Ratchet & Clank Future: Tools of Destruction,2007-10-23 00:00:00.000,45,NULL,91.5000,6,79.2321,118
12938,Slender: The Eight Pages,2012-06-26 00:00:00.000,13,NULL,NULL,NULL,58.7116,41
8066,Taz-Mania,1992-12-25 00:00:00.000,3,NULL,NULL,NULL,66.7287,26
8976,Football Manager 2015,2014-11-07 00:00:00.000,18,NULL,73.8000,5,80.4595,43
122080,Football Manager 2020,2019-11-19 00:00:00.000,30,NULL,88.5000,3,77.0316,50
2589,Ratchet & Clank: Into the Nexus,2013-11-06 00:00:00.000,20,2,69.2857,8,78.1281,59
5168,Sonic Riders: Zero Gravity,2008-01-08 00:00:00.000,3,NULL,55.0000,3,65.9701,33
101869,Cat Quest II,2019-09-19 00:00:00.000,1,1,78.3333,5,72.4548,19
21669,Virtua Fighter 5: Final Showdown,2010-07-29 00:00:00.000,4,NULL,83.4000,5,88.0008,12
27685,Soda Dungeon,2015-10-08 00:00:00.000,2,NULL,NULL,NULL,64.9674,22
85663,Mario Kart Tour,2019-09-25 00:00:00.000,3,3,50.3333,4,59.7956,39
4966,The Last Story,2011-01-27 00:00:00.000,14,NULL,77.6667,6,76.9960,25
4105,Shadow the Hedgehog,2005-11-15 00:00:00.000,14,NULL,46.0000,2,48.0054,81
19091,Sonic R,1998-11-11 00:00:00.000,8,NULL,NULL,NULL,56.2131,49
107300,Thronebreaker: The Witcher Tales,2018-10-23 00:00:00.000,12,2,86.2500,8,85.1180,129
2330,Mario Party 4,2002-10-21 00:00:00.000,22,NULL,50.0000,1,75.1810,83
19520,FAR: Lone Sails,2018-05-17 00:00:00.000,33,7,77.5000,2,77.3112,85
8163,Disney's Goof Troop,1993-07-11 00:00:00.000,4,NULL,NULL,NULL,80.4741,48
2878,Ultima IV: Quest of the Avatar,1985-11-01 00:00:00.000,9,NULL,NULL,NULL,85.0434,29
131800,Call of Duty: Warzone,2020-03-10 00:00:00.000,27,NULL,85.2000,7,73.5793,97
24881,Kingdom: New Lands,2016-08-09 00:00:00.000,30,NULL,75.0000,2,74.7787,67
7121,Ninja Blade,2009-01-29 00:00:00.000,12,NULL,58.0000,6,69.6611,34
417,Final Fantasy Origins,2002-10-31 00:00:00.000,9,NULL,NULL,NULL,80.0094,17
243611,Mir Korabley,2022-10-12 00:00:00.000,2,NULL,NULL,NULL,82.5000,12
22754,Assassin's Creed: Ezio Trilogy,2012-03-15 00:00:00.000,6,NULL,NULL,NULL,89.9231,15
2588,Wing Commander III: Heart of the Tiger,1994-12-31 00:00:00.000,8,NULL,NULL,NULL,80.1504,21
58295,Mekorama,2016-05-14 00:00:00.000,1,1,NULL,NULL,79.4338,11
2538,Enslaved: Odyssey to the West,2010-10-05 00:00:00.000,68,NULL,82.4444,13,80.4520,178
8114,Jazzpunk,2014-02-07 00:00:00.000,12,NULL,82.7500,8,74.3752,55
37141,That's You!,2017-07-04 00:00:00.000,6,NULL,69.2500,5,76.2547,18
6026,Samurai Shodown V,2003-10-10 00:00:00.000,1,NULL,57.0000,2,70.3746,12
3992,Marvel Nemesis: Rise of the Imperfects,2005-09-20 00:00:00.000,5,NULL,54.5000,4,65.9568,22
16584,Dragon Warrior IV,1990-02-11 00:00:00.000,5,NULL,NULL,NULL,72.2037,18
20868,Duke Nukem 3D: Megaton Edition,2013-02-03 00:00:00.000,3,NULL,71.6667,3,73.8514,17
216,Neverwinter Nights,2002-06-18 00:00:00.000,67,NULL,74.0000,2,81.8652,187
6897,Pokémon Omega Ruby,2014-11-21 00:00:00.000,59,1,81.3333,12,82.6083,185
8177,Microsoft Solitaire,1990-05-22 00:00:00.000,8,NULL,NULL,NULL,77.0185,45
10633,Nintendo World Cup,1990-12-01 00:00:00.000,4,NULL,NULL,NULL,70.5422,26
7099,Naruto Shippuden: Ultimate Ninja Storm 3,2013-03-05 00:00:00.000,21,NULL,77.1429,7,75.0561,96
27082,Raft,2018-05-23 00:00:00.000,26,2,80.0000,2,76.1522,70
41496,Kingdom Rush Origins,2014-11-07 00:00:00.000,NULL,NULL,70.0000,1,71.0351,15
6633,Spear of Destiny,1992-09-18 00:00:00.000,10,NULL,NULL,NULL,76.5665,33
6003,Reservoir Dogs,2006-08-25 00:00:00.000,6,NULL,65.0000,4,61.9450,18
1587,Spyro: Season of Ice,2001-11-07 00:00:00.000,2,NULL,NULL,NULL,69.4500,15
135915,Overcooked! All You Can Eat,2020-11-12 00:00:00.000,3,NULL,88.7500,8,81.7993,16
19562,Resident Evil 7: Biohazard,2017-01-24 00:00:00.000,284,20,88.4615,31,83.7465,706
1558,Pokémon Gold Version,1999-11-21 00:00:00.000,103,NULL,87.5000,3,86.3393,310
328,Sacred,2004-03-19 00:00:00.000,23,NULL,85.0000,1,77.3332,81
1514,Pokémon Crystal Version,2000-12-14 00:00:00.000,83,NULL,85.0000,1,89.1472,309
19589,Space Funeral,2010-09-17 00:00:00.000,3,NULL,NULL,NULL,74.4753,11
3051,The Bugs Bunny Crazy Castle,1989-12-31 00:00:00.000,2,NULL,NULL,NULL,69.6654,15
14143,I Wanna Be the Guy,2007-10-05 00:00:00.000,8,NULL,NULL,NULL,82.8195,19
20098,FTL: Advanced Edition,2014-04-03 00:00:00.000,8,1,90.5000,2,84.0912,39
1359,Secret of Evermore,1995-10-01 00:00:00.000,12,NULL,NULL,NULL,80.3652,30
12877,Robot Roller-Derby Disco Dodgeball,2015-02-19 00:00:00.000,4,NULL,NULL,NULL,70.0920,11
1198,Crash Bandicoot 2: N-Tranced,2003-01-07 00:00:00.000,4,NULL,60.0000,2,73.6713,16
8921,White Night,2015-03-03 00:00:00.000,7,NULL,61.8750,8,70.0728,11
80348,MapleStory 2,2015-07-07 00:00:00.000,4,1,100.0000,2,73.9556,21
1197,Crash Bandicoot: The Huge Adventure,2002-02-25 00:00:00.000,2,NULL,74.0000,1,68.6650,29
32365,Hell Let Loose,2019-06-06 00:00:00.000,19,5,75.0000,2,75.0014,16
135554,Worms Rumble,2020-12-01 00:00:00.000,5,2,63.7500,4,57.5309,19
364,Heroes of Might and Magic III: The Restoration of Erathia,1999-02-28 00:00:00.000,164,NULL,91.0000,1,89.3941,497
7414,Ultima,1981-06-01 00:00:00.000,NULL,NULL,NULL,NULL,67.4525,25
6466,Master of Magic,1994-09-01 00:00:00.000,12,NULL,NULL,NULL,89.6007,29
68,Master of Orion II: Battle at Antares,1996-10-31 00:00:00.000,20,NULL,NULL,NULL,92.0323,62
91,Need for Speed II,1997-03-31 00:00:00.000,22,NULL,60.0000,1,75.9527,140
863,Sid Meier's Alpha Centauri,1999-02-12 00:00:00.000,18,NULL,91.0000,1,90.4561,48
22,System Shock 2,1999-08-11 00:00:00.000,115,NULL,NULL,NULL,89.8539,280
54572,Artifact,2018-11-28 00:00:00.000,7,NULL,82.5000,6,63.2752,14
656,Crusader: No Regret,1996-09-01 00:00:00.000,3,NULL,NULL,NULL,79.6581,13
16957,Counter-Strike Nexon: Studio,2014-10-07 00:00:00.000,2,NULL,NULL,NULL,20.7489,18
4820,Drawn to Life: The Next Chapter,2009-10-08 00:00:00.000,3,NULL,72.6667,5,82.4065,12
934,Wing Commander IV: The Price of Freedom,1996-02-12 00:00:00.000,4,NULL,62.5000,2,89.4257,20
1230,Phantasy Star IV: The End of the Millennium,1993-12-17 00:00:00.000,9,NULL,NULL,NULL,89.4262,38
119416,Dota Underlords,2019-06-20 00:00:00.000,5,NULL,NULL,NULL,67.6311,43
47944,Nintendogs: Labrador & Friends,2005-05-21 00:00:00.000,NULL,NULL,NULL,NULL,79.3635,11
10126,Knights of Pen and Paper II,2015-10-20 00:00:00.000,7,NULL,75.0000,1,70.4894,17
325,Hellgate: London,2007-10-31 00:00:00.000,16,NULL,70.0000,3,79.6467,45
5404,Mickey Mania: The Timeless Adventures of Mickey Mouse,1994-10-01 00:00:00.000,8,NULL,NULL,NULL,80.8951,32
295,Command & Conquer: Red Alert,1996-11-22 00:00:00.000,102,NULL,NULL,NULL,86.1572,283
35,Dungeon Keeper,1997-06-26 00:00:00.000,55,NULL,10.0000,0,85.7069,148
7122,Ninja Gaiden 3,2012-03-20 00:00:00.000,12,NULL,48.5714,9,68.7487,26
7338,Kirby and the Rainbow Curse,2015-01-22 00:00:00.000,7,2,73.1250,9,78.0105,17
8293,Discworld Noir,1999-07-05 00:00:00.000,11,NULL,NULL,NULL,92.3020,20
8203,Mario Paint,1992-07-14 00:00:00.000,5,NULL,NULL,NULL,73.0149,46
11226,Anstoss 3,2000-06-01 00:00:00.000,2,NULL,NULL,NULL,99.3409,11
7675,Hard West,2015-11-04 00:00:00.000,13,NULL,70.2857,8,69.0482,17
9052,Athena,1986-07-01 00:00:00.000,NULL,NULL,NULL,NULL,57.6763,13
322,Blade Runner,1997-11-14 00:00:00.000,21,NULL,NULL,NULL,85.6769,57
3055,Rampage,1986-12-01 00:00:00.000,6,NULL,NULL,NULL,75.6719,41
4415,Magic Carpet,1994-05-06 00:00:00.000,5,NULL,75.0000,1,80.0827,19
513,Phantasy Star Online 2,2012-07-04 00:00:00.000,18,NULL,76.6667,3,71.4909,18
55038,Immortal: Unchained,2018-09-07 00:00:00.000,23,4,45.3333,3,50.7427,16
1199,Crash Bandicoot Purple: Ripto's Rampage,2004-06-03 00:00:00.000,2,NULL,77.0000,1,56.8777,12
12937,Mega Man Powered Up,2006-03-02 00:00:00.000,3,NULL,NULL,NULL,75.2491,18
908,Tom Clancy's Rainbow Six 3: Raven Shield,2003-03-18 00:00:00.000,13,NULL,81.6667,3,80.6457,42
9908,TrackMania United,2006-11-17 00:00:00.000,6,NULL,78.5000,2,79.9708,15
39188,Despicable Me: Minion Rush,2013-06-13 00:00:00.000,1,NULL,NULL,NULL,60.6888,15
5075,Nights Into Dreams...,1996-07-05 00:00:00.000,11,NULL,67.5000,2,80.3850,37
6054,Ghostbusters,1984-10-26 00:00:00.000,2,NULL,80.0000,2,72.2265,29
11600,Corpse Party BloodCovered: ...Repeated Fear,2010-08-12 00:00:00.000,4,NULL,NULL,NULL,73.0529,15
109533,Assassin's Creed III: Liberation - Remastered,2019-03-29 00:00:00.000,1,NULL,NULL,NULL,69.8604,12
2593,Cube World,2019-09-30 00:00:00.000,5,2,0.0000,1,65.0040,22
7222,Two Worlds,2007-05-09 00:00:00.000,17,NULL,62.5000,3,66.1996,53
3595,San Francisco Rush: Extreme Racing,1996-12-24 00:00:00.000,NULL,NULL,NULL,NULL,71.9713,12
488,Kane & Lynch 2: Dog Days,2010-08-17 00:00:00.000,28,NULL,69.4286,8,67.7567,94
11522,Operation C,1991-01-08 00:00:00.000,1,NULL,NULL,NULL,79.6109,12
5244,Transformers: The Game,2007-06-26 00:00:00.000,12,NULL,56.7500,10,67.6493,42
5180,Spider-Man: Friend or Foe,2007-10-02 00:00:00.000,8,NULL,55.0000,6,57.7596,32
2698,Tony Hawk's Underground,2003-10-27 00:00:00.000,34,NULL,80.0000,3,79.7778,137
165126,Crysis 2 Remastered,2021-10-15 00:00:00.000,2,NULL,NULL,NULL,74.3867,12
3275,Z,1996-03-01 00:00:00.000,10,NULL,NULL,NULL,70.9939,34
61,Monkey Island 2: LeChuck's Revenge,1991-12-01 00:00:00.000,171,NULL,NULL,NULL,88.7881,458
5850,Grand Theft Auto: The Trilogy,2005-10-17 00:00:00.000,21,NULL,NULL,NULL,88.0967,18
877,Star Trek: Voyager - Elite Force,2000-09-20 00:00:00.000,6,NULL,80.0000,1,75.1832,28
7739,Might and Magic VII: For Blood and Honor,1999-05-31 00:00:00.000,11,NULL,NULL,NULL,89.0417,22
8137,"Sheep, Dog 'n' Wolf",2001-09-14 00:00:00.000,7,NULL,NULL,NULL,70.7887,21
7756,Animaniacs,1994-11-01 00:00:00.000,7,NULL,NULL,NULL,52.0963,26
2635,Excite Truck,2006-11-19 00:00:00.000,3,NULL,80.0000,5,74.7306,12
2470,Virtua Cop 2,1995-09-01 00:00:00.000,5,NULL,NULL,NULL,72.1194,35
2724,Pokémon XD: Gale of Darkness,2005-08-04 00:00:00.000,15,NULL,40.0000,1,70.4489,67
926,Unreal Tournament 2003,2002-10-01 00:00:00.000,36,NULL,NULL,NULL,83.6976,104
21724,Street Fighter III: 3rd Strike Online Edition,2011-08-23 00:00:00.000,2,NULL,81.3333,4,80.9721,11
9813,Champions of Norrath: Realms of EverQuest,2004-02-10 00:00:00.000,9,NULL,92.0000,1,73.2797,19
239,StarCraft II: Wings of Liberty,2010-07-27 00:00:00.000,257,NULL,89.4000,9,87.2661,820
77354,Injustice: Gods Among Us,2013-04-03 00:00:00.000,2,1,NULL,NULL,73.7713,11
4177,SSX on Tour,2005-10-11 00:00:00.000,9,NULL,79.0000,5,73.3710,23
15910,Story of Seasons: Trio of Towns,2016-06-23 00:00:00.000,2,NULL,78.7692,14,80.9212,6
24930,Off,2008-06-05 00:00:00.000,8,NULL,NULL,NULL,95.6851,41
2642,"Hey You, Pikachu!",1998-12-12 00:00:00.000,2,NULL,NULL,NULL,60.4139,13
412,Final Fantasy: Crystal Chronicles,2003-08-08 00:00:00.000,15,NULL,80.7500,5,68.6128,33
5334,Lunar: The Silver Star,1992-06-26 00:00:00.000,2,NULL,NULL,NULL,84.9453,11
5565,Golden Axe,1989-01-27 00:00:00.000,40,NULL,65.0000,2,76.2058,178
114420,When the Darkness comes,2019-01-12 00:00:00.000,1,1,90.0000,1,70.1549,16
75092,Cube Escape: Seasons,2015-04-01 00:00:00.000,1,NULL,NULL,NULL,71.3139,24
4180,Star Wars: Bounty Hunter,2002-11-19 00:00:00.000,7,NULL,60.0000,1,63.8218,18
725,Galactic Civilizations II: Dread Lords,2006-02-21 00:00:00.000,1,NULL,86.0000,3,72.7546,14
10949,Ys Origin,2006-12-21 00:00:00.000,5,NULL,80.2000,11,80.6359,36
8145,Spelunky Classic,2008-12-21 00:00:00.000,18,NULL,94.3750,0,85.7791,36
4598,Contra,1987-02-01 00:00:00.000,63,NULL,50.0000,0,82.3127,246
186207,Contra,1988-02-02 00:00:00.000,NULL,NULL,NULL,NULL,77.9861,31
521,Fable,2004-09-14 00:00:00.000,84,NULL,90.0000,3,84.0292,254
8361,Transformers: Fall of Cybertron,2012-08-21 00:00:00.000,16,NULL,80.6364,11,72.3330,39
1123,Castlevania II: Belmont's Revenge,1991-07-12 00:00:00.000,5,NULL,NULL,NULL,70.0881,36
8123,Land of Illusion Starring Mickey Mouse,1993-12-31 00:00:00.000,4,NULL,NULL,NULL,60.7512,11
18123,"Flower, Sun, and Rain",2001-05-02 00:00:00.000,2,NULL,100.0000,3,60.7457,12
31198,Eternal Card Game,2018-11-15 00:00:00.000,5,NULL,NULL,NULL,63.8590,21
7514,King's Quest VII: The Princeless Bride,1994-11-23 00:00:00.000,5,NULL,NULL,NULL,70.3651,17
13257,Sensible Soccer: European Champions,1992-12-31 00:00:00.000,4,NULL,NULL,NULL,85.0960,12
6328,Legend of Grimrock,2012-04-11 00:00:00.000,33,NULL,75.0000,4,79.8140,85
2448,Quantum Conundrum,2012-06-21 00:00:00.000,10,NULL,74.0909,11,70.6998,37
5152,Shaun White Snowboarding,2008-11-14 00:00:00.000,6,NULL,60.6667,4,77.9990,13
4745,Captain America: Super Soldier,2011-07-15 00:00:00.000,3,NULL,56.5000,6,58.8231,19
494,Bulletstorm,2011-02-22 00:00:00.000,85,NULL,87.1429,10,79.4680,302
13058,Dick Tracy,1990-09-30 00:00:00.000,4,NULL,NULL,NULL,65.3245,16
11081,Amplitude,2016-01-05 00:00:00.000,1,NULL,78.3333,8,73.2366,14
6943,Condemned 2: Bloodshot,2008-03-11 00:00:00.000,9,NULL,85.4000,8,74.4799,36
5504,Transport Tycoon,1994-11-15 00:00:00.000,9,NULL,NULL,NULL,87.5283,30
180,Full Throttle,1995-04-30 00:00:00.000,49,NULL,87.0000,1,83.2229,142
4331,Cyberia,1994-01-12 00:00:00.000,5,NULL,NULL,NULL,73.1242,14
12224,Silkworm,1988-12-31 00:00:00.000,3,NULL,NULL,NULL,79.8110,19
117525,Kingdom Hearts Dream Drop Distance HD,2017-01-12 00:00:00.000,6,NULL,NULL,NULL,71.3776,25
28840,Sword of the Berserk: Guts' Rage,1999-12-16 00:00:00.000,3,NULL,NULL,NULL,76.5434,12
16973,Lunar Lander,1979-08-01 00:00:00.000,1,NULL,NULL,NULL,81.5127,11
1874,North & South,1989-12-31 00:00:00.000,5,NULL,NULL,NULL,76.1756,22
4964,Kung Fu Panda,2008-06-03 00:00:00.000,5,NULL,73.0000,6,67.8015,39
7234,Viking: Battle for Asgard,2008-03-25 00:00:00.000,11,NULL,70.0000,5,69.2120,29
134602,Bugsnax,2020-11-12 00:00:00.000,7,1,76.2857,9,74.8724,38
4006,Metal Gear Solid: The Twin Snakes,2004-03-09 00:00:00.000,18,NULL,82.0000,3,81.0641,69
7116,Freedom Planet,2014-07-21 00:00:00.000,16,1,82.4286,8,71.3003,42
1583,The Legend of Spyro: The Eternal Night,2007-10-02 00:00:00.000,4,NULL,65.0000,3,75.0345,21
1579,Spyro: Enter the Dragonfly,2002-11-05 00:00:00.000,7,NULL,NULL,NULL,67.1087,40
15835,Live A Live,1994-09-02 00:00:00.000,1,NULL,NULL,NULL,80.3146,18
1373,F1 2012,2012-09-17 00:00:00.000,6,NULL,76.5000,6,73.1203,24
1475,Scramble,1981-02-01 00:00:00.000,1,NULL,60.0000,2,60.5410,12
133131,The Mortuary Assistant,2022-08-02 00:00:00.000,2,1,NULL,NULL,79.3238,14
2246,Marble Madness,1984-12-15 00:00:00.000,7,NULL,NULL,NULL,75.7463,59
8971,Football Manager 2006,2005-10-21 00:00:00.000,3,NULL,85.0000,2,77.1602,17
27971,Last Battle,1989-07-01 00:00:00.000,3,NULL,NULL,NULL,62.1169,12
142391,Stumble Guys,2020-09-24 00:00:00.000,2,NULL,NULL,NULL,65.5047,17
191408,Nintendo Switch Sports,2022-04-29 00:00:00.000,2,NULL,72.4286,10,72.2208,18
7590,Escape Goat,2012-06-14 00:00:00.000,5,NULL,NULL,NULL,71.1888,12
2040,Knights of Honor,2005-10-01 00:00:00.000,8,NULL,79.0000,1,82.8697,21
83504,Wildermyth,2019-11-13 00:00:00.000,2,NULL,88.5000,2,81.8860,22
1012,Gotham City Impostors,2012-01-10 00:00:00.000,9,NULL,73.1429,8,69.7313,33
7601,Plague Inc: Evolved,2015-09-18 00:00:00.000,39,2,80.0000,3,78.4038,115
8972,Football Manager 2009,2008-11-14 00:00:00.000,6,NULL,80.0000,3,79.1763,18
636,Clive Barker's Undying,2001-02-21 00:00:00.000,27,NULL,NULL,NULL,82.5811,62
25935,The Artful Escape,2021-09-09 00:00:00.000,4,9,83.3333,8,82.6546,40
7857,Hatred,2015-06-01 00:00:00.000,14,2,43.3333,4,49.7569,44
1060,It Came from the Desert,1989-12-31 00:00:00.000,3,NULL,NULL,NULL,68.6261,13
6060,Freedom Wars,2014-06-26 00:00:00.000,5,NULL,74.4000,7,73.1683,11
2570,Dragon Ball Z: Infinite World,2008-11-04 00:00:00.000,3,NULL,35.0000,2,63.4566,20
76217,Doom,2017-11-10 00:00:00.000,6,NULL,77.1429,8,79.3666,48
10631,Picross 3D,2009-03-03 00:00:00.000,3,NULL,83.2500,5,80.4100,17
41,Deus Ex,2000-06-26 00:00:00.000,299,NULL,90.5000,3,87.0085,701
215,Warhammer Online: Age of Reckoning,2008-09-18 00:00:00.000,3,NULL,89.5000,4,75.5918,18
1064,The Secret World,2012-07-03 00:00:00.000,11,NULL,72.1429,9,74.8644,18
5502,Transport Tycoon Deluxe,1995-12-31 00:00:00.000,21,1,NULL,NULL,85.0868,39
5261,WALL-E,2008-06-24 00:00:00.000,3,NULL,61.4286,8,56.0034,20
915,Tony Hawk's Pro Skater 4,2002-10-23 00:00:00.000,41,NULL,76.0000,3,79.5884,142
568,Marvel: Ultimate Alliance 2,2009-09-15 00:00:00.000,23,NULL,67.5000,10,74.7281,66
6500,The Lord of the Rings: The Third Age,2004-11-02 00:00:00.000,8,NULL,75.5000,4,72.7180,42
46358,Sonic Drift 2,1995-03-01 00:00:00.000,NULL,NULL,NULL,NULL,36.5927,11
914,Tony Hawk's Pro Skater 3,2001-10-28 00:00:00.000,50,NULL,88.5000,4,81.1100,220
534,The Legend of Zelda: Skyward Sword,2011-11-18 00:00:00.000,118,NULL,92.7143,10,82.1573,327
4923,Ice Age: Dawn of the Dinosaurs,2009-06-30 00:00:00.000,3,NULL,100.0000,2,70.7875,14
2909,The Legend of Zelda: A Link Between Worlds,2013-11-22 00:00:00.000,214,6,92.3333,17,88.1695,557
11056,Persona 4: Dancing All Night,2015-06-25 00:00:00.000,12,NULL,78.3333,11,71.6712,25
114152,SD Gundam G Generation Cross Rays,2019-11-27 00:00:00.000,2,2,75.0000,2,45.1954,28
88970,Final Fantasy IX,2016-02-09 00:00:00.000,2,NULL,NULL,NULL,89.7444,20
6204,Tony Hawk's Project 8,2006-11-07 00:00:00.000,7,NULL,74.3333,6,72.2849,41
26769,Fire Emblem Warriors,2017-09-28 00:00:00.000,20,2,78.3636,13,63.8989,21
27088,Party Hard 2,2018-10-25 00:00:00.000,10,8,80.0000,2,62.5295,13
3063,Batman Begins,2005-07-14 00:00:00.000,6,NULL,65.0000,2,66.4655,23
86316,Muse Dash,2018-06-15 00:00:00.000,4,NULL,66.6667,3,80.3421,41
1447,Suikoden,1995-12-15 00:00:00.000,21,NULL,92.5000,3,83.1831,62
3883,Disney's Extreme Skate Adventure,2003-09-03 00:00:00.000,4,NULL,NULL,NULL,78.7002,12
722,Freespace 2,1999-09-30 00:00:00.000,12,NULL,81.5000,2,79.2813,24
38387,Super Bomberman 5,1997-02-28 00:00:00.000,NULL,NULL,NULL,NULL,95.0675,12
1831,The Walking Dead: Survival Instinct,2013-03-19 00:00:00.000,10,NULL,30.0000,2,35.0987,33
28723,Age of Empires III: Complete Collection,2012-01-05 00:00:00.000,3,NULL,NULL,NULL,78.9820,16
22844,The Last Blade,1997-12-05 00:00:00.000,3,NULL,70.0000,2,70.2748,15
10225,Hook,2015-01-21 00:00:00.000,5,1,NULL,NULL,70.9182,19
32124,Pokémon: Magikarp Jump,2017-05-23 00:00:00.000,7,NULL,NULL,NULL,56.3120,29
9902,Age of Mythology: Extended Edition,2014-05-08 00:00:00.000,14,NULL,68.5000,2,83.5775,41
15545,Vector,2012-08-28 00:00:00.000,6,NULL,70.0000,1,73.1562,22
1125,Kid Dracula,1993-01-03 00:00:00.000,1,NULL,NULL,NULL,73.9240,11
1815,Dragon Quest IV: Chapters of the Chosen,2008-09-11 00:00:00.000,11,NULL,87.6667,4,79.6436,26
1159,Tomb Raider: The Angel of Darkness,2003-06-20 00:00:00.000,24,NULL,61.5000,4,62.4431,94
4355,Power Stone,1999-02-13 00:00:00.000,4,NULL,76.0000,1,70.1891,31
53,The Elder Scrolls II: Daggerfall,1996-08-31 00:00:00.000,20,NULL,NULL,NULL,81.7353,58
1152,Secrets of the Ark: A Broken Sword Game,2006-09-15 00:00:00.000,12,NULL,60.0000,2,69.3682,37
11584,Running With Rifles,2015-04-02 00:00:00.000,4,NULL,NULL,NULL,71.5949,14
9977,Anna: Extended Edition,2013-02-07 00:00:00.000,7,NULL,NULL,NULL,63.3218,11
3715,Kirby's Pinball Land,1993-11-27 00:00:00.000,3,NULL,NULL,NULL,70.6823,19
15540,Ninja Gaiden II: The Dark Sword of Chaos,1990-04-06 00:00:00.000,9,NULL,NULL,NULL,79.8028,39
11060,Hexcells Plus,2013-12-09 00:00:00.000,5,NULL,NULL,NULL,67.9516,22
113113,Crash Team Racing Nitro-Fueled,2019-06-21 00:00:00.000,22,9,82.3333,13,85.8305,68
100357,Temtem,2020-01-21 00:00:00.000,7,3,75.0000,1,71.1194,15
3665,Kid Icarus: Uprising,2012-03-22 00:00:00.000,16,NULL,88.3750,8,81.0808,69
11447,Guild of Dungeoneering,2015-07-15 00:00:00.000,3,NULL,79.0000,5,69.3645,21
20757,Evolve Stage 2,2016-07-07 00:00:00.000,8,1,85.0000,2,70.7013,11
7058,Lost: Via Domus,2008-02-26 00:00:00.000,7,NULL,52.5000,3,65.0592,32
324,Age of Mythology,2002-10-30 00:00:00.000,135,NULL,75.6667,3,81.4990,384
3794,Barnyard,2006-08-01 00:00:00.000,5,NULL,63.2500,3,87.9415,13
9603,Hexcells,2013-09-12 00:00:00.000,6,NULL,NULL,NULL,69.3796,27
11794,Sudden Strike,2000-10-01 00:00:00.000,6,NULL,NULL,NULL,80.8197,14
14359,Post Mortem,2002-11-01 00:00:00.000,8,NULL,NULL,NULL,78.2371,26
37135,Yoshi's Crafted World,2019-03-29 00:00:00.000,18,10,79.2500,14,77.3405,40
11762,Paperboy,1985-02-28 00:00:00.000,9,NULL,76.6667,2,54.1436,77
8389,ToeJam & Earl,1991-03-12 00:00:00.000,14,NULL,NULL,NULL,85.2669,36
8565,Kingpin: Life of Crime,1999-06-30 00:00:00.000,8,NULL,NULL,NULL,73.6133,29
15389,Crashlands,2016-01-20 00:00:00.000,17,1,79.5000,4,72.4665,22
533,Dishonored,2012-10-09 00:00:00.000,413,NULL,90.3571,15,84.7957,1418
12942,Boulder Dash,1984-10-01 00:00:00.000,5,NULL,80.0000,1,72.7584,30
219,MDK,1997-01-01 00:00:00.000,30,NULL,NULL,NULL,77.6733,94
9909,TrackMania Nations,2006-01-27 00:00:00.000,22,NULL,NULL,NULL,77.6030,42
3481,Earthworm Jim 2,1995-11-15 00:00:00.000,21,NULL,NULL,NULL,76.5653,83
138375,The Jackbox Party Pack 7,2020-10-15 00:00:00.000,NULL,NULL,77.8000,5,78.7916,11
10239,Ark: Survival Evolved,2015-06-02 00:00:00.000,178,5,68.8750,10,68.9510,166
133305,Chorus,2021-12-03 00:00:00.000,1,9,74.5714,9,70.4319,25
6863,Sherlock Holmes: Nemesis,2007-10-25 00:00:00.000,4,NULL,50.0000,2,68.8329,24
7439,Blue Estate,2013-10-14 00:00:00.000,4,NULL,60.0000,3,64.9016,14
67902,Aimlabs,2018-06-01 00:00:00.000,1,NULL,NULL,NULL,69.9068,13
75244,Onrush,2018-06-05 00:00:00.000,17,NULL,78.9000,12,68.1013,31
3079,Tiny and Big: Grandpa's Leftovers,2012-06-19 00:00:00.000,4,NULL,78.7500,4,69.7526,33
13460,Where's My Water?,2011-09-22 00:00:00.000,5,NULL,NULL,NULL,75.1851,18
6836,LEGO Batman 2: DC Super Heroes,2012-06-19 00:00:00.000,37,NULL,80.7000,10,74.4387,98
12458,Paperboy 2,1991-12-31 00:00:00.000,1,NULL,NULL,NULL,64.0163,11
4446,Columns,1990-03-01 00:00:00.000,7,NULL,NULL,NULL,68.1170,41
8124,World of Illusion Starring Mickey Mouse and Donald Duck,1992-12-01 00:00:00.000,3,NULL,NULL,NULL,74.9145,27
6212,Total Immersion Racing,2002-11-01 00:00:00.000,1,NULL,NULL,NULL,71.0328,11
11123,ToeJam & Earl in Panic on Funkotron,1993-12-31 00:00:00.000,2,NULL,NULL,NULL,66.5080,12
2914,Leisure Suit Larry: Box Office Bust,2009-03-27 00:00:00.000,5,NULL,20.0000,2,31.3609,12
9969,Alien Storm,1990-12-31 00:00:00.000,2,NULL,NULL,NULL,69.6744,29
70385,SCP: Secret Laboratory,2017-12-28 00:00:00.000,3,NULL,NULL,NULL,80.8215,24
11058,Skylanders: SuperChargers,2015-09-20 00:00:00.000,NULL,NULL,79.0000,12,67.6207,8
4586,Ace Ventura,1996-10-31 00:00:00.000,4,NULL,NULL,NULL,78.7579,12
1586,Skylanders: Giants,2012-10-17 00:00:00.000,4,NULL,68.8889,11,70.2161,28
19576,Skylanders: Imaginators,2016-10-13 00:00:00.000,3,NULL,78.3077,16,69.1959,11
22712,Slither.io,2016-03-25 00:00:00.000,37,3,NULL,NULL,69.9264,27
5159,Skylanders: Swap Force,2013-10-13 00:00:00.000,4,NULL,82.5333,17,77.0339,20
134822,Operation: Tango,2021-06-01 00:00:00.000,NULL,2,90.0000,1,79.7596,14
26774,"Snipperclips: Cut It Out, Together!",2017-03-03 00:00:00.000,11,NULL,79.8667,17,71.9179,26
210,Star Wars: The Clone Wars - Republic Heroes,2009-10-06 00:00:00.000,5,NULL,41.6667,5,48.2469,21
6166,Subway Surfers,2012-05-24 00:00:00.000,11,NULL,NULL,NULL,69.5360,73
6201,TOCA Race Driver 2,2004-04-13 00:00:00.000,9,NULL,85.0000,3,71.4009,15
5586,F1 2013,2013-10-04 00:00:00.000,6,NULL,78.8000,12,76.5938,26
4170,Shadow Hearts,2001-06-28 00:00:00.000,10,NULL,NULL,NULL,82.4713,18
2161,Playboy: The Mansion,2005-01-25 00:00:00.000,6,NULL,55.0000,3,51.6712,14
2475,Temple Run,2011-08-04 00:00:00.000,11,NULL,70.0000,1,73.2271,43
25948,I Expect You to Die,2016-11-30 00:00:00.000,3,NULL,80.0000,7,64.3183,12
5232,Top Spin 3,2008-06-20 00:00:00.000,2,NULL,70.7143,6,79.6036,11
8232,Grey Goo,2015-01-23 00:00:00.000,6,2,83.0000,4,70.2927,18
12524,Recettear: An Item Shop's Tale,2007-12-21 00:00:00.000,5,NULL,76.0000,2,69.1226,44
12202,Rick Dangerous,1989-12-31 00:00:00.000,8,NULL,NULL,NULL,75.5722,19
7464,Tales of Symphonia Chronicles,2013-10-10 00:00:00.000,5,NULL,79.0000,5,90.0883,19
3697,The Settlers IV,2001-03-30 00:00:00.000,12,NULL,NULL,NULL,80.6935,32
213639,My Hero Ultra Rumble,2023-09-28 00:00:00.000,2,NULL,NULL,NULL,89.8463,161
3695,The Settlers 7: Paths to a Kingdom,2010-03-23 00:00:00.000,16,NULL,70.0000,2,70.2292,23
9739,Crossfire,2007-05-03 00:00:00.000,7,NULL,NULL,NULL,46.9709,23
27283,Earth Defense Force 5,2017-12-07 00:00:00.000,2,NULL,67.1111,11,82.9684,10
8129,Walt Disney World Quest: Magical Racing Tour,2000-03-23 00:00:00.000,4,NULL,80.0000,2,74.1730,14
10229,Fire Emblem Fates: Special Edition,2016-02-19 00:00:00.000,9,3,87.0000,11,79.7892,21
146564,Needy Streamer Overload,2022-01-21 00:00:00.000,2,1,NULL,NULL,71.6970,15
2185,Wii Play,2006-12-02 00:00:00.000,7,NULL,60.0000,2,65.2650,69
13664,Distraint,2015-10-21 00:00:00.000,9,NULL,65.0000,2,74.0206,36
11759,Onimusha: Dawn of Dreams,2006-01-26 00:00:00.000,5,NULL,70.0000,2,73.8566,18
142941,Potion Craft,2021-09-21 00:00:00.000,4,3,70.0000,2,72.5156,24
5901,Legacy of Kain: Defiance,2003-11-11 00:00:00.000,23,NULL,NULL,NULL,82.3406,56
8763,Crimzon Clover: World Ignition,2014-06-06 00:00:00.000,3,NULL,NULL,NULL,89.3703,11
58783,The Playroom,2013-11-15 00:00:00.000,1,NULL,NULL,NULL,77.0797,13
15128,NightSky,2011-02-02 00:00:00.000,NULL,NULL,86.0000,3,80.5395,13
24464,Solitairica,2016-05-31 00:00:00.000,3,NULL,80.0000,1,62.3997,11
4130,Duke Nukem: Time to Kill,1998-09-30 00:00:00.000,7,NULL,NULL,NULL,67.5201,14
146170,Final Fantasy III,1994-10-20 00:00:00.000,NULL,NULL,NULL,NULL,87.3469,11
162,Star Wars: Rebel Assault II - The Hidden Empire,1995-11-01 00:00:00.000,3,NULL,75.0000,1,68.6287,18
26130,Cool Boarders 3,1998-09-30 00:00:00.000,3,NULL,NULL,NULL,75.8841,12
12423,Ecstatica,1994-12-31 00:00:00.000,3,NULL,NULL,NULL,85.1482,11
7265,3D Dot Game Heroes,2009-11-05 00:00:00.000,6,NULL,74.0000,7,68.9890,13
42791,Yu-Gi-Oh! ARC-V Tag Force Special,2015-01-22 00:00:00.000,NULL,NULL,NULL,NULL,96.3389,12
423,Final Fantasy Anthology,1999-09-30 00:00:00.000,6,NULL,NULL,NULL,80.1991,11
6456,Beautiful Katamari,2007-10-16 00:00:00.000,3,NULL,80.0000,3,88.6488,18
2656,The Simpsons Game,2007-10-30 00:00:00.000,26,NULL,68.0000,5,71.8246,94
10496,Wizardry: Bane of the Cosmic Forge,1990-05-21 00:00:00.000,4,NULL,NULL,NULL,97.7517,14
2995,The Movies,2005-11-08 00:00:00.000,29,NULL,86.5000,3,77.4309,102
119156,Pokémon Masters,2019-08-29 00:00:00.000,3,4,NULL,NULL,46.7823,26
9332,Worms HD,2007-03-07 00:00:00.000,7,NULL,71.5000,4,62.2409,15
9713,Polda,1998-12-20 00:00:00.000,4,NULL,NULL,NULL,76.2400,16
4059,Over the Hedge,2006-05-09 00:00:00.000,5,NULL,57.6000,6,53.2208,16
70833,Knowledge is Power,2017-10-24 00:00:00.000,8,NULL,67.5000,3,75.2749,19
8975,Football Manager 2014,2013-10-30 00:00:00.000,9,NULL,83.8571,7,88.0687,32
11219,Sonic the Hedgehog 3 & Knuckles,1994-10-18 00:00:00.000,36,NULL,NULL,NULL,89.1090,119
11230,StarLancer,2000-03-31 00:00:00.000,2,NULL,70.0000,1,85.7360,11
5833,FIFA Street 2,2006-02-28 00:00:00.000,12,NULL,52.5000,1,71.2631,59
145439,Escape Simulator,2021-10-19 00:00:00.000,1,NULL,100.0000,1,89.7806,16
126450,Impostor Factory,2021-09-30 00:00:00.000,NULL,1,NULL,NULL,78.8798,15
23236,"Cook, Serve, Delicious! 2!!",2017-09-13 00:00:00.000,12,2,82.5000,2,79.7346,19
3380,Harvest Moon: Back to Nature,1999-12-16 00:00:00.000,8,NULL,NULL,NULL,85.5318,37
8509,Skylanders: Trap Team,2014-10-05 00:00:00.000,NULL,NULL,79.5333,16,68.8788,11
33501,Bloons TD Battles,2013-07-18 00:00:00.000,1,NULL,NULL,NULL,78.1174,18
5795,CSI: Crime Scene Investigation,2003-03-26 00:00:00.000,2,NULL,80.0000,1,73.5465,14
80360,Burrito Bison: Launcha Libre,2012-10-04 00:00:00.000,2,NULL,NULL,NULL,79.5551,13
43097,Shark Dating Simulator XL,2017-07-24 00:00:00.000,6,NULL,NULL,NULL,58.4615,13
15559,Just Dance 2015,2014-10-21 00:00:00.000,5,NULL,76.6667,4,88.6812,17
21646,Rivals of Aether,2017-03-28 00:00:00.000,13,NULL,NULL,NULL,78.5283,24
3241,Cookie Clicker,2013-08-10 00:00:00.000,6,NULL,85.0000,1,70.7518,43
330,SimCity 2000,1993-12-31 00:00:00.000,39,NULL,71.0000,2,77.4467,152
15856,Bionic Commando Rearmed,2008-08-13 00:00:00.000,4,NULL,88.8571,8,56.0320,15
119207,Aquapark.io,2019-02-26 00:00:00.000,64,NULL,NULL,NULL,74.6456,56
148352,Samorost 1,2021-05-20 00:00:00.000,1,NULL,NULL,NULL,79.0252,16
3256,Just Dance 2014,2013-10-01 00:00:00.000,6,NULL,77.6667,6,79.5286,23
2189,Wii Party,2010-07-08 00:00:00.000,4,NULL,70.0000,4,66.1788,38
28465,Porno Studio Tycoon,2017-05-05 00:00:00.000,26,NULL,NULL,NULL,50.7606,11
28,Space Quest: The Sarien Encounter,1986-10-01 00:00:00.000,2,NULL,NULL,NULL,75.7259,25
2157,LEGO Rock Raiders,1999-11-03 00:00:00.000,6,NULL,NULL,NULL,75.0626,16
5617,Yaiba: Ninja Gaiden Z,2014-03-18 00:00:00.000,2,NULL,46.4167,13,64.9217,13
4696,Twisted Metal 2,1996-10-31 00:00:00.000,17,NULL,73.0000,1,74.9621,59
507,I Am Alive,2012-03-07 00:00:00.000,25,NULL,69.1250,8,67.9113,75
7773,The Battle of Olympus,1988-03-23 00:00:00.000,3,NULL,NULL,NULL,69.7084,11
140781,Gartic Phone,2020-10-02 00:00:00.000,2,NULL,NULL,NULL,81.4728,17
76638,Baba is You,2019-03-13 00:00:00.000,7,3,80.0000,6,81.1870,124
5100,Pirates of the Caribbean: At World's End,2007-05-22 00:00:00.000,12,NULL,58.7500,5,51.5750,30
10238,Depression Quest,2013-02-14 00:00:00.000,3,NULL,50.0000,1,25.9010,15
2131,Forza Motorsport 5,2013-11-22 00:00:00.000,22,3,78.1818,11,75.2828,44
7887,Vindictus,2010-10-13 00:00:00.000,8,NULL,70.0000,1,60.9942,14
105482,The Cycle,2019-09-12 00:00:00.000,9,2,NULL,NULL,55.6453,11
17354,Only If,2014-07-25 00:00:00.000,20,NULL,80.0000,1,67.6790,17
12765,Shanghai,1986-10-01 00:00:00.000,2,NULL,NULL,NULL,89.7346,13
14418,Supaplex,1991-12-31 00:00:00.000,7,NULL,NULL,NULL,70.4221,15
57217,Ironsight,2019-06-20 00:00:00.000,3,NULL,NULL,NULL,51.1627,11
7843,America's Army: Proving Grounds,2015-10-01 00:00:00.000,8,2,NULL,NULL,68.3866,11
18237,Sports Champions,2010-09-16 00:00:00.000,2,NULL,80.0000,4,70.2550,15
1902,Dirty Bomb,2018-08-28 00:00:00.000,17,8,60.0000,1,59.6337,34
5167,Sonic and the Secret Rings,2007-02-20 00:00:00.000,6,NULL,82.0000,3,67.0442,41
10237,Champions: Return to Arms,2005-02-07 00:00:00.000,4,NULL,80.0000,2,79.4892,16
116414,Rad,2019-08-20 00:00:00.000,6,2,73.9167,13,59.0186,7
3432,World of Warplanes,2013-11-12 00:00:00.000,3,NULL,63.3333,5,59.7447,17
11161,South Park: The Fractured But Whole,2017-10-17 00:00:00.000,234,106,84.6667,21,80.5415,232
90101,Super Smash Bros. Ultimate,2018-12-07 00:00:00.000,112,27,86.6000,18,87.0831,686
1916,Lost Planet 3,2013-08-26 00:00:00.000,16,NULL,57.6667,13,69.4431,30
115425,Darkest Dungeon II,2021-10-26 00:00:00.000,1,5,77.5000,4,89.4865,20
122338,Ring Fit Adventure,2019-10-18 00:00:00.000,3,NULL,84.4000,6,81.8193,30
2926,Disney Infinity,2013-08-18 00:00:00.000,NULL,NULL,75.7273,13,69.4221,24
3277,Rust,2018-02-08 00:00:00.000,62,16,77.5000,8,70.2677,144
1834,Family Guy: Back to the Multiverse,2012-11-20 00:00:00.000,3,NULL,33.3333,3,71.0818,11
7433,FIFA World,2013-08-11 00:00:00.000,6,NULL,NULL,NULL,56.9610,15
8582,Bad Rats,2009-07-20 00:00:00.000,2,NULL,NULL,NULL,35.9496,18
19834,Dragon Ball Z: The Legacy of Goku II,2003-06-17 00:00:00.000,4,NULL,76.0000,2,72.8412,37
18532,Ice Hockey,1988-01-21 00:00:00.000,NULL,NULL,NULL,NULL,71.0307,23
4026,Naruto: Clash of Ninja,2003-04-11 00:00:00.000,4,NULL,65.0000,2,66.9617,15
55029,Age of Empires IV,2021-10-28 00:00:00.000,32,87,81.5714,9,72.5503,58
1563,Soul Blade,1995-12-28 00:00:00.000,18,NULL,83.0000,1,84.1611,65
54218,Persona 5: Dancing in Starlight,2018-05-24 00:00:00.000,2,NULL,75.0000,7,70.8715,26
35994,Survivalist,2015-01-30 00:00:00.000,4,NULL,NULL,NULL,70.2894,12
6340,Downhill Domination,2003-07-22 00:00:00.000,2,NULL,75.0000,2,74.8896,14
6777,The Impossible Game,2009-11-23 00:00:00.000,8,NULL,75.0000,2,79.9210,15
9786,The Expendabros,2014-08-04 00:00:00.000,13,NULL,80.0000,1,71.1992,56
11135,Beyond Eyes,2015-08-04 00:00:00.000,5,NULL,55.1250,9,68.7635,16
113378,Granblue Fantasy: Versus,2020-02-06 00:00:00.000,1,7,78.2222,11,79.9780,11
852,King's Quest II: Romancing the Throne,1985-05-01 00:00:00.000,5,NULL,NULL,NULL,57.2356,22
178351,Crab Game,2021-10-29 00:00:00.000,6,NULL,NULL,NULL,55.4058,24
1276,Deadly Premonition,2010-02-23 00:00:00.000,27,NULL,89.0000,4,71.2728,54
8426,Cognition: An Erica Reed Thriller,2013-09-19 00:00:00.000,5,NULL,72.0000,0,79.5118,17
1418,Bushido Blade,1997-03-14 00:00:00.000,1,NULL,NULL,NULL,78.5597,20
271,Vietcong,2003-03-26 00:00:00.000,10,NULL,70.0000,1,72.7204,44
12910,The Lucky Dime Caper starring Donald Duck,1991-12-20 00:00:00.000,3,NULL,NULL,NULL,75.8538,11
15916,Mount Your Friends,2013-06-06 00:00:00.000,2,NULL,NULL,NULL,69.3032,23
3006,Disney's Chicken Little,2005-10-18 00:00:00.000,8,NULL,55.0000,1,68.0439,20
81147,Hyrule Warriors: Definitive Edition,2018-03-22 00:00:00.000,14,NULL,74.7500,9,79.6902,26
7201,Supreme Commander 2,2010-03-02 00:00:00.000,10,NULL,73.0000,7,72.7228,28
4844,LEGO The Hobbit,2014-04-08 00:00:00.000,26,1,72.3636,12,69.9718,82
18277,Wonder Boy III: The Dragon's Trap,1989-09-01 00:00:00.000,3,NULL,NULL,NULL,80.0274,20
3761,Call of Duty: Finest Hour,2004-11-16 00:00:00.000,5,NULL,81.6000,7,63.0284,43
2153,FIFA Soccer 13,2012-09-25 00:00:00.000,41,NULL,85.0667,13,75.0332,175
1931,Gobliins 2: The Prince Buffoon,1992-12-31 00:00:00.000,3,NULL,NULL,NULL,79.9306,13
7640,Shadowrun,1993-05-01 00:00:00.000,8,NULL,79.0000,0,83.4460,18
19241,Unravel Two,2018-06-09 00:00:00.000,35,3,80.9091,13,78.2599,129
20640,Shin Megami Tensei Devil Summoner: Raidou Kuzunoha vs. The Soulless Army,2006-03-02 00:00:00.000,5,NULL,60.0000,1,79.9905,15
15429,The King of Fighters '98,1998-07-23 00:00:00.000,15,NULL,60.0000,1,78.9275,59
20871,Zombie Army Trilogy,2015-03-03 00:00:00.000,11,NULL,71.0000,8,62.7005,23
3942,Harry Potter and the Goblet of Fire,2005-11-08 00:00:00.000,29,NULL,57.3333,4,61.2479,109
18968,Call of Duty: Infinite Warfare,2016-11-04 00:00:00.000,124,13,77.2400,32,71.0217,305
116681,Hob: The Definitive Edition,2019-04-04 00:00:00.000,7,NULL,65.0000,2,76.9120,12
105447,Touhou Luna Nights,2019-02-25 00:00:00.000,4,NULL,88.0000,1,74.3511,40
22294,TrackMania Sunrise,2005-04-08 00:00:00.000,6,1,90.0000,1,79.9848,17
1419,Bushido Blade 2,1998-03-12 00:00:00.000,2,NULL,NULL,NULL,78.3197,15
76770,Bridge Constructor Portal,2017-12-20 00:00:00.000,9,NULL,80.2500,4,72.2814,35
277,Battlefield 2,2005-06-21 00:00:00.000,98,NULL,93.0000,4,81.6663,289
135992,Balan Wonderworld,2021-03-25 00:00:00.000,NULL,3,57.0000,7,27.6045,11
135108,Kingdom Hearts: Melody of Memory,2020-11-12 00:00:00.000,NULL,1,77.0000,8,80.4275,16
77992,Mortal Kombat X Mobile,2015-04-07 00:00:00.000,1,NULL,NULL,NULL,79.8743,11
1610,Mortal Kombat Mythologies: Sub-Zero,1997-10-01 00:00:00.000,3,NULL,NULL,NULL,44.8174,40
113376,MO:Astray,2019-10-24 00:00:00.000,2,2,NULL,NULL,69.9189,11
19556,Sonic the Hedgehog: Triple Trouble,1994-11-11 00:00:00.000,1,NULL,NULL,NULL,79.5918,11
5145,Secret Files: Tunguska,2006-09-04 00:00:00.000,15,NULL,65.0000,3,72.8370,28
13228,Runaway 3: A Twist of Fate,2009-11-26 00:00:00.000,8,NULL,NULL,NULL,72.4771,14
6940,The Club,2008-02-07 00:00:00.000,7,NULL,73.6000,6,51.3280,16
5780,Cold Fear,2005-03-15 00:00:00.000,11,NULL,67.3333,4,70.7035,44
3117,Gray Matter,2010-11-12 00:00:00.000,8,NULL,60.0000,2,62.8064,26
13189,Masochisia,2015-10-09 00:00:00.000,22,1,NULL,NULL,57.6503,13
13686,Kingdom: Classic,2015-10-21 00:00:00.000,23,NULL,70.0000,3,68.0143,69
116422,Tails of Iron,2021-09-16 00:00:00.000,3,NULL,90.0000,1,76.3661,19
19940,Pac-Man and the Ghostly Adventures,2013-10-25 00:00:00.000,NULL,NULL,58.0667,15,69.9766,6
12831,World Games,1986-12-31 00:00:00.000,2,NULL,90.0000,1,78.0932,11
3103,Summoner,2000-10-24 00:00:00.000,5,NULL,80.0000,1,80.3683,12
26565,Yuppie Psycho,2019-04-25 00:00:00.000,4,NULL,85.0000,1,84.2528,27
240496,Pineapple on pizza,2023-03-28 00:00:00.000,2,NULL,NULL,NULL,77.0509,11
6598,Sonic Advance 2,2002-12-19 00:00:00.000,9,NULL,86.5000,2,71.2553,49
30155,Rocksmith 2014 Edition: Remastered,2016-10-04 00:00:00.000,5,NULL,NULL,NULL,92.1667,15
6009,Viscera Cleanup Detail,2015-10-23 00:00:00.000,16,3,NULL,NULL,77.1424,39
46980,Kara no Shoujo,2008-07-04 00:00:00.000,1,NULL,NULL,NULL,89.7064,11
5299,WWE SmackDown vs. Raw 2009,2008-11-06 00:00:00.000,9,NULL,65.5556,10,69.5325,29
18440,Dead In Bermuda,2015-08-27 00:00:00.000,7,NULL,75.0000,1,50.4002,11
7767,Mini Metro,2015-10-22 00:00:00.000,32,1,100.0000,1,76.2968,102
20497,Super Princess Peach,2005-10-20 00:00:00.000,NULL,NULL,65.0000,2,69.5370,23
55039,God's Trigger,2019-04-18 00:00:00.000,7,2,90.0000,1,63.6109,11
16309,A Life in Silk: The First Cumming,2016-07-07 00:00:00.000,62,3,NULL,NULL,77.3733,13
8803,God Hand,2006-09-14 00:00:00.000,16,NULL,73.0000,3,79.5812,53
3663,Kid Icarus,1986-12-19 00:00:00.000,12,NULL,NULL,NULL,69.4125,54
35715,Eternal Senia,2015-06-18 00:00:00.000,2,NULL,NULL,NULL,71.5694,12
103218,NBA 2K19,2018-09-11 00:00:00.000,11,2,82.1111,10,55.9080,51
1456,Suikoden V,2006-02-23 00:00:00.000,10,NULL,80.6667,3,80.0372,25
15710,Aviary Attorney,2015-12-22 00:00:00.000,7,NULL,79.3333,5,75.1068,21
2970,Battletoads,1991-06-01 00:00:00.000,26,NULL,NULL,NULL,76.7558,116
2349,Mario Kart 7,2011-12-02 00:00:00.000,44,1,83.5000,6,82.2576,197
14688,12 is Better than 6,2015-11-20 00:00:00.000,7,NULL,60.0000,2,69.4956,18
116522,The Wild at Heart,2021-05-19 00:00:00.000,3,1,82.5000,3,68.8514,11
2689,MySims,2007-09-18 00:00:00.000,1,NULL,68.1667,5,57.6379,15
9435,Urban Trial Freestyle,2013-02-19 00:00:00.000,1,NULL,64.2500,11,69.9302,7
3968,Dragon's Dogma,2012-05-22 00:00:00.000,29,NULL,76.9000,10,71.9313,77
75127,Cube Escape: Case 23,2015-07-01 00:00:00.000,1,NULL,NULL,NULL,70.7714,17
19762,Knuckles' Chaotix,1995-04-20 00:00:00.000,2,NULL,NULL,NULL,66.8477,16
7776,Battletoads & Double Dragon,1993-06-01 00:00:00.000,12,NULL,NULL,NULL,80.4505,59
4133,Digimon Rumble Arena,2001-12-06 00:00:00.000,11,NULL,NULL,NULL,70.3448,41
4639,Barbarian: The Ultimate Warrior,1987-12-30 00:00:00.000,3,NULL,NULL,NULL,74.7089,19
165247,Quake,2021-08-19 00:00:00.000,1,NULL,95.0000,1,86.3243,18
2688,Animal Crossing: City Folk,2008-11-16 00:00:00.000,9,NULL,69.6000,7,78.0576,62
1981,Saints Row IV,2013-08-19 00:00:00.000,126,NULL,84.1429,18,75.1831,437
159298,Yu-Gi-Oh! Master Duel,2022-01-18 00:00:00.000,6,NULL,80.0000,2,74.3343,32
144054,Pokémon Legends: Arceus,2022-01-28 00:00:00.000,22,11,85.3333,12,77.4782,98
80,The Witcher,2007-10-26 00:00:00.000,219,NULL,88.0000,4,82.4554,631
107218,Desperados III,2020-06-16 00:00:00.000,17,17,85.8889,11,86.9774,70
5240,Toy Story 3: The Video Game,2010-06-15 00:00:00.000,12,NULL,72.5000,7,73.1062,38
23,System Shock,1994-09-22 00:00:00.000,24,NULL,NULL,NULL,90.4630,67
144765,Life is Strange: True Colors,2021-09-10 00:00:00.000,11,3,84.2727,13,78.8660,116
11630,Stunts,1990-12-31 00:00:00.000,4,NULL,NULL,NULL,84.6261,30
172427,Kirby and the Forgotten Land,2022-03-25 00:00:00.000,10,1,87.8750,11,82.0820,52
23323,The Legend of Heroes: Trails to Azure,2011-09-29 00:00:00.000,1,NULL,83.0000,3,90.2696,14
8240,SOCOM II: U.S. Navy SEALs,2003-11-04 00:00:00.000,5,NULL,NULL,NULL,88.9698,12
3243,Star Fox: Assault,2005-02-14 00:00:00.000,7,NULL,50.0000,2,66.6352,48
28649,Stoneshard,2020-02-06 00:00:00.000,4,3,NULL,NULL,76.9209,13
332,Monopoly,1995-09-01 00:00:00.000,5,NULL,71.0000,1,66.0218,14
143612,Neon White,2022-06-16 00:00:00.000,4,2,88.6000,8,88.8716,49
8332,Rollcage,1999-03-24 00:00:00.000,2,NULL,79.0000,2,76.7996,17
158,Star Wars Episode I: The Phantom Menace,1999-04-30 00:00:00.000,12,NULL,NULL,NULL,58.7229,70
80332,Sven Co-op,1999-01-19 00:00:00.000,1,NULL,NULL,NULL,79.3872,13
2200,Test Drive,1987-12-31 00:00:00.000,6,NULL,NULL,NULL,87.5290,27
1130,Castlevania,1999-01-26 00:00:00.000,5,NULL,74.5000,2,34.4833,32
8941,Project Eden,2001-10-08 00:00:00.000,5,NULL,70.0000,1,69.9709,15
14429,One Must Fall: 2097,1994-10-10 00:00:00.000,4,NULL,NULL,NULL,88.8615,11
451,Operation Flashpoint: Dragon Rising,2009-10-06 00:00:00.000,19,NULL,79.4000,6,70.1003,33
19596,Ever Oasis,2017-06-13 00:00:00.000,6,1,80.5000,11,57.7137,12
2134,Dead Nation,2010-11-30 00:00:00.000,12,NULL,87.5000,5,79.3578,36
8588,Pokémon Trozei!,2005-10-20 00:00:00.000,2,NULL,70.0000,1,70.1070,16
5971,Shadows of the Damned,2011-06-21 00:00:00.000,16,NULL,82.6667,7,76.8576,52
26428,Alto's Odyssey,2018-02-21 00:00:00.000,4,1,NULL,NULL,66.8441,23
11333,Contradiction: Spot the Liar!,2015-01-14 00:00:00.000,3,NULL,80.0000,1,71.6302,15
26597,Pathway,2019-04-11 00:00:00.000,13,1,73.5000,2,79.4209,14
19010,Battle: Los Angeles,2011-03-11 00:00:00.000,4,NULL,60.0000,1,40.0193,12
7240,Wanted: Weapons of Fate,2009-03-17 00:00:00.000,11,NULL,63.7500,6,57.4160,30
7841,Kingdom Hearts HD 2.5 Remix,2014-10-02 00:00:00.000,32,NULL,82.5000,10,92.1466,45
5988,Dungeon Siege III,2011-06-16 00:00:00.000,9,NULL,76.1667,9,69.6803,51
96275,The Stillness of the Wind,2019-01-30 00:00:00.000,5,1,60.0000,2,63.6147,13
48135,Mario Is Missing!,1993-01-01 00:00:00.000,NULL,NULL,NULL,NULL,20.8488,13
2643,Pokémon Channel,2003-07-18 00:00:00.000,4,NULL,NULL,NULL,53.6872,20
11763,Soko-Ban,1982-12-01 00:00:00.000,4,NULL,NULL,NULL,71.9386,13
9763,Ace Combat 04: Shattered Skies,2001-09-13 00:00:00.000,5,NULL,NULL,NULL,84.8564,21
11639,Need for Speed: Carbon - Own the City,2006-10-31 00:00:00.000,9,1,60.0000,1,77.5186,23
134588,Kena: Bridge of Spirits,2021-09-20 00:00:00.000,19,34,83.7500,11,79.3456,112
191407,Live A Live,2022-07-22 00:00:00.000,3,2,78.8333,8,84.5169,11
4681,Asterix at the Olympic Games,2007-12-31 00:00:00.000,2,NULL,70.0000,1,59.6837,13
1254,DmC: Devil May Cry,2013-01-15 00:00:00.000,125,NULL,81.5000,16,76.3506,389
7757,Astérix,1993-12-31 00:00:00.000,3,NULL,NULL,NULL,60.8083,26
45232,Asterix: The Gallic War,2000-10-01 00:00:00.000,5,NULL,NULL,NULL,69.9896,15
9262,The Incredible Machine 2,1994-12-31 00:00:00.000,10,NULL,NULL,NULL,94.2007,23
9231,Sid Meier's Pirates!,1987-05-08 00:00:00.000,5,NULL,71.0000,5,74.1143,34
193,Day of the Tentacle,1993-06-25 00:00:00.000,98,NULL,NULL,NULL,91.0850,325
7840,Crusader: No Remorse,1995-08-31 00:00:00.000,6,NULL,70.0000,2,76.9097,19
5241,Toy Story Mania!,2009-09-25 00:00:00.000,2,NULL,45.5000,4,48.4443,12
5090,Pandora's Tower,2011-05-26 00:00:00.000,8,NULL,72.5714,8,70.2419,18
7241,Warhammer: Mark of Chaos,2006-11-14 00:00:00.000,1,NULL,60.0000,4,60.3174,15
191411,Xenoblade Chronicles 3,2022-07-29 00:00:00.000,4,2,90.3333,9,84.4589,24
147340,The Past Within,2022-11-02 00:00:00.000,NULL,1,NULL,NULL,69.9500,12
2673,Guitar Hero: Aerosmith,2008-06-27 00:00:00.000,9,NULL,64.3333,8,74.6096,45
6415,Grid: Autosport,2014-06-24 00:00:00.000,20,1,78.0769,14,65.8924,44
18056,Breath of Fire: Dragon Quarter,2002-11-14 00:00:00.000,5,NULL,NULL,NULL,88.9412,14
764,Jazz Jackrabbit 2,1998-07-31 00:00:00.000,32,NULL,NULL,NULL,78.5700,77
24080,Utawarerumono,2002-04-26 00:00:00.000,NULL,NULL,NULL,NULL,88.3515,21
1204,Tales of Symphonia,2003-08-29 00:00:00.000,40,NULL,89.3333,4,88.0342,102
1281,Awesomenauts,2012-05-01 00:00:00.000,14,NULL,72.5000,8,67.0491,53
1449,Suikoden IV,2004-08-19 00:00:00.000,6,NULL,62.5000,2,71.1026,19
8911,Alpha Mission,1985-11-01 00:00:00.000,2,NULL,NULL,NULL,69.3620,13
9140,Guilty Gear,1998-05-14 00:00:00.000,6,NULL,NULL,NULL,79.4546,25
130185,We Went Back,2020-02-18 00:00:00.000,2,NULL,NULL,NULL,59.3704,11
13106,Power Stone 2,2000-04-27 00:00:00.000,1,NULL,90.0000,1,80.0373,17
2124,Freelancer,2003-03-04 00:00:00.000,25,NULL,70.0000,2,83.1288,55
42931,Bloodborne: Game of the Year Edition,2015-11-27 00:00:00.000,20,NULL,NULL,NULL,97.1023,79
11338,Gitaroo Man,2001-06-21 00:00:00.000,3,NULL,67.8000,5,89.5968,16
1229,Xenosaga Episode III: Also sprach Zarathustra,2006-07-06 00:00:00.000,5,NULL,82.0000,3,89.5943,21
1335,Natural Selection 2,2012-10-30 00:00:00.000,10,NULL,85.0000,2,77.8000,24
3153,Castle Crashers,2008-08-27 00:00:00.000,62,NULL,78.7500,5,78.4174,254
38045,Dream Daddy: A Dad Dating Simulator,2017-07-20 00:00:00.000,10,NULL,71.2500,5,74.0660,14
42813,Gitaroo Man Lives!,2006-06-08 00:00:00.000,NULL,NULL,NULL,NULL,84.0936,11
80468,NieR RepliCant,2010-04-22 00:00:00.000,NULL,NULL,NULL,NULL,88.2724,15
717,Football Manager 2011,2010-11-05 00:00:00.000,5,NULL,82.0000,4,89.0142,29
75123,Samsara Room,2013-09-05 00:00:00.000,1,NULL,NULL,NULL,61.4537,31
763,Heroes of Newerth,2010-05-12 00:00:00.000,7,NULL,71.0000,1,83.0291,22
27725,The Room: Old Sins,2018-01-25 00:00:00.000,18,1,80.0000,1,81.1806,36
4268,Panzer General,1994-12-01 00:00:00.000,8,NULL,NULL,NULL,93.5314,14
16198,realMyst,2000-11-15 00:00:00.000,3,NULL,NULL,NULL,79.1101,13
4412,Zero Wing,1989-07-01 00:00:00.000,2,NULL,NULL,NULL,69.7370,13
7499,Escape Dead Island,2014-11-18 00:00:00.000,9,1,35.0000,6,55.4176,16
3815,Teenage Mutant Ninja Turtles,1989-11-15 00:00:00.000,19,NULL,45.0000,2,75.9169,79
107,Hidden & Dangerous 2,2003-10-21 00:00:00.000,9,NULL,86.0000,2,79.9905,21
45798,Sonic Drift,1994-04-18 00:00:00.000,NULL,NULL,NULL,NULL,31.6577,11
36912,Laser League,2018-05-10 00:00:00.000,3,NULL,79.2500,4,60.2516,16
243,Who Wants to Be a Millionaire,1999-11-23 00:00:00.000,1,NULL,60.0000,1,77.6585,16
8701,Dino D-Day,2011-04-08 00:00:00.000,4,NULL,NULL,NULL,52.6075,20
1212,Tales of Xillia,2011-09-08 00:00:00.000,19,NULL,76.0000,7,79.3881,57
143613,Splatoon 3,2022-09-09 00:00:00.000,17,4,82.0000,10,82.0113,29
117003,Harry Potter and the Sorcerer's Stone,2003-12-09 00:00:00.000,2,NULL,NULL,NULL,69.9547,13
8515,Twinsen's Little Big Adventure Classic,1994-10-14 00:00:00.000,20,NULL,NULL,NULL,84.1118,41
75131,Cube Escape: The Cave,2017-03-01 00:00:00.000,1,NULL,NULL,NULL,89.2408,13
38680,Hill Climb Racing,2012-09-22 00:00:00.000,4,NULL,NULL,NULL,74.4934,25
2860,Scooby-Doo! Night of 100 Frights,2002-05-20 00:00:00.000,NULL,NULL,NULL,NULL,65.7228,13
7235,Virtua Tennis 3,2006-12-31 00:00:00.000,8,NULL,90.0000,3,70.1023,29
11235,Future Cop: LAPD,1998-08-31 00:00:00.000,3,NULL,65.0000,1,78.0838,22
12235,Xenon,1988-01-01 00:00:00.000,3,NULL,NULL,NULL,75.2210,11
111081,The Witch's House MV,2018-10-31 00:00:00.000,NULL,NULL,NULL,NULL,88.8647,14
7903,Abadox: The Deadly Inner War,1988-04-06 00:00:00.000,NULL,NULL,NULL,NULL,60.3233,15
2336,Mario Party 9,2012-03-02 00:00:00.000,8,NULL,73.6667,3,68.2307,46
1336,Contract J.A.C.K.,2003-11-11 00:00:00.000,4,NULL,55.0000,1,67.6214,12
5336,Super Time Force,2014-05-14 00:00:00.000,4,2,81.3636,12,79.5601,4
152201,Mario + Rabbids Sparks of Hope,2022-10-20 00:00:00.000,5,3,88.5000,8,80.6795,12
48648,Shatterhand,1991-12-01 00:00:00.000,1,NULL,NULL,NULL,79.2274,14
17832,Don't Starve Together,2016-04-21 00:00:00.000,50,NULL,NULL,NULL,75.5799,166
45965,Touhou Yumejikuu: Phantasmagoria of Dim. Dream,1997-12-29 00:00:00.000,3,NULL,NULL,NULL,68.9278,12
103244,Signalis,2022-10-27 00:00:00.000,2,6,85.4000,7,79.1049,64
3324,Mighty Morphin Power Rangers,1994-11-23 00:00:00.000,4,NULL,NULL,NULL,54.2103,29
3287,Mighty Morphin Power Rangers: The Fighting Edition,1995-09-01 00:00:00.000,3,NULL,NULL,NULL,69.9515,14
3288,Mighty Morphin Power Rangers: The Movie,1995-06-30 00:00:00.000,5,NULL,NULL,NULL,65.2647,18
18337,Dofus,2005-09-01 00:00:00.000,7,NULL,70.0000,2,88.9530,35
4271,Primal Rage,1994-08-01 00:00:00.000,4,NULL,50.0000,1,61.8010,36
19271,Angry Birds Rio,2011-03-21 00:00:00.000,5,NULL,60.0000,1,64.5501,45
19275,Angry Birds Seasons,2010-10-21 00:00:00.000,7,NULL,NULL,NULL,70.2799,37
4647,Pro Evolution Soccer 2008,2007-10-26 00:00:00.000,12,NULL,77.5000,4,75.8009,66
8244,X-Men vs. Street Fighter,1996-09-09 00:00:00.000,7,NULL,NULL,NULL,75.5902,42
5635,Ridiculous Fishing,2013-03-14 00:00:00.000,7,NULL,80.0000,1,77.4382,16
191930,Pokémon Violet,2022-11-18 00:00:00.000,8,1,80.0000,1,70.8196,35
14364,Matterfall,2017-08-15 00:00:00.000,7,4,67.8462,14,75.5746,9
1357,U.N. Squadron,1989-08-31 00:00:00.000,5,NULL,NULL,NULL,88.4109,20
35626,Golf Story,2017-09-28 00:00:00.000,22,1,83.2857,9,79.8414,35
18081,Devil Daggers,2016-02-18 00:00:00.000,8,NULL,78.3333,4,75.9622,33
8245,Marvel Super Heroes vs. Street Fighter,1997-06-25 00:00:00.000,5,NULL,NULL,NULL,76.8949,31
7145,The Whispered World,2010-04-23 00:00:00.000,13,NULL,60.0000,3,77.1940,38
892,King's Quest: Quest for the Crown,1984-05-10 00:00:00.000,6,NULL,NULL,NULL,70.3302,25
3235,Blur,2010-05-25 00:00:00.000,29,NULL,79.4000,8,76.3164,99
7892,Guardians of Middle-earth,2012-12-05 00:00:00.000,2,NULL,73.3750,11,32.9358,7
25623,Monster Hunter Generations Ultimate,2017-03-18 00:00:00.000,7,NULL,80.1667,8,81.9255,30
18916,The Goonies II,1987-03-18 00:00:00.000,2,NULL,NULL,NULL,67.5333,14
7518,Shank,2010-08-24 00:00:00.000,30,NULL,67.8571,8,73.0026,85
2908,Leisure Suit Larry III: Passionate Patti in Pursuit of the Pulsating Pectoral,1989-11-01 00:00:00.000,5,NULL,NULL,NULL,64.6887,21
9623,Shank 2,2012-02-07 00:00:00.000,12,NULL,74.7500,6,77.0699,34
4097,Tomba!,1997-12-25 00:00:00.000,14,NULL,NULL,NULL,74.9606,31
11247,Duck Game,2014-05-13 00:00:00.000,15,NULL,83.2500,4,85.2174,74
7415,Rule of Rose,2006-01-19 00:00:00.000,11,NULL,60.0000,3,77.8322,32
126459,Valorant,2020-06-02 00:00:00.000,115,30,78.3333,7,73.8183,237
15997,Nancy Drew: Last Train to Blue Moon Canyon,2005-09-15 00:00:00.000,1,NULL,NULL,NULL,70.1997,11
18239,Plug & Play,2015-02-02 00:00:00.000,2,NULL,60.0000,1,75.7799,21
9766,Rocket Knight Adventures,1993-08-05 00:00:00.000,14,NULL,NULL,NULL,79.0127,40
1959,Alone in the Dark 3,1994-12-31 00:00:00.000,7,NULL,NULL,NULL,73.2338,12
6879,Space Hulk: Deathwing,2016-12-14 00:00:00.000,21,15,59.8889,11,59.7875,5
7223,Two Worlds II,2010-11-12 00:00:00.000,16,NULL,68.6667,9,72.2163,36
13179,The Misadventures of P.B. Winterbottom,2010-02-17 00:00:00.000,6,NULL,81.3333,4,70.6819,15
3342,Snowboard Kids,1997-12-12 00:00:00.000,7,NULL,40.0000,1,70.6962,25
211,Armed and Dangerous,2003-12-02 00:00:00.000,9,NULL,82.5000,2,76.1775,16
15454,Ys VI: The Ark of Napishtim,2003-09-27 00:00:00.000,8,NULL,71.7500,9,79.9399,27
680,Enemy Territory: Quake Wars,2007-09-28 00:00:00.000,5,NULL,81.0000,7,63.3066,16
394,Final Fantasy Tactics: The War of the Lions,2007-05-08 00:00:00.000,21,NULL,NULL,NULL,89.7500,45
14288,Batman,1989-12-31 00:00:00.000,5,NULL,NULL,NULL,80.4211,33
117820,Transport Fever 2,2019-12-11 00:00:00.000,6,3,72.0000,2,79.7757,11
5151,Shaun White Skateboarding,2010-10-24 00:00:00.000,3,NULL,51.1667,9,69.5567,11
21521,Digimon World Dawn,2007-03-29 00:00:00.000,1,NULL,70.0000,1,77.4991,13
1612,Mortal Kombat: Deadly Alliance,2002-11-16 00:00:00.000,18,NULL,70.0000,3,58.5417,68
508,TrackMania 2: Canyon,2011-09-14 00:00:00.000,5,NULL,81.5000,3,63.7105,13
74837,Universal Paperclips,2017-10-09 00:00:00.000,1,NULL,NULL,NULL,80.3137,12
1616,Mortal Kombat: Armageddon,2006-10-09 00:00:00.000,18,NULL,73.3333,4,73.1091,96
19768,The Punisher,1993-12-31 00:00:00.000,1,NULL,50.0000,1,80.4870,18
8584,Fistful of Frags,2007-12-20 00:00:00.000,8,NULL,NULL,NULL,85.2251,33
998,Uncharted: Golden Abyss,2011-12-17 00:00:00.000,34,NULL,81.0000,7,72.8933,101
4111,Test Drive 6,1999-10-31 00:00:00.000,4,NULL,NULL,NULL,63.6876,12
11240,Joe Danger,2010-06-08 00:00:00.000,5,NULL,80.0000,3,83.0689,11
107187,Inmost,2019-10-11 00:00:00.000,1,6,80.0000,1,75.8768,30
1400,Professor Layton and the Last Specter,2009-11-26 00:00:00.000,14,NULL,83.6000,8,75.6982,49
1411,Metal Slug 6,2006-02-24 00:00:00.000,7,NULL,NULL,NULL,79.3720,40
9986,Art of Murder: FBI Confidential,2007-12-01 00:00:00.000,4,1,49.0000,2,67.5532,12
72327,Streets of Rage Remake,2011-04-21 00:00:00.000,1,1,NULL,NULL,97.6036,12
8246,Marvel vs. Capcom: Clash of Super Heroes,1998-01-12 00:00:00.000,14,NULL,90.0000,1,80.7047,85
122646,People Playground,2019-07-23 00:00:00.000,1,NULL,NULL,NULL,70.1085,13
212878,Omega Strikers,2022-09-16 00:00:00.000,3,NULL,90.0000,1,69.8275,12
2599,Game Dev Tycoon,2012-12-10 00:00:00.000,56,NULL,80.0000,2,75.3431,268
21344,Jenny LeClue: Detectivu,2019-09-19 00:00:00.000,4,2,80.0000,1,84.5897,16
1442,Fire Emblem: Radiant Dawn,2007-02-22 00:00:00.000,22,NULL,74.6667,4,84.4272,63
3476,Dr. Mario,1990-07-27 00:00:00.000,24,NULL,NULL,NULL,71.6773,161
2833,The Simpsons: Bart's Nightmare,1992-10-12 00:00:00.000,7,NULL,NULL,NULL,53.9935,24
11736,Mountain,2014-07-01 00:00:00.000,6,NULL,NULL,NULL,46.0121,21
27092,GreedFall,2019-09-09 00:00:00.000,75,79,70.6364,13,75.3135,128
6258,The Guild 2,2006-09-29 00:00:00.000,9,NULL,68.0000,2,79.6878,22
9154,Shadow of the Ninja,1990-08-10 00:00:00.000,2,NULL,NULL,NULL,79.9635,17
54842,Biomutant,2021-05-25 00:00:00.000,103,180,74.2941,21,56.8766,43
2352,Bloodline Champions,2011-01-13 00:00:00.000,3,NULL,74.0000,3,84.9015,15
1770,Ratchet & Clank: Going Commando,2003-11-11 00:00:00.000,51,NULL,90.0000,2,81.5141,153
26834,Utawarerumono: Mask of Truth,2016-09-21 00:00:00.000,1,NULL,76.8750,9,90.0517,26
13101,Shatter,2009-07-23 00:00:00.000,4,NULL,85.6000,6,75.5382,14
22426,RapeLay,2006-04-21 00:00:00.000,42,NULL,NULL,NULL,69.3943,11
3376,Harvest Moon,1996-08-09 00:00:00.000,13,NULL,NULL,NULL,79.8306,46
19341,Diep.io,2016-05-01 00:00:00.000,10,NULL,NULL,NULL,70.0358,11
41047,Gorn,2018-07-18 00:00:00.000,2,NULL,73.4000,5,79.5678,14
8482,Lure of the Temptress,1992-12-31 00:00:00.000,9,NULL,NULL,NULL,74.6091,11
1824,Dragon Quest Heroes: Rocket Slime,2005-12-01 00:00:00.000,2,NULL,80.0000,3,80.1170,13
2639,The Wonderful 101,2013-08-23 00:00:00.000,7,NULL,74.2727,13,83.6656,22
4407,The Great Circus Mystery Starring Mickey & Minnie,1994-06-01 00:00:00.000,1,NULL,NULL,NULL,72.3780,16
6147,Mercenary Kings,2014-03-25 00:00:00.000,9,NULL,75.0000,5,69.2887,20
28955,SimCity 3000 Unlimited,2000-05-16 00:00:00.000,3,NULL,NULL,NULL,85.7917,14
6852,Renegade,1987-12-31 00:00:00.000,NULL,NULL,39.0000,0,60.4030,18
10662,Disney's Tarzan,1999-01-31 00:00:00.000,29,NULL,NULL,NULL,70.1164,97
12735,Ivan ''Ironman'' Stewart's Super Off Road,1989-12-31 00:00:00.000,4,NULL,NULL,NULL,72.9303,22
11689,F1 Race,1984-11-02 00:00:00.000,1,NULL,NULL,NULL,74.7719,13
8049,Tiny Toon Adventures: Buster's Hidden Treasure,1993-02-07 00:00:00.000,1,NULL,NULL,NULL,70.9942,27
19245,Batman: Return to Arkham,2016-10-18 00:00:00.000,28,8,76.9000,10,81.8687,37
5525,Populous: The Beginning,1998-11-30 00:00:00.000,11,1,NULL,NULL,74.9869,28
18857,Ruiner,2017-09-26 00:00:00.000,52,13,76.1667,15,77.8934,96
9036,Astyanax,1989-12-31 00:00:00.000,4,NULL,NULL,NULL,50.5508,14
2902,Dead Island: Epidemic,2014-11-20 00:00:00.000,4,1,NULL,NULL,40.7680,11
5736,Bad Boys: Miami Takedown,2004-02-25 00:00:00.000,4,NULL,51.0000,3,50.1388,11
126489,WorldBox: God Simulator,2018-10-02 00:00:00.000,18,1,NULL,NULL,82.9543,32
122611,Terminator: Resistance,2019-11-14 00:00:00.000,27,3,51.2500,4,68.3710,34
44158,Minecraft: Story Mode - Season Two,2017-07-11 00:00:00.000,6,NULL,74.1000,2,68.4040,21
665,Death Rally,1996-12-31 00:00:00.000,14,NULL,60.0000,1,77.0233,33
7788,Blades of Steel,1987-10-01 00:00:00.000,5,NULL,NULL,NULL,81.7920,28
1718,Mega Man 5,1992-12-04 00:00:00.000,12,NULL,NULL,NULL,77.1122,84
11845,Turrican II: The Final Fight,1991-12-31 00:00:00.000,3,NULL,NULL,NULL,89.8863,14
21838,Guardian Heroes,1996-01-26 00:00:00.000,4,NULL,85.0000,3,89.8273,11
2772,SpongeBob SquarePants: Creature From the Krusty Krab,2006-10-16 00:00:00.000,4,NULL,65.0000,2,69.1576,19
16779,Nightmares from the Deep: The Cursed Heart,2014-01-03 00:00:00.000,3,NULL,75.0000,2,71.3849,16
5495,Asura's Wrath,2012-02-21 00:00:00.000,15,NULL,74.8750,10,79.3721,67
8457,Beavis and Butt-head in Virtual Stupidity,1995-08-31 00:00:00.000,NULL,NULL,78.0000,1,79.7227,11
5692,Donkey Kong Jr. Math,1983-12-12 00:00:00.000,2,NULL,NULL,NULL,49.9034,11
4616,Mach Rider,1985-08-27 00:00:00.000,3,NULL,NULL,NULL,60.9051,13
3110,Postal III,2011-11-23 00:00:00.000,2,NULL,10.0000,1,11.0766,12
74858,Hill Climb Racing 2,2016-10-06 00:00:00.000,2,NULL,NULL,NULL,79.8474,15
11185,Pro Evolution Soccer 2016,2015-09-15 00:00:00.000,25,NULL,83.8571,9,70.4777,69
7137,Pure,2008-09-16 00:00:00.000,12,NULL,80.0000,5,78.1708,33
541,Ridge Racer Unbounded,2012-03-27 00:00:00.000,6,NULL,75.8000,10,64.8416,18
4642,Pro Evolution Soccer,2001-03-15 00:00:00.000,9,NULL,85.0000,1,73.4844,26
2284,Rock of Ages,2011-08-31 00:00:00.000,6,NULL,74.6000,7,75.7574,38
9642,MLB 14: The Show,2014-04-01 00:00:00.000,3,NULL,82.5000,15,79.9900,6
2006,Magicka: Wizard Wars,2014-05-27 00:00:00.000,5,1,68.0000,3,72.4118,12
1381,Payday: The Heist,2011-10-18 00:00:00.000,38,NULL,72.5000,4,70.2397,117
502,Brink,2011-05-10 00:00:00.000,18,NULL,73.3750,12,42.8594,60
17994,Hard Reset: Redux,2016-06-03 00:00:00.000,5,NULL,72.0000,5,60.1085,14
36977,Deep Space Waifu,2017-05-31 00:00:00.000,4,NULL,NULL,NULL,58.0091,11
204543,The Entropy Centre,2022-11-03 00:00:00.000,2,7,84.0000,4,76.3554,13
5969,Rochard,2011-09-27 00:00:00.000,4,NULL,73.7500,5,64.4257,24
450,Operation Flashpoint: Red River,2011-04-21 00:00:00.000,12,NULL,65.2500,6,69.3473,19
3183,Sanctum,2011-04-15 00:00:00.000,9,NULL,70.0000,1,60.2857,28
13142,Fingerbones,2014-03-20 00:00:00.000,1,NULL,NULL,NULL,59.9719,12
3778,FlatOut 3: Chaos & Destruction,2011-12-13 00:00:00.000,1,NULL,10.0000,1,10.2776,15
21737,Pac-Man: Championship Edition DX,2010-11-17 00:00:00.000,4,NULL,98.0000,3,92.4777,23
3119,Metin2,2006-12-17 00:00:00.000,8,NULL,NULL,NULL,64.8744,46
19550,Just Dance 2017,2016-10-25 00:00:00.000,15,3,70.7143,9,76.7380,25
1093,Donkey Kong Land 2,1996-11-23 00:00:00.000,4,NULL,NULL,NULL,76.0423,15
46796,Battle Garegga,1996-02-01 00:00:00.000,NULL,NULL,NULL,NULL,73.0844,12
8141,Receiver,2013-04-29 00:00:00.000,8,NULL,NULL,NULL,67.5620,12
28006,Ash of Gods: Redemption,2018-03-23 00:00:00.000,8,2,70.0000,2,63.0422,16
4643,World Soccer: Winning Eleven 6 International,2002-04-25 00:00:00.000,9,NULL,92.0000,1,78.3601,30
5257,Virtua Tennis 2009,2009-05-28 00:00:00.000,5,NULL,75.0000,5,60.6888,16
11643,Shoot Many Robots,2012-03-13 00:00:00.000,NULL,NULL,75.4000,5,75.3674,11
37034,The Elder Scrolls V: Skyrim,2017-11-17 00:00:00.000,11,NULL,84.4000,12,89.8992,27
19746,Rez Infinite,2016-10-13 00:00:00.000,13,3,91.5000,13,73.5921,22
26801,Guilty Gear Xrd: Rev 2,2017-03-30 00:00:00.000,5,1,91.6667,3,79.0735,19
3276,Z: Steel Soldiers,2001-06-15 00:00:00.000,2,NULL,70.0000,1,84.8267,11
7159,Resonance of Fate,2010-01-28 00:00:00.000,7,NULL,76.6667,5,70.0538,14
8747,Perfect World,2005-07-01 00:00:00.000,6,NULL,NULL,NULL,60.6747,34
2957,Knack,2013-11-15 00:00:00.000,21,1,60.2727,13,61.9538,68
4523,Home Alone,1991-12-06 00:00:00.000,3,NULL,NULL,NULL,54.9784,16
2695,LEGO Rock Band,2009-11-03 00:00:00.000,3,NULL,77.2000,6,69.2140,15
6451,ArcheAge,2013-01-15 00:00:00.000,12,3,94.0000,3,76.3628,41
15695,Hardware: Rivals,2016-01-05 00:00:00.000,6,NULL,53.2000,6,59.7959,19
15430,The King of Fighters '99: Millennium Battle,1999-07-22 00:00:00.000,6,NULL,NULL,NULL,76.9989,34
4151,The Sims Bustin' Out,2003-12-15 00:00:00.000,3,NULL,75.0000,5,66.5228,31
9616,Hong Kong 97,1995-12-31 00:00:00.000,NULL,NULL,NULL,NULL,11.8013,16
103283,The Awesome Adventures of Captain Spirit,2018-06-25 00:00:00.000,35,6,81.2857,9,76.2203,142
940,Wing Commander II: Vengeance of the Kilrathi,1991-01-01 00:00:00.000,3,NULL,NULL,NULL,74.2015,14
34392,Disgaea PC,2016-02-24 00:00:00.000,6,NULL,NULL,NULL,82.2590,13
15707,Clash Royale,2016-01-04 00:00:00.000,38,NULL,NULL,NULL,76.4397,109
133416,Cube Escape Collection,2020-10-14 00:00:00.000,NULL,NULL,NULL,NULL,90.3991,14
7833,Gorky 17,1999-11-30 00:00:00.000,5,1,80.0000,1,79.9896,17
33720,Blood & Bacon,2016-02-01 00:00:00.000,1,NULL,NULL,NULL,59.8003,22
41882,Uncharted 2: Among Thieves - Limited Edition Collector's Box,2009-10-16 00:00:00.000,2,NULL,NULL,NULL,90.6736,16
8769,Drakensang: The River of Time,2010-02-19 00:00:00.000,11,NULL,NULL,NULL,77.0808,18
1567,SoulCalibur IV,2008-07-29 00:00:00.000,20,NULL,81.7500,10,75.0649,95
165347,Marvel's Midnight Suns,2022-12-02 00:00:00.000,5,7,85.5000,11,74.0324,15
1868,Killzone: Liberation,2006-10-31 00:00:00.000,3,NULL,80.0000,3,69.7879,20
7477,Valkyria Chronicles,2008-04-24 00:00:00.000,38,NULL,90.1250,9,86.8712,111
26845,Fire Emblem: Three Houses,2019-07-25 00:00:00.000,61,19,92.7778,14,86.2124,218
18696,Ridge Racer,1993-11-30 00:00:00.000,3,NULL,82.0000,1,74.4164,18
5178,Spider-Man 3,2007-05-04 00:00:00.000,24,NULL,58.6667,9,62.6274,105
4755,The Amazing Spider-Man 2,2014-04-29 00:00:00.000,22,1,52.2857,14,59.2155,71
1376,The Amazing Spider-Man,2012-06-26 00:00:00.000,23,NULL,65.3000,7,65.6447,83
12211,Metal Gear Acid,2004-12-16 00:00:00.000,10,NULL,72.5000,3,74.8759,21
370,Heroes of Might and Magic V,2006-05-16 00:00:00.000,40,NULL,81.6667,3,78.3674,204
11134,Gigantic,2017-06-23 00:00:00.000,8,1,76.5000,6,69.9555,11
8260,King's Quest,2015-07-28 00:00:00.000,10,NULL,71.4762,3,81.4172,28
10160,Heat Signature,2017-09-21 00:00:00.000,6,1,80.0000,6,77.2005,18
7644,Blood,1997-05-31 00:00:00.000,27,NULL,NULL,NULL,80.9563,69
7600,Alienation,2016-04-26 00:00:00.000,13,2,73.1250,10,77.4724,28
25160,Star Trek: The Video Game,2013-04-23 00:00:00.000,NULL,NULL,37.0000,12,NULL,NULL
7215,Test Drive Unlimited,2006-09-05 00:00:00.000,28,NULL,80.5000,7,76.7394,81
13157,Allods Online,2010-10-21 00:00:00.000,2,NULL,NULL,NULL,72.2095,19
2971,Lineage II,2003-10-01 00:00:00.000,18,NULL,80.0000,1,75.0013,52
119160,Call of Duty 2,2006-12-31 00:00:00.000,1,NULL,NULL,NULL,69.4785,16
1644,James Bond 007: Everything or Nothing,2004-02-11 00:00:00.000,11,NULL,79.8000,6,76.6246,33
1343,The World Ends with You,2007-07-26 00:00:00.000,35,NULL,91.0000,5,76.9156,86
563,Aion,2009-07-17 00:00:00.000,8,NULL,80.0000,3,68.8686,38
15925,"That Dragon, Cancer",2016-01-11 00:00:00.000,8,NULL,77.5000,7,75.1299,27
4531,X-Men,1992-12-31 00:00:00.000,4,NULL,NULL,NULL,60.4467,24
8204,iRacing,2008-08-26 00:00:00.000,5,NULL,NULL,NULL,87.7951,13
2988,Prototype 2,2012-04-24 00:00:00.000,55,NULL,77.1000,12,70.0372,180
20880,Castle Crashers Remastered,2015-09-09 00:00:00.000,6,NULL,80.0000,3,85.9686,11
4228,Sid Meier's Civilization IV: Colonization,2008-09-22 00:00:00.000,8,NULL,77.3333,4,70.4205,30
24413,Micro Machines V3,1997-03-01 00:00:00.000,4,NULL,NULL,NULL,88.5797,17
187715,The Closing Shift,2022-03-18 00:00:00.000,NULL,NULL,NULL,NULL,72.5130,25
21349,Assassin's Creed: Altair's Chronicles,2008-02-05 00:00:00.000,5,NULL,60.0000,2,60.8283,23
276,Supreme Commander,2007-02-16 00:00:00.000,20,NULL,76.2500,5,76.8105,48
2276,The Legend of Zelda: The Wind Waker HD,2013-09-26 00:00:00.000,101,NULL,90.5000,12,90.9451,244
3601,Space Invaders,1978-06-01 00:00:00.000,23,NULL,NULL,NULL,78.2727,143
5346,The Adventures of Batman & Robin,1994-12-31 00:00:00.000,8,NULL,NULL,NULL,78.1093,33
2799,Ben 10: Protector of Earth,2007-10-30 00:00:00.000,4,NULL,70.0000,1,65.3223,27
191396,Fire Emblem Warriors: Three Hopes,2022-06-24 00:00:00.000,NULL,NULL,80.0000,9,79.9621,21
1776,Mega Man Zero 2,2003-05-02 00:00:00.000,9,NULL,NULL,NULL,82.1586,48
124036,PUBG Lite,2019-01-24 00:00:00.000,7,1,NULL,NULL,69.0106,14
4698,Twisted Metal 4,1999-10-31 00:00:00.000,12,NULL,NULL,NULL,80.1386,30
4140,Bloody Roar 2,1999-01-28 00:00:00.000,6,NULL,61.0000,1,74.7022,33
13140,The Sims Castaway Stories,2008-01-29 00:00:00.000,7,NULL,65.0000,2,63.3615,19
19453,Agony,2018-05-29 00:00:00.000,44,22,39.2857,8,50.0683,16
7057,Lost Odyssey,2007-12-06 00:00:00.000,26,NULL,67.5000,3,82.4817,38
12443,Magic: The Gathering,1997-03-06 00:00:00.000,6,NULL,NULL,NULL,89.7985,18
112875,God of War Ragnarök,2022-11-09 00:00:00.000,42,77,95.7500,12,93.7065,253
1228,Xenosaga Episode II: Jenseits von Gut und Böse,2004-06-24 00:00:00.000,6,NULL,75.0000,3,76.1711,19
1800,Sly 3: Honor Among Thieves,2005-09-26 00:00:00.000,32,NULL,83.3333,4,74.2840,89
5156,The Sims 2: Castaway,2007-10-22 00:00:00.000,4,NULL,73.0000,6,69.9262,27
114392,A Dance of Fire and Ice,2019-01-24 00:00:00.000,1,NULL,NULL,NULL,82.0868,13
1227,Xenosaga Episode I: Der Wille zur Macht,2002-02-28 00:00:00.000,8,NULL,NULL,NULL,74.7468,30
7318,Heavenly Sword,2007-09-12 00:00:00.000,21,NULL,88.0000,6,73.1817,52
3932,Gladius,2003-10-28 00:00:00.000,6,NULL,89.6667,3,88.6778,13
9039,Blackwell Convergence,2012-01-13 00:00:00.000,9,NULL,NULL,NULL,83.6381,42
26431,Enlisted,2020-11-10 00:00:00.000,3,4,NULL,NULL,67.2776,14
16072,Emerald City Confidential,2009-07-03 00:00:00.000,3,NULL,NULL,NULL,79.2746,11
119133,Elden Ring,2022-02-25 00:00:00.000,118,96,96.9000,14,95.7949,640
2290,Pokémon Stadium 2,2000-12-14 00:00:00.000,34,NULL,60.0000,1,76.0265,134
1103,Super Metroid,1994-03-19 00:00:00.000,264,NULL,100.0000,1,93.0813,770
6699,Yu-Gi-Oh! Worldwide Edition: Stairway to the Destined Duel,2001-12-20 00:00:00.000,3,NULL,NULL,NULL,70.3422,17
8852,Master Levels for Doom II,1995-12-26 00:00:00.000,5,NULL,NULL,NULL,70.1871,15
17696,Magic Duels,2015-07-08 00:00:00.000,5,NULL,70.0000,1,80.5539,19
1021,Aliens: Colonial Marines,2013-02-12 00:00:00.000,19,NULL,45.0000,16,47.4553,79
3416,Amy,2012-01-11 00:00:00.000,1,NULL,22.5000,4,35.6169,11
51149,Fatal Frame: Maiden of Black Water,2014-09-27 00:00:00.000,1,NULL,60.7778,11,81.0000,1
35289,No Time to Explain: Remastered,2015-07-17 00:00:00.000,4,NULL,NULL,NULL,59.2471,16
19258,Sonic Rush,2005-11-15 00:00:00.000,8,NULL,75.0000,2,72.8146,64
532,Hard Reset,2011-09-13 00:00:00.000,17,NULL,69.5000,5,68.1815,45
4593,The Legend of Kage,1985-10-01 00:00:00.000,2,NULL,NULL,NULL,68.3301,16
9139,Ibb & Obb,2013-08-06 00:00:00.000,8,NULL,79.0000,5,71.0374,22
15823,Where the Water Tastes Like Wine,2018-02-28 00:00:00.000,15,3,70.3333,12,66.5864,14
2740,Krusty's Fun House,1992-06-29 00:00:00.000,1,NULL,NULL,NULL,65.8916,13
12228,Toki,1989-12-08 00:00:00.000,4,NULL,NULL,NULL,81.1305,17
1700,Wario World,2003-06-20 00:00:00.000,8,NULL,74.6667,3,71.1560,31
11210,Star Ocean: The Second Story,1998-07-30 00:00:00.000,8,NULL,NULL,NULL,83.8781,27
18166,Rising Storm 2: Vietnam,2017-05-30 00:00:00.000,17,4,72.5000,3,70.1469,28
10199,The Path,2009-03-18 00:00:00.000,8,NULL,80.0000,2,66.9959,20
1105,Metroid Prime,2002-11-17 00:00:00.000,249,NULL,95.0000,4,92.8565,662
5526,Indianapolis 500: The Simulation,1989-12-31 00:00:00.000,1,NULL,NULL,NULL,80.2330,11
1163,Tomb Raider: Underworld,2008-11-18 00:00:00.000,60,NULL,72.2500,6,74.4465,201
272,Unreal Tournament,1999-11-22 00:00:00.000,79,NULL,100.0000,1,85.3529,217
20741,Metal Gear Solid HD Collection,2011-11-08 00:00:00.000,10,1,88.6250,10,85.0910,15
3636,WCW/nWo Revenge,1998-11-30 00:00:00.000,2,NULL,NULL,NULL,70.3098,12
16000,Nancy Drew: Secret of the Old Clock,2005-07-12 00:00:00.000,1,NULL,80.0000,1,79.7557,11
7346,The Legend of Zelda: Breath of the Wild,2017-03-03 00:00:00.000,705,142,97.5926,31,92.7344,1973
1804,Chrono Cross,1999-11-18 00:00:00.000,39,NULL,NULL,NULL,84.6617,107
13676,Legend of Legaia,1998-10-29 00:00:00.000,10,NULL,NULL,NULL,85.3772,27
16365,Angry Birds Space,2012-03-22 00:00:00.000,5,NULL,80.0000,2,77.9527,48
18229,Shin Megami Tensei: Digital Devil Saga 2,2005-01-27 00:00:00.000,11,NULL,90.0000,3,80.1040,21
546,Prey,2006-07-11 00:00:00.000,39,NULL,76.7500,6,75.2427,157
25230,Plants vs. Zombies: Heroes,2016-10-18 00:00:00.000,3,NULL,85.0000,1,69.9138,14
1072,Wario Land: Super Mario Land 3,1994-01-21 00:00:00.000,24,NULL,NULL,NULL,79.5180,103
11328,Shadow Complex,2009-08-19 00:00:00.000,21,NULL,85.0000,7,85.7462,43
1059,Kingdoms of Amalur: Reckoning,2012-02-07 00:00:00.000,50,NULL,78.6364,13,76.4718,162
3802,Risen 2: Dark Waters,2012-04-24 00:00:00.000,26,NULL,63.6667,7,71.2875,81
4004,Metal Arms: Glitch in the System,2003-11-18 00:00:00.000,7,NULL,83.2500,5,70.1719,14
3503,Gauntlet II,1986-01-01 00:00:00.000,2,NULL,NULL,NULL,69.4909,22
387,Final Fantasy II,1991-11-23 00:00:00.000,8,NULL,NULL,NULL,70.5046,85
4083,Red Faction II,2002-10-15 00:00:00.000,18,NULL,80.5000,4,68.1999,49
1645,James Bond 007: From Russia with Love,2005-10-26 00:00:00.000,11,NULL,65.3333,3,70.8703,27
90990,Rush'n Attack,1985-07-01 00:00:00.000,1,NULL,NULL,NULL,68.6537,15
9634,Endless Space,2012-07-04 00:00:00.000,17,NULL,75.0000,3,73.1537,41
8146,Closure,2012-03-27 00:00:00.000,4,NULL,80.0000,2,72.9380,12
1647,GoldenEye 007,2010-11-02 00:00:00.000,10,NULL,87.2000,8,77.9953,30
9141,Guilty Gear X,2000-07-01 00:00:00.000,2,NULL,NULL,NULL,81.2082,23
1921,Black & White 2,2005-10-07 00:00:00.000,22,NULL,73.3333,3,75.9085,56
81141,Post Scriptum,2018-08-09 00:00:00.000,11,NULL,60.0000,1,89.8027,11
26758,Super Mario Odyssey,2017-10-27 00:00:00.000,369,88,96.7059,19,89.5443,1257
1078,Super Mario Galaxy 2,2010-05-23 00:00:00.000,233,NULL,96.2500,10,89.1092,674
3126,Ultima Online,1997-09-24 00:00:00.000,7,NULL,67.0000,1,95.9040,36
6363,Tearaway,2013-11-20 00:00:00.000,14,NULL,91.2000,12,83.8018,43
2708,Mario & Sonic at the London 2012 Olympic Games,2011-11-15 00:00:00.000,4,NULL,62.0000,5,67.0482,24
1029,The Legend of Zelda: Ocarina of Time,1998-11-21 00:00:00.000,635,2,NULL,NULL,92.0501,1597
3719,Kirby Super Star,1996-03-21 00:00:00.000,22,NULL,80.0000,1,85.4228,98
119,Mortal Kombat,2011-04-19 00:00:00.000,89,NULL,84.8333,9,81.8754,340
7344,Ori and the Blind Forest,2015-03-11 00:00:00.000,320,3,88.2857,17,87.4012,1094
2712,Brain Age: Train Your Brain in Minutes a Day!,2005-05-19 00:00:00.000,4,NULL,80.0000,3,58.5303,23
4624,Urban Champion,1984-11-14 00:00:00.000,3,NULL,NULL,NULL,59.7736,18
5122,Rhythm Heaven Fever,2011-07-21 00:00:00.000,7,NULL,83.0000,6,79.2498,26
2959,Anno 2070,2011-11-17 00:00:00.000,31,NULL,75.0000,1,75.3639,80
23921,Dragon Nest,2010-03-04 00:00:00.000,3,NULL,NULL,NULL,79.1076,16
1189,Crash Twinsanity,2004-09-28 00:00:00.000,15,NULL,62.6667,3,69.6050,92
1188,Crash Bandicoot: The Wrath of Cortex,2001-10-29 00:00:00.000,34,NULL,62.0000,3,67.5144,140
45279,Heavy Rain: Director's Cut,2011-12-08 00:00:00.000,3,NULL,NULL,NULL,80.1505,15
2142,TimeSplitters,2000-10-26 00:00:00.000,8,NULL,NULL,NULL,79.7340,32
1627,Super Smash Bros. Melee,2001-11-21 00:00:00.000,184,NULL,100.0000,2,88.5496,761
19468,Castlevania Chronicles,2001-05-24 00:00:00.000,4,NULL,NULL,NULL,79.8641,25
9320,X3: Terran Conflict,2008-10-16 00:00:00.000,8,NULL,90.0000,1,65.3273,13
96032,Honkai Impact 3rd,2016-10-14 00:00:00.000,6,NULL,NULL,NULL,71.4504,23
142314,Cloud Climber,2020-12-11 00:00:00.000,1,NULL,NULL,NULL,76.3669,11
5322,Sonic Boom: Rise of Lyric,2014-11-11 00:00:00.000,2,3,37.5000,4,12.7985,24
36846,The End Is Nigh,2017-07-12 00:00:00.000,17,2,74.3333,5,84.6007,37
237,SimCity 3000,1999-01-31 00:00:00.000,48,NULL,85.0000,1,81.5852,131
10260,Motocross Madness,1998-08-14 00:00:00.000,2,NULL,NULL,NULL,78.9978,17
7280,Bleach: Soul Resurrección,2011-06-23 00:00:00.000,6,1,60.3333,4,65.9180,12
5589,Clash of Clans,2012-08-02 00:00:00.000,43,NULL,NULL,NULL,73.3070,134
1136,Castlevania: Dawn of Sorrow,2005-08-25 00:00:00.000,19,NULL,90.3333,4,86.2991,86
20039,Pokémon Picross,2015-12-02 00:00:00.000,3,NULL,71.6667,4,67.2768,18
489,Rift,2011-03-01 00:00:00.000,9,NULL,83.7500,7,67.7551,39
12143,The Hitchhiker's Guide to the Galaxy,1984-09-14 00:00:00.000,4,NULL,NULL,NULL,68.3694,11
1141,Castlevania: Order of Ecclesia,2008-10-21 00:00:00.000,16,NULL,88.0000,2,83.2487,72
1692,Advance Wars 2: Black Hole Rising,2003-06-24 00:00:00.000,13,NULL,90.5000,2,86.1964,44
1694,Advance Wars: Days of Ruin,2008-01-21 00:00:00.000,11,NULL,84.6667,4,79.7872,28
5564,Viscera Cleanup Detail: Santa's Rampage,2013-12-13 00:00:00.000,7,NULL,NULL,NULL,73.0511,13
2482,The Godfather,2006-03-21 00:00:00.000,37,NULL,80.0000,2,67.4461,120
6895,Super Street Fighter IV: 3D Edition,2011-02-26 00:00:00.000,2,NULL,83.5000,5,78.9758,11
6362,Heretic,1994-12-23 00:00:00.000,10,1,NULL,NULL,79.6187,70
9499,Farming Simulator 15,2014-10-30 00:00:00.000,5,NULL,50.0000,7,71.2069,13
4238,Super Street Fighter II Turbo,1994-02-23 00:00:00.000,7,NULL,NULL,NULL,83.2529,54
24645,Osu! Tatakae! Ouendan,2005-08-28 00:00:00.000,2,NULL,NULL,NULL,89.2318,17
9109,Elite Beat Agents,2006-11-06 00:00:00.000,10,NULL,83.3333,3,79.2564,36
4685,Avatar: The Last Airbender - The Burning Earth,2007-10-16 00:00:00.000,3,NULL,58.6667,3,58.8144,11
27461,Top Gear,1992-03-27 00:00:00.000,7,NULL,NULL,NULL,85.5325,28
26580,Sally Face,2016-08-16 00:00:00.000,2,NULL,NULL,NULL,80.0000,29
78285,Digimon World Dusk,2007-03-29 00:00:00.000,1,NULL,NULL,NULL,78.8890,19
6987,El Shaddai: Ascension of the Metatron,2011-04-28 00:00:00.000,12,NULL,77.3333,5,70.7172,21
21713,Castlevania: Lords of Shadow - Ultimate Edition,2013-08-27 00:00:00.000,9,NULL,84.0000,2,80.0885,13
8739,Monaco: What's Yours Is Mine,2013-04-24 00:00:00.000,11,NULL,86.1111,10,69.7244,48
10253,Dungeons & Dragons: Shadow over Mystara,1996-12-31 00:00:00.000,6,NULL,75.0000,2,81.0828,24
2899,EarthBound,1994-08-27 00:00:00.000,135,NULL,93.3333,3,89.2501,408
393,Final Fantasy III,2006-08-24 00:00:00.000,22,NULL,63.7500,8,68.8819,106
872,Sins of a Solar Empire,2008-02-04 00:00:00.000,7,NULL,91.0000,4,82.4707,27
35371,Colony Survival,2017-06-16 00:00:00.000,13,1,NULL,NULL,80.1971,11
102321,LEGO DC Super-Villains,2018-10-16 00:00:00.000,8,1,70.1111,11,76.8565,20
8576,Drakengard 3,2013-12-19 00:00:00.000,17,NULL,56.2500,10,75.8314,38
7327,Valiant Hearts: The Great War,2014-06-24 00:00:00.000,118,2,76.1111,11,81.8714,345
7347,Spintires,2014-06-13 00:00:00.000,16,1,NULL,NULL,73.6190,26
11536,Senran Kagura: Shinovi Versus,2013-02-28 00:00:00.000,5,NULL,71.8750,11,70.5359,13
69638,Super Mario Bros. / Duck Hunt,1988-11-01 00:00:00.000,1,NULL,NULL,NULL,83.6286,26
18055,Breath of Fire III,1997-09-11 00:00:00.000,11,NULL,60.0000,1,77.5474,41
2029,Evoland,2013-04-04 00:00:00.000,19,NULL,80.0000,3,67.7460,82
661,Darwinia,2005-03-04 00:00:00.000,2,NULL,81.5000,3,70.6243,14
1182,Castlevania: Lords of Shadow 2,2014-02-25 00:00:00.000,35,1,63.2000,16,73.3268,101
10121,Sensible World of Soccer,1994-05-01 00:00:00.000,15,NULL,80.0000,1,90.2564,29
103316,Trials Rising,2019-02-26 00:00:00.000,16,9,76.9000,14,70.9881,33
3641,World Cup 98,1998-03-31 00:00:00.000,5,NULL,NULL,NULL,84.6937,27
126294,FIFA 2000: Major League Soccer,1999-09-30 00:00:00.000,3,NULL,NULL,NULL,69.6572,31
583,2002 FIFA World Cup,2002-04-22 00:00:00.000,7,NULL,67.0000,2,64.6867,39
19282,Lifeline,2015-04-20 00:00:00.000,5,NULL,80.0000,3,72.1829,15
8709,Marathon,1994-12-21 00:00:00.000,7,NULL,NULL,NULL,83.0219,12
3002,Dragon's Crown,2013-07-25 00:00:00.000,17,NULL,80.9091,12,82.5757,42
9041,Blackwell Unbound,2012-01-13 00:00:00.000,11,NULL,NULL,NULL,77.6037,48
37151,Mario & Luigi: Superstar Saga + Bowser's Minions,2017-10-05 00:00:00.000,4,NULL,84.0000,7,79.2790,14
19554,Steep,2016-12-01 00:00:00.000,36,8,72.8947,22,81.0828,90
6599,Sonic Advance 3,2004-06-07 00:00:00.000,8,NULL,72.0000,2,71.4036,53
1284,Lollipop Chainsaw,2012-06-12 00:00:00.000,17,NULL,69.0000,11,70.1764,56
9035,Tormentum: Dark Sorrow,2015-03-04 00:00:00.000,11,NULL,76.6667,3,88.5019,26
1801,Sly Cooper: Thieves in Time,2013-02-05 00:00:00.000,26,NULL,79.8333,16,79.0600,71
3072,Forza Motorsport 2,2007-05-23 00:00:00.000,14,NULL,90.0000,4,78.2558,49
7458,The Sly Collection,2010-11-09 00:00:00.000,19,NULL,84.4444,12,80.7698,30
3491,F-Zero: Maximum Velocity,2001-03-21 00:00:00.000,9,NULL,90.0000,1,59.6320,20
8702,Dreaming Sarah,2015-03-12 00:00:00.000,3,NULL,NULL,NULL,56.6279,15
4435,Fatal Fury 2,1992-12-12 00:00:00.000,1,NULL,NULL,NULL,67.0617,30
2841,The Simpsons Wrestling,2001-03-23 00:00:00.000,6,NULL,NULL,NULL,40.4024,26
4372,The Terminator,1992-05-01 00:00:00.000,2,NULL,NULL,NULL,63.0599,11
5489,Game of Thrones,2012-05-15 00:00:00.000,10,NULL,57.1429,7,64.2753,38
1226,Kingdom Hearts 3D: Dream Drop Distance,2012-03-29 00:00:00.000,16,NULL,73.8333,7,75.2041,61
16612,Twelve Minutes,2021-08-19 00:00:00.000,16,53,78.7500,11,65.9720,154
6883,Shin Megami Tensei: Devil Summoner - Soul Hackers,1997-11-13 00:00:00.000,7,NULL,72.5000,6,79.9963,18
19464,NHL 17,2016-09-13 00:00:00.000,2,1,79.7222,19,79.3501,21
4756,Child of Light,2014-04-29 00:00:00.000,129,4,87.5000,16,82.1636,314
10988,They Bleed Pixels,2012-08-29 00:00:00.000,3,NULL,80.0000,1,81.6710,13
1055,Red Orchestra 2: Heroes of Stalingrad,2011-09-13 00:00:00.000,13,NULL,NULL,NULL,70.6298,40
28213,The Jackbox Party Pack 4,2017-10-17 00:00:00.000,6,1,76.0000,4,76.5382,25
6487,Disney's DuckTales,1989-09-14 00:00:00.000,43,NULL,86.0000,1,82.1587,139
13164,The Dwarves,2016-01-01 00:00:00.000,7,3,58.5556,9,60.7612,12
1313,Medal of Honor: Vanguard,2007-03-25 00:00:00.000,6,NULL,51.7500,5,68.6241,25
22509,Need For Speed: Underground - Rivals,2005-03-18 00:00:00.000,3,NULL,71.0000,2,73.9766,12
119239,SpongeBob SquarePants: Battle for Bikini Bottom - Rehydrated,2020-06-23 00:00:00.000,76,3,67.5000,9,80.9424,57
5335,Goat Simulator,2014-04-01 00:00:00.000,53,4,52.0909,11,53.9580,229
11529,The Jackbox Party Pack,2014-11-18 00:00:00.000,11,NULL,73.5000,2,64.1808,31
2994,Invizimals,2009-11-13 00:00:00.000,2,NULL,NULL,NULL,64.4661,11
18373,Patapon 3,2011-03-12 00:00:00.000,3,NULL,70.0000,4,70.1535,13
273,Unreal,1998-05-22 00:00:00.000,36,NULL,NULL,NULL,80.6110,102
146641,Super Auto Pets,2021-04-20 00:00:00.000,NULL,NULL,NULL,NULL,74.6700,18
4648,Pro Evolution Soccer 2009,2008-10-17 00:00:00.000,13,NULL,90.0000,5,73.9927,65
6939,Clive Barker's Jericho,2007-10-23 00:00:00.000,23,NULL,66.0000,3,76.4488,73
21020,Ys I & II Chronicles,2009-12-24 00:00:00.000,4,NULL,71.0000,3,60.5854,16
27238,AM2R: Return of Samus,2016-08-06 00:00:00.000,5,1,NULL,NULL,82.5242,39
7813,Patapon 2,2008-11-27 00:00:00.000,4,NULL,86.5000,2,79.7874,19
1459,LocoRoco,2006-06-23 00:00:00.000,10,1,91.0000,2,81.7256,50
19506,Sonic Dash,2013-03-07 00:00:00.000,7,NULL,60.0000,1,73.9861,24
9761,Cut the Rope,2010-10-01 00:00:00.000,18,NULL,NULL,NULL,78.4614,57
348,Battlefield 2: Modern Combat,2005-10-24 00:00:00.000,13,NULL,80.5000,6,63.1250,36
2348,Midtown Madness,1999-05-01 00:00:00.000,9,NULL,NULL,NULL,71.5057,45
3348,Glover,1998-11-16 00:00:00.000,1,NULL,NULL,NULL,68.6267,17
21798,Portal: Still Alive,2008-10-22 00:00:00.000,5,NULL,95.0000,2,85.5897,23
1047,Worms 3D,2003-10-31 00:00:00.000,21,NULL,80.0000,1,72.3614,79
11797,LawBreakers,2017-08-08 00:00:00.000,14,8,78.7857,18,61.6939,9
1498,Front Mission,1995-02-24 00:00:00.000,3,NULL,70.0000,2,89.0520,18
18831,Bad Dudes vs. Dragon Ninja,1988-03-02 00:00:00.000,NULL,NULL,NULL,NULL,69.7795,17
27308,Four Last Things,2017-02-23 00:00:00.000,3,NULL,NULL,NULL,73.1726,13
3505,Gex 3: Deep Cover Gecko,1999-03-23 00:00:00.000,8,NULL,67.0000,1,77.8014,20
6244,Worms 4: Mayhem,2005-07-29 00:00:00.000,14,NULL,60.0000,2,60.7752,43
135999,Tetris Effect: Connected,2020-05-14 00:00:00.000,3,3,88.6000,12,95.7693,39
668,Descent II,1996-03-13 00:00:00.000,7,NULL,92.0000,1,70.4203,18
561,Colin McRae: Dirt 2,2009-09-08 00:00:00.000,39,NULL,79.0000,12,78.6296,117
8420,Star Trek: Elite Force II,2003-06-20 00:00:00.000,5,NULL,76.3333,4,76.0444,15
2440,Commander Keen in Invasion of the Vorticons: The Earth Explodes,1990-12-18 00:00:00.000,4,NULL,NULL,NULL,69.2248,16
2694,Green Day: Rock Band,2010-06-08 00:00:00.000,3,NULL,71.7143,10,71.8951,11
2617,The Settlers II: Gold Edition,1997-08-01 00:00:00.000,22,NULL,NULL,NULL,92.2065,41
2596,"The Settlers II: Veni, Vidi, Vici",1996-04-17 00:00:00.000,15,NULL,NULL,NULL,82.1757,36
2443,"Commander Keen in Goodbye, Galaxy!: Secret of the Oracle",1991-11-22 00:00:00.000,15,NULL,NULL,NULL,78.9708,32
10998,Fate,2005-05-18 00:00:00.000,2,NULL,NULL,NULL,61.1474,14
3444,Batman Beyond: Return of the Joker,2000-11-20 00:00:00.000,4,NULL,NULL,NULL,47.8651,16
2895,NetHack,1987-07-28 00:00:00.000,3,NULL,NULL,NULL,88.9328,15
15120,The Tiny Bang Story,2011-04-22 00:00:00.000,7,NULL,70.0000,1,72.9270,27
7689,Batman: Arkham Origins Blackgate,2013-10-25 00:00:00.000,13,NULL,73.4000,5,70.0684,41
11465,Frogger,1997-09-30 00:00:00.000,6,NULL,90.0000,1,46.4215,20
119256,Just Dance 2020,2019-11-05 00:00:00.000,NULL,NULL,NULL,NULL,73.0664,11
11078,Shantae: Half-Genie Hero,2016-12-20 00:00:00.000,29,2,80.7500,17,81.0238,52
6795,Frogger,1981-08-01 00:00:00.000,12,NULL,NULL,NULL,67.1591,59
152271,Citizen Sleeper,2022-05-05 00:00:00.000,3,2,80.0000,1,83.4500,35
4489,Batman: Return of the Joker,1991-12-20 00:00:00.000,3,NULL,NULL,NULL,62.2756,27
5740,Batman: Vengeance,2001-10-15 00:00:00.000,4,NULL,68.0000,3,66.6167,19
25838,The Isle,2015-12-01 00:00:00.000,17,2,NULL,NULL,86.9708,19
1843,Tom Clancy's Rainbow Six: Rogue Spear,1999-08-31 00:00:00.000,9,NULL,75.0000,1,82.1985,26
6325,Gemini Rue,2011-02-24 00:00:00.000,24,NULL,65.0000,3,84.7505,70
673,Doom,1993-12-10 00:00:00.000,350,1,80.0000,0,85.0929,868
70708,Azur Lane,2017-05-25 00:00:00.000,6,NULL,NULL,NULL,79.3240,21
361,Far Cry 2,2008-10-21 00:00:00.000,101,NULL,85.0000,9,72.2752,431
94873,Sonic Mania Plus,2018-07-17 00:00:00.000,7,NULL,86.7778,9,95.0747,45
5054,NBA 2K10,2009-10-06 00:00:00.000,3,NULL,82.8000,5,73.7673,23
119357,Immortals Fenyx Rising,2020-12-02 00:00:00.000,39,50,73.7000,13,76.9922,87
139078,Dyson Sphere Program,2021-01-13 00:00:00.000,5,NULL,NULL,NULL,80.7443,22
95832,Shantae: Half-Genie Hero Ultimate Edition,2018-04-27 00:00:00.000,2,NULL,83.0000,3,89.3830,11
23193,Battlerite,2017-11-08 00:00:00.000,19,1,80.0000,13,79.5578,75
6161,State of Emergency,2002-02-12 00:00:00.000,3,NULL,66.6667,3,59.7861,12
12071,Eye of the Beholder II: The Legend of Darkmoon,1991-12-12 00:00:00.000,7,NULL,NULL,NULL,87.2392,17
19224,DX-Ball,1996-12-31 00:00:00.000,5,NULL,NULL,NULL,86.1262,12
4236,Worms Blast,2002-03-22 00:00:00.000,5,NULL,NULL,NULL,64.3068,15
5714,25 To Life,2006-01-17 00:00:00.000,2,NULL,100.0000,2,47.5850,17
935,Wing Commander: Prophecy,1997-11-30 00:00:00.000,4,NULL,67.0000,2,88.0694,11
893,King's Quest III: To Heir is Human,1986-10-01 00:00:00.000,4,NULL,NULL,NULL,72.7931,24
2845,The Simpsons: Tapped Out,2012-02-29 00:00:00.000,5,NULL,NULL,NULL,66.2140,34
16845,Turbo Dismount,2014-05-21 00:00:00.000,6,NULL,NULL,NULL,60.0982,12
27845,The Elder Scrolls IV: Oblivion - Game of the Year Edition,2007-09-10 00:00:00.000,7,NULL,90.0000,1,89.3153,46
2446,Commander Keen in Aliens Ate My Baby Sitter!,1991-11-30 00:00:00.000,6,NULL,NULL,NULL,79.7183,21
10223,Shinobi,2002-11-10 00:00:00.000,4,NULL,30.0000,1,80.0036,15
11075,NHL 16,2015-09-15 00:00:00.000,4,1,78.7778,11,81.5295,20
8452,Disney's Darkwing Duck,1992-06-01 00:00:00.000,9,NULL,NULL,NULL,80.8059,49
26821,Colin McRae Rally,2013-06-27 00:00:00.000,4,NULL,50.0000,1,42.4711,11
1287,The Legend of Kyrandia 3: Malcolm's Revenge,1994-01-01 00:00:00.000,3,NULL,NULL,NULL,62.4252,12
13153,Knock-knock,2013-10-04 00:00:00.000,6,NULL,46.6667,3,50.0901,21
5405,NHL '94,1993-10-01 00:00:00.000,1,NULL,NULL,NULL,74.3834,15
26878,Cultist Simulator,2018-05-31 00:00:00.000,7,2,85.0000,2,67.5851,38
671,Divine Divinity,2002-09-22 00:00:00.000,18,NULL,83.0000,1,82.2274,44
36847,NHL 18,2017-09-15 00:00:00.000,4,1,76.1250,9,70.0769,15
954,NHL 11,2010-09-07 00:00:00.000,2,NULL,88.0000,6,79.9303,17
2986,NHL 13,2012-09-11 00:00:00.000,3,NULL,83.8333,7,79.9211,12
3003,NHL 14,2013-09-10 00:00:00.000,2,NULL,78.3333,8,80.0078,14
9058,Praetorians,2003-02-28 00:00:00.000,6,NULL,83.5000,2,87.4865,16
825,Saints Row,2006-08-29 00:00:00.000,24,NULL,82.5000,4,68.0249,65
20655,Final Fantasy VI Advance,2006-11-30 00:00:00.000,4,NULL,88.3333,3,88.3495,13
101211,Rage 2,2019-05-13 00:00:00.000,83,54,68.6364,17,69.6868,151
1282,The Legend of Kyrandia,1992-01-01 00:00:00.000,4,NULL,NULL,NULL,71.1020,23
4534,Ghostbusters,1990-06-29 00:00:00.000,2,NULL,10.0000,0,79.5315,12
11093,Armikrog,2015-09-30 00:00:00.000,4,1,57.2222,11,76.2986,15
18294,The Punisher,2004-04-12 00:00:00.000,16,NULL,78.6667,3,79.5542,51
114283,Persona 5 Royal,2019-10-31 00:00:00.000,54,3,94.0000,14,96.4790,307
1745,Mega Man X5,2000-11-30 00:00:00.000,12,NULL,50.0000,1,74.6530,77
2605,BattleBlock Theater,2013-04-03 00:00:00.000,28,NULL,89.2857,8,77.4129,152
43335,FIFA Soccer 2003,2002-12-14 00:00:00.000,2,NULL,NULL,NULL,78.2809,23
24288,Dissidia 012: Duodecim Final Fantasy,2011-03-03 00:00:00.000,5,NULL,75.0000,4,79.9089,24
3141,Tales of the Unknown: Volume I - The Bard's Tale,1985-12-31 00:00:00.000,4,NULL,NULL,NULL,84.0451,14
4695,Twisted Metal,1995-11-05 00:00:00.000,20,NULL,75.0000,5,75.0695,49
7049,Legendary,2008-10-31 00:00:00.000,4,NULL,52.5000,3,57.3031,22
7325,Lara Croft and the Temple of Osiris,2014-12-08 00:00:00.000,35,2,75.0909,11,70.0429,92
63,Escape from Monkey Island,2000-11-01 00:00:00.000,27,NULL,90.0000,1,74.3784,123
696,FIFA Soccer 07,2006-09-25 00:00:00.000,25,NULL,75.4000,7,72.6186,100
24598,Marvel Future Fight,2015-03-04 00:00:00.000,8,NULL,65.0000,1,69.7604,16
3846,Capcom vs. SNK 2: Mark of the Millennium 2001,2001-08-03 00:00:00.000,8,NULL,75.0000,2,84.7089,25
27155,Touhou Koumakyou: The Embodiment of Scarlet Devil,2002-08-11 00:00:00.000,3,NULL,NULL,NULL,79.9599,36
7553,McPixel,2012-07-09 00:00:00.000,4,NULL,75.0000,2,70.8554,29
349,Battlefield 2142,2006-10-17 00:00:00.000,23,NULL,79.7500,5,74.8383,82
2439,Commander Keen in Invasion of the Vorticons: Marooned on Mars,1990-12-14 00:00:00.000,10,NULL,NULL,NULL,83.6198,28
18618,Super Bomberman 3,1995-04-28 00:00:00.000,9,NULL,NULL,NULL,78.2667,21
1746,Mega Man X6,2001-11-29 00:00:00.000,9,NULL,NULL,NULL,67.8522,56
294,Hidden & Dangerous,1999-07-29 00:00:00.000,8,NULL,NULL,NULL,79.5799,28
27156,Touhou Kaeizuka: Phantasmagoria of Flower View,2005-08-14 00:00:00.000,3,NULL,NULL,NULL,79.8035,15
1316,Medal of Honor: Rising Sun,2003-11-11 00:00:00.000,13,NULL,40.0000,1,66.7196,75
6778,Puzzle Agent 2,2011-06-30 00:00:00.000,6,NULL,NULL,NULL,78.9791,18
18689,Yume Nikki,2004-06-26 00:00:00.000,17,NULL,NULL,NULL,78.0596,71
63998,Tsukihime,2000-12-29 00:00:00.000,2,NULL,NULL,NULL,86.1777,11
199418,Dedalium,2022-01-31 00:00:00.000,12,NULL,NULL,NULL,90.7692,13
96437,Starfield,2023-09-06 00:00:00.000,42,136,87.4286,10,62.2988,138
1374,F1 2011,2011-09-20 00:00:00.000,8,NULL,76.6000,11,74.6755,25
7047,The Last Remnant,2008-11-20 00:00:00.000,11,NULL,56.5000,4,64.7180,18
11681,SkiFree,1991-10-01 00:00:00.000,3,NULL,NULL,NULL,60.0367,16
1027,The Legend of Zelda: Link's Awakening DX,1998-12-12 00:00:00.000,47,NULL,NULL,NULL,88.4558,150
1502,Front Mission 3,1999-09-02 00:00:00.000,8,NULL,NULL,NULL,83.8198,24
5107,Fatal Frame III: The Tormented,2005-07-28 00:00:00.000,11,NULL,81.6667,3,80.0559,32
142,Star Wars: Battlefront II,2005-10-31 00:00:00.000,230,NULL,75.6000,5,84.9168,582
3646,WWF WrestleMania 2000,1999-10-13 00:00:00.000,3,NULL,70.0000,1,69.6326,17
50834,Yu-Gi-Oh! Power of Chaos: Yugi the Destiny,2003-11-18 00:00:00.000,8,NULL,NULL,NULL,60.4419,23
54789,MudRunner,2017-10-31 00:00:00.000,17,2,70.0000,5,75.5915,35
27827,Assassin's Creed: Director's Cut Edition,2008-04-08 00:00:00.000,9,NULL,80.0000,2,73.3797,25
14378,Praey for the Gods,2021-12-14 00:00:00.000,44,30,70.0000,2,64.9902,15
2361,Disney's 102 Dalmatians: Puppies to the Rescue,2000-11-15 00:00:00.000,9,NULL,NULL,NULL,70.7964,29
7115,Need for Speed: Shift 2 Unleashed,2011-03-29 00:00:00.000,25,NULL,81.1667,9,77.6236,80
15851,Score! Hero,2015-08-05 00:00:00.000,4,NULL,NULL,NULL,74.8782,27
17249,Ninja Gaiden III: The Ancient Ship of Doom,1991-08-15 00:00:00.000,4,NULL,NULL,NULL,79.7700,30
75100,Heroes of Hammerwatch,2018-03-01 00:00:00.000,5,NULL,85.0000,0,70.0455,14
5870,Juiced,2005-06-13 00:00:00.000,5,NULL,68.7500,5,62.1935,26
8491,Bio Menace,1993-08-03 00:00:00.000,8,NULL,NULL,NULL,78.9017,16
7024,Juiced 2: Hot Import Nights,2007-09-17 00:00:00.000,4,NULL,70.0000,2,59.4876,21
141547,Evil West,2022-11-22 00:00:00.000,2,11,72.0000,6,69.4679,21
1987,XIII,2003-11-18 00:00:00.000,43,NULL,73.2000,7,77.8270,109
3255,Just Dance 4,2012-10-02 00:00:00.000,5,NULL,72.5000,6,80.0560,22
48928,Teenage Mutant Ninja Turtles: Fall of the Foot Clan,1990-08-01 00:00:00.000,NULL,NULL,NULL,NULL,58.2054,17
2554,MotorStorm: Pacific Rift,2008-10-28 00:00:00.000,11,NULL,80.0000,8,84.4149,31
14731,Teenage Mutant Ninja Turtles III: The Manhattan Project,1991-12-13 00:00:00.000,9,NULL,NULL,NULL,78.9305,48
3863,Conflict: Desert Storm,2002-09-13 00:00:00.000,7,NULL,67.3333,4,70.1689,22
1885,Homefront,2011-03-15 00:00:00.000,47,NULL,74.3333,14,68.7285,160
27874,Bad Dream: Coma,2017-03-09 00:00:00.000,3,NULL,80.0000,1,68.3456,11
1671,Panzer Dragoon Saga,1998-01-29 00:00:00.000,2,NULL,NULL,NULL,87.4448,17
6247,Trine,2009-07-03 00:00:00.000,88,NULL,85.4286,9,76.6336,243
210484,Ninja Gaiden,1988-12-09 00:00:00.000,NULL,NULL,NULL,NULL,73.6788,12
11701,Gravity Rush,2012-02-09 00:00:00.000,42,NULL,82.1429,7,79.5941,95
18076,Environmental Station Alpha,2015-04-22 00:00:00.000,5,NULL,NULL,NULL,73.5460,11
11765,The Static Speaks My Name,2015-08-10 00:00:00.000,6,NULL,NULL,NULL,62.6738,21
24065,Naruto: Ninja Council 2,2004-04-29 00:00:00.000,3,NULL,45.0000,1,59.9352,15
61936,Where's My Water? 2,2013-09-12 00:00:00.000,1,NULL,NULL,NULL,75.1203,11
18855,Armies of Exigo,2004-11-30 00:00:00.000,1,NULL,69.0000,3,87.4020,12
9253,Ingress,2013-10-30 00:00:00.000,6,NULL,96.0000,1,64.0479,14
22365,Moirai,2013-11-26 00:00:00.000,4,NULL,NULL,NULL,70.2437,26
2289,Pokémon Stadium,1999-04-30 00:00:00.000,48,NULL,NULL,NULL,73.2586,229
2047,Poker Night 2,2013-04-24 00:00:00.000,8,NULL,65.0000,4,75.9078,26
6976,Dynasty Warriors 8,2013-02-28 00:00:00.000,6,NULL,71.4286,7,76.7554,15
9676,Vib-Ribbon,1999-12-09 00:00:00.000,4,NULL,NULL,NULL,73.8320,13
1972,Manhunt 2,2007-10-29 00:00:00.000,18,NULL,61.0000,5,72.3366,61
1131,Castlevania: Legacy of Darkness,1999-12-08 00:00:00.000,5,NULL,NULL,NULL,51.5889,15
1142,Castlevania Judgment,2008-11-18 00:00:00.000,3,NULL,30.0000,1,53.5965,13
121503,Doom II,2019-07-26 00:00:00.000,1,NULL,NULL,NULL,89.9124,15
7769,Batman Forever,1995-08-01 00:00:00.000,1,NULL,50.0000,1,29.1382,25
1773,Ratchet & Clank: Up Your Arsenal,2004-11-02 00:00:00.000,57,NULL,80.0000,1,80.7841,153
11072,Madden NFL 16,2015-08-25 00:00:00.000,6,NULL,84.2500,14,82.7096,14
7576,Drakan: Order of the Flame,1999-07-14 00:00:00.000,5,1,NULL,NULL,89.2876,12
8290,Heavy Metal: F.A.K.K. 2,2000-08-04 00:00:00.000,8,NULL,70.0000,1,79.9753,19
102805,WWE 2K19,2018-10-09 00:00:00.000,18,6,71.6250,10,75.1265,32
2746,Madden NFL 08,2007-08-14 00:00:00.000,4,NULL,74.1667,7,66.8710,15
11564,Gal*Gun: Double Peace,2015-08-06 00:00:00.000,8,NULL,68.3333,10,79.7517,13
22239,Virtua Fighter 4: Evolution,2002-08-07 00:00:00.000,1,NULL,85.0000,3,88.0797,12
123333,If Found...,2020-05-19 00:00:00.000,2,NULL,85.0000,3,70.4011,12
14753,Ace Combat 5: The Unsung War,2004-10-21 00:00:00.000,2,NULL,76.0000,2,73.8543,17
6578,Quake Live,2010-08-06 00:00:00.000,23,NULL,NULL,NULL,78.2250,59
3648,Xena: Warrior Princess,1999-09-30 00:00:00.000,5,NULL,NULL,NULL,62.8156,20
88894,Tetris,2009-08-24 00:00:00.000,NULL,NULL,NULL,NULL,69.2907,12
1094,Donkey Kong Country 3: Dixie Kong's Double Trouble!,1996-11-18 00:00:00.000,54,NULL,70.0000,0,79.2844,196
57263,Chuchel,2018-03-07 00:00:00.000,12,3,83.3333,3,72.6889,38
14719,Mad TV,1991-12-01 00:00:00.000,7,NULL,NULL,NULL,84.1609,15
1621,Ultimate Mortal Kombat 3,1995-11-06 00:00:00.000,27,NULL,60.0000,1,79.7376,137
1915,Lost Planet 2,2010-05-11 00:00:00.000,11,NULL,70.5000,11,67.9616,38
1113,Metroid: Other M,2010-08-31 00:00:00.000,25,NULL,77.8571,9,72.4055,67
2738,LEGO Batman: The Videogame,2008-09-23 00:00:00.000,45,NULL,75.7500,7,73.1539,192
15857,Headlander,2016-07-25 00:00:00.000,16,4,76.6667,23,78.2922,22
1747,Mega Man X7,2003-07-17 00:00:00.000,6,1,NULL,NULL,41.1338,29
9757,Yars' Revenge,1982-05-01 00:00:00.000,1,NULL,45.0000,0,64.9119,12
85576,Donkey Kong Country: Tropical Freeze,2018-05-04 00:00:00.000,13,1,88.1667,14,79.9852,26
36897,A Way Out,2018-03-23 00:00:00.000,157,31,75.3846,14,78.1985,390
2173,New Super Luigi U,2013-06-20 00:00:00.000,11,NULL,71.3750,10,75.2800,28
280,Doom 3,2004-08-03 00:00:00.000,100,NULL,86.0000,7,79.3591,332
4697,Twisted Metal III,1998-10-31 00:00:00.000,7,NULL,NULL,NULL,73.3703,23
2149,Trials Evolution,2012-04-18 00:00:00.000,14,NULL,86.2500,8,78.6114,43
5560,Wonder Boy,1986-03-03 00:00:00.000,2,NULL,NULL,NULL,69.6703,26
1338,Prison Architect,2015-10-06 00:00:00.000,80,8,81.0769,15,75.9789,157
5642,Guilty Gear XX Accent Core Plus,2008-03-27 00:00:00.000,1,NULL,75.0000,3,79.7381,18
10031,Yooka-Laylee,2017-04-11 00:00:00.000,69,24,69.7727,25,67.7914,86
18577,Battletoads In Battlemaniacs,1993-06-06 00:00:00.000,2,NULL,NULL,NULL,69.0490,24
7886,Crypt of the NecroDancer,2015-04-23 00:00:00.000,27,NULL,87.8889,10,75.7710,121
6581,Stick it to the Man!,2013-11-19 00:00:00.000,11,NULL,78.2500,10,66.3604,36
18125,Spider-Man and Venom: Maximum Carnage,1994-09-16 00:00:00.000,4,NULL,NULL,NULL,67.0496,22
19649,Naruto Shippuden: Ultimate Ninja Impact,2011-10-19 00:00:00.000,NULL,NULL,70.0000,1,54.2775,12
32614,Titan Quest Anniversary Edition,2016-08-31 00:00:00.000,14,NULL,NULL,NULL,82.6521,51
126120,Say No! More,2021-04-08 00:00:00.000,2,1,70.0000,2,88.5009,14
79392,Mobile Legends: Bang Bang,2016-11-12 00:00:00.000,10,NULL,NULL,NULL,59.5930,18
7413,Final Fantasy: Explorers,2014-12-18 00:00:00.000,4,1,68.6667,13,74.0000,4
13893,Time Crisis II,1997-12-01 00:00:00.000,4,NULL,70.0000,1,71.3313,18
26816,Fast RMX,2017-03-03 00:00:00.000,15,1,76.6667,10,75.6389,15
1613,Mortal Kombat: Deception,2004-10-04 00:00:00.000,21,NULL,76.6667,4,70.6335,80
8983,Obduction,2016-08-24 00:00:00.000,49,20,67.0000,10,77.5699,47
22704,Orwell: Keeping an Eye on You,2016-10-27 00:00:00.000,33,4,85.8333,7,69.3569,106
11186,Gears of War 4,2016-10-11 00:00:00.000,77,6,83.1111,29,76.5986,192
781,Majesty: The Fantasy Kingdom Sim,2000-03-21 00:00:00.000,6,NULL,NULL,NULL,79.7939,28
876,Icewind Dale II,2002-08-27 00:00:00.000,23,NULL,86.0000,1,81.8273,70
104786,Devotion,2019-02-19 00:00:00.000,6,2,89.2500,5,86.9019,29
4121,Mortal Kombat Trilogy,1996-10-10 00:00:00.000,23,NULL,50.5000,1,74.4237,91
1006,Syndicate,2012-02-21 00:00:00.000,29,NULL,78.6667,7,69.6779,97
2049,Slender: The Arrival,2013-03-26 00:00:00.000,10,NULL,60.7143,7,71.8100,41
9112,The Book of Unwritten Tales 2,2015-02-18 00:00:00.000,11,1,75.0000,2,86.8258,19
9721,Project X Zone 2,2015-11-12 00:00:00.000,8,2,70.3333,7,80.0736,11
3197,Shining Force II,1993-10-01 00:00:00.000,6,NULL,NULL,NULL,85.4735,40
2807,Ben 10 Ultimate Alien: Cosmic Destruction,2010-10-05 00:00:00.000,1,NULL,60.3333,3,65.8243,11
12,Vampire: The Masquerade - Redemption,2000-06-07 00:00:00.000,20,NULL,60.0000,2,77.6408,57
7088,Guitar Hero: On Tour,2008-06-22 00:00:00.000,4,NULL,65.0000,5,58.4752,11
25211,Emily Is Away Too,2017-05-26 00:00:00.000,18,1,80.5000,3,76.8593,46
55945,Brawl Stars,2018-12-12 00:00:00.000,15,NULL,0.0000,1,73.4982,45
119190,Bug Fables: The Everlasting Sapling,2019-11-21 00:00:00.000,4,NULL,90.0000,1,80.8941,15
8483,Crystal Caves,1991-10-23 00:00:00.000,3,NULL,NULL,NULL,79.8460,13
13212,The Beginner's Guide,2015-10-01 00:00:00.000,64,NULL,74.8333,7,79.1602,201
46787,Real Bout Fatal Fury 2: The Newcomers,1998-03-20 00:00:00.000,1,NULL,NULL,NULL,78.2602,14
6359,Team Fortress Classic,1999-04-07 00:00:00.000,15,NULL,NULL,NULL,72.1011,42
2946,FIFA Soccer 12,2011-09-27 00:00:00.000,34,1,83.8182,11,74.1314,120
111054,Super Dragon Ball Heroes: World Mission,2019-04-04 00:00:00.000,NULL,NULL,65.0000,4,57.6413,11
24512,Ostriv,2020-03-19 00:00:00.000,21,11,NULL,NULL,88.1261,11
9073,Deathmatch Classic,2001-07-01 00:00:00.000,3,NULL,NULL,NULL,72.5678,16
3706,18 Wheeler: American Pro Trucker,1999-01-01 00:00:00.000,4,NULL,46.0000,1,70.9328,14
50801,CSI: Miami,2004-05-24 00:00:00.000,1,NULL,NULL,NULL,58.0589,12
8072,Sanitarium,1998-04-28 00:00:00.000,27,NULL,92.0000,1,81.3990,71
4782,CSI: Hard Evidence,2007-09-25 00:00:00.000,1,NULL,50.0000,2,63.8025,15
3568,Ogre Battle 64: Person of Lordly Caliber,1999-07-14 00:00:00.000,3,NULL,NULL,NULL,95.4074,16
10510,Batman: The Video Game,1990-07-27 00:00:00.000,16,NULL,NULL,NULL,65.6573,48
16387,Half Minute Hero: Super Mega Neo Climax Ultimate Boy,2012-09-27 00:00:00.000,3,NULL,NULL,NULL,81.4780,12
116133,Islanders,2019-04-04 00:00:00.000,5,NULL,90.0000,2,75.2461,32
36798,The Swords of Ditto,2018-04-24 00:00:00.000,27,4,72.5556,10,68.3518,13
205229,Dragon Warrior,1986-05-27 00:00:00.000,NULL,NULL,NULL,NULL,70.4063,12
25532,Fallout: New Vegas - Ultimate Edition,2012-02-07 00:00:00.000,21,NULL,NULL,NULL,87.3793,70
2939,The Vanishing of Ethan Carter,2014-09-25 00:00:00.000,116,3,82.3750,17,75.1007,317
27344,Barotrauma,2019-06-05 00:00:00.000,2,2,NULL,NULL,69.8310,18
7589,Ricochet,2000-11-01 00:00:00.000,6,NULL,NULL,NULL,71.6491,20
4350,Headhunter,2001-11-16 00:00:00.000,5,NULL,90.0000,1,66.1578,13
3012,Osu!,2007-09-16 00:00:00.000,42,NULL,NULL,NULL,73.1733,123
5973,Broforce,2015-10-15 00:00:00.000,80,1,72.0000,10,75.2370,282
22565,Prince of Persia: Revelations,2005-12-06 00:00:00.000,4,NULL,60.0000,1,58.8058,12
10067,Burnout Paradise: The Ultimate Box,2009-02-03 00:00:00.000,19,NULL,85.0000,3,83.1343,53
486,Silent Hill: Shattered Memories,2009-12-08 00:00:00.000,29,NULL,75.0000,8,70.5811,85
3230,The Night of the Rabbit,2013-03-29 00:00:00.000,15,NULL,80.2500,6,90.8424,24
1699,Wario Land 4,2001-08-21 00:00:00.000,12,NULL,77.5000,2,75.7851,49
18954,Neon Chrome,2016-04-28 00:00:00.000,9,NULL,67.0000,9,68.3090,15
3193,Need for Speed: Most Wanted,2012-10-30 00:00:00.000,103,1,84.7368,17,73.9589,329
3731,Pajama Sam 2: Thunder and Lightning Aren't so Frightening,1998-10-02 00:00:00.000,1,NULL,NULL,NULL,80.4097,14
2255,Mario Strikers Charged,2007-05-25 00:00:00.000,9,NULL,75.0000,3,75.0853,62
4919,The House of the Dead: Overkill,2009-02-10 00:00:00.000,9,NULL,81.6667,4,71.8627,16
1869,Killzone: Mercenary,2013-09-04 00:00:00.000,18,NULL,75.4444,13,77.5279,28
22885,Resistance: Retribution,2009-03-12 00:00:00.000,NULL,NULL,90.0000,2,60.2548,13
5422,Radiant Silvergun,1998-05-28 00:00:00.000,3,NULL,85.0000,3,88.9354,17
9633,Terranigma,1995-10-11 00:00:00.000,31,NULL,NULL,NULL,90.4540,66
255,Arcanum: of Steamworks and Magick Obscura,2001-08-21 00:00:00.000,40,NULL,NULL,NULL,89.0340,100
3849,Cars,2006-06-06 00:00:00.000,13,NULL,65.4286,4,65.1772,32
7849,Halo: Spartan Strike,2015-04-16 00:00:00.000,8,1,80.0000,1,68.5114,20
1651,GoldenEye 007: Reloaded,2011-11-01 00:00:00.000,9,NULL,71.0000,6,77.2464,15
115054,Chernobylite,2021-07-28 00:00:00.000,20,9,76.0000,4,68.3278,21
4001,Mega Man X Collection,2006-01-10 00:00:00.000,3,NULL,NULL,NULL,82.3954,17
14946,Crayon Physics Deluxe,2008-12-29 00:00:00.000,8,NULL,70.0000,2,70.4638,24
530,Hitman: Absolution,2012-11-19 00:00:00.000,224,NULL,76.4000,16,75.6505,544
616,Circle of Blood,1996-10-14 00:00:00.000,68,NULL,75.0000,3,83.1723,169
2983,Dynasty Warriors 2,2000-08-03 00:00:00.000,5,NULL,66.0000,3,75.2529,17
7894,Blood Omen: Legacy of Kain,1996-11-01 00:00:00.000,26,NULL,85.0000,1,76.4690,43
9862,International Superstar Soccer Deluxe,1995-09-22 00:00:00.000,10,NULL,NULL,NULL,79.9479,34
19351,Disciples II: Gallean's Return,2006-07-06 00:00:00.000,4,NULL,NULL,NULL,89.9446,20
22436,Reigns,2016-08-10 00:00:00.000,30,NULL,75.0000,6,70.1476,85
2159,Race Driver: Grid,2008-05-30 00:00:00.000,44,NULL,NULL,NULL,78.9369,128
8377,Pokémon Green Version,1996-02-27 00:00:00.000,3,NULL,NULL,NULL,79.6247,22
21453,My Summer Car,2016-10-24 00:00:00.000,36,1,NULL,NULL,70.0340,25
3206,Resistance 3,2011-09-06 00:00:00.000,33,NULL,87.6667,9,79.3738,78
2765,SpongeBob SquarePants: Battle For Bikini Bottom,2003-10-31 00:00:00.000,5,NULL,100.0000,1,81.3089,61
10345,Galactic Civilizations III,2014-03-27 00:00:00.000,13,NULL,77.5000,4,77.5411,14
27117,Into the Breach,2018-02-27 00:00:00.000,38,5,90.0000,14,82.5894,205
6684,Fantasy Zone,1986-03-20 00:00:00.000,2,NULL,NULL,NULL,78.6957,15
18167,Hello Neighbor,2017-12-08 00:00:00.000,373,199,36.7500,10,45.2767,63
6230,E.Y.E: Divine Cybermancy,2011-07-29 00:00:00.000,5,NULL,NULL,NULL,66.8467,15
12497,4D Sports Boxing,1991-06-15 00:00:00.000,5,NULL,NULL,NULL,89.2996,11
111117,Frog Detective 1: The Haunted Island,2018-11-22 00:00:00.000,2,NULL,80.0000,1,59.1542,28
21779,Final Fantasy IV: The Complete Collection,2011-03-24 00:00:00.000,NULL,NULL,NULL,NULL,74.4599,11
28574,Surviving Mars,2018-03-15 00:00:00.000,45,8,73.5714,10,71.1134,60
1721,Mega Man 8,1996-12-17 00:00:00.000,8,NULL,68.5000,2,76.7243,71
13542,Refunct,2015-10-16 00:00:00.000,11,NULL,NULL,NULL,69.7543,39
2042,Magicka,2011-01-25 00:00:00.000,50,NULL,69.5000,4,71.5126,159
29116,Unreal Gold,2000-01-21 00:00:00.000,10,NULL,NULL,NULL,78.2744,13
24723,Unreal Tournament: Game of the Year Edition,2000-10-25 00:00:00.000,11,NULL,NULL,NULL,88.6570,25
7850,Infamous: Festival of Blood,2011-10-25 00:00:00.000,21,NULL,75.0000,4,72.2239,49
18840,Metal Slug X,1999-01-19 00:00:00.000,21,NULL,80.0000,1,78.1048,106
12001,Chip's Challenge,1990-12-31 00:00:00.000,3,NULL,NULL,NULL,69.8279,14
41512,Cut the Rope: Time Travel,2013-04-18 00:00:00.000,5,2,NULL,NULL,75.5825,12
2407,Crisis Core: Final Fantasy VII,2007-09-13 00:00:00.000,44,NULL,89.0000,5,82.9774,146
3750,Quantum Break,2016-04-05 00:00:00.000,120,34,76.5217,26,75.1303,266
2444,Risen,2009-10-02 00:00:00.000,50,NULL,80.5000,3,78.0900,137
13361,Brigador,2016-06-02 00:00:00.000,8,2,73.6000,5,84.0937,13
25311,Star Control: Origins,2018-09-20 00:00:00.000,17,5,69.7500,4,76.5457,11
836,Prince of Persia: The Sands of Time,2003-11-06 00:00:00.000,205,NULL,84.2222,8,82.1510,595
7780,Tiny Wings,2011-02-18 00:00:00.000,3,NULL,NULL,NULL,75.2135,11
2480,Torchlight,2009-10-27 00:00:00.000,58,NULL,83.3333,5,73.8891,207
17219,Duet,2013-10-10 00:00:00.000,3,NULL,NULL,NULL,71.6114,18
19376,Basement,2019-11-10 00:00:00.000,19,NULL,NULL,NULL,70.3429,12
16997,Rhapsody: A Musical Adventure,1998-12-17 00:00:00.000,3,NULL,65.0000,3,60.8005,11
11646,Ziggurat,2014-10-23 00:00:00.000,17,NULL,79.5000,4,65.0232,35
11351,Black Mirror II: Reigning Evil,2009-09-25 00:00:00.000,8,NULL,NULL,NULL,75.0543,35
44,Overlord,2007-06-26 00:00:00.000,39,NULL,70.0000,4,77.3987,112
4516,Chuck Rock,1991-12-31 00:00:00.000,2,NULL,NULL,NULL,60.1359,19
178125,Grand Theft Auto: Vice City - The Definitive Edition,2021-11-11 00:00:00.000,2,NULL,NULL,NULL,60.2181,12
11567,Elex,2017-10-17 00:00:00.000,92,21,59.6667,3,70.1103,75
1580,Spyro: A Hero's Tail,2004-11-03 00:00:00.000,4,NULL,69.0000,1,62.1207,23
120974,Your Turn to Die: Death Game by Majority,2017-08-28 00:00:00.000,6,1,NULL,NULL,81.3027,26
46999,The Witch's House,2012-10-03 00:00:00.000,3,NULL,NULL,NULL,80.3019,24
156151,Nickelodeon All-Star Brawl,2021-10-05 00:00:00.000,1,2,66.8000,5,69.6867,16
51485,Super Fancy Pants Adventure,2017-09-20 00:00:00.000,25,NULL,NULL,NULL,81.0318,17
6045,Not a Hero,2015-05-14 00:00:00.000,14,1,70.0909,12,69.7073,40
9984,Cogs,2009-04-14 00:00:00.000,4,NULL,60.0000,1,74.9610,13
6443,WWF SmackDown!,2000-03-02 00:00:00.000,7,NULL,NULL,NULL,66.7045,29
127782,Warcraft II: Battle.net Edition,1999-09-30 00:00:00.000,1,NULL,NULL,NULL,85.5968,23
9580,Grandia II,2000-08-01 00:00:00.000,21,NULL,74.5000,3,78.0834,46
3586,Ready 2 Rumble Boxing,1999-09-09 00:00:00.000,3,NULL,NULL,NULL,51.4695,15
832,Planescape: Torment,1999-12-12 00:00:00.000,98,NULL,70.0000,2,89.9728,300
135842,Eternal Return,2020-10-14 00:00:00.000,3,NULL,NULL,NULL,72.6253,12
15428,The King of Fighters '97,1997-07-28 00:00:00.000,10,NULL,NULL,NULL,79.6207,49
103338,Daemon X Machina,2019-09-12 00:00:00.000,8,5,70.8000,11,78.8472,60
701,FIFA Soccer 2002: Major League Soccer,2001-10-29 00:00:00.000,12,NULL,NULL,NULL,71.8350,68
20875,Project Highrise,2016-09-08 00:00:00.000,21,1,81.0000,7,66.3637,22
20444,Tales of Graces f,2010-12-02 00:00:00.000,5,NULL,78.8000,7,83.6440,33
9477,Soldiers: Heroes of World War II,2004-06-30 00:00:00.000,5,NULL,84.3333,3,75.9488,14
37140,Metroid: Samus Returns,2017-09-15 00:00:00.000,30,1,87.7143,16,82.8193,89
6566,Art of Fighting 3: The Path of The Warrior,1996-03-12 00:00:00.000,1,NULL,NULL,NULL,60.8853,11
1102,Metroid II: Return of Samus,1991-08-26 00:00:00.000,13,NULL,60.0000,1,71.7631,72
24220,Fire Emblem Fates: Birthright,2015-06-25 00:00:00.000,17,NULL,90.0000,2,80.6822,84
5042,King's Bounty: Armored Princess,2009-11-19 00:00:00.000,9,NULL,90.0000,2,81.8762,59
50199,Metro: Last Light Redux,2014-08-26 00:00:00.000,59,NULL,NULL,NULL,80.6567,160
6146,Stranglehold,2007-09-07 00:00:00.000,11,NULL,80.2500,6,73.1102,55
9945,Super Crate Box,2010-10-22 00:00:00.000,2,NULL,92.5000,2,64.5893,12
429,Call of Juarez,2006-09-07 00:00:00.000,38,NULL,74.6000,4,74.3612,126
90714,Martha Is Dead,2022-02-24 00:00:00.000,1,6,73.7500,4,73.5281,19
19262,Sonic Rivals 2,2007-11-13 00:00:00.000,2,NULL,70.0000,2,40.2651,12
4622,Super Contra,1988-01-08 00:00:00.000,14,NULL,58.3333,3,76.7140,77
1397,Professor Layton and the Curious Village,2007-02-15 00:00:00.000,46,1,87.5000,5,81.6584,154
4959,Klonoa: Door to Phantomile,1997-12-11 00:00:00.000,12,NULL,80.0000,2,85.7558,71
6901,Snow Bros.,1990-04-01 00:00:00.000,8,NULL,NULL,NULL,78.7130,34
12671,Lotus Esprit Turbo Challenge,1990-12-31 00:00:00.000,3,NULL,NULL,NULL,75.5540,17
121823,Acting Lessons,2018-12-10 00:00:00.000,1,NULL,NULL,NULL,57.7821,12
29,Space Quest II: Vohaul's Revenge,1987-11-14 00:00:00.000,2,NULL,NULL,NULL,73.3962,21
13894,Time Crisis 3,2002-12-31 00:00:00.000,3,NULL,80.0000,1,66.1986,16
132083,Everhood,2021-03-03 00:00:00.000,1,NULL,76.6667,4,73.0399,27
12815,Stories: The Path of Destinies,2016-04-12 00:00:00.000,20,1,70.7500,9,69.3470,84
27413,Genesis Noir,2021-03-12 00:00:00.000,2,4,76.8333,7,68.9718,20
18682,Loaded,1995-12-12 00:00:00.000,2,NULL,75.0000,1,75.3724,11
3907,Eternal Darkness: Sanity's Requiem,2002-06-23 00:00:00.000,27,NULL,90.0000,2,81.0441,74
4641,The Age of Decadence,2015-10-14 00:00:00.000,7,2,55.0000,2,85.4343,26
2940,Killer Is Dead,2013-08-01 00:00:00.000,25,NULL,56.6000,12,57.7051,70
6066,Severed,2016-04-26 00:00:00.000,15,1,83.9333,16,75.2270,21
6514,"Monsters, Inc. Scream Team",2001-10-30 00:00:00.000,NULL,NULL,54.0000,1,66.8073,11
4184,Street Racing Syndicate,2004-08-17 00:00:00.000,1,NULL,59.5000,3,55.0566,16
5062,Chaos on Deponia,2012-11-06 00:00:00.000,24,NULL,80.0000,2,83.4565,87
25581,Iron Harvest,2020-09-01 00:00:00.000,14,26,80.6667,3,70.0062,15
49875,Tetris DX,1998-10-21 00:00:00.000,2,NULL,NULL,NULL,94.3700,13
9740,Deus Ex: Human Revolution - Director's Cut,2013-10-22 00:00:00.000,34,1,89.8333,6,89.2352,125
8979,Puzzle Quest 2,2010-06-22 00:00:00.000,NULL,NULL,80.5556,11,64.1803,12
1884,Carmageddon TDR 2000,2000-09-01 00:00:00.000,15,NULL,NULL,NULL,80.0095,35
1138,Castlevania: Portrait of Ruin,2006-11-16 00:00:00.000,9,NULL,80.0000,4,77.1965,74
27304,Ys VIII: Lacrimosa of Dana,2016-07-21 00:00:00.000,14,NULL,85.1333,16,89.7966,51
21972,"The Secret Monster Society: Chapter 1 - Monsters, Fires and Forbidden Forests",2016-07-28 00:00:00.000,10,NULL,NULL,NULL,85.1176,12
13548,Utawarerumono: Mask of Deception,2015-09-24 00:00:00.000,NULL,NULL,66.0000,3,80.1269,27
556,Medal of Honor,2010-10-12 00:00:00.000,53,NULL,74.4444,14,69.3462,231
13677,Downwell,2015-10-14 00:00:00.000,33,NULL,77.5000,9,76.3931,106
113102,Sundered: Eldritch Edition,2018-12-19 00:00:00.000,5,NULL,NULL,NULL,60.3136,14
7635,Primordia,2012-12-05 00:00:00.000,21,NULL,65.0000,4,85.6154,50
2924,Broken Sword 5: The Serpent's Curse,2013-12-04 00:00:00.000,28,4,70.7143,14,72.6233,58
86457,The World Next Door,2019-03-28 00:00:00.000,4,1,64.2000,6,59.9770,11
36649,Tropico 6,2019-03-29 00:00:00.000,46,10,76.5000,8,76.4005,36
6044,"Invisible, Inc.",2015-05-12 00:00:00.000,29,2,85.6000,12,77.5794,58
1564,SoulCalibur,1998-07-30 00:00:00.000,20,NULL,40.0000,3,83.2527,97
4174,SSX 3,2003-10-20 00:00:00.000,21,NULL,90.0000,2,89.2800,63
6710,Street Fighter III: 3rd Strike,1999-05-12 00:00:00.000,18,NULL,90.0000,3,81.4480,87
1256,Robert Ludlum's: The Bourne Conspiracy,2008-06-03 00:00:00.000,5,NULL,64.7500,6,56.1126,18
6981,Willow,1989-07-18 00:00:00.000,2,NULL,NULL,NULL,60.3951,12
854,Sam & Max: Beyond Time and Space,2008-04-10 00:00:00.000,9,NULL,70.5000,6,79.8617,26
2484,Winning Eleven: Pro Evolution Soccer 2007,2006-04-27 00:00:00.000,25,NULL,73.1667,5,77.6870,115
8981,Dash of Destruction,2008-12-17 00:00:00.000,2,NULL,NULL,NULL,47.6592,13
909,Tom Clancy's Rainbow Six: Vegas,2006-11-22 00:00:00.000,26,NULL,85.7500,5,75.2018,120
2004,Torment: Tides of Numenera,2017-02-27 00:00:00.000,60,35,82.1364,27,75.3332,51
36766,Q.U.B.E. 2,2018-03-13 00:00:00.000,18,1,72.8333,7,67.5713,41
134101,FIFA 21,2020-10-08 00:00:00.000,22,2,72.3750,12,69.2658,81
3227,Nuclear Throne,2015-12-05 00:00:00.000,29,2,84.0000,6,69.8405,78
5421,Microsoft Minesweeper,1990-10-08 00:00:00.000,11,1,NULL,NULL,68.2334,67
1207,Tales of the Abyss,2005-12-15 00:00:00.000,13,NULL,69.2000,5,82.4550,54
6223,Urban Chaos: Riot Response,2006-05-19 00:00:00.000,4,NULL,70.0000,2,64.3645,11
18454,Goetia,2016-04-14 00:00:00.000,7,NULL,90.0000,1,70.7877,18
1830,Mars: War Logs,2013-04-26 00:00:00.000,6,NULL,65.0000,4,65.8673,26
11386,Dangerous Dave in the Haunted Mansion,1991-12-31 00:00:00.000,1,NULL,NULL,NULL,83.9471,13
13558,The Legend of Heroes: Trails of Cold Steel II,2014-09-25 00:00:00.000,15,NULL,80.8182,12,81.9417,28
11492,Mafia III,2016-10-07 00:00:00.000,198,45,67.8261,28,67.1461,364
80916,Omensight,2018-05-15 00:00:00.000,26,3,78.7500,9,79.6865,28
3598,Shadow Man,1999-08-31 00:00:00.000,10,NULL,70.0000,1,72.0168,33
1265,PlanetSide 2,2012-11-20 00:00:00.000,27,NULL,82.5714,11,71.1014,88
8023,Tom & Jerry: The Ultimate Game of Cat and Mouse!,1991-12-01 00:00:00.000,1,NULL,NULL,NULL,64.4287,12
9054,Threes!,2014-02-06 00:00:00.000,7,NULL,82.6667,3,82.3310,20
18819,NBA 2K17,2016-09-16 00:00:00.000,19,2,85.0000,14,80.8812,46
21892,Fallout 3: Game of the Year Edition,2009-10-13 00:00:00.000,40,NULL,92.0000,1,91.9579,138
113431,Ys IX: Monstrum Nox,2019-09-26 00:00:00.000,1,5,84.0000,8,79.9994,17
144725,Necromunda: Hired Gun,2021-06-01 00:00:00.000,3,4,61.7500,5,67.0150,15
1346,Xenogears,1998-02-11 00:00:00.000,30,NULL,90.0000,2,88.2201,90
11669,Vane,2019-01-15 00:00:00.000,18,11,48.4286,8,54.8951,13
76725,Freddy Fazbear's Pizzeria Simulator,2017-12-04 00:00:00.000,8,NULL,NULL,NULL,79.6487,24
284,Wolfenstein 3D,1992-05-05 00:00:00.000,83,NULL,56.0000,1,77.7380,278
1280,Breath of Fire IV,2000-04-27 00:00:00.000,17,NULL,80.0000,1,84.0444,62
27359,Tower of Time,2018-04-12 00:00:00.000,4,NULL,78.3333,4,70.1331,19
3585,Re-Volt,1999-07-31 00:00:00.000,29,NULL,NULL,NULL,77.9134,76
7324,NHL 15,2014-09-09 00:00:00.000,6,1,62.2222,9,75.0685,20
1257,South Park,1998-12-12 00:00:00.000,5,NULL,41.0000,1,52.1233,39
6570,Axelay,1992-09-01 00:00:00.000,3,NULL,81.0000,1,75.4630,27
114286,Madden NFL 20,2019-08-02 00:00:00.000,6,1,75.5000,9,68.3748,23
44143,Hand Simulator,2017-07-19 00:00:00.000,2,NULL,NULL,NULL,67.2517,18
14702,Cibele,2015-11-02 00:00:00.000,4,NULL,65.6667,4,64.8585,14
3121,Crystalis,1990-04-13 00:00:00.000,2,NULL,NULL,NULL,75.0212,14
274,Tropico,2001-04-21 00:00:00.000,13,NULL,82.0000,2,81.7910,45
9160,Little Nemo: The Dream Master,1990-09-01 00:00:00.000,5,NULL,NULL,NULL,77.9042,18
3427,Chameleon Twist,1997-11-30 00:00:00.000,2,NULL,NULL,NULL,59.3641,12
134581,Marvel's Spider-Man: Miles Morales,2020-11-12 00:00:00.000,30,4,88.6250,19,79.8195,266
3818,Bionicle Heroes,2006-11-14 00:00:00.000,3,NULL,52.2500,5,56.6321,15
18067,Demon's Crest,1994-10-21 00:00:00.000,10,NULL,NULL,NULL,80.1146,33
9418,Back to Bed,2014-08-06 00:00:00.000,4,NULL,72.0000,1,67.9863,25
750,Homeworld 2,2003-09-16 00:00:00.000,16,NULL,75.0000,3,87.4730,31
61616,Thief Simulator,2018-11-09 00:00:00.000,7,NULL,NULL,NULL,65.8724,21
53818,Tomb Raider: Game of the Year Edition,2014-01-28 00:00:00.000,8,NULL,NULL,NULL,87.3642,28
14750,Ace Combat 2,1997-05-30 00:00:00.000,4,NULL,NULL,NULL,80.4256,28
107237,Reigns: Game of Thrones,2018-10-18 00:00:00.000,6,NULL,73.7500,5,61.0290,15
141568,Myst,2020-12-10 00:00:00.000,1,NULL,71.0000,3,84.2869,17
3962,Kao the Kangaroo: Round 2,2003-11-04 00:00:00.000,5,NULL,NULL,NULL,79.8175,20
13215,Cossacks 3,2016-09-20 00:00:00.000,15,5,80.0000,2,66.4272,17
26,X-COM: Apocalypse,1997-06-30 00:00:00.000,4,NULL,NULL,NULL,78.5767,12
6032,Borderlands: The Pre-Sequel,2014-10-14 00:00:00.000,102,7,75.4667,16,73.1440,305
3852,Cel Damage,2001-11-15 00:00:00.000,5,NULL,50.8000,5,60.5109,13
12268,Winter Games,1985-12-31 00:00:00.000,3,NULL,90.0000,1,60.1434,28
2267,Sonic Colors,2010-11-11 00:00:00.000,18,NULL,75.2000,9,68.6955,84
10681,Alwa's Awakening,2017-02-02 00:00:00.000,16,5,74.6000,7,80.0985,11
18723,Frog Fractions,2012-10-05 00:00:00.000,3,NULL,NULL,NULL,70.4645,12
6556,Art of Fighting 2,1994-03-01 00:00:00.000,3,NULL,NULL,NULL,59.4292,21
1410,Metal Slug 5,2003-11-01 00:00:00.000,12,NULL,50.0000,1,80.1922,61
5982,Pirates of the Caribbean,2003-06-30 00:00:00.000,19,NULL,49.3333,5,80.9548,45
1046,Star Control II,1992-11-17 00:00:00.000,3,NULL,NULL,NULL,96.4997,16
74904,Amid Evil,2019-06-20 00:00:00.000,9,NULL,88.6667,4,85.3859,32
2487,Dragonsphere,1994-01-07 00:00:00.000,5,NULL,NULL,NULL,63.0016,11
8601,Fear Effect 2: Retro Helix,2001-02-21 00:00:00.000,1,NULL,50.0000,1,73.3370,15
1270,Darksiders,2010-01-05 00:00:00.000,117,NULL,81.6250,11,79.0059,375
24066,Naruto: Ninja Council,2003-05-01 00:00:00.000,3,NULL,63.0000,1,68.2282,12
2566,Dragon Ball Z: Budokai 3,2004-11-16 00:00:00.000,27,NULL,88.0000,1,79.0687,103
27028,Deemo,2013-11-12 00:00:00.000,5,NULL,NULL,NULL,89.6720,18
6854,R-Type II,1989-12-31 00:00:00.000,3,NULL,NULL,NULL,76.4801,14
3501,Gauntlet Legends,1998-10-01 00:00:00.000,4,NULL,NULL,NULL,76.4631,16
21231,Naruto: Uzumaki Chronicles 2,2006-11-16 00:00:00.000,1,NULL,46.5000,2,53.6573,17
596,American Conquest,2003-02-05 00:00:00.000,7,NULL,90.0000,2,68.6264,11
4101,Second Sight,2004-08-27 00:00:00.000,19,NULL,72.6000,5,80.1390,34
18037,Ever17: The Out of Infinity,2002-08-29 00:00:00.000,8,NULL,NULL,NULL,83.1986,25
10680,Duke Nukem 64,1997-10-31 00:00:00.000,4,NULL,NULL,NULL,69.9216,15
15444,Homeworld: Deserts of Kharak,2016-01-20 00:00:00.000,14,NULL,85.0000,8,82.3192,20
11984,California Games,1987-07-01 00:00:00.000,6,NULL,90.0000,1,60.1342,39
25358,Deus Ex: Game of the Year Edition,2000-06-22 00:00:00.000,16,NULL,NULL,NULL,89.5438,44
9715,Castlevania: Lords of Shadow - Mirror of Fate HD,2013-10-25 00:00:00.000,11,NULL,80.0000,1,71.3376,30
9014,Quadrilateral Cowboy,2016-07-25 00:00:00.000,8,1,84.2308,16,88.2565,14
25964,Icey,2016-11-17 00:00:00.000,7,NULL,76.8571,8,77.8989,21
6732,Rise & Shine,2017-01-13 00:00:00.000,27,2,60.3000,11,72.9277,22
24863,Wasteland 3,2020-08-27 00:00:00.000,25,29,87.1111,12,82.0126,65
1468,Sin & Punishment: Star Successor,2009-10-29 00:00:00.000,8,NULL,82.3333,9,83.3874,19
2580,Dragon Ball Z: Taiketsu,2003-11-24 00:00:00.000,2,NULL,40.0000,1,20.0116,11
6422,Gunstar Super Heroes,2005-10-06 00:00:00.000,1,NULL,50.0000,1,79.8979,13
7422,King's Field,1994-12-16 00:00:00.000,2,NULL,75.0000,1,77.7661,13
22422,Sexy Beach 3,2006-09-29 00:00:00.000,50,NULL,NULL,NULL,71.6923,22
19961,Q.U.B.E: Director's Cut,2014-05-21 00:00:00.000,6,NULL,80.0000,5,70.6478,15
862,Sam & Max: Save the World,2007-07-18 00:00:00.000,10,NULL,82.2222,2,73.9434,41
25364,Heroes of Might and Magic IV: Complete Edition,2004-09-08 00:00:00.000,1,NULL,NULL,NULL,81.6263,11
9282,Messiah,2000-03-31 00:00:00.000,8,NULL,NULL,NULL,75.8647,11
135451,Crash Bandicoot: Warped,2017-06-30 00:00:00.000,1,NULL,NULL,NULL,80.5858,16
5716,Advent Rising,2005-05-31 00:00:00.000,10,NULL,68.7500,5,79.6423,21
116156,Solar Ash,2021-12-02 00:00:00.000,5,24,81.8571,10,72.3137,12
9817,Dark Fall,2002-06-19 00:00:00.000,6,NULL,62.0000,2,77.7654,11
5622,Anachronox,2001-06-27 00:00:00.000,9,NULL,70.0000,1,76.4203,29
86148,Celeste Classic,2015-08-10 00:00:00.000,2,NULL,NULL,NULL,79.8400,15
6176,Still Life 2,2009-04-03 00:00:00.000,8,NULL,NULL,NULL,54.9483,25
11679,Lula: The Sexy Empire,1998-12-31 00:00:00.000,15,NULL,80.0000,1,70.0312,20
5523,Reus,2013-05-16 00:00:00.000,9,NULL,75.0000,6,63.5993,35
10,Jade Empire: Special Edition,2007-02-27 00:00:00.000,37,NULL,80.0000,3,80.4809,65
2614,Constructor,1997-12-31 00:00:00.000,8,NULL,NULL,NULL,78.7043,15
79,Stubbs the Zombie in Rebel Without a Pulse,2005-10-18 00:00:00.000,14,NULL,62.5000,6,72.5014,32
4591,Yoshi's New Island,2014-03-13 00:00:00.000,4,2,63.0769,14,60.3250,17
7025,Jurassic Park: The Game,2011-11-15 00:00:00.000,8,NULL,61.2500,4,69.4609,43
96027,Red Faction: Guerrilla Re-Mars-tered,2018-07-03 00:00:00.000,2,NULL,68.2857,7,66.7671,13
7405,Everybody's Gone to the Rapture,2015-08-11 00:00:00.000,52,7,78.8182,14,73.0142,152
10917,Skullmonkeys,1998-01-31 00:00:00.000,2,NULL,NULL,NULL,84.6762,11
5126,Rogue Trooper,2006-04-21 00:00:00.000,11,NULL,76.0000,4,79.9750,26
46986,StarCraft II: Trilogy,2015-12-31 00:00:00.000,1,NULL,NULL,NULL,91.5007,23
7628,The NewZealand Story,1988-08-01 00:00:00.000,8,NULL,NULL,NULL,77.0274,21
14986,Legend of Mana,1999-07-15 00:00:00.000,12,NULL,NULL,NULL,80.5543,36
78536,Beholder 2,2018-10-22 00:00:00.000,6,2,89.6667,3,77.4707,22
113512,What Never Was,2019-01-11 00:00:00.000,5,NULL,NULL,NULL,69.2933,21
797,Myst III: Exile,2001-05-07 00:00:00.000,13,NULL,NULL,NULL,87.5565,45
36952,Wolfenstein II: The New Colossus,2017-10-26 00:00:00.000,205,14,86.5455,27,82.1069,462
119313,Fall Guys,2020-08-04 00:00:00.000,289,3,76.6000,15,75.4752,359
2059,Yakuza,2005-12-08 00:00:00.000,26,NULL,76.6667,3,77.2563,57
951,Carmageddon II: Carpocalypse Now,1998-10-12 00:00:00.000,17,NULL,NULL,NULL,79.2120,75
4042,NFL Street 2,2004-12-22 00:00:00.000,2,NULL,77.5000,3,86.6951,16
97257,Tails Noir,2021-06-08 00:00:00.000,1,8,77.5000,4,68.2432,17
134583,Forspoken,2023-01-24 00:00:00.000,7,49,67.3333,10,61.6121,12
135450,Crash Bandicoot 2: Cortex Strikes Back,2017-06-30 00:00:00.000,1,NULL,NULL,NULL,82.9988,17
28059,Microsoft Solitaire Collection,2012-10-26 00:00:00.000,4,NULL,NULL,NULL,70.0670,13
54538,Magic: The Gathering Arena,2019-09-26 00:00:00.000,14,3,84.5000,5,75.6883,44
4127,Grandia,1997-12-18 00:00:00.000,24,NULL,NULL,NULL,77.2674,41
1913,Lost Planet: Extreme Condition,2006-12-21 00:00:00.000,12,NULL,74.2000,6,70.2694,78
660,Darkstone,1999-07-31 00:00:00.000,4,NULL,NULL,NULL,68.3940,15
4229,Viewtiful Joe,2003-06-26 00:00:00.000,13,NULL,90.0000,1,78.5367,46
7647,Yesterday,2012-03-22 00:00:00.000,6,NULL,67.5000,2,68.0073,29
5408,The Book of Unwritten Tales,2009-04-02 00:00:00.000,12,NULL,50.0000,1,80.5897,45
721,Freedom Force vs. The 3rd Reich,2005-03-08 00:00:00.000,5,NULL,97.0000,1,88.7426,13
74159,Forza Horizon 2 Presents Fast & Furious,2015-03-27 00:00:00.000,5,NULL,NULL,NULL,79.9062,11
812,NFL Blitz,1997-11-01 00:00:00.000,1,NULL,80.0000,1,79.8595,12
116685,Heave Ho,2019-08-29 00:00:00.000,1,2,80.0000,2,72.9295,16
27994,Blossom Tales: The Sleeping King,2017-03-28 00:00:00.000,6,NULL,79.7500,5,79.9467,12
7610,Game of Thrones: A Telltale Games Series,2014-12-02 00:00:00.000,95,1,75.0196,59,70.2241,300
21074,Shin Megami Tensei,1992-10-30 00:00:00.000,12,NULL,70.0000,1,70.5703,26
313,SWAT 3: Close Quarters Battle,1999-11-23 00:00:00.000,10,NULL,NULL,NULL,80.8151,25
9694,Danganronpa 2: Goodbye Despair,2012-07-26 00:00:00.000,41,NULL,85.0000,10,83.5886,194
7574,FIFA 15,2014-09-23 00:00:00.000,70,2,81.4667,14,72.3216,240
5540,Moebius: Empire Rising,2014-04-15 00:00:00.000,4,2,50.0000,3,79.9613,11
107927,The Longing,2020-03-05 00:00:00.000,1,NULL,70.0000,1,69.3745,11
21760,Metal Slug XX,2010-03-23 00:00:00.000,3,NULL,73.0000,3,76.9072,18
84972,Ace Attorney Investigations 2,2011-02-03 00:00:00.000,2,NULL,NULL,NULL,90.1179,30
3025,Middle-earth: Shadow of Mordor,2014-09-30 00:00:00.000,401,17,83.8889,20,80.1795,1096
6936,Child of Eden,2011-06-14 00:00:00.000,4,NULL,80.5000,8,63.0682,15
119422,eFootball PES 2020,2019-09-10 00:00:00.000,21,2,77.4286,10,69.5617,53
40263,Jump Ultimate Stars,2006-11-23 00:00:00.000,2,NULL,NULL,NULL,79.9757,12
2707,Mario & Sonic at the Olympic Winter Games,2009-10-13 00:00:00.000,7,NULL,74.0000,6,68.8808,25
7083,Ultima IX: Ascension,1999-11-24 00:00:00.000,1,NULL,50.0000,1,74.8205,13
7592,Space Rangers,2002-12-20 00:00:00.000,5,NULL,90.0000,1,87.8783,19
18366,Sniper Elite 4,2017-02-13 00:00:00.000,64,9,76.2105,23,73.0841,126
26165,Marvel's Guardians of the Galaxy: The Telltale Series,2017-04-18 00:00:00.000,36,4,69.0250,6,70.4340,68
1570,Jet Set Radio Future,2002-02-22 00:00:00.000,15,NULL,77.7500,4,83.4190,50
15894,Hearts of Iron IV,2016-06-06 00:00:00.000,44,1,83.8333,7,79.4070,115
5857,Guilty Gear Isuka,2003-12-17 00:00:00.000,NULL,NULL,NULL,NULL,58.7806,11
1385,War of the Roses,2012-10-02 00:00:00.000,3,NULL,79.4000,6,43.8607,13
19561,Days Gone,2019-04-26 00:00:00.000,304,131,74.6875,20,80.1903,328
2918,Crusader Kings II,2012-02-03 00:00:00.000,72,NULL,83.5000,2,85.1177,188
11393,Chaos;Child,2014-12-18 00:00:00.000,4,NULL,81.6667,6,83.8718,13
75184,Superflight,2017-11-08 00:00:00.000,9,NULL,NULL,NULL,70.7574,19
19600,A King's Tale: Final Fantasy XV,2016-09-30 00:00:00.000,3,NULL,59.5000,2,69.9379,13
113905,Catherine Classic,2019-01-10 00:00:00.000,4,NULL,80.0000,1,77.2643,27
1117,Haunted Castle,1987-12-26 00:00:00.000,1,NULL,NULL,NULL,60.8158,12
1798,Sly Cooper and the Thievius Raccoonus,2002-09-23 00:00:00.000,43,NULL,82.5000,2,80.2542,136
217554,Octopath Traveler II,2023-02-24 00:00:00.000,1,2,89.3333,9,89.9574,15
8708,Uninvited,1986-12-31 00:00:00.000,2,NULL,NULL,NULL,68.7582,12
6814,The King of Dragons,1991-08-05 00:00:00.000,1,NULL,NULL,NULL,80.0117,20
14788,SiN Episodes: Emergence,2006-04-03 00:00:00.000,3,NULL,75.0000,3,73.0830,19
26926,Miitopia,2016-12-08 00:00:00.000,NULL,NULL,63.1818,10,74.3601,15
11227,Trials of Mana,1995-09-30 00:00:00.000,10,NULL,NULL,NULL,86.9277,38
11147,Rare Replay,2015-08-04 00:00:00.000,12,1,86.8571,15,78.0732,20
2640,Halo: Combat Evolved Anniversary,2011-11-15 00:00:00.000,62,NULL,80.0000,8,81.2539,168
5447,Stonehearth,2013-12-30 00:00:00.000,23,17,NULL,NULL,74.3434,16
13447,Bruce Lee,1984-09-01 00:00:00.000,3,NULL,NULL,NULL,79.3467,14
152064,Jurassic World Evolution 2,2021-11-09 00:00:00.000,1,1,72.4000,8,70.7099,16
8593,The Legend of Zelda: Majora's Mask 3D,2015-02-12 00:00:00.000,57,1,91.1538,14,90.4685,137
1655,Final Fight,1989-11-25 00:00:00.000,28,NULL,NULL,NULL,79.9988,119
18221,Kirby: Planet Robobot,2016-04-28 00:00:00.000,11,NULL,82.2667,16,88.0774,37
1443,Fire Emblem: Awakening,2012-04-19 00:00:00.000,62,NULL,90.3000,12,86.6230,207
26840,Fire Emblem Echoes: Shadows of Valentia,2017-04-20 00:00:00.000,21,1,81.3333,10,85.0283,75
10628,Shrek SuperSlam,2005-10-25 00:00:00.000,4,NULL,57.6667,4,64.4580,15
5440,Kirby Triple Deluxe,2014-01-11 00:00:00.000,15,NULL,78.5455,11,84.9176,48
3752,Peggle 2,2013-12-09 00:00:00.000,8,NULL,80.6667,8,75.6248,29
11550,Endless Space 2,2017-05-18 00:00:00.000,30,5,80.1429,8,83.9976,46
3424,Blast Corps,1997-03-21 00:00:00.000,7,NULL,90.0000,1,75.1566,26
21863,Fire Emblem Fates: Conquest,2015-06-25 00:00:00.000,20,1,90.0000,5,82.0222,81
6886,Shin Megami Tensei IV,2013-05-23 00:00:00.000,21,NULL,85.8333,6,80.1589,59
3426,Body Harvest,1998-09-30 00:00:00.000,4,NULL,NULL,NULL,70.9039,12
5542,Tesla Effect: A Tex Murphy Adventure,2014-05-08 00:00:00.000,6,3,68.5000,3,79.0880,18
278,Runaway: A Road Adventure,2001-07-06 00:00:00.000,16,NULL,NULL,NULL,78.7758,51
77290,Call of Duty,2004-12-31 00:00:00.000,3,NULL,NULL,NULL,69.4558,20
15426,The King of Fighters '94,1994-08-25 00:00:00.000,15,NULL,NULL,NULL,65.9590,32
4606,Tiger Heli,1985-12-31 00:00:00.000,NULL,NULL,NULL,NULL,65.5429,11
2476,Luigi's Mansion: Dark Moon,2013-03-20 00:00:00.000,31,NULL,81.2500,14,78.7107,88
23913,Dragon Quest VII: Fragments of the Forgotten Past,2013-02-07 00:00:00.000,5,NULL,80.5000,15,79.8796,11
1100,Donkey Kong Country Returns,2010-11-21 00:00:00.000,47,NULL,86.0000,9,82.5345,161
8978,Jetpack Joyride,2011-09-01 00:00:00.000,16,NULL,67.0000,3,73.5397,67
20426,Gran Turismo,2009-10-01 00:00:00.000,1,NULL,71.6667,3,66.5281,20
120170,Solasta: Crown of the Magister,2020-10-20 00:00:00.000,2,4,77.5000,2,73.2160,14
5295,WWE '13,2012-10-30 00:00:00.000,11,NULL,73.3333,8,75.3376,31
102163,Dawn of Man,2019-03-01 00:00:00.000,10,2,70.0000,1,71.5436,34
103222,Totally Accurate Battlegrounds,2018-06-05 00:00:00.000,7,NULL,NULL,NULL,59.1679,15
93620,Minecraft: PlayStation 4 Edition,2014-09-04 00:00:00.000,4,NULL,NULL,NULL,75.9732,11
22816,Red Dead Redemption: Game of the Year Edition,2011-10-10 00:00:00.000,4,1,NULL,NULL,74.2440,14
3976,The Maw,2009-01-21 00:00:00.000,3,1,78.0000,4,67.2909,13
27857,Assassin's Creed II: Deluxe Edition,2010-03-05 00:00:00.000,5,NULL,NULL,NULL,94.6425,16
988,Halo Wars,2009-02-26 00:00:00.000,21,NULL,70.0000,7,74.0646,122
97690,Paratopic,2018-03-15 00:00:00.000,1,NULL,NULL,NULL,77.9802,17
11238,"Cook, Serve, Delicious!",2012-10-05 00:00:00.000,11,NULL,NULL,NULL,83.7597,32
19121,Guacamelee!: Gold Edition,2013-08-08 00:00:00.000,10,NULL,94.0000,2,89.8466,24
152257,Wartales,2021-12-01 00:00:00.000,2,3,83.0000,1,79.9712,14
55090,Yakuza Kiwami 2,2017-12-07 00:00:00.000,20,1,85.8182,12,85.8651,102
11057,WWE 2K16,2015-10-27 00:00:00.000,11,NULL,66.4545,13,70.0290,39
5210,Tales of Symphonia: Dawn of the New World,2008-06-26 00:00:00.000,11,NULL,65.0000,3,67.7830,40
5050,Nancy Drew: The White Wolf of Icicle Creek,2007-06-07 00:00:00.000,1,NULL,70.0000,1,70.0080,11
15427,The King of Fighters '95,1995-07-25 00:00:00.000,6,NULL,63.0000,2,70.1805,43
8862,Guacamelee! Super Turbo Championship Edition,2014-07-01 00:00:00.000,42,NULL,86.3333,6,81.6291,109
126212,Trepang2,2023-06-21 00:00:00.000,NULL,4,83.5000,2,94.8729,11
5867,Jade Empire,2005-04-12 00:00:00.000,63,NULL,82.5000,3,78.5896,102
115309,Suzerain,2020-12-04 00:00:00.000,3,2,72.0000,1,80.1513,17
726,Ghost Master,2003-05-23 00:00:00.000,3,NULL,67.0000,3,67.7285,21
111469,Among Us,2018-06-15 00:00:00.000,78,NULL,81.7500,9,72.5174,324
6064,Ape Escape 3,2005-07-14 00:00:00.000,5,NULL,63.3333,5,78.6123,18
83368,Mindustry,2017-10-17 00:00:00.000,2,NULL,NULL,NULL,70.2592,11
4429,Road Rash II,1992-12-01 00:00:00.000,6,NULL,NULL,NULL,78.9586,31
1249,Tekken Tag Tournament,1999-07-01 00:00:00.000,21,NULL,NULL,NULL,81.0194,113
70166,Ys: Book I & II,1989-12-21 00:00:00.000,3,NULL,NULL,NULL,88.9428,15
119387,No More Heroes III,2021-08-27 00:00:00.000,3,5,69.4000,8,77.0677,14
27167,Touhou Fuujinroku: Mountain of Faith,2007-08-17 00:00:00.000,3,NULL,NULL,NULL,79.9112,13
9539,Out There,2014-02-27 00:00:00.000,7,NULL,80.0000,1,75.5286,12
2158,The Urbz: Sims in the City,2004-11-09 00:00:00.000,3,NULL,47.5000,3,70.5012,25
19539,Forza Horizon 3,2016-09-27 00:00:00.000,91,10,88.9615,28,83.6233,138
3817,TMNT,2007-03-13 00:00:00.000,10,NULL,52.7500,2,60.8968,36
1817,Dragon Quest VI: Realms of Revelation,2010-01-28 00:00:00.000,8,NULL,83.0000,4,75.9673,19
10388,Legends of Eisenwald,2015-07-02 00:00:00.000,3,NULL,67.5000,2,65.7639,12
9795,Pixel Dungeon,2012-12-04 00:00:00.000,7,1,NULL,NULL,79.3966,12
7817,Nebulus,1987-12-31 00:00:00.000,1,NULL,90.0000,1,79.4828,11
163,Star Wars: Rogue Squadron,1998-11-17 00:00:00.000,21,NULL,NULL,NULL,78.8826,97
14247,Super Smash Flash 2,2017-05-29 00:00:00.000,3,NULL,NULL,NULL,78.9369,12
732,Grand Theft Auto: San Andreas,2004-10-26 00:00:00.000,996,2,93.1429,7,90.5720,2769
1077,Super Mario Galaxy,2007-11-01 00:00:00.000,228,NULL,98.7500,5,88.7249,923
79335,Double Dragon III: The Sacred Stones,1990-12-31 00:00:00.000,1,NULL,NULL,NULL,71.9288,24
728,Grand Prix 2,1996-08-30 00:00:00.000,6,NULL,NULL,NULL,87.8982,11
230,StarCraft,1998-03-31 00:00:00.000,320,NULL,NULL,NULL,88.7136,928
4885,Geometry Wars,2003-11-17 00:00:00.000,6,NULL,NULL,NULL,84.8516,14
8000,TOCA Championship Racing,1997-11-01 00:00:00.000,3,NULL,NULL,NULL,72.5313,13
231,Half-Life,1998-11-19 00:00:00.000,797,NULL,80.0000,1,88.8875,2113
3337,Excitebike 64,2000-04-30 00:00:00.000,2,NULL,NULL,NULL,73.5291,15
3069,Forza Motorsport 3,2009-10-22 00:00:00.000,24,NULL,90.4000,7,80.0079,58
95340,PUBG Mobile,2018-03-19 00:00:00.000,39,NULL,87.0000,1,62.5932,83
113345,Nier: Automata - Game of the Yorha Edition,2019-02-21 00:00:00.000,3,1,0.0000,2,92.1289,37
233,Half-Life 2,2004-11-16 00:00:00.000,903,NULL,91.0000,8,90.7915,2487
434,Red Dead Redemption,2010-05-18 00:00:00.000,615,NULL,91.8000,13,89.4077,1739
33049,Mandagon,2016-08-03 00:00:00.000,4,NULL,NULL,NULL,64.3748,20
733,Grand Theft Auto: Vice City,2002-10-27 00:00:00.000,779,1,94.0000,6,87.6897,2187
126,Diablo II,2000-06-29 00:00:00.000,348,NULL,90.0000,2,88.3436,1126
501,Batman: Arkham City,2011-10-18 00:00:00.000,621,NULL,91.2000,13,87.1133,1959
15457,Ys: Memories of Celceta,2012-09-27 00:00:00.000,7,NULL,81.2222,11,79.8092,29
7882,Madden NFL 15,2014-08-26 00:00:00.000,2,NULL,82.5000,13,70.0112,12
9553,Xenoblade Chronicles 3D,2015-04-02 00:00:00.000,15,NULL,86.3636,12,80.0222,8
181,Grim Fandango,1998-10-28 00:00:00.000,162,NULL,NULL,NULL,85.7629,332
4711,Bee Movie Game,2007-10-30 00:00:00.000,5,NULL,51.6000,6,54.9472,12
245,Command & Conquer: Red Alert 2,2000-10-25 00:00:00.000,144,NULL,90.0000,1,87.1851,333
18711,Superman,1979-12-31 00:00:00.000,2,NULL,NULL,NULL,30.2689,13
28403,ISS Pro Evolution,1999-05-11 00:00:00.000,3,NULL,NULL,NULL,70.7840,15
118171,Missed Messages.,2019-05-01 00:00:00.000,NULL,NULL,NULL,NULL,63.0982,23
130,Warcraft II: Tides of Darkness,1995-12-09 00:00:00.000,115,NULL,92.5000,1,85.4617,309
5749,Black,2006-02-24 00:00:00.000,22,NULL,70.7500,6,76.6216,69
910,Tom Clancy's Splinter Cell,2002-11-12 00:00:00.000,116,NULL,84.5556,9,82.9672,327
2943,Scribblenauts Unlimited,2012-11-13 00:00:00.000,27,NULL,72.2000,11,72.3478,95
2670,Guitar Hero II,2006-11-07 00:00:00.000,30,NULL,91.6000,6,82.7575,130
1048,Hitman: Blood Money,2006-05-26 00:00:00.000,155,1,80.3333,4,83.5597,440
2671,Guitar Hero III: Legends of Rock,2007-10-28 00:00:00.000,69,NULL,83.6667,7,83.9981,302
18997,Kathy Rain,2016-05-05 00:00:00.000,19,NULL,81.0000,3,79.0533,42
6245,Worms Forts: Under Siege,2004-11-19 00:00:00.000,9,NULL,40.0000,1,75.2470,20
74531,Deiland,2018-03-01 00:00:00.000,2,NULL,NULL,NULL,56.3449,16
1799,Sly 2: Band of Thieves,2004-09-14 00:00:00.000,38,NULL,80.0000,4,83.2613,123
11758,Onimusha 3: Demon Siege,2004-02-26 00:00:00.000,19,NULL,82.0000,4,84.5001,69
2144,TimeSplitters: Future Perfect,2005-03-21 00:00:00.000,27,NULL,80.0000,2,84.9510,74
942,World of Goo,2008-10-13 00:00:00.000,83,NULL,86.7500,5,79.7246,262
128798,Sonic Generations,2011-11-24 00:00:00.000,NULL,NULL,NULL,NULL,69.0992,11
549,God of War,2005-03-22 00:00:00.000,300,NULL,93.3333,4,84.2990,852
5761,Burnout 3: Takedown,2004-09-07 00:00:00.000,48,NULL,93.0000,5,83.1705,160
133917,Metal Gear,1987-12-22 00:00:00.000,NULL,NULL,NULL,NULL,75.4981,12
26950,Marvel's Avengers,2020-09-04 00:00:00.000,140,168,72.7692,17,61.7186,112
8372,Orcs Must Die! 2,2012-07-30 00:00:00.000,23,NULL,82.2500,4,74.9260,86
20509,Zuma Deluxe,2005-12-31 00:00:00.000,4,NULL,75.0000,2,77.5636,27
2355,Orcs Must Die!,2011-10-05 00:00:00.000,22,NULL,86.2500,5,72.1050,85
334,Zoo Tycoon,2001-08-27 00:00:00.000,24,NULL,68.3333,6,77.9774,76
479,Metal Gear Solid 3: Subsistence,2005-12-22 00:00:00.000,101,NULL,97.5000,4,92.2244,223
11067,Jurassic Park,1993-10-01 00:00:00.000,4,NULL,40.0000,1,58.8886,23
125,Diablo,1996-12-31 00:00:00.000,155,NULL,NULL,NULL,83.7383,466
986,Halo 2,2004-11-09 00:00:00.000,150,NULL,80.6667,7,84.3527,535
42929,Batman: Arkham Knight - Game of the Year Edition,2016-09-05 00:00:00.000,3,NULL,NULL,NULL,91.8434,17
5627,Nosgoth,2016-12-31 00:00:00.000,16,9,NULL,NULL,67.9253,20
3224,Loadout,2014-01-31 00:00:00.000,15,3,79.0000,4,59.9360,37
16605,Gears of War: Ultimate Edition,2015-08-25 00:00:00.000,43,NULL,77.7222,19,80.6526,92
19900,Disney's The Little Mermaid,1991-07-19 00:00:00.000,3,NULL,NULL,NULL,69.6636,22
2143,TimeSplitters 2,2002-10-09 00:00:00.000,31,NULL,95.0000,3,87.1212,107
19853,Duelyst,2016-08-23 00:00:00.000,6,1,82.1429,8,78.8933,13
20003,Killzone HD,2012-10-23 00:00:00.000,1,NULL,55.0000,2,60.6319,11
2685,Rock Band,2007-11-20 00:00:00.000,21,NULL,81.5000,6,81.5759,86
2973,The Lord of the Rings: The Return of the King,2003-10-31 00:00:00.000,57,NULL,75.0000,2,76.3956,208
2720,Bully,2006-10-17 00:00:00.000,60,1,91.7500,6,80.6955,251
1566,SoulCalibur III,2005-10-25 00:00:00.000,19,NULL,83.3333,3,79.7310,97
1246,Tekken 5,2004-09-01 00:00:00.000,53,NULL,90.0000,4,81.0773,208
1971,Manhunt,2003-11-18 00:00:00.000,47,NULL,71.6667,3,77.9406,157
5730,BlackSite: Area 51,2007-11-12 00:00:00.000,8,NULL,58.0000,4,63.2660,25
1448,Suikoden III,2002-07-11 00:00:00.000,11,1,85.0000,2,80.0255,17
12523,Faeria,2017-03-08 00:00:00.000,6,NULL,82.5000,5,78.6177,18
500,Batman: Arkham Asylum,2009-08-25 00:00:00.000,696,NULL,89.4000,8,85.8333,2128
3041,Shining Force,1992-03-20 00:00:00.000,11,NULL,NULL,NULL,80.0711,37
7448,Scott Pilgrim vs. the World: The Game,2010-08-10 00:00:00.000,11,NULL,80.6667,5,75.8921,42
1164,Tomb Raider,2013-03-04 00:00:00.000,661,NULL,84.6429,15,81.8933,1885
9448,TrackMania 2: Stadium,2013-06-20 00:00:00.000,11,NULL,80.0000,1,75.5625,22
82502,Data Wing,2017-08-16 00:00:00.000,2,NULL,NULL,NULL,85.3515,14
20586,Super Street Fighter IV: Arcade Edition,2010-12-16 00:00:00.000,3,NULL,82.0000,8,84.4602,21
621,Call of Duty,2003-10-29 00:00:00.000,191,NULL,86.6667,4,81.8275,644
18669,Enduro,1983-12-31 00:00:00.000,3,NULL,NULL,NULL,70.3609,13
18095,Icy Tower,2001-12-22 00:00:00.000,3,NULL,NULL,NULL,51.7621,15
8814,QWOP,2008-11-01 00:00:00.000,3,NULL,NULL,NULL,74.9469,12
529,Far Cry 3,2012-11-28 00:00:00.000,685,NULL,89.5333,16,83.8287,1733
548,Gears of War 2,2008-11-07 00:00:00.000,91,NULL,90.4000,6,83.7457,348
2164,The Neverhood,1996-10-31 00:00:00.000,30,NULL,NULL,NULL,89.2060,87
4122,Legacy of Kain: Soul Reaver,1999-08-16 00:00:00.000,43,NULL,NULL,NULL,80.6433,133
634,Sid Meier's Civilization II,1996-02-29 00:00:00.000,50,NULL,82.5000,2,88.1667,137
1879,Terraria,2011-05-16 00:00:00.000,169,NULL,81.0000,17,81.3863,671
94,Need for Speed: Porsche Unleashed,2000-01-22 00:00:00.000,48,NULL,NULL,NULL,82.1501,169
286,Quake II,1997-12-09 00:00:00.000,337,NULL,NULL,NULL,83.5211,249
8196,Microsoft Spider Solitaire,1998-06-25 00:00:00.000,14,NULL,NULL,NULL,70.4496,26
880,Resident Evil 2,1998-01-21 00:00:00.000,139,NULL,55.0000,3,83.7049,442
7120,NieR,2010-04-22 00:00:00.000,49,NULL,69.0000,9,80.7763,103
48939,Super Star Wars: Return of the Jedi,1994-06-22 00:00:00.000,3,NULL,NULL,NULL,73.0846,30
966,Resident Evil 3: Nemesis,1999-09-22 00:00:00.000,108,NULL,NULL,NULL,80.3510,346
67166,3D SexVilla 2: Ever-Lust,2002-04-20 00:00:00.000,17,1,NULL,NULL,50.7093,13
1185,Crash Bandicoot,1996-09-09 00:00:00.000,141,NULL,75.0000,1,80.7801,540
46194,Splatterhouse 3,1993-04-18 00:00:00.000,NULL,NULL,NULL,NULL,79.0201,11
5004,Metal Slug Anthology,2006-11-30 00:00:00.000,5,NULL,74.8000,6,80.7434,30
11208,NieR: Automata,2017-02-23 00:00:00.000,324,32,85.7200,30,91.4609,1029
7323,Rise of the Tomb Raider,2015-11-10 00:00:00.000,382,46,87.0400,27,81.5594,1012
1272,SimCity,1989-10-03 00:00:00.000,24,NULL,58.7500,0,85.8573,111
39239,Smash Hit,2014-03-05 00:00:00.000,2,NULL,NULL,NULL,74.5056,13
196,Outlaws,1997-03-31 00:00:00.000,11,NULL,NULL,NULL,83.2002,35
152242,A Plague Tale: Requiem,2022-10-18 00:00:00.000,7,21,85.5000,9,84.9639,112
15432,The King of Fighters 2001,2001-11-15 00:00:00.000,5,NULL,87.0000,1,66.4197,28
23695,Sonic Adventure DX: Director's Cut,2003-06-17 00:00:00.000,8,1,53.5000,2,66.6132,65
7357,Parasite Eve,1998-03-29 00:00:00.000,23,NULL,60.0000,2,83.6397,86
4116,Syphon Filter 2,2000-03-14 00:00:00.000,24,NULL,NULL,NULL,80.3463,64
1597,Gran Turismo 2,1999-12-11 00:00:00.000,35,NULL,NULL,NULL,81.2649,158
111654,MLB The Show 19,2019-03-26 00:00:00.000,4,1,85.6000,6,79.7347,14
1186,Crash Bandicoot 2: Cortex Strikes Back,1997-10-31 00:00:00.000,100,NULL,NULL,NULL,83.1929,396
51577,Rise of Industry,2019-05-02 00:00:00.000,14,2,72.0000,2,56.9774,17
11570,Halo Wars 2,2017-02-21 00:00:00.000,30,11,76.7368,25,75.4871,41
7358,Parasite Eve II,1999-12-16 00:00:00.000,17,NULL,NULL,NULL,79.0795,67
23835,Absolute Drift: Zen Edition,2016-08-16 00:00:00.000,7,1,70.5000,2,61.8030,11
4000,MediEvil,1998-10-09 00:00:00.000,33,NULL,NULL,NULL,78.1202,109
6518,Disney's Chip 'n Dale Rescue Rangers 2,1993-12-10 00:00:00.000,10,NULL,NULL,NULL,78.5143,49
4401,Midnight Resistance,1989-12-31 00:00:00.000,4,NULL,NULL,NULL,79.4021,16
980,Grand Theft Auto,1997-10-21 00:00:00.000,114,NULL,80.0000,1,75.9840,386
1786,Mega Man Star Force 3: Black Ace,2008-11-13 00:00:00.000,1,NULL,NULL,NULL,89.4083,12
4115,Syphon Filter,1999-02-17 00:00:00.000,26,NULL,90.0000,1,79.0551,82
1307,Medal of Honor,1999-10-31 00:00:00.000,36,NULL,75.0000,1,77.5378,124
1608,Empire Earth II,2005-04-26 00:00:00.000,6,NULL,75.0000,4,69.4112,27
2180,Super Mario 3D World,2013-11-21 00:00:00.000,128,2,93.9286,16,84.8346,356
236,Myst,1993-09-24 00:00:00.000,48,NULL,54.7500,4,75.9730,134
241,Counter-Strike,2000-11-09 00:00:00.000,119,NULL,70.0000,2,83.4030,527
1150,Broken Sword: The Smoking Mirror,1997-10-17 00:00:00.000,53,NULL,NULL,NULL,83.6771,137
7519,SimTower,1994-11-01 00:00:00.000,2,1,NULL,NULL,65.2808,16
4519,Jurassic Park,1993-08-26 00:00:00.000,10,NULL,NULL,NULL,83.8456,40
41888,Battlefield 3: Premium Edition,2012-09-11 00:00:00.000,2,NULL,NULL,NULL,95.5992,21
222095,Super Mario Bros.,1993-07-14 00:00:00.000,2,NULL,NULL,NULL,92.7125,29
3445,Bomberman,1985-12-20 00:00:00.000,17,NULL,57.5000,0,71.7236,85
20192,Contra: Hard Corps,1994-08-08 00:00:00.000,7,NULL,NULL,NULL,86.5691,58
127350,Weird West,2022-03-31 00:00:00.000,1,13,67.8000,7,79.8224,15
602,Arx Fatalis,2002-06-28 00:00:00.000,13,NULL,77.5000,3,78.3088,46
5519,Cannon Fodder,1993-12-01 00:00:00.000,14,NULL,NULL,NULL,83.1966,45
2162,Zombies Ate My Neighbors,1993-09-24 00:00:00.000,21,NULL,NULL,NULL,82.1159,81
7228,UFC Undisputed 2010,2010-05-25 00:00:00.000,5,NULL,80.0000,7,73.9087,11
6480,Disney's The Jungle Book,1994-07-01 00:00:00.000,14,NULL,70.0000,1,83.1494,45
3048,The Order: 1886,2015-02-20 00:00:00.000,69,11,62.5000,14,69.0410,208
1533,Daxter,2006-03-14 00:00:00.000,12,NULL,89.5000,3,79.6068,55
19958,J-Stars Victory Vs+,2015-06-24 00:00:00.000,3,NULL,67.0000,6,58.3279,12
4152,Skies of Arcadia Legends,2002-12-26 00:00:00.000,1,NULL,80.0000,1,90.1814,20
7573,Clu Clu Land,1984-11-28 00:00:00.000,1,NULL,NULL,NULL,63.2511,21
6798,Desert Strike: Return to the Gulf,1992-02-01 00:00:00.000,12,NULL,NULL,NULL,82.0373,43
7550,Lunar Pool,1985-06-01 00:00:00.000,2,NULL,NULL,NULL,79.8085,15
6564,Rock n' Roll Racing,1993-06-04 00:00:00.000,16,NULL,80.0000,1,83.0013,60
19007,Skies of Arcadia,2000-10-05 00:00:00.000,12,NULL,90.0000,1,86.3761,33
19450,Serial Cleaner,2017-07-11 00:00:00.000,13,1,73.3333,8,69.2840,30
4391,Vectorman 2,1996-11-15 00:00:00.000,3,NULL,NULL,NULL,79.0548,16
39034,Assassin's Creed: Origins - Deluxe Edition,2017-10-27 00:00:00.000,7,NULL,NULL,NULL,89.8759,15
1092,Donkey Kong Country 2: Diddy's Kong Quest,1995-11-21 00:00:00.000,90,NULL,70.0000,0,89.1514,310
8775,Micro Machines 2: Turbo Tournament,1994-11-01 00:00:00.000,9,NULL,NULL,NULL,84.4396,26
42581,Skyblazer,1994-01-01 00:00:00.000,1,NULL,NULL,NULL,75.7952,12
23873,Ikenfell,2020-10-08 00:00:00.000,7,4,90.0000,2,78.0002,14
8118,Disney's Aladdin,1993-11-11 00:00:00.000,35,NULL,80.0000,1,82.1847,133
5179,Spider-Man: Edge of Time,2011-10-04 00:00:00.000,12,NULL,69.6667,8,62.9015,24
4167,Spy Hunter,1982-12-31 00:00:00.000,4,NULL,80.0000,1,79.6846,30
1744,Mega Man X4,1997-08-01 00:00:00.000,22,NULL,NULL,NULL,84.2142,109
1591,ZombiU,2012-11-18 00:00:00.000,11,NULL,77.7000,11,72.5038,32
1540,Wipeout 3,1999-09-08 00:00:00.000,7,NULL,NULL,NULL,80.1189,12
1906,Gone Home,2013-08-15 00:00:00.000,144,NULL,73.8000,16,74.2874,465
741,Hearts of Iron III,2009-08-07 00:00:00.000,8,NULL,80.0000,1,89.4428,28
20113,Jak and Daxter Collection,2012-02-07 00:00:00.000,10,NULL,76.0000,6,84.4658,15
2913,Leisure Suit Larry: Magna Cum Laude,2004-10-05 00:00:00.000,1,NULL,70.2500,5,62.7127,30
2684,Mercenaries 2: World in Flames,2008-08-31 00:00:00.000,13,NULL,69.6000,7,62.4646,42
6638,Wheelman,2009-03-24 00:00:00.000,7,NULL,64.6667,8,60.9292,22
9110,Odin Sphere,2007-05-17 00:00:00.000,13,NULL,80.0000,4,79.4186,15
121531,Gamedec,2021-09-16 00:00:00.000,4,14,72.0000,4,70.5448,11
3161,One Piece: Pirate Warriors,2012-03-01 00:00:00.000,4,NULL,80.0000,2,69.6250,18
5082,Divinity: Original Sin,2014-06-30 00:00:00.000,61,3,86.5556,11,84.8109,183
1225,Kingdom Hearts Re:coded,2010-10-07 00:00:00.000,9,NULL,68.5000,5,71.1751,50
7161,Rise of the Argonauts,2008-12-16 00:00:00.000,11,NULL,60.0000,3,72.1933,26
5231,Tony Hawk's Downhill Jam,2006-11-14 00:00:00.000,3,NULL,60.6250,8,54.3328,13
125110,Grimm's Hollow,2019-10-31 00:00:00.000,NULL,NULL,NULL,NULL,79.1365,17
3111,Soldier of Fortune,2000-02-29 00:00:00.000,26,NULL,90.0000,1,74.0817,101
9495,Squad,2020-09-23 00:00:00.000,44,6,82.5000,2,83.1308,57
9924,Sins of a Solar Empire: Rebellion,2012-06-12 00:00:00.000,9,NULL,85.3333,4,80.1965,16
3082,Dear Esther,2012-02-14 00:00:00.000,41,NULL,72.2500,4,71.2652,154
5808,Darkwatch,2005-08-16 00:00:00.000,8,NULL,69.0000,4,75.8991,18
705,FIFA: Road to World Cup 98,1997-11-30 00:00:00.000,23,NULL,NULL,NULL,83.5391,86
3633,WCW Mayhem,1999-08-31 00:00:00.000,3,NULL,NULL,NULL,59.0497,12
18041,Doritos Crash Course,2010-12-08 00:00:00.000,7,NULL,NULL,NULL,75.7638,24
537,Assassin's Creed Revelations,2011-11-14 00:00:00.000,298,NULL,81.7143,10,76.9942,977
55678,Door Kickers: Action Squad,2018-09-10 00:00:00.000,4,2,82.5000,4,77.3414,15
2569,Dragon Ball Z: Burst Limit,2008-06-05 00:00:00.000,5,NULL,72.0000,4,48.5002,21
5618,Hell Yeah! Wrath of the Dead Rabbit,2012-09-25 00:00:00.000,7,NULL,73.6667,6,66.5783,23
133330,BPM: Bullets Per Minute,2020-09-15 00:00:00.000,3,NULL,78.2500,5,75.0606,12
9161,X-Men 2: Clone Wars,1995-12-31 00:00:00.000,NULL,NULL,NULL,NULL,60.2721,13
5451,Snatcher,1992-10-23 00:00:00.000,11,NULL,NULL,NULL,79.9753,21
102122,Madden NFL 19,2018-08-10 00:00:00.000,8,1,80.8889,10,69.9066,16
64,Tales of Monkey Island,2009-07-07 00:00:00.000,23,NULL,80.0000,1,77.2886,65
3583,Rampage 2: Universal Tour,1999-03-31 00:00:00.000,3,NULL,42.0000,2,59.6453,17
9331,Worms,1995-10-31 00:00:00.000,27,NULL,80.0000,2,77.2085,150
1919,Deadpool,2013-06-25 00:00:00.000,40,1,70.2308,16,70.1808,161
46745,Minecraft: Pocket Edition,2012-09-13 00:00:00.000,18,NULL,NULL,NULL,70.7185,35
10877,Sniper Elite: Nazi Zombie Army 2,2013-10-31 00:00:00.000,4,NULL,NULL,NULL,67.2644,12
43492,Need for Speed: Most Wanted - Black Edition,2005-12-15 00:00:00.000,1,NULL,NULL,NULL,87.8788,12
94969,Mark of the Ninja Remastered,2018-10-09 00:00:00.000,11,1,NULL,NULL,81.0077,35
26951,Pillars of Eternity II: Deadfire,2018-05-08 00:00:00.000,41,5,85.1429,16,82.0429,70
2354,Deadlight,2012-08-01 00:00:00.000,26,NULL,71.4286,9,68.9633,108
562,Tom Clancy's Splinter Cell: Conviction,2010-04-13 00:00:00.000,96,NULL,85.2000,6,76.6185,272
25,X-COM: Terror From the Deep,1995-01-01 00:00:00.000,8,NULL,NULL,NULL,80.1646,31
145089,Nobody Saves the World,2022-01-18 00:00:00.000,3,3,85.8571,8,79.9843,33
114455,Pacify,2019-02-22 00:00:00.000,71,21,NULL,NULL,60.6252,56
9120,The Mark of Kri,2002-07-29 00:00:00.000,6,NULL,70.0000,1,79.7257,12
6698,Yu-Gi-Oh! World Championship Tournament 2004,2004-02-05 00:00:00.000,2,NULL,70.0000,2,81.2409,15
9232,Pirates! Gold,1993-12-31 00:00:00.000,2,NULL,NULL,NULL,89.7902,14
11525,NBA 2K16,2015-09-29 00:00:00.000,28,NULL,90.0000,5,75.8651,61
9651,Rory McIlroy PGA Tour,2015-06-01 00:00:00.000,2,1,62.5000,11,70.0000,1
46941,Ao Oni,2008-12-31 00:00:00.000,1,NULL,NULL,NULL,69.4395,34
3471,Doom 64,1997-04-04 00:00:00.000,15,NULL,77.0000,2,75.9791,64
1893,Hero's Quest: So You Want to Be a Hero,1989-10-01 00:00:00.000,5,NULL,NULL,NULL,79.9595,16
11270,The Cat Lady,2012-12-01 00:00:00.000,53,NULL,NULL,NULL,94.6251,119
95118,Last Epoch,2019-04-30 00:00:00.000,6,7,NULL,NULL,79.9653,13
14746,Batman: The Telltale Series,2016-08-02 00:00:00.000,122,16,75.1429,16,72.2712,302
22739,Uno,2016-08-16 00:00:00.000,7,NULL,52.5000,2,69.6113,34
27979,Kingdom Hearts HD 1.5 + 2.5 Remix,2017-03-09 00:00:00.000,16,NULL,84.5556,10,90.7148,42
3087,Broken Age,2014-01-28 00:00:00.000,54,3,76.5385,14,74.9862,151
13200,Planetbase,2015-10-16 00:00:00.000,15,NULL,75.0000,1,76.7237,24
19552,Grow Up,2016-08-16 00:00:00.000,11,3,68.5385,15,66.7399,22
20193,SCP: Containment Breach,2012-04-14 00:00:00.000,10,NULL,NULL,NULL,79.2196,18
2704,Just Dance,2009-11-17 00:00:00.000,2,NULL,30.0000,3,59.9168,12
75124,Cube Escape: The Lake,2015-04-29 00:00:00.000,1,NULL,NULL,NULL,67.3998,19
734,Ground Control,2000-06-01 00:00:00.000,3,NULL,90.0000,1,81.4740,15
1940,Driveclub,2014-10-07 00:00:00.000,45,13,77.2727,12,72.8776,85
7960,Angry Video Game Nerd Adventures,2013-09-20 00:00:00.000,7,NULL,76.6667,3,60.7344,21
8633,Alien Breed,1991-12-31 00:00:00.000,5,NULL,70.0000,1,79.8344,21
10194,Double Dragon 3: The Rosetta Stone,1990-12-31 00:00:00.000,4,NULL,NULL,NULL,53.9558,18
12055,Dragon Spirit,1987-06-20 00:00:00.000,1,NULL,NULL,NULL,68.6413,12
75125,Cube Escape: Arles,2015-06-01 00:00:00.000,1,NULL,NULL,NULL,67.8860,19
16748,Super Mario Advance 4: Super Mario Bros. 3,2003-07-11 00:00:00.000,16,NULL,90.0000,1,87.1098,36
18865,Assassin's Creed II: Discovery,2009-11-17 00:00:00.000,5,NULL,60.0000,1,59.2308,13
3011,Harry Potter and the Order of the Phoenix,2007-06-25 00:00:00.000,20,NULL,57.8750,9,66.6766,81
112660,Harry Potter and the Sorcerer's Stone,2001-11-16 00:00:00.000,1,NULL,NULL,NULL,79.8059,28
4906,Harry Potter and the Half-Blood Prince,2009-06-30 00:00:00.000,23,NULL,65.5714,9,69.2837,71
341,Harry Potter and the Sorcerer's Stone,2001-11-16 00:00:00.000,72,NULL,64.0000,1,73.4206,229
20609,Digimon World DS,2006-06-15 00:00:00.000,2,NULL,60.0000,1,79.6277,17
3943,Harry Potter and the Prisoner of Azkaban,2004-05-25 00:00:00.000,44,NULL,74.0000,6,76.3155,139
907,TOCA Race Driver 3,2006-02-24 00:00:00.000,10,NULL,83.3333,3,70.8246,21
27367,Yoku's Island Express,2018-05-29 00:00:00.000,24,2,84.5000,11,84.3527,78
8366,Sniper Elite III,2014-06-24 00:00:00.000,42,NULL,67.9167,13,71.3782,141
96159,Harry Potter and the Prisoner of Azkaban,2004-05-29 00:00:00.000,NULL,NULL,NULL,NULL,80.5880,15
27438,Blaster Master Zero,2017-03-03 00:00:00.000,5,NULL,82.5000,6,72.5955,21
132139,XCOM: Chimera Squad,2020-04-24 00:00:00.000,14,1,78.0000,12,71.5054,27
11793,Valkyrie Profile 2: Silmeria,2006-06-22 00:00:00.000,9,NULL,87.0000,3,79.9286,11
145838,F1 2021,2021-07-16 00:00:00.000,3,4,91.6667,7,79.7225,21
7868,I am Bread,2014-12-03 00:00:00.000,6,2,53.5714,7,53.4287,11
13154,Rage of Mages,1998-04-01 00:00:00.000,1,NULL,NULL,NULL,60.4850,14
1063,Kirby's Dream Land,1992-04-27 00:00:00.000,19,NULL,NULL,NULL,78.5249,132
8347,The Long Dark,2017-08-01 00:00:00.000,67,3,82.0000,8,76.5991,125
4156,Sonic Heroes,2003-12-30 00:00:00.000,22,NULL,61.6667,3,65.4972,174
6225,V-Rally: Championship Edition,1997-09-30 00:00:00.000,3,NULL,NULL,NULL,61.5294,14
1886,Homefront: The Revolution,2016-05-17 00:00:00.000,54,26,48.3182,25,63.1596,71
28086,Railway Empire,2018-01-26 00:00:00.000,16,4,85.0000,3,78.4391,24
34053,Nekopara Vol. 2,2016-02-19 00:00:00.000,5,NULL,NULL,NULL,68.1640,16
11789,Primal,2003-03-25 00:00:00.000,10,NULL,50.0000,2,79.9747,19
26676,Kingdom Hearts 0.2: Birth by Sleep - A Fragmentary Passage,2017-01-12 00:00:00.000,6,1,NULL,NULL,77.7318,28
6082,PaRappa the Rapper 2,2001-08-30 00:00:00.000,2,NULL,66.0000,2,76.1453,11
1509,Epic Mickey,2010-11-25 00:00:00.000,8,NULL,74.0000,9,75.9452,30
25776,One Night Stand,2016-10-20 00:00:00.000,2,NULL,NULL,NULL,69.8755,13
16998,Song of the Deep,2016-07-12 00:00:00.000,15,2,68.9412,20,75.6368,23
1329,Turok: Evolution,2002-08-28 00:00:00.000,4,NULL,50.0000,2,59.7729,26
8654,Adr1ft,2016-03-28 00:00:00.000,38,13,68.0833,13,82.9562,30
1766,Mega Man Network Transmission,2003-03-06 00:00:00.000,NULL,NULL,63.5000,2,61.3500,11
18150,Mortal Kombat XL,2016-03-01 00:00:00.000,23,1,88.0000,4,85.9312,78
3770,Evolve,2015-02-09 00:00:00.000,35,17,77.1765,19,60.1604,80
19457,The Elder Scrolls V: Skyrim - Special Edition,2016-10-27 00:00:00.000,128,10,81.6842,21,87.0993,295
26940,The Banner Saga 3,2018-07-26 00:00:00.000,12,2,87.0000,9,89.2592,44
1726,Mega Man & Bass,1998-04-24 00:00:00.000,7,NULL,NULL,NULL,70.2911,42
36616,They Are Billions,2017-12-13 00:00:00.000,26,6,75.7143,8,77.5340,45
152247,Redfall,2023-05-02 00:00:00.000,NULL,19,56.5000,11,37.8042,16
11291,Depth,2014-11-03 00:00:00.000,8,NULL,NULL,NULL,60.2842,16
520,F.E.A.R. 2: Project Origin,2009-02-10 00:00:00.000,78,NULL,76.0000,9,76.9946,223
27791,The Disney Afternoon Collection,2017-04-18 00:00:00.000,9,2,78.5385,15,80.0000,2
6930,Street Fighter,1987-08-30 00:00:00.000,8,NULL,NULL,NULL,57.3257,82
9520,SimAnt,1991-12-31 00:00:00.000,NULL,NULL,NULL,NULL,71.8490,21
1461,LocoRoco 2,2008-11-21 00:00:00.000,4,NULL,92.5000,5,84.5967,16
4758,D4: Dark Dreams Don't Die - Season 1,2014-09-19 00:00:00.000,16,NULL,78.8750,9,76.5405,29
184,Indiana Jones and the Fate of Atlantis,1992-06-01 00:00:00.000,140,NULL,NULL,NULL,90.5357,343
2323,Pokémon Mystery Dungeon: Explorers of Sky,2009-04-18 00:00:00.000,10,NULL,50.0000,3,83.2338,51
1223,Kingdom Hearts 358/2 Days,2009-05-30 00:00:00.000,26,NULL,76.7500,4,73.8881,103
7192,Star Ocean: The Last Hope,2009-02-19 00:00:00.000,7,NULL,77.2000,6,70.7446,15
10734,Horizon Chase,2015-08-20 00:00:00.000,6,NULL,NULL,NULL,71.3820,12
19334,Final Fantasy: Brave Exvius,2015-10-22 00:00:00.000,19,NULL,70.0000,2,89.9127,11
6063,Ape Escape 2,2002-07-18 00:00:00.000,4,NULL,77.6667,3,83.7400,29
4932,Indiana Jones and the Staff of Kings,2009-06-09 00:00:00.000,4,NULL,50.0000,5,66.6571,12
1976,Call of Juarez: Gunslinger,2013-05-21 00:00:00.000,81,NULL,74.6000,10,77.9676,253
1297,Tom Clancy's Ghost Recon: Jungle Storm,2004-03-12 00:00:00.000,3,NULL,64.0000,2,73.5086,11
4905,Harry Potter and the Deathly Hallows: Part 2,2011-07-12 00:00:00.000,16,NULL,20.0000,4,56.4457,28
191,Loom,1990-01-01 00:00:00.000,28,NULL,NULL,NULL,88.4744,70
5298,WWE SmackDown vs. Raw 2008,2007-11-09 00:00:00.000,9,NULL,64.1667,9,69.6539,40
4929,Impossible Mission,1984-12-31 00:00:00.000,3,NULL,100.0000,1,78.4957,20
14701,Pac-Man 256,2015-08-19 00:00:00.000,5,NULL,75.1000,10,85.9671,21
946,Football Manager 2008,2007-10-18 00:00:00.000,7,NULL,80.0000,3,80.2758,34
75140,Kards: The WWII Card Game,2020-04-15 00:00:00.000,3,1,NULL,NULL,77.3199,12
15537,Samorost 3,2016-03-14 00:00:00.000,23,4,79.0000,8,75.2343,61
27343,Full Metal Furies,2018-01-17 00:00:00.000,4,1,85.6667,7,79.0498,13
178282,Honkai: Star Rail,2023-04-26 00:00:00.000,NULL,NULL,90.0000,2,71.6076,44
119277,Genshin Impact,2020-09-28 00:00:00.000,75,19,83.2857,9,80.4720,307
11625,The Room,2012-09-19 00:00:00.000,46,NULL,85.0000,2,80.7569,156
19000,The Walking Dead: A New Frontier,2016-12-20 00:00:00.000,88,19,74.8596,15,70.5316,233
27217,Redeemer,2017-08-01 00:00:00.000,5,1,61.2500,6,70.2033,11
1042,Just Cause,2006-09-22 00:00:00.000,42,NULL,60.0000,3,63.0974,140
133807,Trackmania,2020-07-01 00:00:00.000,14,2,NULL,NULL,79.1629,43
9826,The Dream Machine,2012-05-11 00:00:00.000,6,NULL,NULL,NULL,70.3697,16
415,Final Fantasy: Mystic Quest,1992-10-05 00:00:00.000,9,NULL,NULL,NULL,75.4596,37
25326,Toontown Online,2003-06-02 00:00:00.000,4,NULL,NULL,NULL,75.2391,15
133942,Sonic Unleashed,2008-11-18 00:00:00.000,NULL,NULL,60.0000,2,21.4777,12
59,The Elder Scrolls IV: Oblivion,2006-03-20 00:00:00.000,482,NULL,94.2000,7,85.1186,1285
316,SWAT 4,2005-04-05 00:00:00.000,41,NULL,85.0000,3,86.2330,111
1754,Mega Man Legends 2,2000-04-20 00:00:00.000,6,1,80.0000,1,84.9667,21
9928,Dirt Rally,2015-12-07 00:00:00.000,48,4,84.7692,15,82.3139,109
6077,1941: Counter Attack,1990-02-01 00:00:00.000,2,NULL,NULL,NULL,64.2460,18
1714,Mega Man,1987-12-17 00:00:00.000,49,NULL,NULL,NULL,75.4201,241
8700,Little Fighter 2,1999-12-31 00:00:00.000,5,NULL,60.0000,0,80.0768,21
3656,Kirby's Dream Course,1994-09-21 00:00:00.000,6,NULL,70.0000,1,79.3500,33
2735,Balloon Fight,1985-01-22 00:00:00.000,13,NULL,69.0000,1,65.0507,85
4821,Drawn to Life,2007-09-10 00:00:00.000,1,NULL,77.5000,2,63.2291,16
7390,PlayStation All-Stars Battle Royale,2012-11-20 00:00:00.000,12,NULL,65.7143,8,65.0565,62
1219,Kingdom Hearts,2002-03-28 00:00:00.000,144,NULL,80.0000,4,82.3509,453
41420,Wrecking Crew,1985-05-26 00:00:00.000,4,NULL,NULL,NULL,59.9417,20
23306,Asphalt 8: Airborne,2013-08-22 00:00:00.000,77,3,NULL,NULL,72.8188,53
1168,Destruction Derby,1995-10-20 00:00:00.000,11,NULL,70.5000,2,78.2161,35
941,World in Conflict,2007-09-18 00:00:00.000,13,NULL,94.0000,5,82.1865,48
19261,Sonic Rush Adventure,2007-09-14 00:00:00.000,7,NULL,79.3333,3,71.3180,32
2607,Sonic Lost World,2013-10-18 00:00:00.000,11,2,58.0714,16,51.0034,42
144024,Final Fantasy VII Remake Intergrade,2021-06-10 00:00:00.000,7,2,92.6250,10,87.0497,25
19942,Stephen's Sausage Roll,2016-04-18 00:00:00.000,6,NULL,100.0000,3,33.0134,15
1438,Fire Emblem: The Binding Blade,2002-03-29 00:00:00.000,10,NULL,NULL,NULL,73.3314,40
132642,Super Mario 64: Shindou Pak Taiou Version,1997-07-18 00:00:00.000,2,NULL,NULL,NULL,93.0887,15
165192,The Elder Scrolls V: Skyrim - Anniversary Edition,2021-11-11 00:00:00.000,NULL,NULL,100.0000,2,98.6315,26
1765,Mega Man Battle Network 6: Cybeast Gregar,2005-11-23 00:00:00.000,2,NULL,NULL,NULL,79.3720,14
10561,Moto Racer 2,1998-08-31 00:00:00.000,2,NULL,NULL,NULL,84.1347,12
10089,Tengami,2014-10-27 00:00:00.000,3,NULL,50.0000,2,41.4682,14
25646,Don't Knock Twice,2017-08-28 00:00:00.000,21,NULL,NULL,NULL,62.9118,15
157446,NBA 2K22,2021-09-09 00:00:00.000,1,NULL,73.2857,9,57.9990,15
3516,International Superstar Soccer 64,1997-06-01 00:00:00.000,8,NULL,NULL,NULL,77.2830,24
18305,Clock Tower 3,2002-12-12 00:00:00.000,5,NULL,60.0000,2,42.2437,23
553,Spider-Man: Shattered Dimensions,2010-09-07 00:00:00.000,33,NULL,74.0000,13,71.7596,109
1319,Gears of War: Judgment,2013-03-19 00:00:00.000,24,NULL,76.6667,11,69.8367,112
20461,Tennis,1989-05-29 00:00:00.000,5,NULL,NULL,NULL,79.8215,22
115991,The Riftbreaker,2021-10-14 00:00:00.000,4,6,82.5000,2,71.8652,11
3666,Ice Climber,1985-01-30 00:00:00.000,19,NULL,NULL,NULL,66.7614,108
1114,Castlevania,1986-09-26 00:00:00.000,66,NULL,NULL,NULL,78.6395,273
19821,Captain Commando,1991-09-28 00:00:00.000,13,NULL,NULL,NULL,73.2665,48
1649,007 Legends,2012-10-16 00:00:00.000,7,NULL,45.7143,9,59.8220,17
138851,Not in the Groove,2011-03-01 00:00:00.000,10,1,NULL,NULL,96.5142,15
202279,Marvel Snap,2022-10-18 00:00:00.000,6,NULL,85.0000,3,78.5169,47
35282,CrossCode,2018-09-20 00:00:00.000,17,1,81.1250,8,96.7720,64
2272,No More Heroes,2007-12-06 00:00:00.000,25,NULL,81.0000,6,79.3808,104
6902,Theatrhythm Final Fantasy,2012-02-16 00:00:00.000,8,NULL,81.6667,6,79.8839,20
15928,Umihara Kawase,1994-12-23 00:00:00.000,2,NULL,95.0000,1,71.7402,11
90055,Carrion,2020-07-23 00:00:00.000,17,12,74.5556,11,77.2616,116
36872,Forza Motorsport 7,2017-10-03 00:00:00.000,35,4,86.1429,16,75.4016,48
132038,Maquette,2021-03-02 00:00:00.000,5,1,76.4286,9,70.8269,18
18812,Tales of Berseria,2016-08-18 00:00:00.000,51,1,82.1429,17,79.7252,102
7359,The 3rd Birthday,2010-12-22 00:00:00.000,3,NULL,76.0000,4,69.8073,21
119341,Pistol Whip,2019-11-07 00:00:00.000,2,NULL,87.0000,4,78.7200,16
4035,NBA Street,2001-06-18 00:00:00.000,5,NULL,88.0000,1,88.6548,19
4876,Disney G-Force,2009-07-21 00:00:00.000,3,NULL,100.0000,5,79.2946,14
952,NHL 12,2011-09-07 00:00:00.000,2,NULL,87.0000,6,79.9115,16
4260,Samurai Shodown,1993-07-07 00:00:00.000,8,NULL,43.0000,1,75.9339,39
5817,Driv3r,2004-06-21 00:00:00.000,20,NULL,51.0000,8,54.3419,71
194507,Moonscars,2022-09-27 00:00:00.000,2,6,65.6667,3,70.2037,11
1704,WarioWare: Twisted!,2004-10-14 00:00:00.000,3,NULL,90.0000,1,75.6657,18
5057,NBA 2K12,2011-10-04 00:00:00.000,9,NULL,84.1667,7,81.6319,39
5233,Top Spin 4,2011-03-15 00:00:00.000,4,NULL,73.7500,6,89.1800,17
4988,Madden NFL 13,2012-08-28 00:00:00.000,3,NULL,79.6923,13,69.0300,12
2528,Lands of Lore: The Throne of Chaos,1993-12-31 00:00:00.000,4,NULL,NULL,NULL,89.8802,12
130508,Kill It With Fire,2020-08-13 00:00:00.000,2,1,80.0000,1,60.4210,18
9720,Wizards & Warriors,1987-12-01 00:00:00.000,NULL,NULL,NULL,NULL,65.3202,12
4036,NBA Street Vol. 2,2003-04-28 00:00:00.000,7,NULL,85.0000,3,89.9857,30
4176,SSX Tricky,2001-11-05 00:00:00.000,15,NULL,93.3333,3,81.2363,52
7435,Heroes & Generals,2016-09-23 00:00:00.000,11,2,NULL,NULL,55.6477,35
39521,Real Bout Fatal Fury Special,1997-01-28 00:00:00.000,NULL,NULL,NULL,NULL,87.9516,15
6231,Sonic the Hedgehog,2006-11-14 00:00:00.000,13,NULL,30.0000,2,25.5802,102
121435,WWE 2K20,2019-10-22 00:00:00.000,6,NULL,44.5714,8,52.6463,15
4175,SSX,2000-10-26 00:00:00.000,13,NULL,82.2500,5,77.3728,31
9932,Stronghold Legends,2006-10-13 00:00:00.000,2,NULL,53.3333,3,78.6582,19
1382,Tony Hawk's Pro Skater HD,2012-07-18 00:00:00.000,4,NULL,58.5000,11,43.6146,19
4797,Dead Rising,2006-08-08 00:00:00.000,59,NULL,82.4000,8,73.8994,168
10373,Azure Striker Gunvolt,2014-08-20 00:00:00.000,3,NULL,95.0000,3,73.3331,20
134561,Alex Kidd in Miracle World DX,2021-06-22 00:00:00.000,NULL,1,62.0000,4,67.7198,11
8449,Felix the Cat,1992-10-01 00:00:00.000,4,NULL,NULL,NULL,79.8959,24
9179,Sword Coast Legends,2015-10-20 00:00:00.000,10,4,63.3333,10,69.4532,11
3020,Shadowrun Returns,2013-07-25 00:00:00.000,55,NULL,72.5000,11,75.6837,140
16989,Teenage Mutant Ninja Turtles: Mutants in Manhattan,2016-05-24 00:00:00.000,4,4,45.7692,14,50.8913,13
11987,.Hack//G.U. Vol. 1: Rebirth,2006-05-18 00:00:00.000,7,NULL,67.5000,2,88.4758,12
134072,Bright Memory,2020-03-25 00:00:00.000,4,NULL,52.5000,4,69.4187,25
2329,Mario Party 3,2000-12-07 00:00:00.000,22,NULL,NULL,NULL,75.5848,79
27033,Poochy & Yoshi's Woolly World,2017-01-19 00:00:00.000,2,NULL,80.0769,13,70.2815,7
142803,Diablo II: Resurrected,2021-09-22 00:00:00.000,21,10,80.4545,13,90.5938,56
7584,Star Trek Online,2010-02-02 00:00:00.000,12,NULL,67.5000,9,63.9791,29
16287,Slime Rancher,2016-01-14 00:00:00.000,38,NULL,77.6667,4,75.7198,153
10088,Hohokum,2014-08-12 00:00:00.000,11,NULL,71.8889,9,70.1543,21
18728,TrackMania,2003-11-21 00:00:00.000,12,NULL,81.0000,3,82.5485,28
2194,Punch-Out!!,2009-05-18 00:00:00.000,10,NULL,86.8000,6,85.1759,39
164664,Sekiro: Shadows Die Twice - GOTY Edition,2020-10-28 00:00:00.000,2,NULL,NULL,NULL,97.3655,26
11807,.Hack//Infection,2002-06-20 00:00:00.000,9,NULL,NULL,NULL,75.1941,20
19728,Huntdown,2020-05-12 00:00:00.000,5,3,82.0000,7,89.1657,20
8530,Friday the 13th,1989-02-01 00:00:00.000,NULL,NULL,NULL,NULL,54.6408,16
10906,Pokémon Super Mystery Dungeon,2015-09-17 00:00:00.000,13,1,72.8571,7,70.7225,38
320,S.T.A.L.K.E.R.: Shadow of Chernobyl,2007-03-20 00:00:00.000,103,NULL,80.0000,4,81.5114,332
8234,Die Hard Trilogy,1996-08-31 00:00:00.000,6,NULL,75.0000,1,65.5120,36
205624,Dr. Doe's Chemistry Quiz,2019-01-17 00:00:00.000,7,NULL,NULL,NULL,77.4324,19
109458,Katamari Damacy Reroll,2018-12-06 00:00:00.000,10,NULL,84.8571,10,84.2926,58
351,Battlefield 1943,2009-07-08 00:00:00.000,9,NULL,85.0000,7,71.6791,50
106274,Sonic the Hedgehog,1991-12-28 00:00:00.000,3,NULL,NULL,NULL,79.4860,31
1742,Mega Man X2,1994-12-16 00:00:00.000,23,NULL,NULL,NULL,83.2131,125
1436,Fire Emblem: Genealogy of the Holy War,1996-05-14 00:00:00.000,7,NULL,NULL,NULL,85.7262,36
7436,Temple Run 2,2013-01-17 00:00:00.000,8,NULL,85.0000,2,72.2036,43
26759,Arms,2017-06-16 00:00:00.000,17,4,77.6667,18,69.8824,49
121436,Sonic Robo Blast 2 Kart,2018-11-16 00:00:00.000,8,NULL,NULL,NULL,87.5918,13
9473,Sonic the Hedgehog 4: Episode I,2010-10-07 00:00:00.000,4,NULL,75.0000,6,36.4266,39
7708,Saints Row: Gat Out of Hell,2015-01-20 00:00:00.000,45,NULL,64.2727,11,69.6025,120
7071,Midnight Club: Los Angeles,2008-10-21 00:00:00.000,15,NULL,80.0000,9,77.6043,44
4225,Ultimate Spider-Man,2005-09-21 00:00:00.000,42,NULL,73.6667,7,75.9283,138
19626,Naruto: Ultimate Ninja 3,2005-12-22 00:00:00.000,4,NULL,70.3333,3,73.9971,47
11813,Universe Sandbox,2015-08-24 00:00:00.000,7,NULL,NULL,NULL,81.9228,24
1990,VVVVVV,2010-01-11 00:00:00.000,48,NULL,79.7500,6,79.0590,150
14567,BlazeRush,2014-10-28 00:00:00.000,3,NULL,67.0000,3,64.1473,11
751,Homeworld: Emergence,2000-06-30 00:00:00.000,8,NULL,80.0000,1,80.5134,21
8225,Anno 1701,2006-10-30 00:00:00.000,22,NULL,76.6667,3,75.5948,41
303,Anno 1602: Creation of a New World,1998-09-24 00:00:00.000,30,NULL,NULL,NULL,87.4723,66
11837,Treasure Adventure Game,2011-11-26 00:00:00.000,11,NULL,NULL,NULL,83.4781,11
3042,Dying Light,2015-01-26 00:00:00.000,257,24,72.0588,20,80.7454,711
11800,Divinity: Original Sin II,2017-09-14 00:00:00.000,118,22,91.3077,17,87.0316,295
7406,Aquaria,2007-12-07 00:00:00.000,24,NULL,75.0000,2,96.5531,36
3914,Fantastic 4,2005-06-27 00:00:00.000,4,NULL,64.0000,5,62.8357,22
11612,BlazBlue: Chrono Phantasma Extend,2014-10-09 00:00:00.000,4,NULL,85.0000,2,89.5297,16
1396,Dead or Alive: Dimensions,2011-05-19 00:00:00.000,4,NULL,90.0000,5,79.9539,13
48081,Milon's Secret Castle,1986-11-13 00:00:00.000,NULL,NULL,NULL,NULL,58.8713,13
24192,Enslaved: Odyssey to the West Premium Edition,2013-10-24 00:00:00.000,9,NULL,NULL,NULL,79.9548,27
1088,Donkey Kong 3,1983-10-31 00:00:00.000,4,NULL,NULL,NULL,59.5575,28
5591,Deus Ex: The Fall,2013-07-10 00:00:00.000,8,NULL,59.0000,6,45.5600,31
11675,Ski or Die,1990-12-31 00:00:00.000,1,NULL,NULL,NULL,69.5779,16
83847,7 Billion Humans,2018-08-23 00:00:00.000,8,1,75.0000,1,70.2146,14
3989,Mario Sports Mix,2010-11-25 00:00:00.000,5,NULL,75.7500,8,72.6521,21
340,Command & Conquer: Tiberian Sun,1999-08-20 00:00:00.000,47,NULL,NULL,NULL,82.2250,124
8440,The Bridge,2013-02-22 00:00:00.000,12,NULL,69.0000,8,70.3250,69
93694,Iratus: Lord of the Dead,2020-04-23 00:00:00.000,5,NULL,NULL,NULL,69.7445,18
20869,DmC: Devil May Cry - Definitive Edition,2015-02-18 00:00:00.000,8,NULL,85.0000,8,79.9067,32
8600,Fear Effect,2000-02-24 00:00:00.000,5,NULL,NULL,NULL,75.9149,26
12522,Jackie Chan's Action Kung Fu,1990-12-31 00:00:00.000,1,NULL,NULL,NULL,70.1068,11
18730,Cataclysm: Dark Days Ahead,2013-06-01 00:00:00.000,7,NULL,NULL,NULL,90.0643,15
143113,Beacon Pines,2022-09-22 00:00:00.000,2,1,85.0000,1,78.6888,24
897,The Operative: No One Lives Forever,2000-11-09 00:00:00.000,34,NULL,68.0000,1,83.5137,97
20150,Katana Zero,2019-04-18 00:00:00.000,27,6,84.7500,10,79.5871,214
4675,Angry Birds Trilogy,2012-09-25 00:00:00.000,3,NULL,55.0000,2,66.6178,11
18810,The Flintstones: The Rescue of Dino & Hoppy,1991-12-01 00:00:00.000,1,NULL,NULL,NULL,52.0040,14
7294,Gauntlet,1987-01-03 00:00:00.000,1,NULL,80.0000,1,66.7386,16
13680,Aliens,1990-03-01 00:00:00.000,3,NULL,NULL,NULL,79.3608,20
102420,Dicey Dungeons,2019-08-13 00:00:00.000,3,1,90.3333,3,71.8506,35
103329,Control,2019-08-27 00:00:00.000,114,63,83.4000,17,83.2391,583
36749,Monument Valley 2,2017-05-30 00:00:00.000,23,NULL,80.0000,1,89.5750,59
18433,Overcooked!,2016-08-03 00:00:00.000,63,NULL,81.5385,14,82.4574,249
11602,Road Redemption,2017-10-04 00:00:00.000,10,NULL,73.5000,5,69.9407,18
1691,Advance Wars,2001-09-10 00:00:00.000,35,NULL,100.0000,1,82.9374,106
23796,Super Mario Run,2016-12-15 00:00:00.000,61,4,70.3333,11,67.6976,111
20046,Wasteland 2: Director's Cut,2015-10-13 00:00:00.000,7,NULL,79.7333,17,80.1466,23
19635,Naruto: Ultimate Ninja Storm,2008-11-04 00:00:00.000,20,NULL,75.8000,5,73.6738,73
11119,Fallout Shelter,2015-06-14 00:00:00.000,71,NULL,67.7778,9,63.7577,296
9533,Deus Ex: Human Revolution - The Missing Link,2011-10-18 00:00:00.000,30,NULL,88.3333,4,84.0867,43
113866,Moving Out,2020-04-27 00:00:00.000,13,3,74.5000,10,70.9450,33
2163,Proteus,2013-01-30 00:00:00.000,9,NULL,70.0000,6,58.8706,28
139403,Jungles of Maxtheria,2020-10-14 00:00:00.000,NULL,NULL,NULL,NULL,93.4772,21
1722,Mega Man 9,2008-09-22 00:00:00.000,9,NULL,87.5714,8,84.1535,44
20803,Super Puzzle Fighter II Turbo,1996-05-31 00:00:00.000,4,NULL,85.0000,3,77.9192,22
20069,Sparkle 2,2014-05-20 00:00:00.000,2,NULL,71.5000,5,74.3790,11
196770,Sunflower Land,2022-04-15 00:00:00.000,62,1,NULL,NULL,94.6411,85
1523,Trauma Center: Under the Knife,2005-06-16 00:00:00.000,3,NULL,75.0000,2,79.9171,13
959,Command & Conquer: Red Alert 3,2008-10-28 00:00:00.000,42,NULL,75.0000,8,74.4293,172
7434,Hay Day,2012-06-21 00:00:00.000,7,NULL,NULL,NULL,70.0543,21
8354,Splosion Man,2009-07-22 00:00:00.000,5,NULL,77.5000,6,79.1800,22
18699,Ridge Racer Type 4,1998-12-03 00:00:00.000,6,NULL,NULL,NULL,89.8299,27
7340,Mario Party 10,2015-03-12 00:00:00.000,9,4,65.7857,16,61.3104,39
111650,Warcraft III: Reforged,2020-01-28 00:00:00.000,17,17,55.6667,7,54.2773,36
11197,Yo-kai Watch,2013-07-11 00:00:00.000,3,1,73.8889,11,72.8202,23
3151,Electronic Super Joy,2013-08-23 00:00:00.000,6,NULL,80.0000,2,74.0471,20
1777,Mega Man Zero 3,2004-04-23 00:00:00.000,9,NULL,NULL,NULL,83.4122,46
2530,Ultima Underworld II: Labyrinth of Worlds,1993-01-10 00:00:00.000,6,NULL,NULL,NULL,72.5121,13
9071,Hydlide,1984-12-01 00:00:00.000,2,NULL,NULL,NULL,54.9007,11
1444,Fire Emblem: Shadow Dragon,2008-08-07 00:00:00.000,17,NULL,83.0000,4,72.7802,47
36660,Love Live! School Idol Festival,2013-04-16 00:00:00.000,4,1,NULL,NULL,73.7757,11
3242,Gunpoint,2013-06-03 00:00:00.000,28,NULL,87.5000,5,82.6404,92
39769,Area 51,1995-10-01 00:00:00.000,4,NULL,NULL,NULL,67.7766,13
15862,Day of the Tentacle Remastered,2016-03-21 00:00:00.000,32,1,84.5455,12,77.9242,85
5974,Ninja Gaiden Sigma,2007-06-14 00:00:00.000,17,NULL,89.8000,6,78.3660,40
81145,Mario Tennis Aces,2018-06-22 00:00:00.000,23,3,78.4000,15,69.7973,70
2064,Antichamber,2013-01-31 00:00:00.000,76,NULL,82.6667,7,80.6903,175
2145,Trials HD,2009-08-12 00:00:00.000,8,NULL,83.3333,5,77.0975,25
1232,Phantasy Star II,1989-03-21 00:00:00.000,5,NULL,NULL,NULL,79.6363,22
19314,Dragon Ball Fusions,2016-09-08 00:00:00.000,2,1,70.0000,5,61.0576,12
398,Final Fantasy XII,2006-03-16 00:00:00.000,92,NULL,90.7500,5,84.3858,258
16585,Dragon Quest V: Hand of the Heavenly Bride,2008-07-17 00:00:00.000,5,NULL,NULL,NULL,81.1345,17
7081,Battlefield Hardline,2015-03-17 00:00:00.000,74,12,72.7143,17,67.9358,237
14360,1979 Revolution: Black Friday,2016-04-04 00:00:00.000,7,NULL,70.7500,5,78.6766,18
9759,Total War: Warhammer II - Serpent God Edition,2017-09-28 00:00:00.000,6,NULL,NULL,NULL,89.8434,12
28751,Black Squad,2017-07-28 00:00:00.000,14,2,NULL,NULL,64.2977,16
19463,Madden NFL 17,2016-08-23 00:00:00.000,5,2,80.2353,20,70.0257,12
8321,Feeding Frenzy 2: Shipwreck Showdown,2006-02-06 00:00:00.000,6,NULL,50.0000,1,70.2052,16
3057,Wet,2009-09-15 00:00:00.000,7,NULL,70.2000,9,52.7909,32
159299,Storyteller,2023-03-23 00:00:00.000,1,2,82.0000,4,79.8818,18
128,Assassin's Creed,2007-11-13 00:00:00.000,364,NULL,80.7500,6,73.4370,1457
7580,Baseball,1983-12-07 00:00:00.000,4,NULL,NULL,NULL,50.2920,12
11808,.Hack//Mutation,2002-09-09 00:00:00.000,8,NULL,67.0000,1,70.1826,12
103294,Nier: Automata - Become as Gods Edition,2018-06-26 00:00:00.000,4,NULL,89.0000,1,90.2406,20
526,Need for Speed: The Run,2011-11-15 00:00:00.000,39,NULL,66.5556,12,68.4170,191
28125,Layton's Mystery Journey: Katrielle and the Millionaire's Conspiracy,2017-07-20 00:00:00.000,7,NULL,65.2500,6,66.8063,11
7671,Flappy Bird,2013-05-24 00:00:00.000,7,NULL,NULL,NULL,49.4510,47
4935,Iron Man,2008-05-02 00:00:00.000,8,NULL,30.0000,2,55.4151,30
5649,Blood Bowl,2009-06-26 00:00:00.000,NULL,NULL,45.0000,4,80.8393,13
8319,Gunman Chronicles,2000-11-20 00:00:00.000,9,NULL,80.0000,1,76.9490,16
131890,Sea of Stars,2023-08-28 00:00:00.000,NULL,4,89.5714,10,89.7527,27
27717,Late Shift,2017-04-18 00:00:00.000,11,1,52.0000,4,67.1873,52
103288,Jump Force,2019-02-14 00:00:00.000,23,10,54.4545,14,59.6891,52
19405,F1 2016,2016-08-19 00:00:00.000,9,NULL,83.0000,16,77.1003,18
5164,Turrican,1990-12-31 00:00:00.000,2,NULL,NULL,NULL,84.4789,21
1367,Sniper: Ghost Warrior,2010-06-24 00:00:00.000,20,NULL,56.3333,5,55.3209,75
139134,Hatsune Miku: Colorful Stage!,2020-09-30 00:00:00.000,1,NULL,NULL,NULL,77.7512,12
1124,Super Castlevania IV,1991-10-31 00:00:00.000,27,NULL,100.0000,1,76.7714,155
15433,The King of Fighters 2003,2003-12-12 00:00:00.000,6,NULL,50.0000,1,51.5037,24
119270,Tales of Arise,2021-09-10 00:00:00.000,7,31,87.3333,8,81.3590,50
187043,Rising Star,2020-04-15 00:00:00.000,11,2,NULL,NULL,92.4883,11
6030,The Warriors,2005-10-17 00:00:00.000,19,NULL,82.3333,5,83.4867,40
8722,Soldat,2002-05-09 00:00:00.000,8,NULL,NULL,NULL,83.4299,16
28722,Crysis 2: Maximum Edition,2011-03-22 00:00:00.000,2,NULL,NULL,NULL,75.5722,17
55028,Attack on Titan 2,2018-03-15 00:00:00.000,13,1,74.6154,14,83.1028,13
71957,Framed Collection,2018-05-17 00:00:00.000,4,1,80.5000,2,79.0556,13
7658,Fable Anniversary,2014-02-04 00:00:00.000,24,NULL,64.8000,10,81.5656,71
133004,Assassin's Creed Valhalla,2020-11-10 00:00:00.000,63,24,85.0833,13,75.9219,215
90099,Tom Clancy's The Division 2,2019-03-15 00:00:00.000,128,49,85.2667,17,76.6611,171
8492,Lisa,2014-12-15 00:00:00.000,34,NULL,NULL,NULL,92.8302,113
5606,Assassin's Creed Unity,2014-11-11 00:00:00.000,244,26,70.9333,17,71.6383,715
9577,Persona 3,2006-07-13 00:00:00.000,28,NULL,90.0000,5,92.0313,101
9608,Mount & Blade II: Bannerlord,2020-03-30 00:00:00.000,71,67,80.0000,1,77.0377,76
8201,Daikatana,2000-05-23 00:00:00.000,7,NULL,50.0000,1,56.0049,22
204621,Minecraft: Legends,2023-04-18 00:00:00.000,NULL,3,71.0000,7,59.9376,12
27508,Turok 2: Seeds of Evil,2017-03-16 00:00:00.000,6,NULL,65.0000,3,77.3118,11
103291,Gears Tactics,2020-04-28 00:00:00.000,13,6,83.9091,13,73.3085,44
40477,Slay the Spire,2019-01-23 00:00:00.000,22,4,92.6667,9,85.3715,277
8288,The Banner Saga 2,2016-04-19 00:00:00.000,37,4,84.3846,16,88.5686,89
153700,Ghost of Tsushima: Director's Cut,2021-08-20 00:00:00.000,6,3,93.7143,9,92.3319,56
100562,198X,2019-06-20 00:00:00.000,5,NULL,70.0000,3,79.5307,23
68271,Darq,2019-08-15 00:00:00.000,9,5,70.0000,1,80.0309,44
495,Metro 2033,2010-03-16 00:00:00.000,224,NULL,87.2500,7,82.0442,686
1405,Hawken,2012-12-12 00:00:00.000,5,NULL,45.0000,2,68.9454,30
846,Red Faction: Guerrilla,2009-06-02 00:00:00.000,47,NULL,82.1667,10,75.3003,116
78511,Forza Motorsport,2023-10-10 00:00:00.000,15,27,87.5000,9,79.3224,13
18615,Miitomo,2016-03-17 00:00:00.000,6,NULL,73.0000,2,58.3048,15
6824,Pit-Fighter,1990-08-01 00:00:00.000,NULL,NULL,NULL,NULL,49.9960,18
98077,Grand Theft Auto V: Premium Online Edition,2018-04-20 00:00:00.000,21,NULL,NULL,NULL,93.4813,35
1425,Conker: Live & Reloaded,2005-06-21 00:00:00.000,6,NULL,68.3333,3,81.1231,22
7512,Emperor: Rise of the Middle Kingdom,2002-09-09 00:00:00.000,9,NULL,80.0000,1,89.1895,18
129,Warcraft: Orcs & Humans,1994-11-23 00:00:00.000,38,NULL,NULL,NULL,78.8533,134
542,LEGO Pirates of the Caribbean: The Video Game,2011-05-10 00:00:00.000,29,NULL,70.6000,7,76.3829,89
217815,Call of Duty: Warzone 2.0,2022-11-14 00:00:00.000,7,2,80.0000,3,67.0017,22
6890,Star Fox 64 3D,2011-07-17 00:00:00.000,9,NULL,78.2500,8,80.5608,41
1648,James Bond 007: Blood Stone,2010-11-02 00:00:00.000,21,NULL,57.2500,12,71.1044,47
9607,Clannad,2004-04-28 00:00:00.000,9,NULL,NULL,NULL,90.7969,29
138031,Aragami 2,2021-09-17 00:00:00.000,1,2,74.0000,4,59.9635,15
122386,Infernax,2022-02-14 00:00:00.000,NULL,NULL,76.6667,5,79.9257,12
112870,Spellbreak,2020-09-03 00:00:00.000,16,10,75.6667,4,68.6904,38
24515,Deceit,2017-03-03 00:00:00.000,3,NULL,NULL,NULL,50.6850,24
27277,Forma.8,2017-02-23 00:00:00.000,10,NULL,78.3333,7,75.4901,17
122238,Xenoblade Chronicles: Definitive Edition,2020-05-29 00:00:00.000,13,5,91.3750,10,84.5166,44
1628,Super Smash Bros. Brawl,2008-01-31 00:00:00.000,131,NULL,91.3333,5,81.9019,474
1170,Destruction Derby 2,1996-10-31 00:00:00.000,6,NULL,72.0000,1,73.2752,34
1602,Gran Turismo 5,2010-11-24 00:00:00.000,32,NULL,85.0000,7,83.2357,118
133860,Max Payne,2003-12-16 00:00:00.000,NULL,NULL,69.0000,1,72.7160,15
8476,Hocus Pocus,1994-06-01 00:00:00.000,3,NULL,NULL,NULL,71.6481,11
138225,Super Mario 3D All-Stars,2020-09-18 00:00:00.000,16,3,84.8889,11,66.0263,40
105629,The Shapeshifting Detective,2018-11-06 00:00:00.000,NULL,NULL,NULL,NULL,69.9863,12
219442,Need for Speed: Unbound,2022-11-29 00:00:00.000,2,5,77.1667,10,74.9799,21
23689,Battle Chef Brigade,2017-11-20 00:00:00.000,9,3,80.7143,10,73.3773,17
3405,Mario Golf: World Tour,2014-05-01 00:00:00.000,9,4,79.6364,12,79.8957,8
127343,Godfall,2020-11-12 00:00:00.000,5,13,68.3333,11,65.5523,13
2449,Lightning Returns: Final Fantasy XIII,2013-11-21 00:00:00.000,24,2,70.0000,14,68.1841,80
109148,Unheard,2019-03-29 00:00:00.000,3,NULL,65.0000,1,70.6130,12
9460,Stronghold 2,2005-04-18 00:00:00.000,12,NULL,70.3333,3,71.7148,52
19470,Injustice 2,2017-05-16 00:00:00.000,86,20,86.3889,21,81.0452,175
11772,Shadowrun: Hong Kong,2015-08-20 00:00:00.000,22,NULL,78.3333,3,85.8221,42
1079,Super Mario 3D Land,2011-11-03 00:00:00.000,84,NULL,90.0000,10,80.8965,310
5616,LEGO Island 2: The Brickster's Revenge,2001-03-30 00:00:00.000,6,NULL,NULL,NULL,69.9080,23
3035,The Stanley Parable,2013-10-17 00:00:00.000,312,NULL,88.5000,9,83.6221,830
8197,Tetris,1989-11-01 00:00:00.000,275,NULL,NULL,NULL,86.3410,894
1794,Ratchet & Clank Future: Quest for Booty,2008-08-21 00:00:00.000,25,NULL,70.5000,5,69.4171,82
182278,MultiVersus,2022-07-19 00:00:00.000,4,5,76.0000,4,69.5060,46
7818,Skyforge,2017-04-11 00:00:00.000,13,2,75.0000,2,59.5546,20
1974,Faxanadu,1987-11-17 00:00:00.000,6,NULL,NULL,NULL,80.7452,27
3764,Madagascar,2005-05-24 00:00:00.000,12,NULL,66.0000,6,72.4000,54
2171,New Super Mario Bros. U,2012-11-18 00:00:00.000,29,NULL,79.8889,10,78.3984,150
14327,Ultratron,2013-03-18 00:00:00.000,5,NULL,70.5000,2,66.4869,12
718,Forsaken,1998-04-24 00:00:00.000,2,NULL,NULL,NULL,60.4146,13
2787,Rugrats: Search for Reptar,1998-10-31 00:00:00.000,1,NULL,NULL,NULL,70.0655,18
4999,Marvel: Ultimate Alliance,2006-10-24 00:00:00.000,40,NULL,72.1429,9,77.4391,135
10635,Crossy Road,2014-11-20 00:00:00.000,5,NULL,80.0000,1,68.0247,38
466,"Warhammer 40,000: Dawn of War II",2009-02-19 00:00:00.000,29,NULL,81.0000,6,77.6146,97
133923,Paper Mario: The Origami King,2020-07-17 00:00:00.000,20,7,81.0909,13,75.5456,43
390,LEGO Racers 2,2001-09-04 00:00:00.000,3,NULL,70.0000,1,59.7682,19
51310,S4 League,2008-01-01 00:00:00.000,6,NULL,NULL,NULL,79.8904,16
261085,Quake II,2023-08-10 00:00:00.000,NULL,NULL,98.0000,1,64.7406,12
115843,Unpacking,2021-11-02 00:00:00.000,8,3,92.5000,3,72.4090,113
26128,Lost Ark,2018-12-04 00:00:00.000,30,1,81.2500,5,74.0273,70
8592,Pokémon Shuffle,2015-02-18 00:00:00.000,6,NULL,62.5000,3,63.6292,42
4663,Agatha Christie: And Then There Were None,2005-09-30 00:00:00.000,7,NULL,56.0000,4,70.1161,16
28171,Ultimate Epic Battle Simulator,2017-04-12 00:00:00.000,3,NULL,45.0000,2,60.2983,19
46614,Wadanohara and the Great Blue Sea,2013-12-21 00:00:00.000,1,NULL,NULL,NULL,84.6753,15
1734,Mega Man II,1991-12-20 00:00:00.000,3,NULL,NULL,NULL,60.3192,16
374,Metal Gear,1987-07-13 00:00:00.000,23,NULL,NULL,NULL,73.9134,109
8292,Discworld II: Mortality Bytes!,1996-11-30 00:00:00.000,11,NULL,NULL,NULL,88.3322,27
121947,The Suicide of Rachel Foster,2020-02-19 00:00:00.000,3,3,64.7500,5,72.0555,45
20022,Devil May Cry 4: Special Edition,2015-06-18 00:00:00.000,9,NULL,80.3333,10,78.6858,45
55036,Anno 1800,2019-04-16 00:00:00.000,59,29,82.8000,5,87.8435,92
8052,Tiny Toon Adventures: Acme All-Stars,1994-12-31 00:00:00.000,2,NULL,NULL,NULL,80.0416,17
27547,Fire Pro Wrestling World,2017-12-18 00:00:00.000,10,1,77.5000,7,75.3316,11
1331,Limbo,2010-07-21 00:00:00.000,353,1,84.0000,14,81.2464,1250
174590,Tower of Fantasy,2021-12-16 00:00:00.000,6,1,NULL,NULL,70.3658,11
4179,SSX,2012-02-28 00:00:00.000,10,NULL,87.0000,6,79.9319,27
1790,Ratchet: Deadlocked,2005-10-25 00:00:00.000,27,NULL,70.0000,2,73.7360,92
6145,Super Hang-On,1987-04-04 00:00:00.000,4,NULL,NULL,NULL,76.2314,34
14754,Ace Combat Zero: The Belkan War,2006-03-23 00:00:00.000,1,1,75.0000,3,75.7108,11
90108,WarioWare Gold,2018-07-27 00:00:00.000,5,NULL,76.5556,10,80.0940,21
115,League of Legends,2009-10-27 00:00:00.000,244,NULL,84.0000,6,75.1265,688
17555,Black the Fall,2017-07-11 00:00:00.000,7,NULL,71.2500,7,70.4086,23
7710,State of Decay: Year-One Survival Edition,2015-04-27 00:00:00.000,13,NULL,65.8333,7,71.9570,19
124700,League of Legends: Wild Rift,2020-10-27 00:00:00.000,9,1,NULL,NULL,70.4729,20
10354,Killer Instinct,2013-11-22 00:00:00.000,16,NULL,71.2500,10,81.4951,33
15654,Boxboy!,2015-01-14 00:00:00.000,2,NULL,83.2500,5,79.6020,12
1091,Donkey Kong Land,1995-06-26 00:00:00.000,5,NULL,NULL,NULL,65.7787,21
333,Quake,1996-06-22 00:00:00.000,161,NULL,NULL,NULL,82.4560,295
5593,Daylight,2014-04-29 00:00:00.000,1,NULL,49.7000,12,49.6381,18
117266,Chicory: A Colorful Tale,2021-06-10 00:00:00.000,NULL,2,92.3333,3,83.7966,15
11798,Evoland 2,2015-08-25 00:00:00.000,13,NULL,78.3333,3,80.0510,32
4248,Dragon's Lair,1983-06-19 00:00:00.000,10,NULL,53.3333,3,69.2771,30
14529,Dragon's Lair,1990-12-29 00:00:00.000,1,NULL,55.0000,0,48.8823,15
7467,Tokyo Jungle,2012-06-07 00:00:00.000,7,NULL,72.1429,8,77.4822,21
7388,Papo & Yo,2012-08-14 00:00:00.000,17,NULL,74.5556,10,76.9884,52
144612,Ico,2012-01-12 00:00:00.000,2,NULL,NULL,NULL,72.9273,18
9498,Deus Ex: Mankind Divided,2016-08-23 00:00:00.000,193,46,82.8621,36,77.8612,437
139,Star Wars: Galactic Battlegrounds,2001-01-17 00:00:00.000,15,NULL,NULL,NULL,79.7382,55
3378,Harvest Moon 64,1999-02-05 00:00:00.000,6,NULL,NULL,NULL,90.2256,23
543,Call of Juarez: The Cartel,2011-07-19 00:00:00.000,16,NULL,50.8333,8,53.3566,50
2358,Chivalry: Medieval Warfare,2012-10-16 00:00:00.000,31,NULL,72.0000,4,67.4214,109
134597,Astro's Playroom,2020-11-12 00:00:00.000,9,NULL,80.8333,7,85.3899,150
3512,Hexen: Beyond Heretic,1995-10-30 00:00:00.000,12,NULL,37.0000,2,73.4823,51
1867,Killzone 3,2011-02-22 00:00:00.000,31,NULL,84.0000,9,77.0218,118
943,Colin McRae: Dirt,2007-06-15 00:00:00.000,29,NULL,81.0000,8,77.5293,81
41895,House Party,2017-06-30 00:00:00.000,16,NULL,NULL,NULL,61.9479,16
20864,Assassin's Creed: Liberation HD,2013-01-14 00:00:00.000,19,NULL,55.0000,3,62.3678,80
363,Heroes of Might and Magic II: The Succession Wars,1996-10-01 00:00:00.000,34,NULL,NULL,NULL,84.7239,114
95069,428: Shibuya Scramble,2008-12-04 00:00:00.000,2,NULL,82.5000,4,89.7359,15
1162,Tomb Raider: Anniversary,2007-06-01 00:00:00.000,58,NULL,69.0000,8,76.7316,198
367,Heroes of Might and Magic IV,2002-03-28 00:00:00.000,37,NULL,74.0000,2,74.9117,153
275,Commandos: Strike Force,2006-03-17 00:00:00.000,6,NULL,68.7500,5,64.5160,25
46664,Lucky Luke,1998-11-03 00:00:00.000,4,NULL,NULL,NULL,69.5918,14
41621,Football Manager 2019,2018-11-02 00:00:00.000,10,1,87.5000,5,90.5053,52
144052,Pokémon Shining Pearl,2021-11-18 00:00:00.000,2,2,84.6667,3,79.7071,16
8499,Five Nights at Freddy's,2014-08-18 00:00:00.000,50,NULL,71.6667,3,66.0526,116
22921,Pushmo,2011-10-05 00:00:00.000,1,NULL,87.0000,2,84.4799,16
13557,The Legend of Heroes: Trails of Cold Steel,2013-09-26 00:00:00.000,14,NULL,81.5556,9,82.3517,43
6959,Dark Sector,2008-03-25 00:00:00.000,14,NULL,70.4000,9,66.5642,49
6165,Ultima VII: The Black Gate,1992-04-16 00:00:00.000,4,NULL,NULL,NULL,89.7095,24
373,Might & Magic: Heroes VI,2011-10-13 00:00:00.000,21,NULL,77.6667,4,73.5066,84
250,The Chronicles of Riddick: Escape from Butcher Bay,2004-06-01 00:00:00.000,47,NULL,89.0000,6,84.6701,110
7615,Might & Magic Heroes VII,2015-09-29 00:00:00.000,24,5,66.0000,2,63.1703,41
106847,Coffee Talk,2020-01-29 00:00:00.000,9,NULL,70.0000,4,72.0114,49
34293,BioShock Remastered,2016-09-14 00:00:00.000,27,NULL,NULL,NULL,85.3739,157
20123,State of Mind,2018-08-15 00:00:00.000,17,10,69.0000,11,69.6816,23
8716,Postal: Redux,2016-05-20 00:00:00.000,7,2,59.2500,4,60.4114,13
27436,Kingdom Two Crowns,2018-12-11 00:00:00.000,11,2,NULL,NULL,84.6652,32
146544,Deepest Sword,2021-04-26 00:00:00.000,1,1,NULL,NULL,68.8177,13
21843,Corpse Party,2011-11-22 00:00:00.000,8,NULL,77.2500,9,79.1734,25
25811,Shadowverse,2016-06-17 00:00:00.000,3,NULL,80.0000,2,80.0137,17
142909,Bowser's Fury,2021-02-12 00:00:00.000,2,1,NULL,NULL,79.4782,29
11616,Soul Blazer,1992-01-31 00:00:00.000,7,NULL,NULL,NULL,76.1701,33
28545,Rabi-Ribi,2016-01-28 00:00:00.000,6,NULL,85.2500,4,80.0255,18
20326,Deliver us the Moon,2019-10-10 00:00:00.000,10,4,77.5000,5,79.4022,49
23345,Life is Feudal: Forest Village,2017-05-26 00:00:00.000,14,NULL,NULL,NULL,70.6585,19
36278,The House in Fata Morgana,2012-12-27 00:00:00.000,3,NULL,80.0000,1,88.6357,14
8247,Marvel vs. Capcom 2: New Age of Heroes,2000-02-24 00:00:00.000,23,NULL,80.0000,4,86.1875,100
360,Disney's Donald Duck: Goin' Quackers,2000-11-09 00:00:00.000,7,NULL,62.0000,0,72.3582,26
132565,"Haiku, the Robot",2022-04-28 00:00:00.000,3,1,NULL,NULL,50.5773,12
10610,Disney's Donald Duck: Goin' Quackers,2000-11-14 00:00:00.000,3,NULL,NULL,NULL,69.4686,22
1195,Crash Bash,2000-11-06 00:00:00.000,31,NULL,NULL,NULL,72.4359,148
4345,FIFA International Soccer,1993-12-01 00:00:00.000,3,NULL,NULL,NULL,85.7487,30
15487,The Grinch,2000-10-26 00:00:00.000,7,NULL,NULL,NULL,71.8836,12
29271,Nekopara Vol. 3,2017-05-25 00:00:00.000,4,NULL,85.0000,2,67.1391,18
7404,Beat Hazard,2010-04-15 00:00:00.000,12,NULL,NULL,NULL,80.3036,36
143610,Triangle Strategy,2022-03-04 00:00:00.000,5,5,84.1111,11,85.4362,18
6246,Bit.Trip Runner,2010-05-14 00:00:00.000,7,NULL,80.0000,1,72.1824,29
11077,LEGO Dimensions,2015-09-27 00:00:00.000,6,2,76.5833,16,70.9137,14
2370,Puzzle Quest: Challenge of the Warlords,2007-03-16 00:00:00.000,8,NULL,84.3333,6,70.1577,29
41623,The Walking Dead: The Complete First Season,2013-09-04 00:00:00.000,13,NULL,NULL,NULL,84.7188,50
4169,Koudelka,1999-12-16 00:00:00.000,5,NULL,NULL,NULL,70.3021,20
36044,Finding Paradise,2017-12-14 00:00:00.000,16,1,93.0000,2,79.9768,56
3441,Army Men: Sarge's Heroes 2,2000-11-21 00:00:00.000,2,NULL,NULL,NULL,72.9405,17
4528,Super Monaco GP,1989-05-01 00:00:00.000,5,NULL,NULL,NULL,70.2522,14
19935,Wizard of Legend,2018-05-15 00:00:00.000,19,2,74.4000,5,70.8591,43
24105,Aporia: Beyond the Valley,2017-07-19 00:00:00.000,8,2,76.5000,2,77.5308,11
26915,Tokyo Xanadu eX+,2016-09-08 00:00:00.000,4,1,76.6000,5,80.7614,12
3005,Superman: The New Superman Adventures,1999-05-31 00:00:00.000,3,NULL,NULL,NULL,18.9602,25
7705,Geometry Wars 3: Dimensions,2014-11-25 00:00:00.000,6,NULL,84.8462,13,84.7873,14
3845,Call of Duty 2: Big Red One,2005-11-01 00:00:00.000,10,NULL,79.7500,5,74.8238,48
9545,Contra 4,2007-11-13 00:00:00.000,5,1,75.0000,4,79.7547,19
884,Street Fighter IV,2008-07-18 00:00:00.000,47,NULL,89.7778,11,80.5487,141
7208,Bound By Flame,2014-05-06 00:00:00.000,11,NULL,57.3636,12,62.9697,36
1065,Street Fighter X Tekken,2012-03-06 00:00:00.000,15,NULL,80.4286,16,73.2980,73
1217,Shenmue,1999-12-29 00:00:00.000,40,NULL,90.0000,1,85.8478,118
1827,Remember Me,2013-06-03 00:00:00.000,72,NULL,70.4167,14,72.7629,217
1218,Shenmue II,2001-09-06 00:00:00.000,29,NULL,70.0000,2,81.2615,73
217550,Fire Emblem Engage,2023-01-20 00:00:00.000,1,3,86.0000,9,69.9325,12
531,Ace Combat: Assault Horizon,2011-10-11 00:00:00.000,11,NULL,81.6000,9,70.5482,33
12297,Montezuma's Revenge,1983-12-31 00:00:00.000,3,NULL,NULL,NULL,70.7377,14
10142,Home,2012-06-16 00:00:00.000,2,NULL,70.0000,2,73.1879,20
18356,On My Own,2016-02-26 00:00:00.000,9,NULL,NULL,NULL,75.3061,11
19521,Dead Rising 4,2016-12-06 00:00:00.000,41,6,76.8421,24,70.3026,49
19085,Shadow Tactics: Blades of the Shogun,2016-12-06 00:00:00.000,69,6,86.7273,13,86.7264,152
1758,Mega Man Battle Network 3 Blue,2003-03-28 00:00:00.000,2,NULL,85.0000,1,89.4802,15
2652,Destroy All Humans! 2,2006-10-17 00:00:00.000,8,NULL,75.0000,4,71.9820,17
873,Saints Row: The Third,2011-11-15 00:00:00.000,176,NULL,84.5000,13,78.4465,569
7606,Tearaway: Unfolded,2015-09-09 00:00:00.000,29,4,86.3636,13,76.6960,35
4239,Lemmings,1991-02-14 00:00:00.000,29,NULL,67.6000,0,75.8688,140
6444,WWF SmackDown! 2: Know Your Role,2000-11-21 00:00:00.000,9,NULL,NULL,NULL,81.2302,30
228456,Dwarf Fortress,2022-12-06 00:00:00.000,2,NULL,84.0000,1,81.9126,16
24905,Beholder,2016-11-09 00:00:00.000,20,1,80.0000,3,76.9239,72
122662,Going Under,2020-09-24 00:00:00.000,1,4,78.5000,3,78.9952,13
10962,Uncharted: The Nathan Drake Collection,2015-10-07 00:00:00.000,149,4,85.1000,11,87.9841,240
1445,Fire Emblem: New Mystery of the Emblem,2010-07-15 00:00:00.000,5,NULL,NULL,NULL,80.1099,17
3000,Shadowrun,1994-12-31 00:00:00.000,10,NULL,NULL,NULL,83.5025,13
3067,Knights and Merchants: The Shattered Kingdom,1998-09-18 00:00:00.000,8,NULL,NULL,NULL,87.1174,28
1736,Mega Man IV,1993-10-29 00:00:00.000,1,NULL,NULL,NULL,61.0065,12
1342,Beyond: Two Souls,2013-10-08 00:00:00.000,176,11,66.3333,19,73.1413,578
1735,Mega Man III,1992-12-01 00:00:00.000,3,NULL,NULL,NULL,61.2447,12
890,Syberia,2002-08-09 00:00:00.000,98,NULL,77.2000,6,80.7411,234
41876,Uncharted 3: Drake's Deception Remastered,2015-10-07 00:00:00.000,10,NULL,NULL,NULL,83.7416,89
41877,Uncharted 2: Among Thieves Remastered,2015-10-07 00:00:00.000,8,NULL,NULL,NULL,87.6507,105
12229,Ultima V: Warriors of Destiny,1988-03-01 00:00:00.000,4,NULL,NULL,NULL,80.2814,18
1819,Dragon Quest VIII: Journey of the Cursed King,2004-11-27 00:00:00.000,33,NULL,86.5833,13,86.9992,91
5472,50 Cent: Blood on the Sand,2009-02-20 00:00:00.000,5,NULL,61.2500,5,58.1113,13
10767,Rocketbirds: Hardboiled Chicken,2011-10-18 00:00:00.000,4,NULL,65.0000,2,71.6946,17
997,Army of Two: The 40th Day,2010-01-08 00:00:00.000,15,NULL,77.6667,5,63.4423,46
6360,Zeno Clash,2009-04-21 00:00:00.000,11,NULL,80.0000,4,76.1692,43
853,Sacrifice,2000-11-05 00:00:00.000,10,NULL,60.0000,1,81.4346,19
40,Mafia II,2010-08-24 00:00:00.000,286,NULL,72.6250,11,81.7797,946
101448,Carto,2020-10-27 00:00:00.000,3,NULL,82.5000,2,79.8453,27
879,Commandos: Behind Enemy Lines,1998-07-31 00:00:00.000,63,NULL,NULL,NULL,85.3133,170
102058,Outriders,2021-04-01 00:00:00.000,16,31,77.7500,14,74.1900,59
76747,Atomic Heart,2023-02-21 00:00:00.000,27,99,71.5000,8,66.6949,99
2118,Blacklight: Retribution,2012-07-02 00:00:00.000,9,NULL,75.0000,3,66.5824,32
101176,Bloodstained: Curse of the Moon,2018-05-23 00:00:00.000,13,NULL,80.0000,3,80.8646,67
26534,Rappelz,2006-11-03 00:00:00.000,3,NULL,NULL,NULL,62.4739,13
123395,Arknights,2019-05-01 00:00:00.000,5,NULL,NULL,NULL,85.7790,22
6175,Still Life,2005-04-15 00:00:00.000,16,NULL,68.3333,4,75.0463,61
5064,Goodbye Deponia,2013-10-15 00:00:00.000,21,NULL,65.0000,3,81.9736,75
17470,Agatha Christie: The ABC Murders,2016-02-04 00:00:00.000,12,NULL,63.3333,3,71.0836,32
8794,A Bird Story,2014-11-07 00:00:00.000,11,NULL,68.3333,3,75.0832,68
11183,Ronin,2015-06-30 00:00:00.000,8,NULL,70.5714,8,69.0749,13
141533,Loop Hero,2021-03-04 00:00:00.000,5,3,84.8571,11,74.9053,80
7768,OlliOlli,2014-01-22 00:00:00.000,7,NULL,79.0000,11,70.3338,23
3998,Valkyrie Profile,1999-12-22 00:00:00.000,13,NULL,NULL,NULL,87.4652,27
47452,Diablo III: Reaper of Souls - Ultimate Evil Edition,2014-08-19 00:00:00.000,11,NULL,89.8889,10,80.3846,37
375,Metal Gear Solid,1998-09-03 00:00:00.000,419,NULL,80.0000,1,90.5256,1267
106,Zak McKracken and the Alien Mindbenders,1988-10-01 00:00:00.000,19,NULL,NULL,NULL,73.3209,32
8469,Urban Chaos,1999-11-30 00:00:00.000,2,NULL,90.0000,1,80.0395,17
11629,Terminal Velocity,1995-12-31 00:00:00.000,1,NULL,69.0000,1,78.0742,16
44998,Lunar 2: Eternal Blue Complete,1998-07-13 00:00:00.000,1,NULL,NULL,NULL,83.2213,12
9669,Shin Megami Tensei: Nocturne,2003-02-20 00:00:00.000,20,1,NULL,NULL,82.2679,62
51205,Jagged Alliance 2: Unfinished Business,2000-12-30 00:00:00.000,3,NULL,NULL,NULL,80.3387,11
54535,Bionic Commando,1988-07-20 00:00:00.000,1,NULL,NULL,NULL,65.2967,20
618,Brothers in Arms: Hell's Highway,2008-09-23 00:00:00.000,19,NULL,78.2000,6,71.4367,60
5650,Persona 4 Arena,2012-03-01 00:00:00.000,8,NULL,88.1250,9,71.1518,41
19918,EA Sports UFC 2,2016-03-15 00:00:00.000,4,NULL,74.0769,14,70.4281,25
25653,The Escapists 2,2017-08-22 00:00:00.000,47,13,75.4444,9,67.6698,50
20275,The Witcher: Enhanced Edition,2008-09-16 00:00:00.000,97,1,85.5000,6,79.9275,208
27832,The Witcher: Enhanced Edition Director's Cut,2008-09-16 00:00:00.000,17,NULL,NULL,NULL,83.7366,64
949,Call of Duty 3,2006-11-07 00:00:00.000,46,NULL,73.8000,6,71.0509,249
558,Just Cause 2,2010-03-23 00:00:00.000,120,NULL,85.0000,9,77.8739,384
3760,Star Wars: The Clone Wars,2002-10-28 00:00:00.000,8,NULL,60.0000,2,60.3633,17
5166,Sonic and the Black Knight,2009-03-10 00:00:00.000,6,NULL,57.0000,4,58.3220,42
110834,Creaks,2020-07-10 00:00:00.000,4,4,70.0000,1,81.6428,28
2585,Skate,2007-09-13 00:00:00.000,11,NULL,87.0000,5,84.1546,51
1805,Crazy Taxi,1999-02-12 00:00:00.000,39,NULL,60.0000,1,73.5767,188
6180,The Suffering,2004-03-09 00:00:00.000,20,NULL,81.5000,5,77.1393,59
48166,Monster in My Pocket,1992-02-01 00:00:00.000,NULL,NULL,NULL,NULL,77.1064,13
9929,Super Double Dragon,1992-10-01 00:00:00.000,2,NULL,NULL,NULL,74.9901,17
4002,MediEvil 2,2000-04-19 00:00:00.000,17,NULL,NULL,NULL,79.9728,40
4232,Wave Race: Blue Storm,2001-09-14 00:00:00.000,3,NULL,80.0000,1,72.8537,12
7594,Space Rangers HD: A War Apart,2013-11-08 00:00:00.000,4,NULL,NULL,NULL,89.9262,18
26948,Dirt 4,2017-06-06 00:00:00.000,34,3,82.9167,15,70.3986,56
3724,Kirby Mass Attack,2011-08-04 00:00:00.000,4,NULL,85.5000,5,71.8717,20
22117,Oceanhorn,2013-11-14 00:00:00.000,11,NULL,100.0000,1,73.7264,12
28101,The Legend of Heroes: Trails in the Sky the 3rd,2007-06-28 00:00:00.000,9,NULL,85.0000,2,88.4986,25
8986,The Legend of Heroes: Trails in the Sky,2004-06-24 00:00:00.000,20,NULL,85.0000,5,84.8149,59
9327,"Please, Don't Touch Anything",2015-03-26 00:00:00.000,6,NULL,80.0000,3,69.3625,29
23048,Tapper,1983-09-02 00:00:00.000,2,NULL,90.0000,1,84.9214,15
176057,Poppy Playtime,2021-10-12 00:00:00.000,2,NULL,NULL,NULL,63.3184,18
457,StarCraft II: Heart of the Swarm,2013-03-12 00:00:00.000,106,NULL,89.1111,9,86.6424,250
22753,Pro Evolution Soccer 2017,2016-09-13 00:00:00.000,39,1,80.1111,13,72.6985,83
1836,Painkiller: Overdose,2007-10-26 00:00:00.000,5,NULL,50.3333,3,69.1316,15
7352,Abzu,2016-08-02 00:00:00.000,113,12,80.8519,29,77.6883,361
16298,Adam's Venture: Origins,2016-04-01 00:00:00.000,5,2,54.0000,2,68.5482,13
27081,FIFA 18,2017-09-29 00:00:00.000,107,28,80.4000,17,71.4640,217
9658,Town of Salem,2014-12-15 00:00:00.000,12,NULL,NULL,NULL,71.7346,37
20752,Heretic II,1998-11-01 00:00:00.000,5,NULL,NULL,NULL,77.3433,15
948,Worms Armageddon,1999-01-29 00:00:00.000,77,NULL,NULL,NULL,82.3888,269
528,Red Faction: Armageddon,2011-06-06 00:00:00.000,30,NULL,75.4000,10,70.7781,68
307,Counter-Strike: Source,2004-11-01 00:00:00.000,126,NULL,90.0000,3,78.6812,417
11171,Tom Clancy's Ghost Recon: Wildlands,2017-03-06 00:00:00.000,110,19,72.9000,26,72.4704,201
6801,Far Cry 4,2014-11-18 00:00:00.000,326,17,86.4211,22,76.4928,864
2213,BioForge,1995-03-29 00:00:00.000,3,NULL,NULL,NULL,72.0473,13
11507,Master of Orion,2016-08-25 00:00:00.000,10,6,74.3333,8,66.7872,16
452,Blackthorne,1994-09-23 00:00:00.000,11,NULL,NULL,NULL,71.0953,31
3603,Spider-Man,2000-08-30 00:00:00.000,65,NULL,35.0000,1,77.9808,222
25683,StarCraft: Remastered,2017-08-14 00:00:00.000,21,4,85.0000,3,89.0585,27
7313,Heroes of the Storm,2015-06-02 00:00:00.000,95,16,78.8889,12,73.9442,247
9630,Fallout 4,2015-11-09 00:00:00.000,503,58,84.6667,27,80.1240,1281
25076,Red Dead Redemption 2,2018-10-26 00:00:00.000,766,257,94.0588,27,92.4896,1896
98753,My Grandfather's Farm,2018-08-30 00:00:00.000,9,NULL,NULL,NULL,94.6723,21
138949,Marvel's Spider-Man Remastered,2020-11-12 00:00:00.000,10,1,78.2000,12,84.9312,103
105594,Occupy White Walls,2018-11-14 00:00:00.000,8,NULL,NULL,NULL,87.9915,13
6074,The Incredible Adventures of Van Helsing II,2014-05-22 00:00:00.000,7,NULL,73.7500,4,62.0914,14
2065,Plague Inc.,2012-05-26 00:00:00.000,14,NULL,80.0000,1,74.5578,91
45582,FIFA Soccer 97,1996-11-16 00:00:00.000,1,NULL,NULL,NULL,75.4476,20
698,FIFA 2001: Major League Soccer,2000-10-30 00:00:00.000,9,NULL,NULL,NULL,75.6987,56
3136,FIFA Soccer 2004,2003-10-24 00:00:00.000,11,NULL,80.0000,1,72.6377,49
2262,Gothic II,2002-11-29 00:00:00.000,143,NULL,80.0000,1,87.4555,367
45506,Herc's Adventures,1997-07-31 00:00:00.000,NULL,NULL,NULL,NULL,80.9056,11
242408,Counter-Strike 2,2023-09-27 00:00:00.000,NULL,1,NULL,NULL,63.4024,46
114287,FIFA 20,2019-09-27 00:00:00.000,30,6,78.8571,10,69.2268,125
1891,Magic: The Gathering - Duels of the Planeswalkers 2013,2012-06-20 00:00:00.000,4,NULL,80.0000,4,72.1389,19
1881,Arma 3,2013-09-12 00:00:00.000,48,NULL,72.8000,7,75.9953,97
8536,Shaq-Fu,1994-10-28 00:00:00.000,2,NULL,NULL,NULL,43.1967,11
10929,Stronghold Crusader II,2014-09-22 00:00:00.000,8,NULL,64.0000,1,70.1643,23
13688,Armored Warriors,1994-12-31 00:00:00.000,NULL,NULL,NULL,NULL,79.9191,16
55057,Age of Empires III: Definitive Edition,2020-10-15 00:00:00.000,6,2,80.7500,5,86.1662,19
19536,The Lost World: Jurassic Park,1997-08-27 00:00:00.000,3,NULL,NULL,NULL,75.4552,17
380,Metal Gear Solid 4: Guns of the Patriots,2008-06-12 00:00:00.000,216,NULL,93.8750,9,87.3606,567
18075,Carmageddon: Max Damage,2016-07-05 00:00:00.000,8,1,53.2857,8,61.8096,16
28160,Atom RPG,2018-12-19 00:00:00.000,8,3,NULL,NULL,90.9807,22
78167,Yu-Gi-Oh! GX Tag Force,2006-09-14 00:00:00.000,4,NULL,NULL,NULL,82.1737,24
3174,Grand Theft Auto IV: The Ballad of Gay Tony,2009-10-29 00:00:00.000,97,NULL,91.0000,3,79.6813,199
3056,Rampage World Tour,1997-09-30 00:00:00.000,4,NULL,NULL,NULL,71.4152,29
90,The Need for Speed,1994-08-31 00:00:00.000,13,NULL,76.5000,2,71.7315,65
21073,Metal Gear Solid: Snake Eater 3D,2012-02-21 00:00:00.000,5,NULL,74.3333,7,97.9741,14
3167,Jazz Jackrabbit,1994-07-03 00:00:00.000,14,NULL,87.0000,1,77.1363,47
7878,Unturned,2017-07-07 00:00:00.000,29,NULL,NULL,NULL,67.2909,115
253,Stonekeep,1995-11-08 00:00:00.000,6,NULL,66.0000,1,80.7932,12
2288,Pokémon Conquest,2012-03-17 00:00:00.000,6,NULL,74.0000,7,77.6374,43
586,Abuse,1996-02-29 00:00:00.000,2,NULL,86.0000,1,71.7128,16
3985,Mario Power Tennis,2004-10-28 00:00:00.000,6,NULL,80.0000,0,73.2967,42
1158,Tomb Raider: The Last Revelation,1999-11-19 00:00:00.000,37,NULL,NULL,NULL,77.2065,113
1889,Might & Magic: Clash of Heroes,2009-12-01 00:00:00.000,11,NULL,84.5000,6,77.8428,31
1156,Tomb Raider II,1997-10-31 00:00:00.000,83,NULL,NULL,NULL,80.3157,244
76263,Contraband Police,2023-03-08 00:00:00.000,5,12,NULL,NULL,72.4966,13
10490,Knights and Merchants: The Peasants Rebellion,2001-11-26 00:00:00.000,4,NULL,NULL,NULL,88.9162,14
3696,The Settlers III,1998-11-30 00:00:00.000,27,NULL,NULL,NULL,81.8394,47
524,Dirt 3,2011-05-24 00:00:00.000,54,NULL,85.8571,12,77.2820,175
7528,King's Quest VIII: The Mask of Eternity,1998-12-14 00:00:00.000,5,NULL,NULL,NULL,84.7689,14
9,Jagged Alliance 2,1999-07-23 00:00:00.000,22,NULL,NULL,NULL,86.9104,39
124701,Legends of Runeterra,2020-04-30 00:00:00.000,8,2,83.0000,3,77.0113,46
2274,Return of the Tentacle,2018-07-21 00:00:00.000,12,12,NULL,NULL,88.4064,11
7510,Pharaoh,1999-12-31 00:00:00.000,20,NULL,70.0000,1,86.6545,46
14533,Rayman Jungle Run,2012-09-20 00:00:00.000,NULL,NULL,80.0000,1,72.5594,15
19726,Rayman Fiesta Run,2013-11-07 00:00:00.000,2,NULL,83.3333,3,74.9972,11
1304,Tom Clancy's Ghost Recon Phantoms,2014-04-10 00:00:00.000,5,NULL,55.0000,2,54.7681,22
6541,Disciples: Sacred Lands,1999-10-04 00:00:00.000,3,NULL,NULL,NULL,83.4043,14
5812,Delta Force: Black Hawk Down,2003-03-23 00:00:00.000,10,NULL,68.2500,4,71.1650,53
188,Indiana Jones and the Infernal Machine,1999-11-23 00:00:00.000,8,NULL,90.0000,1,77.5389,29
9350,Delta Force: Land Warrior,2000-11-07 00:00:00.000,4,NULL,NULL,NULL,70.4219,20
1274,SimCity,2013-03-05 00:00:00.000,42,NULL,60.0769,15,70.6086,137
9979,Aliens versus Predator,1999-04-30 00:00:00.000,13,NULL,NULL,NULL,75.7663,48
1979,Battlefield 4,2013-10-29 00:00:00.000,247,16,80.2778,21,76.2888,691
36240,Icewind Dale: Enhanced Edition,2014-10-30 00:00:00.000,12,NULL,70.0000,1,77.6537,17
753,Icewind Dale,2000-06-29 00:00:00.000,33,NULL,90.0000,1,80.0233,95
138950,Monster Hunter Rise,2021-03-26 00:00:00.000,13,6,88.1176,25,81.3260,50
15863,Crimson Skies,2000-09-17 00:00:00.000,3,NULL,80.0000,1,75.2967,17
3113,Soldier of Fortune: Payback,2007-11-13 00:00:00.000,6,NULL,49.7500,5,27.6924,26
19817,Scorn,2022-10-14 00:00:00.000,50,87,63.3333,4,72.6035,66
6703,Street Fighter Alpha 2,1996-02-27 00:00:00.000,6,NULL,85.0000,1,75.4494,64
120551,Digimon Story Cyber Sleuth: Complete Edition,2019-10-17 00:00:00.000,12,NULL,66.6667,4,82.8076,14
57153,The Battle of Polytopia,2016-02-04 00:00:00.000,2,NULL,NULL,NULL,89.4302,13
20196,Metal Gear Solid: The Legacy Collection,2013-07-09 00:00:00.000,17,NULL,87.0000,3,99.6011,34
47445,The Elder Scrolls V: Skyrim - Legendary Edition,2013-06-04 00:00:00.000,21,NULL,NULL,NULL,91.4045,74
24269,Dragon Ball GT: Transformation,2005-08-09 00:00:00.000,NULL,NULL,58.0000,1,53.3540,15
3154,The Lord of the Rings: The Battle for Middle-earth,2004-12-06 00:00:00.000,83,NULL,83.7500,5,82.3962,201
4069,Pokémon Pinball: Ruby & Sapphire,2003-08-01 00:00:00.000,6,NULL,75.0000,2,79.9362,34
406,Final Fantasy IV Advance,2005-12-12 00:00:00.000,6,NULL,77.5000,2,82.5464,15
5607,Smite,2014-03-25 00:00:00.000,55,3,78.0000,6,69.9787,141
7292,Mortal Kombat X,2015-04-13 00:00:00.000,132,18,84.3889,21,79.9073,368
142549,Viewfinder,2023-07-18 00:00:00.000,NULL,4,89.0000,5,77.2156,27
103286,Tales of Vesperia: Definitive Edition,2019-01-11 00:00:00.000,14,4,82.1429,8,73.6421,34
132058,Rogue Legacy 2,2020-04-18 00:00:00.000,6,2,90.5000,7,79.2653,25
138569,Tormented Souls,2021-08-27 00:00:00.000,NULL,1,82.0000,4,82.5395,15
26341,Dragon Quest Heroes II,2016-05-27 00:00:00.000,8,NULL,81.8667,16,70.2468,6
55027,Close to the Sun,2019-05-02 00:00:00.000,16,3,60.6000,5,61.8069,31
38,Dead Space 2,2011-01-25 00:00:00.000,255,NULL,90.0000,12,86.8642,791
11444,The Silent Age,2013-02-21 00:00:00.000,15,NULL,70.0000,1,71.1349,46
13156,Evil Islands: Curse of the Lost Soul,2000-10-20 00:00:00.000,NULL,NULL,80.0000,1,78.9405,14
96,Need for Speed: Underground,2003-11-17 00:00:00.000,194,NULL,76.5000,2,83.2805,656
17069,Rive,2016-09-13 00:00:00.000,2,NULL,75.0909,11,86.9847,5
20597,Final Fantasy V Advance,2006-10-12 00:00:00.000,2,NULL,80.0000,3,84.0897,15
6347,ChuChu Rocket!,1999-11-11 00:00:00.000,2,NULL,NULL,NULL,74.5676,12
120550,Olija,2021-01-28 00:00:00.000,NULL,1,79.6667,8,61.8137,12
8262,Lethal League,2013-04-30 00:00:00.000,12,NULL,62.5000,2,75.8444,41
7961,Dr. Jekyll and Mr. Hyde,1989-04-01 00:00:00.000,1,NULL,NULL,NULL,26.4634,12
11195,Mario & Luigi: Paper Jam,2015-12-03 00:00:00.000,10,3,74.9333,17,64.9716,17
140857,Perfect Vermin,2020-11-06 00:00:00.000,2,NULL,NULL,NULL,69.7745,16
408,Final Fantasy I & II: Dawn of Souls,2004-07-29 00:00:00.000,6,NULL,50.0000,2,69.6962,13
236663,Metroid Prime Remastered,2023-02-08 00:00:00.000,2,1,93.6000,8,95.0845,26
114009,Dragon Ball Z: Kakarot,2020-01-17 00:00:00.000,41,18,77.7500,16,69.9063,45
3350,Paper Mario: Sticker Star,2012-11-10 00:00:00.000,10,NULL,78.8182,13,67.6616,44
25637,Metal Gear Solid V: The Definitive Experience,2016-10-11 00:00:00.000,7,NULL,NULL,NULL,80.0853,14
6337,Breath of Fire II,1994-12-02 00:00:00.000,8,NULL,77.0000,1,78.0388,39
2191,Super Paper Mario,2007-04-09 00:00:00.000,35,NULL,78.0000,4,78.6535,158
18169,Paper Mario: Color Splash,2016-10-06 00:00:00.000,12,5,75.0000,17,69.1624,26
302,Empire Earth,2001-11-12 00:00:00.000,34,NULL,NULL,NULL,77.8201,126
18829,Planet Coaster,2016-11-17 00:00:00.000,51,7,82.8333,15,82.9547,85
1717,Mega Man 4,1991-12-06 00:00:00.000,20,NULL,NULL,NULL,76.8796,111
5550,Tactics Ogre: Let Us Cling Together,1995-10-06 00:00:00.000,10,NULL,92.0000,5,92.6857,38
48161,Godzilla: Monster of Monsters,1988-12-09 00:00:00.000,NULL,NULL,NULL,NULL,55.5645,11
13678,Alex Kidd: The Lost Stars,1986-12-31 00:00:00.000,NULL,NULL,NULL,NULL,62.3069,17
6860,One Piece: Unlimited World RED,2013-11-21 00:00:00.000,1,NULL,73.8889,9,62.7299,11
2715,Beetle Adventure Racing!,1999-03-24 00:00:00.000,3,NULL,NULL,NULL,72.3160,15
8116,NaissanceE,2014-02-13 00:00:00.000,3,NULL,NULL,NULL,65.6060,22
15431,The King of Fighters 2000,2000-07-26 00:00:00.000,7,NULL,75.0000,1,78.2390,36
6996,Fracture,2008-10-07 00:00:00.000,1,NULL,66.6667,5,64.6223,12
4215,True Crime: New York City,2005-11-15 00:00:00.000,13,NULL,64.0000,4,65.7609,50
113119,The Stanley Parable: Ultra Deluxe,2022-04-27 00:00:00.000,8,3,82.6667,3,97.0252,73
140204,BroodStar,2020-09-30 00:00:00.000,4,1,NULL,NULL,89.1667,11
9700,Higurashi When They Cry,2009-12-05 00:00:00.000,10,NULL,90.0000,4,89.7716,24
14763,Hob,2017-09-26 00:00:00.000,46,6,72.1250,11,81.7317,64
204627,Cocoon,2023-09-29 00:00:00.000,1,4,89.0000,7,85.3747,28
90109,Luigi's Mansion,2018-10-12 00:00:00.000,2,NULL,77.2857,8,84.3192,25
11649,The Park,2015-10-27 00:00:00.000,8,NULL,65.5000,11,65.2998,27
1928,Indigo Prophecy,2005-09-16 00:00:00.000,114,NULL,85.0000,5,82.7954,331
12321,Super Breakout,1978-09-21 00:00:00.000,1,NULL,70.0000,1,71.1330,12
15821,Seasons after Fall,2016-09-02 00:00:00.000,6,2,74.5000,10,66.5895,27
8253,Adventure,1979-12-01 00:00:00.000,6,NULL,NULL,NULL,77.4991,24
13555,Indivisible,2019-10-08 00:00:00.000,18,18,80.0000,13,80.9604,23
78149,Adventure Time: Pirates of the Enchiridion,2018-07-17 00:00:00.000,7,4,52.6667,4,68.8366,13
2681,LEGO Star Wars: The Video Game,2005-04-02 00:00:00.000,45,NULL,79.7500,4,76.1486,191
2645,Animal Crossing: Wild World,2005-11-23 00:00:00.000,27,NULL,75.0000,2,77.5704,113
3208,War of the Monsters,2003-01-14 00:00:00.000,5,NULL,80.0000,2,74.6146,13
7758,Asteroids,1979-11-17 00:00:00.000,11,NULL,90.0000,1,77.5334,59
26166,Dauntless,2019-09-26 00:00:00.000,34,15,76.0000,8,63.8193,60
110474,Minecraft Dungeons,2020-05-26 00:00:00.000,88,24,73.5833,15,69.3079,95
19696,Worms W.M.D,2016-08-23 00:00:00.000,18,NULL,79.1429,16,71.9211,44
7792,The Blues Brothers,1991-12-31 00:00:00.000,2,NULL,NULL,NULL,67.7474,15
2050,LEGO Marvel Super Heroes,2013-09-30 00:00:00.000,54,NULL,84.6316,20,79.2560,164
8730,ScreamRide,2015-03-03 00:00:00.000,1,NULL,74.0714,15,80.0000,2
11346,Her Story,2015-06-24 00:00:00.000,61,NULL,85.0000,7,78.6259,224
200165,Call of Duty: Modern Warfare II,2022-10-28 00:00:00.000,18,10,79.5000,10,75.4827,56
3954,The Incredible Hulk: Ultimate Destruction,2005-08-23 00:00:00.000,5,NULL,86.3333,3,74.2782,21
515,Infamous 2,2011-06-07 00:00:00.000,80,NULL,84.5000,8,81.5976,227
523,Infamous,2009-05-26 00:00:00.000,95,NULL,86.2500,11,75.9757,285
4928,The Incredible Hulk,2008-06-05 00:00:00.000,4,NULL,59.2500,9,61.3279,26
2767,The SpongeBob SquarePants Movie,2004-10-27 00:00:00.000,4,NULL,NULL,NULL,68.5938,43
9016,Apotheon,2015-02-03 00:00:00.000,16,NULL,84.5000,4,69.7288,71
4754,Alien: Isolation,2014-10-06 00:00:00.000,228,10,85.6316,22,85.1560,523
139346,Need for Speed: Hot Pursuit - Remastered,2020-11-06 00:00:00.000,9,2,79.8333,6,76.7665,37
509,Rage,2011-10-03 00:00:00.000,77,NULL,80.8000,14,73.2406,243
8187,Just Cause 3,2015-11-30 00:00:00.000,180,58,76.4737,22,76.7349,315
27920,Digimon Story: Cyber Sleuth - Hacker's Memory,2017-12-14 00:00:00.000,10,1,73.2500,9,63.8293,12
1958,Alone in the Dark,2008-06-20 00:00:00.000,17,NULL,45.0000,4,57.7366,71
113739,Bright Memory: Infinite,2021-11-11 00:00:00.000,3,29,67.0000,5,57.6133,26
180960,Kid A Mnesia Exhibition,2021-11-18 00:00:00.000,NULL,NULL,NULL,NULL,82.5105,11
539,Metro: Last Light,2013-05-14 00:00:00.000,219,NULL,79.9000,13,82.5680,578
23907,Dead Rising: Triple Pack,2016-09-13 00:00:00.000,1,NULL,72.1818,11,70.0000,1
1097,Donkey Kong Jungle Beat,2004-12-16 00:00:00.000,9,NULL,79.0000,1,67.5995,23
5147,Sega Bass Fishing,1997-12-01 00:00:00.000,5,NULL,67.0000,3,50.0916,11
137,Star Wars: The Force Unleashed II,2010-10-26 00:00:00.000,47,NULL,64.5000,7,63.9189,241
18594,Pokémon Dash,2004-12-02 00:00:00.000,4,NULL,60.0000,1,33.2954,24
9527,SpeedRunners,2016-04-19 00:00:00.000,21,1,NULL,NULL,76.0464,84
17828,20XX,2017-08-16 00:00:00.000,8,NULL,75.3333,3,69.9833,23
116191,Sniper Elite V2 Remastered,2019-05-14 00:00:00.000,3,1,68.7500,5,66.7279,16
229339,Super Mario 3D World,2021-02-12 00:00:00.000,2,NULL,NULL,NULL,88.8782,11
138227,Super Mario 3D World + Bowser's Fury,2021-02-12 00:00:00.000,12,2,90.7692,16,89.3875,52
2319,Pokémon Mystery Dungeon: Red Rescue Team,2005-11-17 00:00:00.000,13,NULL,NULL,NULL,70.1067,77
11069,LEGO Marvel's Avengers,2016-01-26 00:00:00.000,22,2,67.5882,19,61.6563,53
14606,Pokémon Ranger,2006-03-23 00:00:00.000,14,NULL,50.0000,1,70.2249,73
51448,BlazBlue: Cross Tag Battle,2018-05-31 00:00:00.000,9,1,76.8571,10,84.4519,22
10964,Sniper: Ghost Warrior 3,2017-04-25 00:00:00.000,36,7,53.3333,18,56.9349,40
99821,Metal Gear Solid 3: Snake Eater - HD Edition,2011-11-08 00:00:00.000,6,NULL,NULL,NULL,95.5503,33
9784,Bridge Constructor,2012-05-23 00:00:00.000,5,NULL,65.8750,8,59.6906,19
3060,Cooking Mama,2006-03-23 00:00:00.000,4,NULL,68.5000,4,70.6982,22
121084,In Sound Mind,2021-09-28 00:00:00.000,3,1,NULL,NULL,80.1927,13
140158,Supfly Delivery Simulator,2020-10-17 00:00:00.000,6,1,NULL,NULL,84.3902,12
129483,Monster Train,2020-05-21 00:00:00.000,1,NULL,84.2500,5,83.9182,37
2321,Pokémon Mystery Dungeon: Explorers of Time,2007-09-13 00:00:00.000,10,NULL,70.0000,1,77.1240,46
25210,Disc Jam,2017-03-07 00:00:00.000,10,2,69.7500,4,76.1651,24
16203,Myst: Masterpiece Edition,1999-08-24 00:00:00.000,2,NULL,NULL,NULL,80.2012,15
1255,MechWarrior Online,2013-09-17 00:00:00.000,7,1,71.5000,5,89.1135,13
24654,New World,2021-09-28 00:00:00.000,14,28,74.5000,7,66.0844,41
1333,Pong,1972-11-29 00:00:00.000,19,NULL,NULL,NULL,78.5850,98
7146,The Dark Eye: Chains of Satinav,2012-06-22 00:00:00.000,7,NULL,NULL,NULL,75.1963,29
1119,Castlevania III: Dracula's Curse,1990-09-01 00:00:00.000,20,NULL,NULL,NULL,74.9661,126
3097,The Walking Dead: Season Two,2013-12-17 00:00:00.000,238,8,81.1389,5,79.6766,681
76723,Mega Man 11,2018-10-02 00:00:00.000,28,3,79.8333,14,78.7403,58
12530,Umbrella Corps,2016-06-21 00:00:00.000,4,3,39.8750,17,39.9555,12
19765,Berserk and the Band of the Hawk,2016-10-27 00:00:00.000,16,4,66.5714,15,78.1156,11
6160,Star Wars: Jedi Starfighter,2002-03-10 00:00:00.000,9,NULL,76.6667,3,61.3253,14
12916,Battlezone,1980-11-01 00:00:00.000,2,NULL,80.0000,2,71.3657,15
36745,Kao the Kangaroo,2000-12-08 00:00:00.000,4,NULL,NULL,NULL,69.3331,13
716,Football Manager 2010,2009-10-30 00:00:00.000,6,NULL,85.0000,3,82.6549,25
5924,Dead Rising 2: Off the Record,2011-10-11 00:00:00.000,18,NULL,71.6250,11,71.2779,37
18443,One Piece: Burning Blood,2016-04-21 00:00:00.000,6,NULL,64.7000,11,67.7295,22
23717,Will Rock,2003-06-09 00:00:00.000,5,NULL,67.0000,2,79.2467,18
4220,Dark Void,2010-01-19 00:00:00.000,7,NULL,58.8333,7,66.4446,27
996,Army of Two,2008-03-04 00:00:00.000,22,NULL,71.0000,7,65.2713,80
1268,Crysis 3,2013-02-19 00:00:00.000,101,NULL,74.0000,17,74.3204,310
99781,Child of Light: Ultimate Edition,2015-06-09 00:00:00.000,2,NULL,80.0000,1,72.0516,11
2706,Mario & Sonic at the Olympic Games,2007-11-06 00:00:00.000,4,NULL,65.5000,4,63.1158,56
4563,My Pokémon Ranch,2008-03-25 00:00:00.000,2,NULL,40.0000,1,48.8278,11
2193,Mario Party 8,2007-05-29 00:00:00.000,15,NULL,57.6667,3,71.0614,99
14699,Pokémon Ranger: Shadows of Almia,2008-03-20 00:00:00.000,7,NULL,50.0000,3,71.6682,37
1584,The Legend of Spyro: Dawn of the Dragon,2008-10-21 00:00:00.000,4,NULL,60.0000,6,71.0259,24
17904,ShellShock Live,2019-03-07 00:00:00.000,16,NULL,NULL,NULL,68.4285,24
12313,Missile Command,1980-07-01 00:00:00.000,5,NULL,76.6667,2,70.5731,39
3244,Wii Music,2008-10-19 00:00:00.000,4,NULL,53.3333,5,62.2652,20
116585,Marvel's Iron Man VR,2020-07-03 00:00:00.000,2,5,77.4545,14,NULL,NULL
113,Assassin's Creed Brotherhood,2010-11-16 00:00:00.000,484,NULL,83.3333,12,82.9924,1405
51942,The Flintstones,1993-02-22 00:00:00.000,2,NULL,NULL,NULL,81.1389,12
4558,PokéPark Wii: Pikachu's Adventure,2009-12-05 00:00:00.000,2,NULL,62.2500,5,69.9524,27
6653,Euro Truck Simulator,2008-08-29 00:00:00.000,8,NULL,NULL,NULL,59.0490,31
12469,Rambo III,1988-12-31 00:00:00.000,1,NULL,NULL,NULL,69.0994,14
28729,Doodle Jump,2009-04-06 00:00:00.000,4,NULL,NULL,NULL,69.6967,29
8750,N++,2015-07-28 00:00:00.000,7,NULL,82.8000,11,94.8340,24
2584,Eve Online,2003-05-06 00:00:00.000,28,NULL,78.7500,7,77.1435,54
5787,Constantine,2005-02-15 00:00:00.000,3,NULL,50.0000,3,76.6424,14
54217,Persona 3: Dancing in Moonlight,2018-05-24 00:00:00.000,2,NULL,76.0000,7,74.9300,18
15383,Tempest,1981-10-01 00:00:00.000,5,NULL,45.0000,2,79.2042,15
18614,Stikbold! A Dodgeball Adventure,2016-04-01 00:00:00.000,2,NULL,70.6000,6,70.5577,14
54787,ReCore: Definitive Edition,2017-08-29 00:00:00.000,6,NULL,NULL,NULL,71.4138,15
7603,Hellblade: Senua's Sacrifice,2017-08-07 00:00:00.000,231,18,84.2727,26,85.0849,797
18528,Doodle God,2010-06-23 00:00:00.000,4,NULL,56.5000,3,67.8801,24
37092,Hidden Agenda,2017-10-24 00:00:00.000,25,3,66.2500,6,73.4421,25
7559,Pac-Man,1982-03-01 00:00:00.000,9,NULL,80.0000,0,79.4067,22
11148,Plants vs. Zombies: Garden Warfare 2,2016-02-23 00:00:00.000,62,2,85.2353,21,73.4771,64
2322,Pokémon Mystery Dungeon: Explorers of Darkness,2007-09-13 00:00:00.000,8,NULL,55.0000,2,80.4414,36
2587,Skate 3,2010-05-11 00:00:00.000,25,NULL,84.4000,6,78.7553,94
112916,Mortal Kombat 11,2019-04-22 00:00:00.000,34,8,79.9167,17,83.7479,185
8284,Pokémon Black Version 2,2012-06-23 00:00:00.000,38,NULL,82.2857,7,83.1256,132
281,Return to Castle Wolfenstein,2001-11-19 00:00:00.000,115,NULL,68.2000,5,79.0694,366
14554,Craft the World,2014-11-24 00:00:00.000,10,NULL,NULL,NULL,80.1942,19
1039,The Legend of Zelda: Ocarina of Time 3D,2011-06-16 00:00:00.000,145,NULL,92.0000,9,90.7526,372
1426,Phoenix Wright: Ace Attorney,2005-09-15 00:00:00.000,82,NULL,80.0000,3,82.8036,270
1010,Cities in Motion,2011-02-22 00:00:00.000,9,NULL,67.0000,1,69.1159,18
4319,D,1995-04-01 00:00:00.000,4,NULL,68.5000,3,30.9673,11
4566,Pokémon Mystery Dungeon: Gates to Infinity,2012-11-23 00:00:00.000,4,NULL,63.6667,7,66.1099,25
2286,Pokémon X,2013-10-12 00:00:00.000,60,3,87.4000,11,78.2085,233
2172,Nintendo Land,2012-11-17 00:00:00.000,11,NULL,75.0000,8,75.2986,61
19799,Fate/Extella: The Umbral Star,2016-11-10 00:00:00.000,8,2,69.2353,18,76.2179,8
3278,Garry's Mod,2004-12-24 00:00:00.000,132,NULL,NULL,NULL,79.1629,310
7596,Eufloria,2009-10-20 00:00:00.000,4,NULL,77.6667,7,70.7979,11
5601,The Witness,2016-01-26 00:00:00.000,179,31,88.3333,14,82.7654,403
1363,Little Inferno,2012-11-18 00:00:00.000,28,NULL,65.0000,8,73.0908,120
2350,Mario Kart 8,2014-05-29 00:00:00.000,158,10,90.8000,16,87.1464,582
8339,Minecraft: Story Mode,2015-10-13 00:00:00.000,24,6,65.4906,8,70.2388,79
14363,Gran Turismo Sport,2017-10-17 00:00:00.000,60,15,77.2500,14,75.2910,81
9621,Super Smash Bros. for Nintendo 3DS,2014-09-13 00:00:00.000,29,1,86.0667,15,75.5448,140
11426,100% Orange Juice,2009-08-15 00:00:00.000,7,NULL,NULL,NULL,79.6232,27
14393,Bulb Boy,2015-10-29 00:00:00.000,3,NULL,82.5000,2,70.2167,14
6958,Dante's Inferno,2010-02-04 00:00:00.000,49,NULL,74.4286,8,75.6186,181
109274,Judgment,2018-12-13 00:00:00.000,14,NULL,82.7143,18,82.8451,62
6332,Caesar III,1998-10-01 00:00:00.000,31,NULL,NULL,NULL,80.0650,76
1969,Red Dead Revolver,2004-05-03 00:00:00.000,9,NULL,66.0000,6,68.4264,53
9708,Danganronpa Another Episode: Ultra Despair Girls,2015-09-01 00:00:00.000,12,NULL,74.4444,9,71.5925,58
7812,Patapon,2007-12-20 00:00:00.000,16,NULL,88.3333,4,80.0480,49
2291,Thomas Was Alone,2012-07-24 00:00:00.000,40,NULL,76.3750,9,71.0462,155
14389,Friday the 13th: The Game,2017-05-25 00:00:00.000,49,10,60.8750,9,66.0189,62
159116,Grid Legends,2022-02-24 00:00:00.000,1,NULL,88.3333,6,70.4877,18
146851,Lost Judgment,2021-09-24 00:00:00.000,1,1,81.0000,9,87.1827,23
7386,The Talos Principle,2014-12-11 00:00:00.000,106,NULL,87.3333,12,87.2495,343
205201,Crisis Core: Final Fantasy VII - Reunion,2022-12-13 00:00:00.000,2,5,81.5000,10,75.2650,19
18425,Urban Empire,2017-01-20 00:00:00.000,18,5,67.0000,3,59.4662,13
11613,BlazBlue: Central Fiction,2015-11-19 00:00:00.000,6,3,85.6000,6,65.9395,18
25263,The Playroom VR,2016-10-13 00:00:00.000,2,NULL,NULL,NULL,60.4725,11
221,Phantasmagoria,1995-08-01 00:00:00.000,13,NULL,60.0000,1,77.4884,37
3856,Chibi-Robo!,2005-06-23 00:00:00.000,3,NULL,80.0000,1,79.5283,24
19645,Guilty Gear Xrd: Sign,2014-12-04 00:00:00.000,2,NULL,78.3333,5,75.8181,16
54486,We Were Here Too,2018-02-02 00:00:00.000,4,NULL,90.0000,1,66.5384,30
22778,Outward,2019-03-26 00:00:00.000,13,7,56.5000,8,78.5555,30
204360,Goat Simulator 3,2022-11-17 00:00:00.000,1,1,70.0000,6,99.4217,13
115276,Super Mario Maker 2,2019-06-28 00:00:00.000,35,12,87.1667,13,81.0983,158
8188,Realm of the Mad God,2011-06-20 00:00:00.000,10,NULL,85.0000,2,73.9542,33
116419,Cadence of Hyrule: Crypt of the NecroDancer Featuring the Legend of Zelda,2019-06-13 00:00:00.000,4,2,81.8571,9,75.2080,43
24781,PlayStation VR Worlds,2016-10-13 00:00:00.000,NULL,NULL,59.5000,12,69.1709,9
127344,Bravely Default II,2021-02-25 00:00:00.000,5,7,79.7273,14,73.0208,14
42856,Kingdom Hearts Birth by Sleep Final Mix,2011-01-20 00:00:00.000,4,NULL,NULL,NULL,75.1581,25
3218,Vanquish,2010-10-19 00:00:00.000,66,NULL,80.6000,16,79.6453,197
2273,No More Heroes 2: Desperate Struggle,2010-01-26 00:00:00.000,12,NULL,78.6250,9,80.5103,57
25252,Crush Crush,2016-10-04 00:00:00.000,5,NULL,60.0000,1,65.9840,14
135818,Pizza Tower,2023-01-26 00:00:00.000,2,2,90.0000,1,84.7611,26
27024,A Normal Lost Phone,2017-01-26 00:00:00.000,9,NULL,88.0000,2,70.4731,31
323,The 7th Guest,1993-01-01 00:00:00.000,5,NULL,NULL,NULL,72.9374,19
4,Thief,2014-02-25 00:00:00.000,95,13,63.6429,17,70.5662,270
75239,Spelunky 2,2020-09-15 00:00:00.000,8,14,87.0000,13,80.9058,34
13232,Technobabylon,2015-05-21 00:00:00.000,18,NULL,81.0000,3,76.6896,37
152765,Castlevania Advance Collection,2021-09-23 00:00:00.000,1,NULL,94.0000,2,97.9794,11
6748,Killing Floor 2,2016-11-18 00:00:00.000,83,20,80.7692,15,72.6919,124
3100,Wasteland,1988-01-02 00:00:00.000,7,NULL,100.0000,1,79.7822,21
1757,Mega Man Battle Network 3 White,2002-12-06 00:00:00.000,2,NULL,NULL,NULL,88.8859,25
2264,Zack & Wiki: Quest for Barbaros' Treasure,2007-10-16 00:00:00.000,10,NULL,85.0000,3,77.1584,16
9280,Wakfu,2012-02-29 00:00:00.000,4,1,NULL,NULL,73.1880,23
1756,Mega Man Battle Network 2,2001-12-14 00:00:00.000,6,NULL,NULL,NULL,80.3364,34
1762,Mega Man Battle Network 5: Team Colonel,2005-02-24 00:00:00.000,NULL,NULL,NULL,NULL,70.4804,12
14404,Kona,2017-03-17 00:00:00.000,29,6,76.6667,4,72.7498,45
11176,Crossing Souls,2018-02-13 00:00:00.000,16,4,71.3333,10,77.9113,19
107141,Spirit of the North,2019-11-13 00:00:00.000,3,1,70.0000,3,76.6424,17
4847,Lords of the Fallen,2014-10-28 00:00:00.000,55,8,69.3333,13,68.7470,127
1812,Dragon Quest,2004-03-01 00:00:00.000,14,NULL,NULL,NULL,70.3825,69
20740,The Witcher 2: Assassins of Kings - Enhanced Edition,2012-04-16 00:00:00.000,89,NULL,88.2000,6,86.5308,174
6804,One Piece: Pirate Warriors 3,2015-03-26 00:00:00.000,9,NULL,76.4286,8,69.9554,42
144153,Aliens: Fireteam Elite,2021-08-24 00:00:00.000,3,3,73.8000,12,63.7606,22
7888,Defender's Quest: Valley of the Forgotten,2012-10-30 00:00:00.000,4,NULL,NULL,NULL,73.9747,11
92589,Club Penguin,2005-10-24 00:00:00.000,6,NULL,NULL,NULL,86.2187,47
22703,Metal Gear Survive,2018-02-20 00:00:00.000,17,5,59.7857,17,31.7684,17
138244,Midnight Fight Express,2022-08-23 00:00:00.000,4,7,79.0000,5,70.1159,20
7641,Teslagrad,2013-12-13 00:00:00.000,13,NULL,79.3333,7,72.8015,44
1966,Rayman 3: Hoodlum Havoc,2003-02-21 00:00:00.000,34,NULL,65.0000,2,78.4963,106
119161,Need for Speed: Heat,2019-11-08 00:00:00.000,35,7,69.8000,11,70.4950,132
121731,Humankind,2021-08-17 00:00:00.000,6,21,79.2000,5,79.1718,26
18090,Shakes and Fidget,2016-02-24 00:00:00.000,8,NULL,NULL,NULL,79.6749,23
8756,NEO Scavenger,2014-12-15 00:00:00.000,4,NULL,72.5000,2,74.6871,13
23596,Duke Nukem 3D: 20th Anniversary World Tour,2016-10-11 00:00:00.000,10,1,80.7778,10,82.5574,22
13620,Guilty Gear Xrd: Revelator,2015-08-25 00:00:00.000,10,5,85.5714,9,89.2766,28
24838,Shu,2016-10-04 00:00:00.000,2,NULL,73.7000,11,70.0000,1
7087,Beatbuddy: Tale of the Guardians,2013-08-06 00:00:00.000,2,NULL,73.3333,3,62.3362,11
21762,Dying Light: The Following - Enhanced Edition,2016-02-09 00:00:00.000,32,NULL,89.0000,2,86.0985,70
7642,Among the Sleep,2014-05-29 00:00:00.000,23,NULL,66.1818,11,70.0522,65
1122,Call of Duty: Black Ops II,2012-11-12 00:00:00.000,186,NULL,78.4706,19,73.3281,678
1337,Torchlight II,2012-09-20 00:00:00.000,89,NULL,85.6154,14,77.7406,256
141544,Evil Dead: The Game,2022-05-13 00:00:00.000,7,7,63.5000,7,55.1295,13
1389,Dead or Alive 3,2001-11-15 00:00:00.000,11,NULL,80.0000,2,80.8918,33
111717,One Step From Eden,2020-03-26 00:00:00.000,2,NULL,0.0000,1,64.0491,12
55041,Metal Gear Solid 2: Sons of Liberty - HD Edition,2011-11-08 00:00:00.000,7,NULL,NULL,NULL,83.9728,21
24985,Golf With Your Friends,2016-01-29 00:00:00.000,11,NULL,72.2500,5,72.8304,68
6656,Ultra Street Fighter IV,2014-04-18 00:00:00.000,17,NULL,79.4286,16,71.0221,89
15414,Monster Loves You!,2013-03-18 00:00:00.000,3,NULL,NULL,NULL,67.0715,14
8036,Verdun,2015-04-28 00:00:00.000,20,1,57.5000,9,61.2317,26
1301,Tom Clancy's Ghost Recon Advanced Warfighter 2,2007-03-06 00:00:00.000,12,NULL,83.7500,6,73.3028,46
3803,The Bard's Tale,2004-10-26 00:00:00.000,10,NULL,76.5000,5,68.8749,26
18182,Momodora: Reverie Under the Moonlight,2016-03-04 00:00:00.000,23,NULL,82.8333,7,89.8704,93
7330,LittleBigPlanet 3,2014-11-18 00:00:00.000,40,2,77.9000,12,73.6341,92
56870,"Guns, Gore and Cannoli 2",2018-03-02 00:00:00.000,7,1,78.5000,2,74.8262,17
116634,Beyond a Steel Sky,2020-06-25 00:00:00.000,7,2,76.2000,6,68.7935,16
27324,The Gardens Between,2018-09-20 00:00:00.000,18,4,81.0000,10,76.6247,75
1267,Sleeping Dogs,2012-08-13 00:00:00.000,181,NULL,82.0000,15,80.8972,529
141545,Ghosts 'n Goblins Resurrection,2021-02-24 00:00:00.000,NULL,NULL,69.2000,12,80.0104,7
122659,Bad North: Jotunn Edition,2018-08-20 00:00:00.000,5,NULL,NULL,NULL,69.5885,12
2630,Bubble Bobble,1986-06-16 00:00:00.000,22,NULL,80.0000,0,77.5156,109
28391,Bust-A-Move,1994-01-21 00:00:00.000,NULL,NULL,NULL,NULL,76.0411,24
4405,Rainbow Islands: The Story of Bubble Bobble 2,1987-12-31 00:00:00.000,4,NULL,NULL,NULL,79.0591,27
503,FIFA Soccer 11,2010-09-28 00:00:00.000,22,1,84.3333,7,73.3097,108
30225,Kenshi,2018-12-06 00:00:00.000,7,3,84.0000,1,82.4944,40
1377,Spec Ops: The Line,2012-06-26 00:00:00.000,225,NULL,76.6667,10,82.2054,731
4211,James Cameron's Avatar: The Game,2009-12-01 00:00:00.000,14,NULL,60.6667,9,71.3092,43
343,Battlefield 3,2011-10-25 00:00:00.000,280,NULL,85.0000,14,80.2159,840
625,Call of Duty: World at War,2008-11-11 00:00:00.000,164,NULL,80.0000,9,75.5450,721
2920,FIFA 14,2013-09-24 00:00:00.000,55,2,81.6429,14,75.3283,225
8566,Pro Evolution Soccer 2015,2014-11-11 00:00:00.000,12,NULL,81.1667,14,69.6128,64
4650,Pro Evolution Soccer 2011,2010-09-30 00:00:00.000,16,NULL,74.6667,6,74.6238,76
11071,FIFA 16,2015-09-22 00:00:00.000,56,NULL,83.2308,16,71.9193,195
5058,NBA 2K13,2012-10-02 00:00:00.000,8,NULL,74.5000,11,78.1510,41
6822,Pac-Land,1984-08-01 00:00:00.000,3,NULL,NULL,NULL,69.9272,15
21004,Jet Set Radio,2012-09-18 00:00:00.000,6,NULL,75.0000,2,81.8679,33
1716,Mega Man 3,1990-09-28 00:00:00.000,31,NULL,NULL,NULL,81.0344,160
1719,Mega Man 6,1993-11-05 00:00:00.000,14,NULL,NULL,NULL,80.6190,75
7858,Sonic Adventure 2,2001-06-23 00:00:00.000,23,NULL,79.0000,2,74.1714,146
5181,Spider-Man: Web of Shadows,2008-10-21 00:00:00.000,37,NULL,69.6667,8,75.1584,102
12860,Super Street Fighter II: The New Challengers,1993-09-10 00:00:00.000,8,NULL,NULL,NULL,80.9012,47
6840,R-Type,1987-07-01 00:00:00.000,11,NULL,NULL,NULL,75.5960,48
28384,Solomon's Key,1986-07-30 00:00:00.000,2,NULL,NULL,NULL,71.8525,18
4499,Dr. Robotnik's Mean Bean Machine,1993-11-26 00:00:00.000,3,NULL,NULL,NULL,61.5499,40
2136,Bayonetta,2009-10-29 00:00:00.000,152,NULL,90.8667,20,82.2966,462
39306,Street Fighter II: The World Warrior,1991-06-22 00:00:00.000,3,NULL,NULL,NULL,81.2675,15
4610,City Connection,1985-07-01 00:00:00.000,2,NULL,49.0000,1,60.0308,19
112884,Sonic the Hedgehog 2,1992-10-16 00:00:00.000,2,NULL,NULL,NULL,88.1365,24
1743,Mega Man X3,1995-11-30 00:00:00.000,20,NULL,NULL,NULL,77.5800,103
1759,Mega Man Battle Network 4: Red Sun,2003-12-12 00:00:00.000,1,NULL,NULL,NULL,68.7669,13
1755,Mega Man Battle Network,2001-03-21 00:00:00.000,8,NULL,NULL,NULL,82.2662,52
2135,Bayonetta 2,2014-09-20 00:00:00.000,70,1,91.4286,23,89.2294,196
1760,Mega Man Battle Network 4: Blue Moon,2003-12-14 00:00:00.000,3,NULL,68.0000,1,69.0838,14
2736,Dig Dug II: Trouble in Paradise,1985-03-01 00:00:00.000,4,NULL,NULL,NULL,67.8312,18
1761,Mega Man Battle Network 5: Team Protoman,2004-12-09 00:00:00.000,NULL,NULL,NULL,NULL,77.6597,15
1764,Mega Man Battle Network 6: Cybeast Falzar,2005-11-23 00:00:00.000,1,NULL,NULL,NULL,71.4080,13
1221,Kingdom Hearts II,2005-12-22 00:00:00.000,183,NULL,90.0000,4,88.3529,604
24017,The Bunker,2016-09-20 00:00:00.000,5,1,70.3636,14,59.2085,23
36792,Pokémon Ultra Sun,2017-11-16 00:00:00.000,77,36,84.1000,12,73.7945,74
960,Max Payne 3,2012-05-15 00:00:00.000,269,1,89.3333,13,82.4391,873
18484,Clustertruck,2016-09-27 00:00:00.000,14,1,74.1000,10,68.5147,66
55048,Another Lost Phone: Laura's Story,2017-09-21 00:00:00.000,3,NULL,75.0000,1,72.3485,12
12192,Pac-Mania,1987-11-30 00:00:00.000,2,NULL,NULL,NULL,52.9512,12
6875,Rastan,1987-12-31 00:00:00.000,1,NULL,NULL,NULL,69.9938,12
99,Need for Speed: Carbon,2006-10-31 00:00:00.000,130,NULL,70.5000,4,72.3237,431
12190,Operation Wolf,1987-11-01 00:00:00.000,2,NULL,NULL,NULL,65.4676,23
5613,Baldur's Gate II: Enhanced Edition,2013-11-15 00:00:00.000,32,NULL,NULL,NULL,87.7617,48
3150,LEGO Harry Potter: Years 5-7,2011-11-11 00:00:00.000,26,NULL,76.1429,7,74.5732,88
6844,LEGO Star Wars III: The Clone Wars,2011-02-28 00:00:00.000,24,NULL,70.0000,4,73.2496,87
2437,Prince of Persia: The Two Thrones,2005-12-01 00:00:00.000,120,NULL,80.0000,3,80.4821,365
76253,Devil May Cry 5,2019-03-08 00:00:00.000,83,41,90.3333,19,83.4711,365
3838,Burnout,2001-11-01 00:00:00.000,9,NULL,80.0000,2,66.5918,29
19082,The Jackbox Party Pack 3,2016-10-18 00:00:00.000,23,5,77.5000,6,82.3121,47
1070,Super Mario World,1990-11-21 00:00:00.000,544,NULL,100.0000,1,92.7314,1440
37066,Starlink: Battle for Atlas,2018-10-16 00:00:00.000,16,2,76.4000,11,70.3583,11
28067,The Fall Part 2: Unbound,2017-12-31 00:00:00.000,8,5,70.0000,6,70.1575,11
8067,Disney's TaleSpin,1991-12-11 00:00:00.000,2,NULL,NULL,NULL,77.1507,19
748,Hitman 2: Silent Assassin,2002-09-30 00:00:00.000,112,NULL,77.0000,2,81.2950,350
6067,Decap Attack,1990-12-15 00:00:00.000,4,NULL,NULL,NULL,66.4277,15
787,Serious Sam II,2005-10-11 00:00:00.000,29,NULL,78.3333,5,70.4618,135
13181,Serious Sam HD: The Second Encounter,2010-04-28 00:00:00.000,24,NULL,76.7500,4,72.4474,53
12329,Fate/hollow ataraxia,2014-11-27 00:00:00.000,5,NULL,NULL,NULL,96.4694,14
26381,TheHunter: Call of the Wild,2017-02-16 00:00:00.000,22,2,73.6000,5,73.6485,43
26855,Dead Cells,2017-05-10 00:00:00.000,89,7,90.0833,17,83.6415,429
1872,Descent,1994-12-31 00:00:00.000,22,NULL,75.0000,2,74.0202,56
1049,Hitman: Contracts,2004-04-20 00:00:00.000,70,NULL,70.0000,3,77.2914,242
13180,Serious Sam HD: The First Encounter,2009-11-24 00:00:00.000,15,NULL,74.0000,3,75.0003,61
11753,Sheltered,2016-03-15 00:00:00.000,17,NULL,60.0000,5,69.5187,29
11157,Hitman,2016-03-11 00:00:00.000,176,23,78.5897,36,81.3541,442
3071,Comix Zone,1995-08-01 00:00:00.000,27,NULL,NULL,NULL,75.2400,102
5637,Costume Quest,2010-10-19 00:00:00.000,14,1,80.0000,3,76.3181,75
43178,Idle Champions of the Forgotten Realms,2018-12-11 00:00:00.000,6,1,NULL,NULL,43.6607,11
134582,Ratchet & Clank: Rift Apart,2021-06-11 00:00:00.000,20,15,90.6667,18,87.6589,139
11409,Submerged,2015-08-03 00:00:00.000,9,NULL,57.2222,10,60.1508,32
527,Serious Sam 3: BFE,2011-11-22 00:00:00.000,33,NULL,70.8333,7,70.1261,129
21767,The Count Lucanor,2016-03-03 00:00:00.000,2,NULL,83.3333,3,77.2539,17
1050,Hitman: Codename 47,2000-11-19 00:00:00.000,72,NULL,60.0000,2,75.4888,244
1022,The Legend of Zelda,1986-02-21 00:00:00.000,212,NULL,NULL,NULL,81.2214,595
10718,Prehistorik 2,1993-01-01 00:00:00.000,4,NULL,NULL,NULL,80.4461,26
858,Serious Sam: The Second Encounter,2002-01-24 00:00:00.000,49,1,90.5000,2,79.7872,139
6073,Hitman GO,2014-04-17 00:00:00.000,26,NULL,74.8750,9,73.8556,82
19488,Hitman: Sniper,2015-06-02 00:00:00.000,10,NULL,NULL,NULL,77.7054,23
694,Fable: The Lost Chapters,2005-09-20 00:00:00.000,61,NULL,84.3333,5,84.1529,161
21580,Hitman Go: Definitive Edition,2016-02-23 00:00:00.000,3,NULL,77.6250,8,71.0342,14
68461,Nioh: Complete Edition,2017-11-07 00:00:00.000,34,1,82.8000,7,82.4963,37
5567,Hitman: Sniper Challenge,2012-05-15 00:00:00.000,9,1,81.6667,3,71.6750,31
1066,Super Mario Bros.: The Lost Levels,1986-06-03 00:00:00.000,18,NULL,NULL,NULL,74.4784,108
119061,Atelier Ryza: Ever Darkness & the Secret Hideout,2019-09-26 00:00:00.000,2,3,77.2857,7,80.0027,14
12511,Battle Chasers: Nightwar,2017-10-03 00:00:00.000,19,4,77.9091,13,78.8998,50
103210,Hitman 2,2018-11-13 00:00:00.000,65,16,82.4286,17,82.3495,217
134595,Hitman 3,2021-01-20 00:00:00.000,18,11,85.2500,18,86.7001,97
69721,Monster Hunter,2004-03-11 00:00:00.000,4,NULL,NULL,NULL,60.3920,12
2269,Monster Hunter Freedom,2005-12-01 00:00:00.000,5,NULL,NULL,NULL,69.8284,15
18068,Dirge of Cerberus: Final Fantasy VII,2006-01-26 00:00:00.000,13,NULL,61.0000,3,64.5066,35
20427,Monster Hunter Freedom Unite,2008-03-27 00:00:00.000,11,NULL,80.0000,6,80.2377,25
23066,Monster Hunter Freedom 2,2007-08-28 00:00:00.000,5,NULL,71.6667,3,76.8917,11
2268,Monster Hunter Tri,2009-08-01 00:00:00.000,10,NULL,82.5000,6,79.7295,35
2271,Monster Hunter 3 Ultimate,2011-12-10 00:00:00.000,18,NULL,80.9091,13,83.6850,41
42759,Monster Hunter Portable 3rd,2010-12-01 00:00:00.000,2,NULL,NULL,NULL,80.3137,14
165067,Call of Duty: Vanguard,2021-11-05 00:00:00.000,67,1,74.7500,12,62.6087,43
6440,Monster Hunter 4 Ultimate,2014-10-11 00:00:00.000,17,1,87.6429,16,90.9916,41
138951,Monster Hunter Stories 2: Wings of Ruin,2021-07-08 00:00:00.000,2,1,85.4000,12,78.0626,15
18181,Monster Hunter Generations,2015-11-28 00:00:00.000,16,NULL,86.7895,20,79.6854,25
5840,Full Spectrum Warrior,2004-06-01 00:00:00.000,11,NULL,81.3333,6,76.7947,11
5652,Age of Wonders III,2014-03-31 00:00:00.000,23,2,79.6000,5,61.1054,43
2853,Braid,2008-08-06 00:00:00.000,192,NULL,86.6667,4,85.3349,520
851,Robin Hood: The Legend of Sherwood,2002-11-14 00:00:00.000,21,NULL,80.0000,1,86.0727,49
15931,Punch Club,2016-01-08 00:00:00.000,20,NULL,68.2000,6,76.2849,68
3152,Don't Starve,2013-04-23 00:00:00.000,105,1,78.5714,8,76.0407,305
44516,West of Loathing,2017-08-10 00:00:00.000,6,NULL,82.0000,6,82.7270,31
7578,"I Have No Mouth, and I Must Scream",1995-10-31 00:00:00.000,23,NULL,NULL,NULL,80.1503,56
7893,Legacy of Kain: Soul Reaver 2,2001-10-31 00:00:00.000,25,NULL,95.0000,2,83.9352,82
4164,Sphinx and the Cursed Mummy,2003-11-10 00:00:00.000,2,NULL,70.5000,3,79.8787,12
67,Master of Orion,1993-09-06 00:00:00.000,11,NULL,84.3333,2,87.7686,42
24051,Dear Esther: Landmark Edition,2016-09-20 00:00:00.000,18,NULL,64.4545,11,72.4163,64
947,Worms 2,1997-12-31 00:00:00.000,22,NULL,NULL,NULL,81.6817,69
207,The Dig,1995-11-30 00:00:00.000,41,NULL,45.0000,1,85.1780,85
15276,Retro City Rampage DX,2014-02-05 00:00:00.000,5,NULL,90.0000,1,69.5039,13
222,Phantasmagoria 2: A Puzzle of Flesh,1996-11-30 00:00:00.000,6,NULL,NULL,NULL,84.9487,26
6057,Shadow Warrior,2013-09-26 00:00:00.000,66,NULL,70.6250,9,77.6940,168
18645,Hand of Fate 2,2017-11-07 00:00:00.000,18,7,76.0909,13,70.0527,24
6812,Sherlock Holmes: The Silver Earring,2004-08-27 00:00:00.000,3,NULL,NULL,NULL,71.2566,23
25081,Darksiders: Warmastered Edition,2016-11-22 00:00:00.000,32,NULL,81.0000,12,78.3465,82
9691,Tzar: The Burden of the Crown,2000-01-27 00:00:00.000,8,NULL,60.0000,1,88.8189,21
8456,Legend of Grimrock 2,2014-10-15 00:00:00.000,20,NULL,87.5000,3,84.8736,47
3232,Back to the Future: The Game,2010-12-22 00:00:00.000,30,NULL,68.0000,5,69.1657,94
336,Crysis Warhead,2008-09-16 00:00:00.000,59,NULL,76.6667,5,74.9270,198
24775,The Elder Scrolls III: Morrowind - Game of the Year Edition,2003-10-31 00:00:00.000,7,NULL,NULL,NULL,76.6402,35
7667,The Raven: Legacy of a Master Thief,2013-06-27 00:00:00.000,3,NULL,68.8000,6,50.4752,15
55106,Reigns: Her Majesty,2017-12-06 00:00:00.000,4,1,83.0000,5,68.9440,15
8796,Tales of Maj'Eyal,2012-12-31 00:00:00.000,5,NULL,NULL,NULL,77.6484,18
11203,Galak-Z: The Dimensional,2015-08-04 00:00:00.000,5,NULL,81.5000,12,79.6343,12
916,Toonstruck,1996-11-30 00:00:00.000,15,NULL,NULL,NULL,90.6666,31
5892,The Swapper,2013-05-30 00:00:00.000,66,NULL,88.0000,10,79.1589,154
5385,Fatal Fury Special,1993-09-16 00:00:00.000,3,NULL,70.0000,1,70.1325,25
9868,Hyperdimension Neptunia Re;Birth2: Sisters Generation,2014-03-20 00:00:00.000,7,NULL,71.2500,5,69.8704,11
9174,Little Nightmares,2017-04-28 00:00:00.000,174,8,77.7222,21,81.2215,440
5778,Lucius,2012-10-26 00:00:00.000,6,NULL,45.0000,1,58.3522,51
19394,Blackwood Crossing,2017-04-04 00:00:00.000,5,NULL,78.0000,8,88.7923,24
15736,Edna & Harvey: The Breakout,2008-12-31 00:00:00.000,11,NULL,75.0000,2,80.1973,30
9245,Deadly Premonition: Director's Cut,2013-04-30 00:00:00.000,13,NULL,74.1667,8,59.3999,25
2130,Dust: An Elysian Tail,2012-08-15 00:00:00.000,39,NULL,82.0000,10,77.0942,139
1001,Oddworld: Munch's Oddysee,2001-11-15 00:00:00.000,8,NULL,55.2500,4,69.4140,25
5049,King's Bounty: Warriors of the North,2012-10-25 00:00:00.000,4,NULL,NULL,NULL,67.5372,20
8904,Westerado: Double Barreled,2015-04-16 00:00:00.000,12,1,78.0000,5,76.7780,22
27910,Everything,2017-03-21 00:00:00.000,22,1,72.0000,10,71.7931,52
6701,Edna & Harvey: Harvey's New Eyes,2012-10-16 00:00:00.000,14,NULL,63.3333,3,86.8882,35
2030,TimeShift,2007-10-30 00:00:00.000,23,NULL,75.4000,6,71.0087,72
11590,The Surge,2017-05-15 00:00:00.000,46,11,72.0909,12,70.4679,83
24396,Big Pharma,2015-08-27 00:00:00.000,4,NULL,87.5000,2,43.8687,11
151,Star Wars: Rebellion,1998-02-28 00:00:00.000,3,NULL,NULL,NULL,70.0548,14
169,Star Wars: X-Wing Alliance,1999-02-28 00:00:00.000,9,NULL,84.0000,1,88.1117,31
9722,Long Live the Queen,2012-06-02 00:00:00.000,11,NULL,70.0000,1,66.4840,34
36,Dungeon Keeper 2,1999-06-30 00:00:00.000,52,NULL,NULL,NULL,87.1305,124
12520,Lovers in a Dangerous Spacetime,2015-09-09 00:00:00.000,23,NULL,83.3571,16,72.7060,57
10148,Night in the Woods,2017-02-21 00:00:00.000,98,5,88.3333,16,82.1526,240
122563,Arise: A Simple Story,2019-12-03 00:00:00.000,2,NULL,85.6667,6,82.5823,23
21604,Old Man's Journey,2017-05-16 00:00:00.000,16,2,NULL,NULL,67.2861,68
104522,My Brother Rabbit,2018-09-21 00:00:00.000,2,1,0.0000,1,74.1121,11
28952,Timespinner,2018-09-25 00:00:00.000,7,1,80.0000,3,77.4649,36
19319,Curious Expedition,2016-09-02 00:00:00.000,6,NULL,75.7500,5,78.0061,19
55190,Pikuniku,2019-01-24 00:00:00.000,9,1,74.8000,6,66.0791,73
127816,Paradise Killer,2020-09-04 00:00:00.000,2,NULL,79.1111,11,87.4550,30
20125,Replica,2016-07-11 00:00:00.000,4,NULL,75.0000,3,70.8744,12
129097,Norco,2022-03-24 00:00:00.000,1,2,92.0000,3,75.9534,23
64957,Mutazione,2019-09-19 00:00:00.000,6,2,90.0000,1,63.9303,20
23275,Streets of Rogue,2019-07-11 00:00:00.000,14,6,84.0000,3,51.6345,29
74878,Hitman: Game of the Year Edition,2017-11-07 00:00:00.000,6,NULL,NULL,NULL,96.8218,29
2240,Pikmin 2,2004-04-29 00:00:00.000,25,NULL,87.0000,2,88.3489,84
2239,Pikmin,2001-10-26 00:00:00.000,40,NULL,80.0000,1,82.3866,131
23891,Daymare: 1998,2019-09-17 00:00:00.000,5,2,55.0000,3,71.6990,14
59843,Pikmin 4,2023-07-21 00:00:00.000,2,8,87.5000,6,89.8861,14
2241,Pikmin 3,2013-07-13 00:00:00.000,25,NULL,86.2222,12,79.4389,67
136498,Pikmin 3 Deluxe,2020-10-29 00:00:00.000,2,1,86.0909,13,80.2537,17
121763,Syberia: The World Before,2022-03-18 00:00:00.000,2,3,82.7500,4,78.3295,15
46,Overlord II,2009-06-23 00:00:00.000,18,NULL,78.7500,6,77.5914,54
28124,Hey! Pikmin,2017-07-13 00:00:00.000,3,NULL,66.5833,13,67.7437,5
102057,Age of Wonders: Planetfall,2019-08-06 00:00:00.000,5,9,83.7500,9,72.1152,22
115036,Ring of Pain,2020-10-14 00:00:00.000,NULL,NULL,NULL,NULL,52.6869,12
619,Brothers in Arms: Road to Hill 30,2005-03-01 00:00:00.000,14,NULL,91.5000,7,72.0535,68
132051,Windbound,2020-08-21 00:00:00.000,11,6,57.6000,5,40.0448,13
13178,Divinity II: The Dragon Knight Saga,2010-11-05 00:00:00.000,6,NULL,80.0000,1,89.1796,11
24426,Forgotton Anne,2018-05-15 00:00:00.000,24,8,80.0000,8,72.7118,43
27509,Heaven's Vault,2019-04-16 00:00:00.000,2,1,81.8571,9,69.8890,18
79999,Lamplight City,2018-09-13 00:00:00.000,3,2,80.0000,5,80.6960,11
27862,Batman: Arkham Asylum - Game of the Year Edition,2010-03-26 00:00:00.000,14,NULL,NULL,NULL,86.1798,120
110807,Observation,2019-05-21 00:00:00.000,20,7,82.0000,14,76.6389,64
7789,The Binding of Isaac: Rebirth,2014-11-04 00:00:00.000,142,2,95.0000,2,87.2652,436
200611,Dome Keeper,2022-09-27 00:00:00.000,1,2,80.0000,2,77.5353,18
8603,Advanced Dungeons & Dragons: Heroes of the Lance,1988-12-31 00:00:00.000,1,NULL,NULL,NULL,30.8982,12
14605,Haunting Ground,2005-04-21 00:00:00.000,9,1,70.0000,2,75.9932,38
135478,Hrot,2021-01-29 00:00:00.000,2,NULL,87.0000,1,99.5562,15
140556,South of the Circle,2020-10-30 00:00:00.000,2,NULL,90.0000,4,79.7654,12
103016,Yakuza 4 Remastered,2019-01-17 00:00:00.000,1,NULL,NULL,NULL,79.4813,30
11597,Poly Bridge,2016-07-12 00:00:00.000,11,NULL,75.0000,2,71.4612,39
94085,Battlefield 1: Revolution,2017-08-01 00:00:00.000,2,NULL,NULL,NULL,79.4247,20
119234,Zombie Army 4: Dead War,2020-02-04 00:00:00.000,3,4,72.7778,11,64.6007,19
1216,Dead Space 3,2013-02-05 00:00:00.000,98,NULL,73.6667,16,72.8169,311
11198,Rocket League,2015-07-06 00:00:00.000,295,2,88.7059,20,82.4496,875
122235,Rogue Company,2020-09-30 00:00:00.000,21,1,85.0000,1,57.5434,38
979,Call of Duty: Modern Warfare 3,2011-11-08 00:00:00.000,185,NULL,89.4545,12,73.4626,891
26179,Full Throttle Remastered,2017-04-18 00:00:00.000,16,1,77.7000,12,81.4067,66
9254,Subnautica,2014-12-16 00:00:00.000,113,4,83.9091,14,84.2480,368
212,Brütal Legend,2009-10-13 00:00:00.000,51,NULL,80.3333,9,73.1741,195
10184,Defense Grid 2,2014-09-23 00:00:00.000,10,NULL,78.8000,5,87.1017,19
134560,Metal: Hellsinger,2022-09-15 00:00:00.000,11,8,86.1667,7,78.9040,47
118218,Tom Clancy's Ghost Recon: Breakpoint,2019-10-04 00:00:00.000,54,10,53.3846,15,61.2659,59
6005,Kingdom Rush,2011-12-19 00:00:00.000,19,NULL,75.0000,1,74.1217,72
141338,Red Dead Online,2019-05-15 00:00:00.000,3,NULL,NULL,NULL,74.1508,14
26848,Shovel Knight: Treasure Trove,2019-12-09 00:00:00.000,51,1,90.0000,1,85.3884,103
1318,XCOM: Enemy Unknown,2012-10-09 00:00:00.000,194,NULL,88.5000,14,83.0049,459
1466,Perfect Dark,2010-03-17 00:00:00.000,11,NULL,70.0000,1,84.0871,25
7685,LEGO Batman 3: Beyond Gotham,2014-11-11 00:00:00.000,25,NULL,75.5833,13,71.7226,57
6159,Star Wars: Episode III - Revenge of the Sith,2005-05-05 00:00:00.000,14,NULL,64.3333,4,65.0782,61
6913,Binary Domain,2012-02-16 00:00:00.000,34,NULL,72.3333,7,78.0546,88
352,Battlefield: Bad Company 2,2010-03-02 00:00:00.000,174,NULL,89.5000,7,80.7145,541
23954,Assassin's Creed: The Ezio Collection,2016-11-15 00:00:00.000,28,NULL,69.7500,9,89.3137,40
115278,Rune Factory 4 Special,2019-07-25 00:00:00.000,36,1,86.6667,4,87.8289,11
21600,Silent Hill HD Collection,2012-03-20 00:00:00.000,7,NULL,59.5000,4,60.0756,16
25580,Forager,2019-04-18 00:00:00.000,8,5,70.5000,4,74.9069,57
1247,Tekken 6,2007-11-26 00:00:00.000,37,NULL,77.8889,11,74.8844,148
3730,Pajama Sam In: No Need to Hide When It's Dark Outside,1996-10-04 00:00:00.000,5,NULL,NULL,NULL,84.1015,20
51525,Batman: The Enemy Within,2017-08-08 00:00:00.000,44,2,76.3235,3,77.2444,124
16515,Pac-Man: Championship Edition DX+,2013-09-24 00:00:00.000,5,NULL,NULL,NULL,82.1188,23
13187,"Guns, Gore & Cannoli",2015-04-30 00:00:00.000,14,NULL,63.3333,3,81.8860,36
538,BioShock Infinite,2013-02-26 00:00:00.000,660,NULL,93.2143,16,86.0365,2165
17207,Pit People,2018-03-02 00:00:00.000,18,4,76.8333,7,54.3244,15
25773,Middle-earth: Shadow of Mordor - Game of the Year Edition,2015-05-05 00:00:00.000,9,NULL,NULL,NULL,77.2764,23
471,Crysis 2,2011-03-22 00:00:00.000,153,NULL,86.5000,12,77.3788,499
76885,SoulCalibur VI,2018-10-18 00:00:00.000,20,3,83.8571,16,80.2407,83
138765,Scott Pilgrim vs. the World: The Game - Complete Edition,2021-01-14 00:00:00.000,5,2,78.5714,10,75.9117,15
115851,F.I.S.T.: Forged In Shadow Torch,2021-09-07 00:00:00.000,2,3,86.8333,7,61.3742,18
9728,Trove,2015-07-05 00:00:00.000,8,2,62.0000,4,59.0372,46
9072,The Last Door,2014-05-20 00:00:00.000,7,NULL,75.0000,1,84.3779,26
15072,Landstalker: The Treasures of King Nole,1992-10-30 00:00:00.000,1,NULL,NULL,NULL,89.7279,16
152358,WarioWare: Get It Together!,2021-09-09 00:00:00.000,NULL,1,80.8333,9,77.6079,16
18397,Event[0],2016-09-14 00:00:00.000,20,4,75.1250,10,67.5776,28
114795,Apex Legends,2019-02-04 00:00:00.000,74,NULL,88.0000,15,76.9986,416
139090,Inscryption,2021-10-19 00:00:00.000,12,1,82.2500,5,87.5598,155
11642,Geometry Dash,2013-08-12 00:00:00.000,25,NULL,NULL,NULL,76.7731,96
578,"Warhammer 40,000: Space Marine",2011-09-06 00:00:00.000,39,NULL,78.0000,9,75.7316,115
2903,Warframe,2013-03-25 00:00:00.000,97,NULL,73.4545,13,75.6185,301
2058,Payday 2,2013-08-13 00:00:00.000,98,NULL,74.7647,19,73.3734,362
16611,Scrap Mechanic,2016-01-20 00:00:00.000,35,NULL,NULL,NULL,60.8374,18
74701,Star Wars Jedi: Fallen Order,2019-11-15 00:00:00.000,153,64,82.8462,18,81.1684,660
138,LEGO Indiana Jones 2: The Adventure Continues,2009-11-17 00:00:00.000,19,NULL,75.0000,5,65.9503,61
19698,Albion Online,2017-07-17 00:00:00.000,11,2,87.5000,4,75.6502,33
148397,Muck,2021-06-04 00:00:00.000,5,NULL,NULL,NULL,64.8342,30
189,LEGO Indiana Jones: The Original Adventures,2008-06-02 00:00:00.000,39,NULL,69.0000,8,73.8486,162
10832,Sine Mora,2012-03-21 00:00:00.000,9,NULL,85.0000,8,69.0693,16
23215,Resident Evil 5 Remastered,2016-06-28 00:00:00.000,3,NULL,80.0000,1,82.3674,14
10919,XCOM 2,2016-02-04 00:00:00.000,151,17,85.2069,33,84.0274,313
13554,Styx: Shards of Darkness,2017-03-14 00:00:00.000,28,7,70.7143,16,81.9486,23
191402,Disney Speedstorm,2023-04-18 00:00:00.000,NULL,1,65.5000,2,65.2865,11
1911,Path of Exile,2013-10-23 00:00:00.000,108,3,78.0000,6,82.2416,316
154986,FIFA 22,2021-09-30 00:00:00.000,27,3,79.2857,9,77.0905,54
9101,Hand of Fate,2015-02-17 00:00:00.000,21,NULL,82.6000,5,72.6272,61
11495,Castle of Illusion Starring Mickey Mouse,2013-04-25 00:00:00.000,12,NULL,68.0000,5,74.7445,42
41025,Somerville,2022-11-15 00:00:00.000,7,19,67.5000,8,72.8086,29
6782,Ninja Gaiden II,2008-06-03 00:00:00.000,18,NULL,75.0000,5,84.4384,43
43,Deus Ex: Human Revolution,2011-08-23 00:00:00.000,331,NULL,92.1111,13,84.1733,868
107317,Gato Roboto,2019-05-30 00:00:00.000,4,NULL,75.8000,6,74.7651,42
145028,Thymesia,2022-08-18 00:00:00.000,4,7,72.0000,5,66.4244,24
115427,Haven,2020-12-03 00:00:00.000,7,11,74.5000,9,73.6014,29
125174,Overwatch 2,2022-10-04 00:00:00.000,20,17,83.0000,6,69.9617,136
1147,Castlevania: Harmony of Despair,2010-08-04 00:00:00.000,3,NULL,68.3333,4,70.0780,13
109287,Hollow Knight: Voidheart Edition,2018-09-25 00:00:00.000,11,2,NULL,NULL,93.0344,85
28512,Risk of Rain 2,2019-03-28 00:00:00.000,36,5,87.3333,6,82.6507,121
165206,Doom,2019-07-26 00:00:00.000,NULL,NULL,NULL,NULL,90.9254,18
96394,Record of Lodoss War: Deedlit in Wonder Labyrinth,2021-03-27 00:00:00.000,4,3,77.3333,3,79.9617,19
122120,The Dark Pictures Anthology: Little Hope,2020-10-30 00:00:00.000,8,3,76.4000,10,68.8381,93
4848,Max: The Curse of Brotherhood,2013-12-20 00:00:00.000,21,NULL,73.6000,16,69.9482,43
27011,Serious Sam 4,2020-09-25 00:00:00.000,8,12,72.4444,11,68.1084,23
28210,Dark Souls III: The Fire Fades Edition,2017-04-21 00:00:00.000,18,NULL,85.0000,1,90.6660,45
119244,Darksiders Genesis,2019-12-05 00:00:00.000,21,8,74.6364,12,72.4826,56
19874,Mega Man Legacy Collection,2015-08-24 00:00:00.000,9,NULL,79.4286,16,91.7728,31
36515,Sword Art Online: Fatal Bullet,2018-02-08 00:00:00.000,22,2,60.5000,9,67.6012,19
77175,Street Fighter 30th Anniversary Collection,2018-05-29 00:00:00.000,16,1,80.2857,8,80.8354,20
39044,Assassin's Creed: Origins - Gold Edition,2017-10-27 00:00:00.000,11,3,NULL,NULL,82.9586,11
54548,Dragon Quest Builders 2,2018-12-20 00:00:00.000,7,2,85.3000,14,71.2161,22
150010,Sonic Frontiers,2022-11-08 00:00:00.000,14,4,71.7500,12,70.9777,33
45178,Metal Gear Solid: Peace Walker - HD Edition,2011-11-08 00:00:00.000,4,NULL,NULL,NULL,84.7151,16
131660,No One Lives Under the Lighthouse,2020-04-17 00:00:00.000,NULL,NULL,NULL,NULL,70.4787,13
107315,Subnautica: Below Zero,2019-01-30 00:00:00.000,32,1,85.2000,6,75.7609,62
18311,The Turing Test,2016-08-30 00:00:00.000,29,10,76.3750,10,70.2597,97
153808,AI: The Somnium Files - Nirvana Initiative,2022-06-23 00:00:00.000,NULL,1,87.0000,5,86.2359,28
2126,Hotline Miami 2: Wrong Number,2015-03-10 00:00:00.000,115,18,71.3077,16,78.3227,336
1238,Tekken Tag Tournament 2,2011-09-14 00:00:00.000,27,NULL,83.3000,12,74.2364,85
7533,Tera,2011-01-25 00:00:00.000,28,NULL,72.8000,7,64.9129,79
58597,Hungry Shark World,2015-12-22 00:00:00.000,NULL,NULL,NULL,NULL,74.5557,11
7348,Halo: The Master Chief Collection,2014-11-11 00:00:00.000,85,4,86.0000,17,86.0875,195
1547,Virtua Fighter 2,1994-11-01 00:00:00.000,8,NULL,NULL,NULL,83.0308,47
22439,The Witcher 3: Wild Hunt - Game of the Year Edition,2016-08-29 00:00:00.000,208,NULL,NULL,NULL,98.6597,490
134438,Kingdoms of Amalur: Re-Reckoning,2020-09-08 00:00:00.000,3,15,78.3333,8,69.5187,13
13205,Astroneer,2019-02-05 00:00:00.000,63,17,80.7500,4,75.5980,94
194404,The Quarry,2022-06-10 00:00:00.000,14,5,83.2500,12,75.1515,106
119305,LEGO Star Wars: The Skywalker Saga,2022-04-05 00:00:00.000,18,37,82.2222,12,79.5537,49
5638,Costume Quest 2,2014-10-07 00:00:00.000,17,4,65.0000,6,71.2628,27
6292,Black Desert,2015-12-31 00:00:00.000,48,4,75.0000,6,66.6539,98
12198,Umineko no Naku Koro ni,2010-10-15 00:00:00.000,20,NULL,80.0000,1,91.1609,31
33967,Higurashi When They Cry Hou: Ch.1 Onikakushi,2015-05-15 00:00:00.000,2,NULL,NULL,NULL,69.7501,11
45181,Mass Effect Trilogy,2012-12-04 00:00:00.000,20,NULL,NULL,NULL,95.8303,217
19164,Borderlands 3,2019-09-13 00:00:00.000,141,53,81.0000,20,77.7409,306
44076,Last Day on Earth: Survival,2017-05-25 00:00:00.000,21,NULL,NULL,NULL,67.0342,25
125166,Battlefield 2042,2021-06-01 00:00:00.000,21,24,69.1111,13,55.5770,50
127044,Marvel's Spider-Man 2,2023-10-20 00:00:00.000,8,18,92.2857,10,88.3134,38
565,Uncharted 2: Among Thieves,2009-10-13 00:00:00.000,560,NULL,95.3750,10,88.8713,1719
233585,Hi-Fi Rush,2023-01-25 00:00:00.000,7,1,85.0000,10,89.4982,64
512,Uncharted 3: Drake's Deception,2011-11-01 00:00:00.000,406,NULL,93.2500,10,84.6880,1242
36662,Need for Speed: Payback,2017-11-10 00:00:00.000,138,11,54.1250,20,62.2798,164
431,Uncharted: Drake's Fortune,2007-11-16 00:00:00.000,278,NULL,89.7500,6,76.3357,999
23331,Rise of the Tomb Raider: 20 Year Celebration,2016-10-11 00:00:00.000,59,NULL,91.4286,9,82.3827,75
3759,Feeding Frenzy,2004-02-11 00:00:00.000,9,NULL,55.0000,2,72.7089,22
37016,Metro Exodus,2019-02-15 00:00:00.000,240,110,83.2500,15,83.2042,432
103015,Yakuza 3 Remastered,2018-08-09 00:00:00.000,1,NULL,NULL,NULL,70.0020,37
75297,EA Sports UFC 3,2018-02-02 00:00:00.000,12,1,80.0000,8,63.6393,20
1465,Perfect Dark Zero,2005-11-17 00:00:00.000,5,NULL,71.6667,4,66.4717,34
37001,Ori and the Will of the Wisps,2020-03-10 00:00:00.000,99,66,90.7500,16,87.1405,382
18538,Zoo Tycoon,2013-11-22 00:00:00.000,8,NULL,62.5000,5,66.0614,13
14741,Psychonauts 2,2021-08-24 00:00:00.000,59,67,87.1111,11,89.0108,112
82090,Forza Horizon 4,2018-10-02 00:00:00.000,73,15,90.7857,17,82.3597,283
207393,NBA 2K23,2022-09-08 00:00:00.000,2,NULL,79.7500,7,71.3253,13
204628,Wo Long: Fallen Dynasty,2023-03-03 00:00:00.000,7,22,83.8333,10,73.5996,26
20392,Portal Knights,2017-05-18 00:00:00.000,14,2,73.7500,4,67.9017,19
3239,Space Engineers,2019-02-28 00:00:00.000,20,5,80.0000,1,63.2339,37
95062,Call of Duty: Modern Warfare 2 Campaign Remastered,2020-03-31 00:00:00.000,22,NULL,74.0000,6,80.2019,56
89594,Monster Sanctuary,2020-12-07 00:00:00.000,1,1,85.0000,1,89.1092,20
14390,Outlast II,2017-04-25 00:00:00.000,74,20,77.8824,20,70.1911,142
475,Star Wars: The Force Unleashed,2008-09-16 00:00:00.000,90,NULL,62.2222,11,73.9894,370
137001,Call of Duty: Black Ops Cold War,2020-11-13 00:00:00.000,16,3,76.8889,12,72.4922,85
83727,Call of Duty: Black Ops 4,2018-10-12 00:00:00.000,63,7,83.5000,21,67.1672,136
8944,Penumbra: Overture,2007-03-30 00:00:00.000,25,NULL,74.0000,4,76.2824,63
119177,Call of Duty: Modern Warfare,2019-10-25 00:00:00.000,85,20,78.6667,17,80.4404,270
2045,Penumbra: Black Plague,2008-02-12 00:00:00.000,30,NULL,80.0000,2,80.0913,60
204623,Pentiment,2022-11-15 00:00:00.000,1,5,83.8000,8,88.5948,39
8652,Axiom Verge,2015-03-31 00:00:00.000,42,1,83.8667,18,75.5272,117
2368,Dark Souls II,2014-03-11 00:00:00.000,217,6,90.2500,22,79.0949,642
111,Amnesia: The Dark Descent,2010-09-08 00:00:00.000,173,NULL,89.0000,3,78.5713,390
19456,Ori and the Blind Forest: Definitive Edition,2016-03-11 00:00:00.000,59,1,86.2857,7,85.4896,222
5793,Crimson Skies: High Road to Revenge,2003-10-21 00:00:00.000,5,NULL,94.0000,3,77.6489,13
131888,Hotshot Racing,2020-09-10 00:00:00.000,4,3,66.2500,6,70.6377,16
7329,Dead Island 2,2023-04-21 00:00:00.000,158,150,74.3333,11,67.2879,24
545,Call of Duty: Black Ops,2010-11-09 00:00:00.000,234,NULL,81.4167,17,79.5727,997
142076,Cruelty Squad,2021-01-04 00:00:00.000,1,1,93.0000,1,89.1060,14
135655,Shadow Warrior 3,2022-03-01 00:00:00.000,5,9,55.8333,9,63.4027,25
12595,Yakuza Kiwami,2016-01-21 00:00:00.000,43,2,82.1667,20,80.6900,191
119298,Blair Witch,2019-08-30 00:00:00.000,21,7,72.0909,14,75.0434,75
1314,Medal of Honor: Airborne,2007-09-04 00:00:00.000,40,NULL,82.0000,6,72.3688,151
111837,Cloudpunk,2020-04-23 00:00:00.000,10,7,75.7143,8,70.6386,34
120436,One Piece: Pirate Warriors 4,2020-03-26 00:00:00.000,11,3,75.1429,8,89.1198,15
120560,60 Seconds! Reatomized,2019-07-25 00:00:00.000,3,NULL,NULL,NULL,75.7873,15
17479,The Wild Eight,2018-02-08 00:00:00.000,16,11,70.0000,1,70.0746,11
125764,Guilty Gear: Strive,2021-06-11 00:00:00.000,5,4,82.7143,9,92.6637,23
11778,Muv-Luv,2003-02-28 00:00:00.000,7,NULL,78.5000,3,79.4163,17
430,Call of Juarez: Bound In Blood,2009-06-30 00:00:00.000,62,NULL,78.5714,10,76.6174,150
9196,Five Nights at Freddy's 3,2015-03-02 00:00:00.000,8,NULL,75.0000,1,66.1998,59
116238,Sniper Elite 5,2022-05-25 00:00:00.000,9,1,80.5714,9,70.8067,22
44545,Dragon Age: Inquisition - Game of the Year Edition,2015-10-06 00:00:00.000,5,NULL,NULL,NULL,87.9144,20
2682,LEGO Star Wars: The Complete Saga,2007-11-06 00:00:00.000,59,NULL,85.0000,2,82.3640,299
547,Gears of War,2006-11-07 00:00:00.000,114,NULL,83.7500,5,81.0295,429
27270,Payday 3,2023-09-21 00:00:00.000,7,10,64.4000,7,59.9821,13
1081,The Elder Scrolls Online,2014-04-04 00:00:00.000,130,13,70.4375,20,72.0432,245
28380,Darksiders III,2018-11-27 00:00:00.000,88,41,64.9375,16,71.1949,101
6574,Bully: Scholarship Edition,2008-02-04 00:00:00.000,54,NULL,80.0000,6,79.0655,158
9475,Sonic & Knuckles,1994-10-18 00:00:00.000,26,NULL,NULL,NULL,80.4742,157
7431,Ristar,1995-02-16 00:00:00.000,5,NULL,NULL,NULL,71.7082,34
28540,Assassin's Creed Origins,2017-10-26 00:00:00.000,440,88,85.9333,19,82.4687,770
18866,Dead by Daylight,2016-06-14 00:00:00.000,365,NULL,67.1111,11,71.7656,213
11177,Gang Beasts,2017-12-12 00:00:00.000,65,NULL,64.6000,9,73.0691,81
186725,Vampire Survivors,2021-12-17 00:00:00.000,9,NULL,89.2500,5,80.4828,131
2062,Yakuza 4,2010-03-08 00:00:00.000,26,NULL,80.3333,9,83.4003,52
15734,Pony Island,2016-01-04 00:00:00.000,29,NULL,92.0000,3,74.9009,108
730,Grand Theft Auto III,2001-10-22 00:00:00.000,372,1,95.0000,4,85.0619,1253
8075,The Lost World: Jurassic Park,1997-09-16 00:00:00.000,2,NULL,NULL,NULL,67.8490,12
11076,Drawn to Death,2017-04-04 00:00:00.000,7,1,60.0000,10,58.4421,16
187,Indiana Jones and the Emperor's Tomb,2003-02-24 00:00:00.000,13,NULL,59.3333,6,73.5890,38
254339,Super Mario Bros. Wonder,2023-10-20 00:00:00.000,9,NULL,95.0000,10,90.3815,33
31551,Final Fantasy XVI,2023-06-22 00:00:00.000,NULL,27,95.0000,10,88.6267,48
7331,Uncharted 4: A Thief's End,2016-05-10 00:00:00.000,639,64,93.2400,26,90.9445,1852
11392,Chaos;Head,2008-04-25 00:00:00.000,2,NULL,NULL,NULL,79.4114,14
8195,RoboCop Versus the Terminator,1994-05-19 00:00:00.000,2,NULL,NULL,NULL,87.2647,15
1565,SoulCalibur II,2002-07-10 00:00:00.000,41,NULL,95.0000,3,82.6950,171
3076,Guns of Icarus Online,2012-10-29 00:00:00.000,10,NULL,NULL,NULL,53.0804,36
6076,1943: The Battle of Midway,1987-06-01 00:00:00.000,2,NULL,NULL,NULL,67.1518,34
1058,LittleBigPlanet,2008-10-27 00:00:00.000,72,NULL,96.0000,12,78.7303,227
7860,Sonic Adventure,1998-12-23 00:00:00.000,27,NULL,55.0000,1,66.1248,162
204849,The Looker,2022-06-17 00:00:00.000,NULL,NULL,NULL,NULL,69.9478,23
79994,Night Call,2019-07-17 00:00:00.000,6,5,60.0000,4,67.3968,18
36651,Extinction,2018-04-09 00:00:00.000,29,3,51.7000,11,50.0000,4
16741,Blade & Soul,2012-06-30 00:00:00.000,12,NULL,65.5000,4,63.8626,27
145099,Death's Door,2021-07-20 00:00:00.000,10,7,87.0000,13,81.8086,91
11821,Fran Bow,2015-08-27 00:00:00.000,23,NULL,75.0000,1,70.0499,72
6078,19XX: The War Against Destiny,1995-12-07 00:00:00.000,2,NULL,NULL,NULL,78.6186,11
9078,Liero,1998-12-31 00:00:00.000,8,NULL,NULL,NULL,86.3663,15
116,Star Wars: Knights of the Old Republic,2003-07-15 00:00:00.000,402,2,93.6667,12,90.7655,1086
472,The Elder Scrolls V: Skyrim,2011-11-10 00:00:00.000,1053,NULL,96.1111,12,87.7620,3070
15240,Kick Off,1989-12-31 00:00:00.000,2,NULL,NULL,NULL,69.9719,16
15241,Kick Off 2,1990-12-31 00:00:00.000,4,NULL,NULL,NULL,70.1793,13
138590,PowerWash Simulator,2021-05-19 00:00:00.000,1,1,78.6667,4,70.3863,24
14593,Hollow Knight,2017-02-24 00:00:00.000,198,3,91.2500,10,92.6528,1211
769,Lara Croft and the Guardian of Light,2010-08-18 00:00:00.000,29,NULL,78.8750,10,74.6869,91
11582,Stellaris,2016-05-09 00:00:00.000,75,3,78.5455,12,78.2099,193
1409,Metal Slug 4,2002-01-13 00:00:00.000,14,NULL,64.0000,2,80.5018,79
19988,Samurai Shodown IV: Amakusa's Revenge,1996-10-25 00:00:00.000,1,NULL,NULL,NULL,70.1523,16
9047,Besiege,2020-02-18 00:00:00.000,24,7,85.0000,1,75.3338,56
119171,Baldur's Gate 3,2020-10-06 00:00:00.000,24,39,94.7778,16,95.3470,145
78,Dragon Age II,2011-03-08 00:00:00.000,144,NULL,76.2857,11,74.2730,556
119308,Ghostwire: Tokyo,2022-03-24 00:00:00.000,7,55,76.7143,14,76.9379,103
38408,WWF Royal Rumble,1993-02-01 00:00:00.000,NULL,NULL,NULL,NULL,81.9315,13
18626,Street Fighter II Turbo,1993-07-11 00:00:00.000,23,NULL,100.0000,1,83.3603,97
4081,Ratatouille,2007-06-26 00:00:00.000,6,NULL,59.7500,8,60.7705,26
202939,Altered Beast,1988-08-14 00:00:00.000,1,NULL,50.0000,1,33.7530,17
4157,Sonic Mega Collection,2002-11-10 00:00:00.000,9,NULL,70.0000,2,88.8264,27
2623,Shinobi III: Return of the Ninja Master,1993-07-22 00:00:00.000,10,NULL,NULL,NULL,79.5133,42
2604,Altered Beast,1988-08-01 00:00:00.000,18,NULL,45.0000,0,64.7202,100
3217,Alex Kidd in the Enchanted Castle,1989-02-10 00:00:00.000,3,NULL,NULL,NULL,62.3461,26
6802,Chase H.Q.,1988-12-31 00:00:00.000,1,NULL,NULL,NULL,66.5387,15
16214,Golden Axe II,1991-09-05 00:00:00.000,15,NULL,NULL,NULL,77.9804,55
4511,Bonanza Bros.,1990-06-18 00:00:00.000,NULL,NULL,NULL,NULL,62.1603,13
141503,Forza Horizon 5,2021-11-09 00:00:00.000,41,16,94.5556,12,84.8006,164
17000,Stardew Valley,2016-02-26 00:00:00.000,252,1,90.5385,17,86.7207,1061
103017,Yakuza 5 Remastered,2019-06-20 00:00:00.000,4,NULL,NULL,NULL,75.7296,24
7082,Worms Clan Wars,2013-08-15 00:00:00.000,3,NULL,NULL,NULL,68.1311,11
134014,The Legend of Zelda: Twilight Princess,2006-11-19 00:00:00.000,2,NULL,97.5000,2,78.8753,35
123,World of Warcraft,2004-11-23 00:00:00.000,251,NULL,86.2500,10,84.5052,637
205780,FIFA 23,2022-09-29 00:00:00.000,6,1,80.6667,5,64.3947,39
7349,Mass Effect: Andromeda,2017-03-21 00:00:00.000,388,177,73.2174,30,70.7019,422
8083,The Smurfs,1994-12-31 00:00:00.000,4,NULL,NULL,NULL,64.3565,19
23248,Frostpunk,2018-04-24 00:00:00.000,84,14,86.2222,10,85.5286,272
121998,Medieval Dynasty,2020-09-17 00:00:00.000,6,1,74.0000,1,66.3011,18
126290,Far Cry 6,2021-10-07 00:00:00.000,36,31,81.8182,14,71.5408,113
134070,Mafia: Definitive Edition,2020-09-24 00:00:00.000,27,9,74.7273,13,79.1068,226
7291,Hunt: Showdown,2019-08-27 00:00:00.000,51,18,74.8000,6,73.6897,65
34951,Dead Island: Definitive Edition,2016-05-31 00:00:00.000,11,NULL,NULL,NULL,79.9509,33
103289,Battletoads,2020-08-20 00:00:00.000,11,8,67.6250,9,67.8113,19
4477,Eternal Champions,1993-12-11 00:00:00.000,1,NULL,NULL,NULL,67.6277,18
195517,Return to Monkey Island,2022-09-19 00:00:00.000,6,11,91.7500,10,82.1808,42
4481,Wonder Boy III: Monster Lair,1988-11-01 00:00:00.000,2,NULL,NULL,NULL,70.4163,11
4498,Space Harrier II,1988-10-29 00:00:00.000,2,NULL,NULL,NULL,69.5909,15
15299,Beyond Oasis,1994-12-01 00:00:00.000,4,NULL,NULL,NULL,77.0395,25
3327,The Revenge of Shinobi,1989-12-02 00:00:00.000,8,NULL,NULL,NULL,74.0018,40
4490,Alien Soldier,1995-02-24 00:00:00.000,2,NULL,NULL,NULL,79.4779,27
9476,Sonic 3D Blast,1996-11-14 00:00:00.000,10,NULL,NULL,NULL,60.9806,74
1727,Mega Man: The Wily Wars,1994-10-21 00:00:00.000,2,NULL,NULL,NULL,70.8381,11
24958,.Flow,2009-02-15 00:00:00.000,3,NULL,NULL,NULL,82.2145,11
2031,Wolfenstein: The New Order,2014-05-20 00:00:00.000,342,11,77.3125,19,81.7738,1014
119403,New Super Lucky's Tale,2019-11-08 00:00:00.000,10,2,78.1667,7,79.9659,18
29144,Lonely Mountains: Downhill,2019-10-23 00:00:00.000,4,5,88.0000,5,70.6805,36
7238,Viva Piñata: Trouble in Paradise,2008-09-02 00:00:00.000,8,NULL,75.0000,5,83.7774,19
1086,Donkey Kong,1981-07-09 00:00:00.000,37,NULL,NULL,NULL,71.1055,182
103281,Halo Infinite,2021-11-15 00:00:00.000,49,151,87.8889,11,82.1076,157
1026,The Legend of Zelda: A Link to the Past,1991-11-21 00:00:00.000,453,NULL,100.0000,1,92.7500,1281
185246,Alan Wake II,2023-10-27 00:00:00.000,9,16,90.7500,7,86.4736,15
87,Dune 2000,1998-09-01 00:00:00.000,24,NULL,NULL,NULL,79.6760,68
51267,Umineko no Naku Koro ni Chiru,2011-09-01 00:00:00.000,2,NULL,NULL,NULL,96.6275,24
6969,Strider,1989-03-01 00:00:00.000,10,NULL,NULL,NULL,67.4226,37
6794,Forgotten Worlds,1988-12-31 00:00:00.000,2,NULL,NULL,NULL,69.4410,17
2753,Zaxxon,1982-01-01 00:00:00.000,5,NULL,80.0000,1,74.9304,14
7189,Sonic's Ultimate Genesis Collection,2009-02-10 00:00:00.000,3,NULL,77.4000,6,85.7334,18
14903,Assassin's Creed Chronicles: Russia,2016-02-09 00:00:00.000,32,1,55.5000,10,68.0221,44
7360,Tom Clancy's Rainbow Six Siege,2015-12-01 00:00:00.000,228,27,74.1667,19,79.6291,381
103320,The Forgotten City,2021-07-28 00:00:00.000,11,7,90.0000,6,83.3173,101
19083,Drawful 2,2016-06-21 00:00:00.000,13,1,77.5000,2,79.8707,26
36402,Shantae: Risky's Revenge - Director's Cut,2014-07-15 00:00:00.000,2,NULL,78.0000,1,78.3798,15
3160,From Dust,2011-07-27 00:00:00.000,19,NULL,80.0000,9,74.7973,48
144072,Hot Wheels Unleashed,2021-09-30 00:00:00.000,8,4,68.3750,10,73.0608,29
96213,The Jackbox Party Pack 5,2018-10-17 00:00:00.000,NULL,1,78.6667,6,79.6430,17
19686,Resident Evil 2,2019-01-25 00:00:00.000,132,46,92.8333,16,88.2169,814
20313,Monopoly Plus,2014-11-25 00:00:00.000,11,NULL,60.0000,1,63.1613,22
19452,Wonder Boy: The Dragon's Trap,2017-04-18 00:00:00.000,14,1,81.4615,14,72.0562,40
26972,Death Squared,2017-03-13 00:00:00.000,8,NULL,70.4286,7,76.1484,12
8263,Assassin's Creed Syndicate,2015-10-23 00:00:00.000,242,20,72.1579,22,74.5466,607
13182,Far Cry: Primal,2016-02-23 00:00:00.000,136,11,76.1500,23,72.1787,335
55042,Blazing Chrome,2019-07-11 00:00:00.000,9,3,77.2500,10,79.1195,34
36856,The Mummy: Demastered,2017-10-24 00:00:00.000,12,1,74.0000,6,73.0164,18
8430,Shantae and the Pirate's Curse,2014-10-22 00:00:00.000,32,NULL,82.2000,5,81.7004,77
116138,Castlevania Anniversary Collection,2019-05-16 00:00:00.000,2,NULL,81.0000,5,79.8990,11
1905,Fortnite,2017-07-25 00:00:00.000,332,16,82.6000,10,70.3669,632
20089,Kung Fu Panda: Showdown of Legendary Legends,2015-11-26 00:00:00.000,6,NULL,60.0000,1,43.0919,11
119388,The Legend of Zelda: Tears of the Kingdom,2023-05-12 00:00:00.000,1,79,95.3333,9,95.1898,221
214790,BioShock,2008-10-17 00:00:00.000,NULL,NULL,NULL,NULL,94.9559,20
38967,Cooking Simulator,2019-06-06 00:00:00.000,94,84,NULL,NULL,71.6356,39
8773,Homeworld: Remastered Collection,2015-02-25 00:00:00.000,36,2,87.5000,5,93.3477,58
107178,The Textorcist: The Story of Ray Bibbia,2019-02-14 00:00:00.000,2,NULL,82.5000,2,65.4270,12
10591,NecroVisioN,2009-02-27 00:00:00.000,4,NULL,60.0000,1,60.2962,20
18375,System Shock,2023-05-30 00:00:00.000,64,59,77.5000,5,80.2722,21
11172,TrackMania Turbo,2016-03-22 00:00:00.000,31,5,80.0909,13,79.7682,67
24463,Wheels of Aurelia,2016-09-20 00:00:00.000,7,NULL,60.0000,1,46.1613,15
72870,Horizon Zero Dawn: Complete Edition,2017-12-06 00:00:00.000,50,NULL,92.5000,2,89.4123,141
109277,Samurai Shodown,2019-06-25 00:00:00.000,10,1,81.2857,9,74.8818,22
7570,Assassin's Creed Rogue,2014-11-11 00:00:00.000,152,2,70.9167,13,72.8110,418
46800,Maneater,2020-05-22 00:00:00.000,15,11,72.8571,18,72.8755,58
204385,Pac-Man,1984-11-02 00:00:00.000,NULL,NULL,NULL,NULL,70.4502,11
131705,Sludge Life,2020-05-28 00:00:00.000,7,1,NULL,NULL,61.8773,15
11560,AER: Memories of Old,2017-10-25 00:00:00.000,25,6,68.0000,4,66.6864,52
2750,Pac-Man,1980-05-22 00:00:00.000,39,NULL,78.6667,3,78.1208,231
9066,Cities: Skylines,2015-03-10 00:00:00.000,247,2,76.2308,16,80.8921,517
2636,Dig Dug,1982-02-20 00:00:00.000,14,NULL,70.0000,1,79.3146,69
12846,Rolling Thunder,1986-12-01 00:00:00.000,2,NULL,NULL,NULL,67.2918,16
1339,Psychonauts,2005-04-19 00:00:00.000,101,NULL,84.8333,7,83.7577,312
107215,SnowRunner,2020-04-28 00:00:00.000,40,16,81.0000,4,73.2665,34
92,Need for Speed III: Hot Pursuit,1998-03-25 00:00:00.000,56,NULL,NULL,NULL,79.0089,207
134,Devil May Cry,2001-08-23 00:00:00.000,71,NULL,85.0000,5,81.3149,296
11452,Revelations: Persona,1996-09-20 00:00:00.000,10,NULL,NULL,NULL,70.0019,24
135,Devil May Cry 2,2003-01-25 00:00:00.000,28,NULL,49.6000,7,54.9728,176
222654,Devil May Cry,2012-03-22 00:00:00.000,1,NULL,NULL,NULL,79.4603,13
11453,Persona 2: Innocent Sin,1999-06-24 00:00:00.000,20,NULL,69.7500,5,79.1467,59
20545,Devil May Cry 3: Dante's Awakening - Special Edition,2006-01-24 00:00:00.000,17,NULL,90.0000,1,87.0326,98
9600,Persona 4,2008-07-10 00:00:00.000,112,NULL,92.7500,7,87.8582,233
113112,Hades,2018-12-07 00:00:00.000,91,3,94.0625,20,91.7743,807
21842,Shin Megami Tensei: Persona,2009-10-22 00:00:00.000,8,NULL,90.0000,2,79.4050,32
2985,Persona 4 Golden,2012-06-15 00:00:00.000,112,1,85.9167,17,95.2512,387
9927,Persona 5,2016-09-15 00:00:00.000,250,34,93.5714,23,92.9538,765
9538,Original War,2001-06-15 00:00:00.000,8,1,80.0000,1,90.2522,11
11454,Persona 2: Eternal Punishment,2000-06-29 00:00:00.000,16,NULL,NULL,NULL,79.7949,43
11416,Persona 3 Portable,2009-11-01 00:00:00.000,28,NULL,87.8889,12,84.4155,103
117731,Persona 5 Strikers,2020-02-20 00:00:00.000,17,3,81.2308,16,79.4615,53
21032,Ys I & II Chronicles+,2013-02-14 00:00:00.000,5,1,60.0000,1,70.7340,16
2934,Knights of Pen and Paper +1 Edition,2012-10-30 00:00:00.000,6,NULL,85.0000,2,79.1869,13
2002,Banished,2014-02-18 00:00:00.000,53,6,68.3333,3,71.6887,158
19474,Gwent: The Witcher Card Game,2018-10-23 00:00:00.000,66,13,85.0000,3,78.2509,126
9646,Time Commando,1996-07-31 00:00:00.000,2,NULL,NULL,NULL,69.1650,19
2935,"Papers, Please",2013-08-08 00:00:00.000,150,NULL,82.4000,5,81.6636,512
9806,Hyper Light Drifter,2016-03-31 00:00:00.000,113,10,88.9091,12,81.9245,208
9241,The Escapists,2015-02-13 00:00:00.000,39,2,68.9091,12,55.4703,69
6611,Botanicula,2012-04-19 00:00:00.000,39,NULL,82.3333,3,77.0810,110
11437,Persona 3 FES,2007-04-19 00:00:00.000,36,NULL,91.5000,2,87.7533,109
11657,Epistory: Typing Chronicles,2016-03-30 00:00:00.000,9,1,82.5000,3,70.0176,24
16665,The Legend of Heroes: Trails in the Sky SC,2006-03-09 00:00:00.000,9,NULL,80.0000,2,90.0425,33
8587,Uplink,2001-10-01 00:00:00.000,10,NULL,70.0000,2,80.0444,20
16493,Another World: 20th Anniversary Edition,2011-09-06 00:00:00.000,8,NULL,60.0000,1,78.1845,19
27094,Stories Untold,2017-02-27 00:00:00.000,28,1,78.3333,6,79.1692,69
3077,Sniper Elite,2005-09-30 00:00:00.000,25,NULL,80.5000,3,69.7218,59
26175,Wuppo,2016-09-29 00:00:00.000,5,NULL,77.2000,5,73.3752,12
1961,Dreamfall: The Longest Journey,2006-04-17 00:00:00.000,44,NULL,62.0000,2,81.2628,138
5039,King's Bounty: The Legend,2008-09-23 00:00:00.000,20,NULL,87.2500,5,87.3087,66
54220,Persona Q2: New Cinema Labyrinth,2018-11-29 00:00:00.000,4,3,79.2500,10,96.6060,17
127254,Pathfinder: Wrath of the Righteous,2021-09-02 00:00:00.000,4,1,84.6667,3,89.4992,23
6887,Persona Q: Shadow of the Labyrinth,2014-06-05 00:00:00.000,17,NULL,82.2500,9,89.2069,37
27911,Dragon Age: Origins - Ultimate Edition,2010-10-26 00:00:00.000,10,NULL,NULL,NULL,86.1999,45
29190,Sacred Gold,2008-07-09 00:00:00.000,4,NULL,NULL,NULL,72.1996,13
8138,Neverending Nightmares,2014-09-26 00:00:00.000,10,NULL,67.0000,3,72.8979,26
22726,TIS-100,2015-07-20 00:00:00.000,6,NULL,NULL,NULL,70.3854,13
10049,Black Mirror III: Final Fear,2011-04-19 00:00:00.000,6,NULL,NULL,NULL,75.2168,26
2419,Albion,1995-12-31 00:00:00.000,4,NULL,NULL,NULL,80.9468,12
9376,Death to Spies,2007-09-21 00:00:00.000,6,NULL,70.0000,2,69.9036,11
34783,Call of Cthulhu: Shadow of the Comet,1993-03-25 00:00:00.000,3,NULL,NULL,NULL,60.9609,11
1151,Broken Sword: The Sleeping Dragon,2003-11-14 00:00:00.000,16,NULL,60.0000,2,71.1884,68
27860,Broken Sword: The Smoking Mirror - Remastered,2009-12-02 00:00:00.000,6,NULL,NULL,NULL,84.1422,37
186,Indiana Jones and the Last Crusade: The Graphic Adventure,1989-07-01 00:00:00.000,17,NULL,NULL,NULL,83.9682,51
1000,Oddworld: Abe's Exoddus,1998-11-17 00:00:00.000,28,NULL,80.0000,2,83.1096,88
9349,Delta Force 2,1999-11-03 00:00:00.000,13,NULL,80.0000,1,78.0175,38
86652,Stronghold HD,2012-11-01 00:00:00.000,3,NULL,NULL,NULL,80.0358,15
837,Prince of Persia: Warrior Within,2004-11-30 00:00:00.000,149,NULL,79.6000,7,82.8984,424
26674,The Lion's Song,2016-07-07 00:00:00.000,2,NULL,80.0000,5,79.8927,12
20048,Darksiders II: Deathinitive Edition,2015-10-27 00:00:00.000,34,NULL,74.9167,13,75.4507,62
11272,Chaser,2003-08-22 00:00:00.000,1,NULL,69.5000,2,64.3261,19
1404,Metal Slug,1996-01-24 00:00:00.000,41,NULL,NULL,NULL,81.6845,207
3022,Transistor,2014-05-20 00:00:00.000,142,4,85.2500,14,83.0129,402
27988,Planescape: Torment - Enhanced Edition,2017-04-11 00:00:00.000,21,1,79.7500,6,79.8039,22
8732,Dungeons & Dragons: Pool of Radiance,1988-10-01 00:00:00.000,6,NULL,NULL,NULL,79.2828,19
5628,Luftrausers,2014-03-18 00:00:00.000,17,NULL,80.4545,11,78.9220,46
14326,Lovely Planet,2014-07-31 00:00:00.000,4,NULL,76.6667,3,62.9004,15
12519,Tooth and Tail,2017-09-12 00:00:00.000,12,4,82.0000,8,90.8106,19
7876,Race the Sun,2013-08-19 00:00:00.000,14,NULL,86.0000,2,71.9594,55
6441,BlazBlue: Calamity Trigger,2008-11-19 00:00:00.000,14,NULL,73.3333,6,76.7138,43
8792,Mount & Blade: With Fire and Sword,2011-05-03 00:00:00.000,6,NULL,80.0000,3,69.3323,42
9143,Guilty Gear X2 #Reload,2003-03-26 00:00:00.000,4,NULL,60.0000,2,91.9558,24
152124,Bramble: The Mountain King,2023-04-27 00:00:00.000,NULL,8,68.0000,1,76.1050,20
8259,Tacoma,2017-08-02 00:00:00.000,47,10,78.1875,19,71.2660,102
8762,Lumino City,2014-12-02 00:00:00.000,12,NULL,70.0000,2,83.6761,24
9730,Firewatch,2016-02-09 00:00:00.000,283,27,79.2778,21,79.1719,858
356,Quake 4,2005-10-18 00:00:00.000,45,NULL,74.5000,7,74.6038,169
14,Fallout 2,1998-10-29 00:00:00.000,242,NULL,NULL,NULL,89.7160,646
1341,Beyond Good & Evil,2003-11-11 00:00:00.000,157,NULL,90.6000,6,86.0907,310
3251,Super Hexagon,2012-08-31 00:00:00.000,36,NULL,83.3333,3,79.2772,111
14740,The Deadly Tower of Monsters,2016-01-19 00:00:00.000,16,1,75.4000,6,75.8962,43
9833,Warlords Battlecry II,2002-03-12 00:00:00.000,6,NULL,82.0000,2,88.9639,11
25577,Oh...Sir!! The Insult Simulator,2016-10-25 00:00:00.000,4,NULL,62.2500,4,67.0875,14
1878,War for the Overworld,2015-04-02 00:00:00.000,16,4,60.0000,3,77.3870,22
26129,The Incredible Adventures of Van Helsing: Final Cut,2015-11-06 00:00:00.000,9,NULL,NULL,NULL,73.8203,13
23294,realMyst: Masterpiece Edition,2014-01-28 00:00:00.000,8,NULL,66.0000,1,87.3581,14
27667,Cosmic Star Heroine,2017-04-11 00:00:00.000,3,NULL,77.3333,7,83.8188,12
11587,Absolute Drift,2015-07-29 00:00:00.000,22,NULL,60.0000,1,69.7545,16
8508,Xenonauts,2014-07-17 00:00:00.000,13,NULL,70.0000,1,75.5520,11
149,Star Wars: Starfighter,2001-02-20 00:00:00.000,5,NULL,78.5000,2,63.8339,26
2906,Leisure Suit Larry in the Land of the Lounge Lizards,1987-06-04 00:00:00.000,11,NULL,NULL,NULL,75.0847,44
248,Populous,1989-06-05 00:00:00.000,8,NULL,NULL,NULL,67.7293,34
16018,Zombie Shooter 2,2009-10-03 00:00:00.000,2,NULL,NULL,NULL,70.0409,11
8073,King's Bounty: Dark Side,2014-08-19 00:00:00.000,1,NULL,NULL,NULL,54.5839,14
3050,Capsized,2011-04-29 00:00:00.000,4,NULL,63.2000,5,69.9720,19
150,Star Wars: Jedi Knight - Dark Forces II,1997-09-30 00:00:00.000,24,NULL,NULL,NULL,83.2966,85
20329,Figment,2017-09-22 00:00:00.000,18,NULL,88.6667,3,78.8250,35
116539,Blood: Fresh Supply,2019-05-09 00:00:00.000,2,NULL,80.0000,3,80.7849,18
110875,Lorelai,2019-04-26 00:00:00.000,1,NULL,NULL,NULL,86.5150,17
99071,Hypnospace Outlaw,2019-03-12 00:00:00.000,3,NULL,84.3333,6,88.5353,26
6072,Styx: Master of Shadows,2014-10-07 00:00:00.000,32,2,74.2222,9,73.3970,61
5614,Kentucky Route Zero,2013-01-07 00:00:00.000,42,NULL,88.0000,11,69.3283,78
141543,Road 96,2021-08-16 00:00:00.000,7,4,83.0000,9,74.6453,51
100667,Cube Escape: Paradox,2018-09-20 00:00:00.000,1,NULL,NULL,NULL,59.4482,27
23181,OneShot,2016-12-08 00:00:00.000,16,NULL,NULL,NULL,83.3435,87
25849,Off-Peak,2015-02-15 00:00:00.000,3,NULL,NULL,NULL,62.0137,11
1991,Fez,2012-04-13 00:00:00.000,136,NULL,85.5000,15,80.5715,368
11092,Anodyne,2013-03-22 00:00:00.000,4,NULL,69.8000,5,66.8405,30
120552,The White Door,2020-01-08 00:00:00.000,NULL,NULL,77.0000,1,72.2840,19
51524,The Walking Dead: The Final Season,2018-08-13 00:00:00.000,42,6,71.2500,7,79.1487,156
19637,Star Wars: The Force Unleashed - Ultimate Sith Edition,2009-11-03 00:00:00.000,7,NULL,63.7500,4,77.2119,23
92919,Eliza,2019-08-12 00:00:00.000,NULL,NULL,NULL,NULL,62.2827,13
27448,SuperHot: Mind Control Delete,2020-07-16 00:00:00.000,20,2,83.9000,12,77.9016,66
7205,SuperHot,2016-02-25 00:00:00.000,264,26,84.7222,19,76.7579,426
5442,Dracula: Origin,2008-06-02 00:00:00.000,5,NULL,60.0000,2,78.2936,11
14587,Oxenfree,2016-01-14 00:00:00.000,128,NULL,78.5625,17,76.0955,352
14678,A Good Snowman is Hard to Build,2015-02-25 00:00:00.000,1,NULL,76.5000,2,69.3479,15
54678,Rusty Lake Paradise,2018-01-11 00:00:00.000,10,2,NULL,NULL,68.3962,35
78547,The Council,2018-03-13 00:00:00.000,16,3,69.5385,6,78.8569,57
24856,Conarium,2017-06-06 00:00:00.000,19,3,72.0000,2,65.8628,28
14760,Death's Gambit,2018-08-13 00:00:00.000,33,19,67.0909,12,70.3818,30
8729,Vampyr,2018-06-04 00:00:00.000,247,89,68.2941,21,72.5506,207
93,Need for Speed: High Stakes,1999-01-21 00:00:00.000,12,NULL,NULL,NULL,72.9513,71
118645,She Sees Red,2019-07-11 00:00:00.000,2,NULL,NULL,NULL,64.0488,21
26970,Minit,2018-04-03 00:00:00.000,24,1,77.8571,8,71.8607,100
25260,Dusk,2018-12-10 00:00:00.000,18,4,89.5000,5,83.4041,55
124333,Ultrakill,2020-09-03 00:00:00.000,3,1,NULL,NULL,85.3356,28
244,The Bureau: XCOM Declassified,2013-08-06 00:00:00.000,25,NULL,69.2000,11,59.0194,79
95032,Crying Suns,2019-09-18 00:00:00.000,5,2,79.5000,2,59.3261,14
113998,Dysmantle,2021-11-16 00:00:00.000,4,2,83.0000,1,60.4074,20
10637,Offworld Trading Company,2016-04-28 00:00:00.000,23,NULL,89.3333,4,68.4694,23
18918,Northgard,2018-03-07 00:00:00.000,84,3,81.0000,5,71.9109,84
2974,Surgeon Simulator 2013,2013-04-19 00:00:00.000,8,NULL,80.8000,7,68.5243,39
11542,Shenmue III,2019-11-19 00:00:00.000,87,32,67.5455,15,64.9386,20
116100,Neon Abyss,2020-07-13 00:00:00.000,7,4,90.0000,2,72.3060,21
21704,Batman: Arkham City - Game of the Year Edition,2012-05-29 00:00:00.000,20,NULL,94.0000,1,93.5199,108
27719,Ape Out,2019-02-28 00:00:00.000,15,5,81.8333,14,77.1986,76
36597,Cat Quest,2017-08-08 00:00:00.000,7,NULL,82.6250,8,69.9244,44
135919,Alba: A Wildlife Adventure,2020-12-11 00:00:00.000,2,NULL,81.6667,3,84.4254,19
2003,Batman: Arkham Origins,2013-10-16 00:00:00.000,208,11,71.1176,20,75.0361,630
134161,Sherlock Holmes: Chapter One,2021-11-16 00:00:00.000,1,3,76.8889,9,80.8960,19
36813,The Evil Within 2,2017-10-12 00:00:00.000,115,14,81.2000,19,82.5282,184
8214,Cave Story+,2011-11-22 00:00:00.000,37,NULL,81.0000,1,87.3409,79
75855,Project Hospital,2018-10-30 00:00:00.000,5,3,NULL,NULL,72.9793,12
152424,Terra Nil,2023-03-28 00:00:00.000,2,6,80.0000,2,79.2424,20
166722,The Case of the Golden Idol,2022-10-13 00:00:00.000,2,1,89.0000,3,94.6236,15
9964,Alien Breed: Impact,2009-12-16 00:00:00.000,4,NULL,60.0000,1,67.1352,12
122522,Gas Station Simulator,2021-09-15 00:00:00.000,2,NULL,NULL,NULL,71.9145,12
11397,Yakuza 0,2015-03-12 00:00:00.000,74,NULL,86.0000,22,87.7221,342
164867,Dredge,2023-03-30 00:00:00.000,NULL,5,85.6000,7,80.9079,39
514,F.E.A.R. 3,2011-06-21 00:00:00.000,42,NULL,75.8000,9,68.1104,163
10795,Detective Grimoire: Secret of the Swamp,2014-01-02 00:00:00.000,3,NULL,NULL,NULL,70.4695,15
19820,Fat Princess,2009-07-30 00:00:00.000,5,NULL,75.0000,4,70.0258,12
6094,Choplifter,1982-12-31 00:00:00.000,2,NULL,NULL,NULL,69.9438,18
95,Need for Speed: Hot Pursuit 2,2002-09-30 00:00:00.000,51,NULL,80.0000,1,73.9088,222
126835,Death and Taxes,2020-02-20 00:00:00.000,2,NULL,75.0000,1,78.9243,15
157176,Dagon,2021-08-24 00:00:00.000,2,1,NULL,NULL,54.3235,24
133152,Helltaker,2020-05-11 00:00:00.000,2,NULL,NULL,NULL,73.4793,104
14762,Emily is Away,2015-11-20 00:00:00.000,21,NULL,NULL,NULL,66.5054,115
27409,Narita Boy,2021-03-29 00:00:00.000,14,13,76.7500,5,78.5366,14
133887,Tony Hawk's Pro Skater 1+2,2020-09-04 00:00:00.000,14,3,88.5625,21,83.8283,55
127352,Naraka: Bladepoint,2021-08-12 00:00:00.000,7,4,61.0000,4,65.2553,15
2174,Sonic & All-Stars Racing Transformed,2012-11-15 00:00:00.000,37,NULL,79.1111,12,80.0691,134
103331,Trover Saves the Universe,2019-05-31 00:00:00.000,9,1,75.8000,5,80.7367,18
9178,Pneuma: Breath of Life,2015-02-01 00:00:00.000,5,NULL,65.0000,3,65.5916,18
17026,Furi,2016-07-05 00:00:00.000,50,2,79.0000,23,78.5220,151
13210,How to Survive 2,2016-09-08 00:00:00.000,11,NULL,78.5000,4,57.0154,18
141540,Disco Elysium: The Final Cut,2021-03-30 00:00:00.000,8,5,90.8333,7,92.0314,110
11737,Outer Wilds,2019-05-28 00:00:00.000,33,2,84.7143,7,89.4845,377
118871,Grid,2019-10-10 00:00:00.000,44,2,72.5000,10,73.4606,28
10032,Ancestors: The Humankind Odyssey,2019-08-27 00:00:00.000,19,15,65.0000,14,72.3649,39
6558,River City Ransom,1990-01-31 00:00:00.000,11,NULL,71.0000,1,79.5950,41
13192,Paint the Town Red,2015-10-13 00:00:00.000,8,1,70.0000,2,67.8682,16
145017,Melty Blood: Type Lumina,2021-09-29 00:00:00.000,4,NULL,NULL,NULL,79.4993,16
10745,Ticket to Ride: Classic Edition,2008-06-25 00:00:00.000,7,NULL,63.3333,3,79.3498,20
24417,Eastward,2021-09-16 00:00:00.000,8,25,81.0000,4,88.9584,21
102095,Sagebrush,2018-09-18 00:00:00.000,NULL,NULL,0.0000,1,77.0990,12
10760,Bloodstained: Ritual of the Night,2019-06-18 00:00:00.000,59,29,82.4545,14,86.5223,140
58042,Agent A: A Puzzle In Disguise,2015-10-28 00:00:00.000,1,NULL,75.0000,1,77.8443,19
133306,Call of the Sea,2020-12-08 00:00:00.000,4,4,72.5000,8,72.9169,69
117514,The Walking Dead: The Telltale Definitive Series,2019-09-10 00:00:00.000,16,2,75.0000,4,82.7245,33
127,Assassin's Creed II,2009-11-17 00:00:00.000,781,NULL,90.2500,11,87.1032,2336
31194,Just Shapes & Beats,2018-05-31 00:00:00.000,7,1,85.0000,2,82.4134,15
103341,Overcooked! 2,2018-08-07 00:00:00.000,26,6,80.4545,12,80.4181,193
522,Fable II,2008-10-21 00:00:00.000,61,NULL,85.8333,8,78.4385,208
1011,Borderlands 2,2012-09-18 00:00:00.000,472,1,80.7059,18,84.5295,1519
204780,Cult of the Lamb: Cultist Edition,2022-08-11 00:00:00.000,7,NULL,NULL,NULL,67.9110,19
228542,Armored Core VI: Fires of Rubicon,2023-08-24 00:00:00.000,1,5,86.5714,9,89.4652,24
19965,Tomb Raider: Definitive Edition,2014-01-28 00:00:00.000,43,NULL,88.7500,15,84.5119,105
8322,Zuma's Revenge!,2009-09-15 00:00:00.000,11,NULL,74.5000,7,72.6478,26
9547,The Fall,2014-05-30 00:00:00.000,19,NULL,77.5000,3,78.2520,48
24920,Call of Duty: Modern Warfare Remastered,2016-11-04 00:00:00.000,43,NULL,86.8889,10,78.9046,173
25812,Lost Ember,2019-11-22 00:00:00.000,16,15,80.0000,4,79.0957,24
1970,Assassin's Creed IV Black Flag,2013-10-29 00:00:00.000,449,13,84.5714,23,82.9633,1372
1384,Hotline Miami,2012-10-23 00:00:00.000,352,NULL,86.2000,13,83.7520,1002
62151,Life is Strange 2,2018-09-26 00:00:00.000,61,15,81.7500,8,77.1313,196
2175,The Cave,2012-01-23 00:00:00.000,26,NULL,70.3636,11,71.8582,62
136560,EA Sports UFC 4,2020-08-14 00:00:00.000,6,1,79.1429,9,70.0223,13
3092,The Lord of the Rings Online,2007-04-24 00:00:00.000,36,NULL,89.6667,6,75.2548,89
72,Portal 2,2011-04-18 00:00:00.000,973,NULL,92.4444,13,91.7624,3129
418,Final Fantasy X,2001-07-19 00:00:00.000,242,NULL,95.0000,2,87.7711,756
379,Metal Gear Solid 3: Snake Eater,2004-11-17 00:00:00.000,311,NULL,85.5000,4,92.5364,974
71,Portal,2007-10-10 00:00:00.000,907,NULL,80.0000,2,86.9005,2823
1009,The Last of Us,2013-06-14 00:00:00.000,853,NULL,91.5385,16,93.3181,2483
2207,Shadow of the Colossus,2005-10-18 00:00:00.000,369,1,88.5000,4,89.8290,1002
247,Half-Life 2: Episode Two,2007-10-09 00:00:00.000,401,NULL,70.0000,2,87.5682,1194
75235,Ghost of Tsushima,2020-07-17 00:00:00.000,165,117,91.7273,14,89.8335,362
132,Warcraft III: Reign of Chaos,2002-07-03 00:00:00.000,403,NULL,93.0000,4,88.6759,1202
376,Metal Gear Solid 2: Sons of Liberty,2001-11-13 00:00:00.000,215,NULL,90.0000,2,88.8041,752
8995,NBA Jam,1993-06-02 00:00:00.000,10,NULL,69.0000,2,80.2926,62
1090,Donkey Kong Country,1994-11-21 00:00:00.000,127,NULL,79.6667,1,85.1709,472
1654,Streets of Rage 3,1994-03-18 00:00:00.000,13,NULL,NULL,NULL,79.9890,75
699,FIFA 99,1998-06-10 00:00:00.000,24,NULL,NULL,NULL,79.2669,95
3619,Toy Story 2: Buzz Lightyear to the Rescue!,1999-11-22 00:00:00.000,24,NULL,65.0000,1,76.6731,95
6797,Sonic the Hedgehog 3,1994-02-02 00:00:00.000,46,NULL,NULL,NULL,81.9834,222
6692,Tony Hawk's Pro Skater,1999-09-29 00:00:00.000,45,NULL,70.0000,1,83.5344,181
5418,Super Mario RPG: Legend of the Seven Stars,1996-03-09 00:00:00.000,49,NULL,90.0000,1,86.9120,190
3480,Earthworm Jim,1994-10-01 00:00:00.000,33,NULL,75.5000,2,77.0886,174
358,Super Mario Bros.,1985-09-13 00:00:00.000,377,NULL,NULL,NULL,83.9537,1062
2473,Disney's Aladdin,1993-11-21 00:00:00.000,30,NULL,NULL,NULL,80.8839,160
5199,Super Mario All-Stars,1993-07-14 00:00:00.000,61,NULL,80.0000,0,87.0030,201
15,Fallout 3,2008-10-28 00:00:00.000,539,1,89.1000,12,83.5345,1396
7967,Colin McRae Rally,1998-07-01 00:00:00.000,21,NULL,50.0000,0,82.5483,85
5378,Ecco the Dolphin,1992-12-23 00:00:00.000,15,NULL,30.0000,1,74.1711,69
152288,Immortality,2022-08-30 00:00:00.000,2,3,91.6667,4,85.0746,35
8020,Disney's Toy Story,1995-11-22 00:00:00.000,6,NULL,NULL,NULL,63.8900,58
3249,Road Rash,1991-09-30 00:00:00.000,15,1,65.0000,2,72.7615,57
1157,Tomb Raider III: Adventures of Lara Croft,1998-11-20 00:00:00.000,46,NULL,NULL,NULL,77.5265,140
1652,Streets of Rage,1991-08-02 00:00:00.000,30,NULL,NULL,NULL,76.9365,163
3166,The Lion King,1994-12-01 00:00:00.000,34,NULL,80.0000,1,76.8071,188
1594,Gran Turismo,1997-12-23 00:00:00.000,58,NULL,73.3333,4,82.4083,215
675,Driver,1999-06-25 00:00:00.000,52,NULL,95.0000,2,76.8068,162
16036,Sonic the Hedgehog: Spinball,1993-11-23 00:00:00.000,3,NULL,NULL,NULL,68.2896,56
740,Halo: Combat Evolved,2001-11-15 00:00:00.000,208,NULL,86.6667,4,83.9500,700
1963,Rayman,1995-09-01 00:00:00.000,58,NULL,77.6667,2,78.9014,169
1653,Streets of Rage 2,1992-12-01 00:00:00.000,30,NULL,80.0000,1,83.8449,142
1069,Super Mario Land,1989-04-21 00:00:00.000,57,NULL,NULL,NULL,74.0887,241
1187,Crash Bandicoot: Warped,1998-10-31 00:00:00.000,112,NULL,NULL,NULL,83.2946,410
3762,Ape Escape,1999-05-31 00:00:00.000,11,NULL,NULL,NULL,78.1027,67
913,Tony Hawk's Pro Skater 2,2000-09-20 00:00:00.000,94,NULL,86.6667,1,86.0412,319
3053,Bugs Bunny: Lost in Time,1999-05-31 00:00:00.000,23,NULL,NULL,NULL,79.9327,74
642,Colin McRae Rally 2.0,2000-07-07 00:00:00.000,36,NULL,NULL,NULL,81.9375,111
1244,Tekken 3,1997-03-22 00:00:00.000,134,NULL,NULL,NULL,84.7798,482
6080,PaRappa the Rapper,1996-12-06 00:00:00.000,15,NULL,67.6667,4,81.6107,73
1517,Pokémon Emerald Version,2004-09-16 00:00:00.000,119,NULL,60.0000,1,85.8504,466
1518,Pokémon Pearl Version,2006-09-28 00:00:00.000,36,NULL,NULL,NULL,82.2907,172
1512,Pokémon Yellow Version: Special Pikachu Edition,1998-09-12 00:00:00.000,106,NULL,80.0000,2,82.8595,415
382,Metal Gear Solid: Peace Walker,2010-04-29 00:00:00.000,70,NULL,93.2500,7,79.3367,192
1557,Pokémon Ruby Version,2002-11-21 00:00:00.000,90,NULL,NULL,NULL,81.9001,274
2699,Tony Hawk's Underground 2,2004-10-04 00:00:00.000,32,NULL,81.7500,5,78.2907,123
1516,Pokémon LeafGreen Version,2004-01-29 00:00:00.000,59,NULL,70.0000,1,83.7697,212
1521,Pokémon Black Version,2010-09-18 00:00:00.000,63,NULL,88.0000,6,81.4919,270
1703,"WarioWare, Inc.: Mega Microgames!",2003-03-21 00:00:00.000,12,NULL,91.0000,1,84.6656,68
1561,Pokémon Red Version,1996-02-27 00:00:00.000,139,NULL,75.0000,1,84.9525,463
2343,Mario Kart: Super Circuit,2001-07-21 00:00:00.000,30,NULL,90.0000,1,75.9748,144
1519,Pokémon Platinum Version,2008-09-13 00:00:00.000,66,NULL,78.6000,6,83.1315,309
1556,Pokémon HeartGold Version,2009-09-12 00:00:00.000,71,NULL,85.7500,5,87.5361,270
1071,Super Mario Land 2: 6 Golden Coins,1992-10-21 00:00:00.000,30,NULL,NULL,NULL,80.6169,159
1511,Pokémon Blue Version,1996-10-15 00:00:00.000,113,NULL,NULL,NULL,85.8824,373
3270,Grand Theft Auto: Chinatown Wars,2009-03-17 00:00:00.000,52,NULL,89.0000,12,77.9344,129
1076,New Super Mario Bros.,2006-05-15 00:00:00.000,62,NULL,95.0000,3,81.5533,297
86490,Tetris,1989-05-14 00:00:00.000,4,NULL,NULL,NULL,82.1810,84
1515,Pokémon Sapphire Version,2002-11-21 00:00:00.000,67,1,NULL,NULL,82.5347,237
1560,Pokémon Diamond Version,2006-09-28 00:00:00.000,58,NULL,83.3333,3,80.1780,255
2692,Rock Band 2,2008-09-14 00:00:00.000,15,NULL,92.7143,9,86.3670,77
7219,Tony Hawk's American Wasteland,2005-10-18 00:00:00.000,25,NULL,75.0000,6,75.7181,90
1705,WarioWare: Touched!,2004-12-02 00:00:00.000,7,NULL,70.0000,2,79.8333,70
1271,Ōkami,2006-04-20 00:00:00.000,83,NULL,89.6000,8,87.2688,211
3262,Grand Theft Auto: Vice City Stories,2006-10-31 00:00:00.000,51,NULL,73.3333,3,75.7623,160
1865,Killzone,2004-11-02 00:00:00.000,35,NULL,70.0000,3,74.8775,89
874,Tom Clancy's Splinter Cell: Pandora Tomorrow,2004-03-23 00:00:00.000,60,NULL,77.8571,8,82.4068,193
6285,Spider-Man 2,2004-06-28 00:00:00.000,60,NULL,68.3333,6,76.1465,213
1601,Gran Turismo 4,2004-12-28 00:00:00.000,35,NULL,86.6667,4,85.7551,132
1285,Guitar Hero,2005-11-08 00:00:00.000,19,NULL,89.0000,4,82.9179,83
987,Halo 3,2007-09-25 00:00:00.000,197,1,90.7500,6,85.4311,640
911,Tom Clancy's Splinter Cell: Chaos Theory,2005-03-28 00:00:00.000,98,NULL,77.5714,6,84.8662,266
339,The Orange Box,2007-10-10 00:00:00.000,37,NULL,90.0000,5,90.1553,110
3263,Grand Theft Auto: Liberty City Stories,2005-10-25 00:00:00.000,53,NULL,83.7500,4,73.4005,159
4065,Peter Jackson's King Kong: The Official Game of the Movie,2005-11-17 00:00:00.000,23,NULL,80.0000,5,72.3446,105
700,FIFA Soccer 06,2005-09-30 00:00:00.000,11,NULL,70.0000,1,71.6271,66
1791,Ratchet & Clank: Size Matters,2007-02-13 00:00:00.000,17,NULL,60.3333,7,68.9988,71
1968,Rayman Legends,2013-08-30 00:00:00.000,228,1,80.8750,15,85.1634,548
18,Max Payne,2001-07-23 00:00:00.000,495,NULL,73.8000,3,85.9692,1441
1262,South Park: The Stick of Truth,2014-03-03 00:00:00.000,365,16,80.3571,17,83.9235,976
1983,Bastion,2011-07-20 00:00:00.000,203,NULL,90.2500,11,82.9640,630
28015,Kamiko,2017-04-13 00:00:00.000,4,NULL,80.0000,1,69.9231,20
990,Halo: Reach,2010-09-14 00:00:00.000,141,NULL,89.0000,12,85.1258,502
620,Burnout Paradise,2008-01-22 00:00:00.000,130,NULL,93.0000,6,82.3067,404
981,Rayman Origins,2011-11-15 00:00:00.000,117,NULL,89.3750,9,82.9101,322
1062,Alan Wake,2010-05-14 00:00:00.000,270,NULL,83.0000,10,81.4712,733
124,Left 4 Dead 2,2009-11-17 00:00:00.000,268,1,88.6000,7,81.7638,878
12517,Undertale,2015-09-15 00:00:00.000,367,NULL,96.3846,16,86.6242,1337
37094,Shadow of the Colossus,2018-02-06 00:00:00.000,223,18,93.2308,16,84.2939,283
19455,Final Fantasy XII: The Zodiac Age,2017-07-11 00:00:00.000,38,5,87.8421,24,83.8572,60
121295,Grime,2021-08-02 00:00:00.000,3,4,95.0000,2,68.5580,11
327,Age of Empires II: The Age of Kings,1999-09-30 00:00:00.000,310,NULL,80.0000,4,86.1356,867
71628,The Messenger,2018-08-30 00:00:00.000,21,4,87.0000,9,81.1126,136
20734,Devil May Cry HD Collection,2012-03-22 00:00:00.000,24,1,81.5000,4,89.6182,44
492,Gears of War 3,2011-09-20 00:00:00.000,67,NULL,96.6667,8,82.2585,260
152061,Tiny Tina's Wonderlands,2022-03-25 00:00:00.000,7,8,75.7143,11,75.0606,33
1392,Dead or Alive 4,2005-12-29 00:00:00.000,10,NULL,79.5000,4,82.1606,29
23240,Pac-Man Championship Edition 2,2016-09-13 00:00:00.000,5,2,77.4286,16,71.2591,14
125431,I Am Fish,2021-09-16 00:00:00.000,1,2,NULL,NULL,67.7924,12
6880,Metro Redux,2014-08-25 00:00:00.000,78,2,83.4000,11,83.4190,114
83,Baldur's Gate: Dark Alliance,2001-12-02 00:00:00.000,19,NULL,85.3333,3,82.0018,59
26621,Double Dragon IV,2017-01-30 00:00:00.000,2,NULL,49.7778,12,49.8375,7
37024,Super Lucky's Tale,2017-11-07 00:00:00.000,13,1,70.5000,8,69.7850,20
389,Final Fantasy XIII,2009-12-17 00:00:00.000,89,NULL,81.3636,14,72.2281,341
7342,Inside,2016-06-29 00:00:00.000,321,11,92.4872,41,86.1752,1269
136604,Control: Ultimate Edition,2020-08-27 00:00:00.000,8,NULL,92.4000,6,85.8931,57
11233,What Remains of Edith Finch,2017-04-24 00:00:00.000,189,8,86.9524,24,83.8536,729
7725,Resident Evil: Revelations 2,2015-02-24 00:00:00.000,50,NULL,72.8800,13,72.2880,157
16,Fallout: New Vegas,2010-10-19 00:00:00.000,543,2,81.9000,15,87.0432,1650
26298,Sea of Solitude,2019-07-05 00:00:00.000,28,19,70.3333,10,64.8743,48
114058,Totally Reliable Delivery Service,2020-04-01 00:00:00.000,5,1,50.0000,1,53.9703,19
83728,Battlefield V,2018-11-20 00:00:00.000,122,31,77.4118,20,70.9956,265
57692,Resident Evil 7: Biohazard - Gold Edition,2017-01-24 00:00:00.000,1,NULL,NULL,NULL,90.8776,17
87499,The Missing: J.J. Macfield and the Island of Memories,2018-10-11 00:00:00.000,4,1,70.0000,5,79.8258,20
25343,Zero Escape: The Nonary Games,2017-03-24 00:00:00.000,17,4,89.0909,12,83.7425,51
116753,A Short Hike,2019-07-30 00:00:00.000,14,NULL,77.5000,2,72.7050,180
51528,Telling Lies,2019-08-23 00:00:00.000,2,7,85.2857,9,63.0257,42
132097,Saints Row: The Third Remastered,2020-05-22 00:00:00.000,11,NULL,72.0000,6,78.1781,18
27316,A Plague Tale: Innocence,2019-05-14 00:00:00.000,75,31,80.8667,18,81.6389,529
122133,Not For Broadcast,2020-01-30 00:00:00.000,2,2,85.0000,2,79.8049,13
9182,We Happy Few,2018-08-10 00:00:00.000,79,37,63.0000,13,61.0909,69
54996,Jurassic World Evolution,2018-06-11 00:00:00.000,84,15,74.1538,15,69.0626,79
41595,BioShock Infinite: The Complete Edition,2014-11-04 00:00:00.000,3,NULL,NULL,NULL,89.4820,31
14144,Final Fantasy X/X-2 HD Remaster,2013-12-26 00:00:00.000,48,NULL,86.4444,18,84.1230,68
21758,Borderlands: Game of the Year Edition,2010-10-12 00:00:00.000,13,NULL,80.6667,4,80.6765,40
224522,Doom 64,2020-03-20 00:00:00.000,NULL,NULL,NULL,NULL,88.7919,14
36950,Anthem,2019-02-22 00:00:00.000,274,161,60.1333,18,64.8462,99
55163,Resident Evil Village,2021-05-06 00:00:00.000,39,31,86.9286,16,83.9002,254
103380,Bloons TD 6,2018-06-14 00:00:00.000,3,NULL,NULL,NULL,81.7945,70
152249,Marvel's Guardians of the Galaxy,2021-10-26 00:00:00.000,14,8,81.1000,13,81.0924,210
26841,Fire Emblem Heroes,2017-02-02 00:00:00.000,36,1,74.8750,8,62.7931,65
7764,Bases Loaded,1987-06-26 00:00:00.000,3,NULL,NULL,NULL,79.2628,14
1183,Guild Wars 2,2012-08-18 00:00:00.000,90,NULL,89.7500,11,80.3266,224
36198,Children of Morta,2019-09-03 00:00:00.000,25,15,83.0000,14,70.9005,83
386,Final Fantasy XIV Online,2013-08-27 00:00:00.000,45,NULL,85.3333,13,81.3881,159
58630,Animal Crossing: Pocket Camp,2017-10-25 00:00:00.000,9,NULL,77.5000,3,61.6564,46
234,Guild Wars,2005-05-26 00:00:00.000,26,NULL,90.3333,4,79.7472,83
8947,Guild Wars: Nightfall,2006-10-01 00:00:00.000,14,1,80.0000,3,82.6790,31
106819,Final Fantasy XIV: Complete Edition,2017-06-20 00:00:00.000,1,NULL,NULL,NULL,97.0224,17
3247,Sunset Overdrive,2014-10-28 00:00:00.000,50,3,81.7500,19,81.0713,135
2955,Elite: Dangerous,2014-12-16 00:00:00.000,72,3,81.9524,22,80.2457,121
3105,Mario Bros.,1983-07-14 00:00:00.000,17,NULL,NULL,NULL,71.8764,95
1477,Salamander,1986-07-04 00:00:00.000,5,NULL,72.0000,0,69.9288,26
203722,Dave the Diver,2022-10-27 00:00:00.000,2,NULL,92.8571,7,82.1014,16
107262,Streets of Rage 4,2020-04-30 00:00:00.000,26,9,82.5833,14,80.8621,137
154,Star Wars: Episode I - Racer,1999-05-18 00:00:00.000,32,NULL,70.0000,3,73.9350,151
17447,Titanfall 2,2016-10-28 00:00:00.000,167,19,88.9130,29,83.0852,580
623,Call of Duty 4: Modern Warfare,2007-11-05 00:00:00.000,476,NULL,87.8571,9,84.5600,1464
90628,Diablo III: Eternal Collection,2017-06-27 00:00:00.000,3,NULL,85.7500,5,83.3590,62
21642,Totally Accurate Battle Simulator,2019-12-20 00:00:00.000,421,282,NULL,NULL,75.0273,67
116794,Kingdom Come: Deliverance - Royal Edition,2018-02-13 00:00:00.000,2,NULL,NULL,NULL,91.4518,15
136625,Hogwarts Legacy,2023-02-10 00:00:00.000,39,141,85.5714,11,82.2762,192
11179,Skullgirls: 2nd Encore,2015-07-07 00:00:00.000,4,NULL,86.0000,6,73.7098,23
26226,Celeste,2018-01-25 00:00:00.000,125,2,91.3000,13,87.1588,915
1082,Resident Evil 6,2012-10-02 00:00:00.000,75,NULL,63.9167,14,66.6680,395
1300,Tom Clancy's Ghost Recon Advanced Warfighter,2006-03-09 00:00:00.000,18,NULL,92.7500,6,66.9655,63
506,Sonic Generations,2011-11-01 00:00:00.000,38,NULL,75.1000,13,77.2018,196
120619,Tribes of Midgard,2021-07-27 00:00:00.000,4,6,77.5000,3,60.1303,17
37,Dead Space,2008-10-14 00:00:00.000,356,NULL,88.1667,8,85.7167,984
78153,Burnout Paradise Remastered,2018-03-16 00:00:00.000,22,2,83.9091,14,69.3747,38
2626,Burnout Revenge,2005-09-13 00:00:00.000,22,NULL,90.5000,6,78.6322,79
133301,Dirt 5,2020-11-05 00:00:00.000,6,3,80.8333,13,72.4212,31
3772,Wreckfest,2018-06-14 00:00:00.000,64,31,77.7692,13,72.5332,75
1672,Panzer Dragoon Orta,2002-12-19 00:00:00.000,4,NULL,87.0000,3,81.4766,21
121760,Little Nightmares II,2021-02-10 00:00:00.000,23,10,82.2308,20,83.8268,151
6356,Fight Night Champion,2011-03-01 00:00:00.000,12,NULL,83.2000,8,81.7711,34
55047,The Dark Pictures Anthology: Man of Medan,2019-08-29 00:00:00.000,19,18,71.4615,16,68.0805,162
2066,Ultimate Marvel vs. Capcom 3,2011-11-15 00:00:00.000,28,NULL,76.7059,20,76.2518,96
81085,Dark Souls: Remastered,2018-05-23 00:00:00.000,84,2,87.0000,16,86.7791,300
194464,Escape Academy,2022-07-13 00:00:00.000,3,2,75.0000,3,75.4501,18
72813,Untitled Goose Game,2019-09-20 00:00:00.000,18,12,82.2222,11,78.6675,169
134073,Mafia III: Definitive Edition,2020-05-19 00:00:00.000,2,NULL,71.0000,1,47.1221,17
102584,Dying Light 2: Stay Human,2022-02-03 00:00:00.000,57,181,76.8182,14,73.8935,82
2074,Need for Speed: Rivals,2013-11-15 00:00:00.000,61,1,80.2308,15,67.5849,194
22747,Book of Demons,2018-12-13 00:00:00.000,6,NULL,90.0000,1,78.5664,23
559,Call of Duty: Modern Warfare 2,2009-11-10 00:00:00.000,323,NULL,85.2727,13,81.6796,1192
133308,The Medium,2021-01-28 00:00:00.000,14,13,75.3529,19,71.3242,101
8864,Shadowrun: Dragonfall - Director's Cut,2014-09-18 00:00:00.000,23,NULL,80.0000,4,85.1632,48
221288,Phoenix Wright: Ace Attorney Trilogy,2019-02-21 00:00:00.000,NULL,NULL,NULL,NULL,75.9021,15
138766,Riders Republic,2021-10-28 00:00:00.000,3,12,77.1667,9,24.0799,13
1293,Tom Clancy's Ghost Recon: Future Soldier,2012-05-22 00:00:00.000,35,NULL,74.6000,11,72.2618,82
11131,ReCore,2016-09-13 00:00:00.000,36,14,59.0000,24,71.8675,44
20041,Payday 2: Crimewave Edition,2015-06-16 00:00:00.000,2,NULL,71.8889,11,80.0000,2
2602,Alan Wake's American Nightmare,2012-02-22 00:00:00.000,41,NULL,79.2857,8,67.5339,184
167611,Alan Wake Remastered,2021-10-05 00:00:00.000,2,5,81.6667,6,77.1893,50
614,Bejeweled 2,2004-11-05 00:00:00.000,2,NULL,53.3333,2,71.1506,14
1305,Tom Clancy's Splinter Cell: Blacklist,2013-08-20 00:00:00.000,112,NULL,78.3846,17,82.3844,264
55056,Age of Empires II: Definitive Edition,2019-11-14 00:00:00.000,26,5,77.6667,4,88.7923,110
143114,Total War: Warhammer III,2022-02-17 00:00:00.000,6,3,78.3333,3,79.0435,20
75240,Erica,2019-08-19 00:00:00.000,13,1,71.7500,5,62.0765,57
1985,Metal Gear Solid V: The Phantom Pain,2015-09-01 00:00:00.000,359,57,95.7368,24,85.3515,879
26820,Blasphemous,2019-09-10 00:00:00.000,35,21,78.2500,5,81.7735,160
15563,Clicker Heroes,2014-07-01 00:00:00.000,17,NULL,NULL,NULL,71.5076,45
29004,Life is Strange: Before the Storm,2017-08-31 00:00:00.000,157,20,77.0541,11,74.0375,369
9898,Total War: Warhammer,2016-05-24 00:00:00.000,35,7,85.1304,25,85.4537,91
1937,Killzone: Shadow Fall,2013-11-15 00:00:00.000,46,1,70.0000,15,69.5176,131
1887,Dragon Age: Inquisition,2014-11-18 00:00:00.000,345,9,87.9375,19,82.9234,887
19531,Prey,2017-05-04 00:00:00.000,259,49,75.8125,19,80.5342,480
20863,Dishonored: Definitive Edition,2013-10-08 00:00:00.000,28,NULL,79.8571,7,84.8828,82
27732,Yonder: The Cloud Catcher Chronicles,2017-07-17 00:00:00.000,17,1,68.3000,13,78.8221,16
119386,Empire of Sin,2020-11-30 00:00:00.000,9,7,58.0000,4,57.5042,11
135995,As Dusk Falls,2022-07-19 00:00:00.000,1,7,87.0000,7,79.5241,51
3211,Tropico 5,2014-05-23 00:00:00.000,49,6,72.3571,14,72.7163,92
76,Dragon Age: Origins,2009-11-03 00:00:00.000,445,NULL,90.2000,14,86.5688,1362
26183,Halo Wars: Definitive Edition,2016-12-20 00:00:00.000,7,NULL,77.5000,2,76.9908,16
8465,Volgarr the Viking,2013-09-13 00:00:00.000,10,NULL,80.0000,1,70.4943,25
9180,Victor Vran,2015-07-24 00:00:00.000,11,2,72.0000,7,64.2516,36
9369,Whispering Willows,2014-05-17 00:00:00.000,9,NULL,68.6667,3,74.0798,16
125628,Tell Me Why,2020-08-27 00:00:00.000,44,5,80.8889,12,75.6565,90
5317,Ninja Gaiden 3: Razor's Edge,2012-11-17 00:00:00.000,6,NULL,70.2727,13,70.3278,14
106985,The Procession to Calvary,2020-04-09 00:00:00.000,NULL,1,NULL,NULL,75.8076,11
9192,Wolfenstein: The Old Blood,2015-05-04 00:00:00.000,142,12,76.4000,17,77.7780,325
118193,Toem,2021-09-17 00:00:00.000,1,2,95.0000,2,84.0111,26
115201,Unrailed!,2019-09-09 00:00:00.000,9,1,NULL,NULL,71.9790,16
76045,The Last Blade 2,1998-11-25 00:00:00.000,3,NULL,NULL,NULL,87.9051,13
111846,Void Bastards,2019-05-28 00:00:00.000,10,3,81.3750,9,74.2221,46
121748,The Touryst,2019-11-21 00:00:00.000,4,3,82.7500,4,66.1270,20
11842,Sword Art Online: Lost Song,2015-03-26 00:00:00.000,15,NULL,67.5000,6,78.0170,13
19301,The Long Journey Home,2017-05-30 00:00:00.000,19,5,70.0000,5,56.1757,11
11213,Star Ocean: Integrity and Faithlessness,2016-03-31 00:00:00.000,10,2,59.8421,20,54.4171,9
6452,Tales of Zestiria,2015-01-22 00:00:00.000,26,NULL,76.9167,13,69.5732,72
201156,Star Wars Jedi: Survivor,2023-04-28 00:00:00.000,NULL,24,85.1429,12,81.5998,50
115840,Silence,2016-11-15 00:00:00.000,3,NULL,75.3333,4,70.0362,12
11562,Skyhill,2015-10-06 00:00:00.000,4,NULL,67.3333,3,64.0667,11
15490,Shiness: The Lightning Kingdom,2017-04-18 00:00:00.000,8,2,67.6667,12,80.0000,2
19220,Snake Pass,2017-03-28 00:00:00.000,27,1,72.1667,15,73.4952,48
54775,Shadows: Awakening,2018-08-30 00:00:00.000,12,1,71.2500,6,69.9108,13
96391,Shenmue I & II,2018-08-21 00:00:00.000,23,2,75.7500,5,72.9455,26
65832,Stick Fight: The Game,2017-09-28 00:00:00.000,30,NULL,NULL,NULL,74.1583,72
27433,SteamWorld Dig 2,2017-09-21 00:00:00.000,41,3,89.0000,12,83.9230,147
19407,Rock of Ages 2: Bigger & Boulder,2017-08-28 00:00:00.000,5,4,74.7500,6,57.3065,19
96392,Sakura Wars,2019-12-12 00:00:00.000,1,1,76.8889,10,70.1839,13
15852,Roundabout,2014-09-18 00:00:00.000,4,NULL,78.3333,3,63.6396,17
112613,Prodeus,2020-11-09 00:00:00.000,7,5,85.0000,3,72.4230,16
20454,Pinstripe,2017-04-24 00:00:00.000,12,1,81.6667,3,72.9400,30
33747,My Name is Mayo,2016-02-15 00:00:00.000,2,NULL,NULL,NULL,62.2403,18
9523,OlliOlli2: Welcome to Olliwood,2015-03-03 00:00:00.000,5,NULL,86.6667,11,70.2629,28
12597,Owlboy,2016-11-01 00:00:00.000,80,9,88.5385,17,79.1503,108
89560,Mutant Year Zero: Road to Eden,2018-12-04 00:00:00.000,27,11,81.2500,13,81.2769,68
26653,Nekopara Vol. 1,2014-12-29 00:00:00.000,11,NULL,NULL,NULL,72.9910,29
26197,Marvel vs. Capcom: Infinite,2017-09-19 00:00:00.000,29,4,69.0952,24,73.0422,38
13172,Mad Games Tycoon,2016-09-13 00:00:00.000,10,NULL,90.0000,1,69.9024,16
1408,Metal Slug 3,2000-01-23 00:00:00.000,41,NULL,82.3333,7,81.9903,158
7084,Marvel Puzzle Quest,2013-10-03 00:00:00.000,2,NULL,40.0000,1,57.3525,14
11052,Kung Fury: Street Rage,2015-05-18 00:00:00.000,7,NULL,39.0000,1,61.5205,27
30099,Golf It!,2017-02-17 00:00:00.000,3,NULL,NULL,NULL,70.1270,16
19002,Gonner,2016-10-12 00:00:00.000,11,NULL,82.7500,6,69.8612,18
9649,Infinifactory,2015-06-30 00:00:00.000,11,NULL,75.3333,4,83.1651,24
7891,Hammerwatch,2013-08-12 00:00:00.000,4,NULL,70.0000,1,69.9574,27
25871,Glass Masquerade,2016-11-18 00:00:00.000,4,NULL,70.0000,2,71.6213,15
11540,Exist Archive: The Other Side of the Sky,2015-12-17 00:00:00.000,1,NULL,67.4000,11,NULL,NULL
4759,Divekick,2013-08-20 00:00:00.000,3,NULL,61.6667,5,62.9566,19
34667,Distrust,2017-08-23 00:00:00.000,10,1,80.0000,1,56.4417,11
18389,Deadbolt,2016-03-14 00:00:00.000,10,NULL,75.0000,2,79.8871,23
2637,de Blob,2008-07-08 00:00:00.000,4,NULL,82.0000,9,66.5184,21
6632,Call of Duty: Advanced Warfare,2014-11-03 00:00:00.000,123,2,80.2000,23,71.9000,483
4796,de Blob 2,2011-02-22 00:00:00.000,8,NULL,75.3750,11,70.1691,17
44122,City of Brass,2018-05-04 00:00:00.000,13,2,68.1250,9,40.0106,11
3222,Chasm,2018-07-30 00:00:00.000,32,21,70.0000,9,75.3806,39
24501,Burly Men at Sea,2016-09-29 00:00:00.000,3,NULL,75.0000,3,67.3965,30
118607,Art of Rally,2020-09-23 00:00:00.000,4,1,83.3333,3,81.4720,21
8634,Alien Shooter,2003-09-14 00:00:00.000,12,NULL,NULL,NULL,71.6690,39
103484,Akane,2018-09-10 00:00:00.000,3,1,NULL,NULL,70.3429,13
11367,Anna's Quest,2015-07-02 00:00:00.000,10,NULL,65.0000,2,69.6224,20
14758,Ace Combat 7: Skies Unknown,2019-01-18 00:00:00.000,32,23,81.4545,13,80.7661,59
78152,Afterparty,2019-10-29 00:00:00.000,21,12,74.8571,8,60.1920,30
7171,Aaru's Awakening,2015-02-23 00:00:00.000,3,NULL,68.0000,1,50.2784,17
4656,A Boy and His Blob,2009-10-13 00:00:00.000,2,NULL,53.3333,3,68.2995,15
17480,Eastshade,2019-02-13 00:00:00.000,6,2,76.5000,2,77.9083,28
28337,13 Sentinels: Aegis Rim,2019-11-28 00:00:00.000,12,4,83.8889,10,92.6978,69
11049,Crawl,2017-04-11 00:00:00.000,13,1,60.0000,2,67.9387,35
19489,Leo's Fortune,2014-04-23 00:00:00.000,4,NULL,74.0000,7,70.3468,13
19396,35MM,2016-05-27 00:00:00.000,11,NULL,NULL,NULL,56.6958,17
18686,10 Second Ninja X,2016-07-19 00:00:00.000,14,NULL,77.3333,9,65.3674,29
9497,140,2013-10-16 00:00:00.000,13,NULL,71.0000,2,70.7384,34
23851,Wandersong,2018-09-27 00:00:00.000,4,1,88.6000,5,93.3712,30
134574,Paradise Lost,2021-03-24 00:00:00.000,2,7,61.6667,3,61.6837,13
9181,Warhammer: End Times - Vermintide,2015-10-23 00:00:00.000,24,1,80.0000,13,72.6976,48
25599,Monster Boy and the Cursed Kingdom,2018-12-04 00:00:00.000,8,5,79.0000,4,87.9287,26
7684,Ghost of a Tale,2018-03-13 00:00:00.000,24,1,65.0000,3,87.0057,27
11710,60 Parsecs!,2018-09-18 00:00:00.000,2,NULL,NULL,NULL,59.6666,11
11347,Necropolis,2016-07-12 00:00:00.000,14,3,60.2000,20,69.8699,13
9723,Cinders,2012-07-20 00:00:00.000,3,NULL,60.0000,1,58.2379,15
17138,Enigmatis 2: The Mists of Ravenwood,2014-05-04 00:00:00.000,3,NULL,NULL,NULL,72.9774,13
19297,Ken Follett's The Pillars of the Earth,2017-08-15 00:00:00.000,17,3,78.0000,12,82.2827,31
11398,Dead Synchronicity: Tomorrow Comes Today,2015-04-10 00:00:00.000,11,NULL,73.2500,4,79.7332,23
28323,Mega Man Legacy Collection 2,2017-08-08 00:00:00.000,7,NULL,71.4000,11,95.0936,11
18860,Beat Cop,2017-03-30 00:00:00.000,11,1,70.0000,9,62.9697,25
9683,Dungeon of the Endless,2014-10-27 00:00:00.000,13,NULL,79.4444,10,76.4793,42
146075,The Great Ace Attorney Chronicles,2021-07-26 00:00:00.000,3,NULL,85.6250,10,90.0439,16
107198,UnderMine,2020-08-06 00:00:00.000,NULL,3,NULL,NULL,66.2625,21
19009,Shadow Complex Remastered,2016-03-16 00:00:00.000,7,NULL,78.2000,5,86.3178,18
11549,Zero Escape: Zero Time Dilemma,2016-06-28 00:00:00.000,26,6,79.9091,24,79.2301,91
117533,River City Girls,2019-09-04 00:00:00.000,8,4,77.0000,7,74.1263,43
22917,Gris,2018-12-13 00:00:00.000,33,6,81.2500,14,79.9966,356
1354,Flower,2009-02-12 00:00:00.000,54,NULL,83.1667,8,75.0662,197
15465,VA-11 Hall-A: Cyberpunk Bartender Action,2016-06-21 00:00:00.000,31,2,83.8889,9,84.1975,114
4005,MediEvil: Resurrection,2005-09-01 00:00:00.000,7,NULL,61.6667,3,68.8924,17
7380,Entwined,2014-06-09 00:00:00.000,4,NULL,69.1429,7,57.4183,27
26564,The Legend of Heroes: Trails of Cold Steel III,2017-09-28 00:00:00.000,13,NULL,83.5000,9,85.8327,18
37057,Griftlands,2021-06-01 00:00:00.000,14,11,83.5000,2,84.9389,29
1014,APB Reloaded,2010-06-29 00:00:00.000,7,NULL,60.4000,6,62.5056,22
19469,Sky Force Reloaded,2016-06-01 00:00:00.000,6,NULL,NULL,NULL,81.8650,13
26202,Nex Machina,2017-06-20 00:00:00.000,19,2,90.6875,18,80.1890,27
117023,Jump King,2019-05-03 00:00:00.000,3,NULL,75.0000,1,79.6331,23
113107,Sayonara Wild Hearts,2019-09-19 00:00:00.000,3,3,81.4286,8,78.1316,81
20927,911 Operator,2017-02-24 00:00:00.000,11,1,76.0000,2,70.2111,37
21993,Seum: Speedrunners from Hell,2016-07-28 00:00:00.000,5,NULL,65.0000,1,59.9265,13
8255,Trine 3: The Artifacts of Power,2015-08-20 00:00:00.000,27,3,62.0000,6,64.2717,78
18822,Pyre,2017-07-25 00:00:00.000,84,8,86.0556,22,80.2063,107
24482,Nidhogg 2,2017-08-15 00:00:00.000,8,NULL,76.8824,21,70.0073,21
27729,Mordhau,2019-04-29 00:00:00.000,11,NULL,82.2500,4,74.9486,43
5541,Sherlock Holmes: Crimes & Punishments,2014-09-29 00:00:00.000,55,5,74.7143,15,80.1160,135
55198,Kentucky Route Zero: TV Edition,2020-01-28 00:00:00.000,3,2,85.0000,3,45.6497,15
27435,Dandara,2018-02-06 00:00:00.000,9,NULL,69.2000,6,59.7523,19
153,Star Wars: Jedi Knight - Jedi Academy,2003-09-16 00:00:00.000,140,NULL,69.4000,5,83.8688,348
11594,Disgaea 5: Alliance of Vengeance,2015-03-26 00:00:00.000,10,NULL,78.8889,10,89.9690,13
14314,TerraTech,2018-08-10 00:00:00.000,35,NULL,60.0000,1,70.1439,13
27804,Phoenix Point,2019-12-03 00:00:00.000,16,12,82.0000,5,60.3335,13
28794,Ancestors Legacy,2018-05-22 00:00:00.000,10,4,77.8000,5,70.9295,12
88116,The Beast Inside,2019-10-17 00:00:00.000,2,3,NULL,NULL,79.6421,20
399,Final Fantasy IV,2007-12-20 00:00:00.000,27,NULL,82.5000,3,81.9748,78
14172,Everspace,2017-05-25 00:00:00.000,18,3,82.5000,6,76.2141,31
55322,Pathologic 2,2019-05-23 00:00:00.000,19,4,63.2000,5,93.9918,59
12632,Sword Art Online: Hollow Realization,2016-10-27 00:00:00.000,23,3,69.1000,11,72.2667,8
122666,Teardown,2020-10-29 00:00:00.000,3,5,83.3333,3,79.3546,23
11064,Shadow Warrior 2,2016-10-13 00:00:00.000,46,7,77.7647,21,75.1767,96
44129,Super Meat Boy Forever,2020-12-23 00:00:00.000,9,12,70.1429,11,78.2259,13
125373,Curse of the Dead Gods,2020-03-03 00:00:00.000,9,2,84.2500,4,69.5176,33
18020,Visage,2020-10-29 00:00:00.000,36,13,87.0000,2,81.6992,45
9214,Dragon Quest Heroes: The World Tree's Woe and the Blight Below,2015-02-26 00:00:00.000,10,NULL,78.0833,14,75.7584,16
24069,Dragon Quest Builders,2016-01-28 00:00:00.000,21,1,82.0000,25,79.7198,23
121754,Orcs Must Die! 3,2020-07-14 00:00:00.000,3,4,76.0000,6,79.5759,14
34294,BioShock 2 Remastered,2016-09-14 00:00:00.000,18,NULL,NULL,NULL,81.2049,80
11204,The Walking Dead: Michonne,2016-02-03 00:00:00.000,42,3,68.3333,5,67.4155,159
84486,This Is the Police 2,2018-07-31 00:00:00.000,10,4,63.0000,7,73.9036,20
26167,Bulletstorm: Full Clip Edition,2017-04-07 00:00:00.000,19,2,76.7857,18,75.0683,60
28311,Bendy and the Ink Machine,2017-04-27 00:00:00.000,12,NULL,86.5000,3,70.2719,35
11423,This Is the Police,2016-07-27 00:00:00.000,29,4,60.5714,15,69.5064,90
18853,Aragami,2016-10-04 00:00:00.000,28,1,69.5556,11,74.1256,61
27741,Darwin Project,2020-01-14 00:00:00.000,11,1,NULL,NULL,68.4905,16
12529,Gravity Rush Remastered,2015-12-10 00:00:00.000,32,1,78.6667,15,75.0188,59
115304,Five Nights at Freddy's: Help Wanted,2019-05-28 00:00:00.000,2,4,90.0000,1,71.5683,12
216178,Football Manager 2023,2022-11-08 00:00:00.000,2,NULL,82.5000,2,61.1975,17
19081,The Jackbox Party Pack 2,2015-10-12 00:00:00.000,7,NULL,78.2500,5,61.5305,24
132165,Observer: System Redux,2020-11-10 00:00:00.000,2,4,86.2000,5,89.0442,16
8751,Stranded Deep,2015-01-23 00:00:00.000,42,4,NULL,NULL,62.3437,39
36911,Dragon Ball FighterZ,2018-01-26 00:00:00.000,94,14,87.0556,24,84.5299,162
75238,Concrete Genie,2019-10-09 00:00:00.000,14,3,81.8571,8,71.1124,40
178361,The Dark Pictures Anthology: The Devil in Me,2022-11-18 00:00:00.000,3,3,74.4000,8,69.0750,24
16300,Dragon's Dogma: Dark Arisen,2013-04-23 00:00:00.000,39,NULL,78.3810,25,81.9226,127
14548,Borderlands: The Handsome Collection,2015-03-24 00:00:00.000,28,NULL,84.0000,10,76.3195,43
239392,Mortal Kombat 1,2023-09-19 00:00:00.000,1,NULL,83.8333,10,74.1977,12
191692,Street Fighter 6,2023-06-02 00:00:00.000,1,7,93.1429,11,87.0846,33
8173,Overwatch,2016-05-24 00:00:00.000,447,41,89.0833,30,81.9204,958
134071,Mafia II: Definitive Edition,2020-05-19 00:00:00.000,3,NULL,61.0000,4,70.7016,54
172771,eFootball 2022,2021-09-30 00:00:00.000,4,NULL,30.0000,2,65.4765,15
27789,PUBG: Battlegrounds,2017-12-20 00:00:00.000,231,27,75.0625,21,73.2358,368
6803,Halo 5: Guardians,2015-10-27 00:00:00.000,92,17,84.0526,22,75.9326,196
7333,Crackdown 3,2019-02-15 00:00:00.000,37,26,62.2727,14,69.9901,32
10605,Garou: Mark of the Wolves,1999-11-26 00:00:00.000,6,NULL,80.0000,1,78.1259,49
132164,Crysis Remastered,2020-07-23 00:00:00.000,8,3,68.4286,8,77.7895,24
10965,Need for Speed,2015-11-03 00:00:00.000,60,7,62.4706,20,63.5099,169
119304,Spiritfarer,2020-08-18 00:00:00.000,16,8,87.8571,8,89.9386,95
11155,Dreams,2020-02-14 00:00:00.000,33,14,92.8571,9,89.5845,26
493,Heavy Rain,2010-02-18 00:00:00.000,267,NULL,80.2500,15,81.9357,849
8223,Assassin's Creed Chronicles: China,2015-04-21 00:00:00.000,79,8,70.3750,8,70.0046,99
11394,Steins;Gate 0,2015-12-10 00:00:00.000,13,2,87.1818,12,88.6263,33
87210,Farming Simulator 19,2018-11-19 00:00:00.000,115,3,68.2000,5,79.9556,23
6866,Puyo Puyo Tetris,2014-02-06 00:00:00.000,13,NULL,84.3846,16,78.3979,38
133302,Scarlet Nexus,2021-06-24 00:00:00.000,11,12,80.8000,12,76.7827,68
7350,Get Even,2017-06-23 00:00:00.000,39,10,73.8000,12,70.2769,29
75245,Avicii Invector,2019-12-10 00:00:00.000,5,NULL,80.0000,2,82.3511,12
26624,Spirit Hunter: Death Mark,2017-06-01 00:00:00.000,3,NULL,NULL,NULL,70.2661,12
11445,Persona 4 Arena Ultimax,2013-11-28 00:00:00.000,11,NULL,78.0000,13,78.4358,31
11565,JoJo's Bizarre Adventure: Eyes of Heaven,2015-12-17 00:00:00.000,7,NULL,63.5000,10,89.7149,15
145780,WWE 2K22,2022-03-11 00:00:00.000,4,3,77.3333,9,79.4760,13
25837,The Pedestrian,2020-01-29 00:00:00.000,6,4,72.5000,2,78.7884,38
135254,Crash Bandicoot 4: It's About Time,2020-10-02 00:00:00.000,15,5,85.8750,20,82.1047,80
78497,Catherine: Full Body,2019-02-14 00:00:00.000,6,6,85.0000,8,78.2566,23
133149,Post Void,2020-08-06 00:00:00.000,NULL,NULL,85.0000,1,85.1840,14
18148,Wolcen: Lords of Mayhem,2020-02-13 00:00:00.000,20,10,58.0000,1,43.3636,27
26879,Werewolf: The Apocalypse - Earthblood,2021-02-04 00:00:00.000,6,19,52.3333,13,47.6642,7
11180,Robinson: The Journey,2016-11-08 00:00:00.000,19,11,63.0000,10,62.9953,12
23582,Lost Castle,2016-08-31 00:00:00.000,3,NULL,70.0000,1,57.6734,12
68287,Left Alive,2019-02-28 00:00:00.000,18,12,30.5000,9,33.6342,12
11703,The Incredible Adventures of Van Helsing III,2015-05-22 00:00:00.000,6,NULL,70.7500,4,61.3261,12
27192,My Memory of Us,2018-10-09 00:00:00.000,3,1,70.2500,5,73.3627,12
119259,Yooka-Laylee and the Impossible Lair,2019-10-07 00:00:00.000,13,1,86.1111,11,70.8359,31
135337,Bloodstained: Curse of the Moon 2,2020-07-09 00:00:00.000,3,1,79.1667,7,86.2405,12
18263,Moon Hunters,2016-03-10 00:00:00.000,16,NULL,67.5714,8,54.9128,24
23431,PixelJunk Shooter Ultimate,2014-06-03 00:00:00.000,3,NULL,NULL,NULL,75.1984,13
100,Need for Speed: ProStreet,2007-11-13 00:00:00.000,44,NULL,60.7500,5,69.5702,194
26102,Gnog,2017-05-02 00:00:00.000,8,NULL,75.0000,5,75.2291,31
19563,Batman: Arkham VR,2016-10-13 00:00:00.000,13,7,73.2857,16,73.8131,21
3132,Neighbours from Hell,2003-06-20 00:00:00.000,37,NULL,72.0000,2,79.2164,114
21623,Tricky Towers,2016-08-02 00:00:00.000,11,NULL,67.5714,8,75.6377,48
152203,Trek to Yomi,2022-05-05 00:00:00.000,7,8,68.2857,9,70.9798,47
16925,Dex,2015-05-07 00:00:00.000,11,NULL,69.3750,8,75.9948,37
1243,Tekken 2,1995-06-21 00:00:00.000,35,NULL,90.0000,1,76.4987,174
6164,The Testament of Sherlock Holmes,2012-09-25 00:00:00.000,19,NULL,76.0000,4,76.9028,99
1530,Jak 3,2004-11-09 00:00:00.000,42,NULL,70.0000,3,75.5777,156
27666,Sine Mora EX,2017-07-31 00:00:00.000,6,NULL,77.4000,5,70.8379,14
2638,The Incredible Adventures of Van Helsing,2013-05-22 00:00:00.000,22,NULL,64.0000,6,67.5756,55
22783,The Sexy Brutale,2017-04-11 00:00:00.000,29,3,80.0000,15,75.4671,40
3839,Contrast,2013-06-01 00:00:00.000,18,NULL,56.6667,6,57.8794,77
10255,Kero Blaster,2014-05-11 00:00:00.000,2,NULL,76.2500,5,74.0300,16
23322,The Legend of Heroes: Trails From Zero,2020-04-23 00:00:00.000,2,NULL,86.5000,3,89.6783,20
9136,Gorogoa,2017-12-13 00:00:00.000,31,NULL,82.1429,12,80.1624,129
18452,Grip,2018-11-06 00:00:00.000,9,NULL,50.0000,3,62.5041,18
101461,Green Hell,2019-09-05 00:00:00.000,10,1,85.0000,3,84.4726,30
13226,Keep Talking and Nobody Explodes,2015-07-16 00:00:00.000,18,NULL,84.3333,7,85.7448,78
1352,Journey,2012-03-13 00:00:00.000,297,NULL,93.8571,15,85.7751,915
19440,Agents of Mayhem,2017-08-15 00:00:00.000,27,10,72.7895,22,67.7244,31
23188,Immortal Redneck,2017-04-25 00:00:00.000,4,NULL,80.3333,6,54.2468,14
18303,Arizona Sunshine,2016-12-06 00:00:00.000,10,1,63.6000,6,61.6003,17
18158,Ultimate Chicken Horse,2016-03-04 00:00:00.000,10,NULL,79.4000,5,77.6447,72
3018,Unepic,2011-09-30 00:00:00.000,14,NULL,67.5000,4,73.9636,32
14673,Valkyria Revolution,2017-01-19 00:00:00.000,10,2,56.2727,15,NULL,NULL
11260,Armello,2015-01-22 00:00:00.000,10,NULL,73.3333,8,73.0072,41
14550,Action Henk,2015-05-11 00:00:00.000,3,NULL,69.8750,8,76.4529,11
104971,AI: The Somnium Files,2019-09-17 00:00:00.000,6,2,86.0000,3,84.8090,85
17001,Ashen,2018-12-07 00:00:00.000,66,28,82.8571,8,79.4246,43
132707,Madden NFL 21,2020-05-28 00:00:00.000,3,1,67.2222,11,70.1028,6
1052,The Lord of the Rings: War in the North,2011-11-01 00:00:00.000,30,NULL,66.1250,9,70.7229,124
139458,Webbed,2021-09-09 00:00:00.000,1,1,NULL,NULL,79.8810,12
28528,Röki,2020-07-23 00:00:00.000,3,7,87.2857,8,72.2778,14
165127,Crysis 3 Remastered,2021-10-15 00:00:00.000,2,NULL,NULL,NULL,69.8521,11
19553,Trials of the Blood Dragon,2016-06-13 00:00:00.000,7,NULL,52.8824,19,65.1589,12
7965,Kholat,2015-06-09 00:00:00.000,23,3,66.0000,9,60.9130,46
134587,Destruction AllStars,2021-02-02 00:00:00.000,3,6,67.2857,7,56.4713,12
7936,La-Mulana,2012-07-13 00:00:00.000,8,NULL,NULL,NULL,89.3826,12
103249,11-11: Memories Retold,2018-11-08 00:00:00.000,10,2,74.0000,3,77.3571,17
89326,Breathedge,2018-09-18 00:00:00.000,16,1,82.0000,3,70.5066,26
113118,The Pathless,2020-11-12 00:00:00.000,2,19,80.6667,11,81.2045,33
127358,Ruined King: A League of Legends Story,2021-11-16 00:00:00.000,2,3,77.5000,5,84.5574,17
59849,L.A. Noire,2017-11-14 00:00:00.000,15,1,73.3333,6,91.7958,39
19815,Game Dev Story,1996-04-01 00:00:00.000,5,NULL,NULL,NULL,69.7142,20
204363,Layers of Fear,2023-06-15 00:00:00.000,NULL,3,71.4000,5,77.6535,12
27353,Dungeons 3,2017-10-13 00:00:00.000,12,NULL,74.0000,3,78.2608,16
25901,My Friend Pedro,2019-06-20 00:00:00.000,33,13,73.4444,12,75.1462,138
111661,Omno,2021-07-28 00:00:00.000,19,4,82.6667,3,87.0463,28
10910,LEGO Worlds,2017-03-07 00:00:00.000,20,5,70.6667,7,71.9707,34
36929,Pathfinder: Kingmaker,2018-09-25 00:00:00.000,14,8,65.6667,3,87.1254,64
11162,For Honor,2017-02-13 00:00:00.000,157,54,76.7273,27,71.5625,206
14761,Rain World,2017-03-28 00:00:00.000,29,5,62.0909,13,65.0198,37
20065,Resident Evil 4,2011-09-08 00:00:00.000,46,1,85.2500,23,87.8349,119
212584,Tactics Ogre: Reborn,2022-11-11 00:00:00.000,NULL,3,85.2000,6,89.4101,11
134585,Sackboy: A Big Adventure,2020-11-12 00:00:00.000,7,1,85.3000,13,78.3957,39
11857,God Eater 2: Rage Burst,2015-02-19 00:00:00.000,14,NULL,75.5455,11,59.4076,11
3775,Assassin's Creed: Freedom Cry,2013-12-17 00:00:00.000,56,NULL,75.0000,3,70.8571,169
34894,Crossout,2017-05-30 00:00:00.000,22,NULL,65.0000,2,59.7009,32
115280,Oninaki,2019-08-22 00:00:00.000,4,6,67.0000,11,60.0353,6
144465,Teenage Mutant Ninja Turtles: Shredder's Revenge,2022-06-16 00:00:00.000,9,10,85.3750,10,78.5082,84
37777,Shadow of the Tomb Raider,2018-09-14 00:00:00.000,196,43,80.0000,19,77.7831,443
8254,Resident Evil,2014-11-27 00:00:00.000,99,3,82.2500,17,87.6639,316
11212,Star Ocean: Till the End of Time,2003-02-27 00:00:00.000,13,1,75.0000,2,92.6300,30
7399,Final Fantasy Type-0 HD,2015-03-17 00:00:00.000,25,1,75.2727,15,72.2978,50
204350,The Last of Us Part I,2022-09-01 00:00:00.000,22,7,77.3333,17,94.9590,189
13669,Dynasty Warriors 8: Empires,2014-11-20 00:00:00.000,NULL,NULL,64.8182,12,70.1038,10
19449,Dragon Ball: Xenoverse 2,2016-10-25 00:00:00.000,52,3,73.5000,24,73.6970,84
131999,NieR Replicant ver.1.22474487139...,2021-04-22 00:00:00.000,12,31,82.1667,14,84.1640,105
198506,Disney Dreamlight Valley,2022-09-06 00:00:00.000,3,1,90.0000,4,79.7588,12
228535,Remnant II,2023-07-25 00:00:00.000,NULL,2,83.5000,8,79.9212,20
113598,Deathloop,2021-09-14 00:00:00.000,13,38,89.7000,12,83.0047,131
135243,It Takes Two,2021-03-25 00:00:00.000,30,5,90.2667,19,88.9495,324
7029,Kameo: Elements of Power,2005-11-22 00:00:00.000,9,NULL,71.6667,4,79.4259,20
1413,Battle Arena Toshinden,1995-01-01 00:00:00.000,1,NULL,60.0000,2,53.5747,21
7236,Viva Piñata,2006-11-09 00:00:00.000,8,NULL,74.6667,3,75.4563,38
103301,Wolfenstein: Youngblood,2019-07-25 00:00:00.000,38,49,71.2500,15,60.6713,103
36831,Dissidia Final Fantasy NT,2018-01-11 00:00:00.000,13,1,63.1667,14,53.4819,12
121404,Shady Part of Me,2020-12-10 00:00:00.000,3,NULL,NULL,NULL,89.7028,15
133307,The Ascent,2021-07-29 00:00:00.000,8,13,71.2222,11,73.5603,42
18854,Let It Die,2016-12-03 00:00:00.000,13,3,76.7500,9,74.3085,15
109535,We Were Here Together,2019-10-10 00:00:00.000,1,NULL,70.0000,1,70.1841,20
37095,Moss,2018-02-27 00:00:00.000,19,2,83.5714,9,78.5656,33
14879,Attack on Titan,2016-02-18 00:00:00.000,19,3,73.3125,19,69.2799,33
125631,Last Stop,2021-07-22 00:00:00.000,1,3,72.5000,7,71.0400,23
119285,Lost in Random,2021-09-10 00:00:00.000,2,3,77.4286,7,70.1755,17
2137,The Crew,2014-12-01 00:00:00.000,61,8,62.0000,18,66.1200,124
105417,Digimon Survive,2022-07-28 00:00:00.000,2,35,70.0000,5,65.6519,18
214409,Atlas Fallen,2023-08-10 00:00:00.000,1,10,71.7500,7,70.5364,11
139399,Ragnarock,2021-07-15 00:00:00.000,4,5,80.0000,3,70.8217,11
29173,Startup Company,2020-04-10 00:00:00.000,21,1,NULL,NULL,66.0951,14
20063,Dead Nation: Apocalypse Edition,2014-03-04 00:00:00.000,2,NULL,75.0000,3,79.5332,13
18357,Oddworld: Soulstorm,2021-04-06 00:00:00.000,10,7,74.8333,13,58.5952,15
28856,The Crew 2,2018-06-29 00:00:00.000,81,18,62.3000,12,74.2046,63
106856,A Memoir Blue,2022-03-24 00:00:00.000,2,1,NULL,NULL,67.1219,28
119247,Gylt,2019-11-19 00:00:00.000,6,6,74.0000,6,66.0893,11
13621,Manifold Garden,2019-10-18 00:00:00.000,13,9,85.8333,7,75.1119,24
117271,Chained Echoes,2022-12-08 00:00:00.000,4,5,91.3333,3,83.6139,11
26195,WipEout: Omega Collection,2017-06-06 00:00:00.000,18,4,88.4545,12,88.8597,33
82117,Two Point Hospital,2018-08-29 00:00:00.000,27,7,86.9000,11,79.4196,94
11214,World of Final Fantasy,2016-10-25 00:00:00.000,34,7,75.6667,29,70.2496,34
79995,Sable,2021-09-23 00:00:00.000,9,22,82.7143,8,72.1568,27
9647,Volume,2015-08-18 00:00:00.000,10,1,70.4000,12,69.7815,12
21429,Vikings: Wolves of Midgard,2017-03-24 00:00:00.000,16,3,67.5000,6,67.6663,17
11460,Titan Attacks!,2012-02-03 00:00:00.000,6,NULL,73.0000,2,67.0532,15
10140,Uncanny Valley,2015-04-23 00:00:00.000,7,NULL,63.7500,4,57.9123,12
11170,Unravel,2016-02-09 00:00:00.000,82,11,81.2105,20,80.7640,212
9525,Through the Woods,2016-10-27 00:00:00.000,10,1,46.0000,1,62.3001,15
8467,Velocity 2X,2014-09-02 00:00:00.000,12,NULL,80.5000,11,88.2331,27
11225,Typoman,2015-11-19 00:00:00.000,11,3,69.2857,7,73.5396,11
13163,Syberia 3,2017-04-20 00:00:00.000,53,17,44.0000,10,64.7863,34
8352,The Unfinished Swan,2012-10-23 00:00:00.000,23,NULL,76.6667,4,76.9736,89
95992,Tales of the Neon Sea,2019-04-29 00:00:00.000,12,5,60.0000,1,67.2881,15
123775,Tangle Tower,2019-09-19 00:00:00.000,1,NULL,NULL,NULL,79.8766,16
78115,The Legend of Heroes: Trails of Cold Steel IV,2018-09-27 00:00:00.000,6,NULL,83.0000,4,88.7445,15
9865,Sportsfriends,2014-05-06 00:00:00.000,2,NULL,81.4286,7,62.1541,20
10030,Sky Force Anniversary,2014-06-05 00:00:00.000,12,NULL,77.0000,2,80.3282,29
28489,Ready or Not,2021-12-17 00:00:00.000,16,20,NULL,NULL,80.5467,13
23319,Shutshimi,2014-05-07 00:00:00.000,3,NULL,65.0000,2,65.9924,13
21062,Sonic Mania,2017-08-15 00:00:00.000,124,36,85.4375,18,84.0060,251
36832,Strange Brigade,2018-08-27 00:00:00.000,21,11,72.9167,14,69.8047,24
5333,Strider,2014-02-18 00:00:00.000,22,NULL,78.0625,16,72.5464,51
11006,Senran Kagura: Estival Versus,2015-03-26 00:00:00.000,11,NULL,67.7273,11,65.2314,10
148,Star Wars: Republic Commando,2005-02-17 00:00:00.000,50,NULL,80.8000,6,82.1630,188
7707,Saints Row IV: Re-Elected,2015-01-20 00:00:00.000,9,NULL,77.0000,9,75.7245,21
134584,Returnal,2021-04-30 00:00:00.000,17,21,89.8947,21,84.3081,93
6007,Resogun,2013-11-15 00:00:00.000,31,NULL,85.9091,11,83.6981,71
115899,ScourgeBringer,2020-10-20 00:00:00.000,5,NULL,72.5000,3,73.2157,14
12561,Nova-111,2015-08-25 00:00:00.000,4,NULL,74.0000,2,70.3367,12
3026,Nihilumbra,2012-06-27 00:00:00.000,7,NULL,80.0000,1,69.9756,20
145782,OlliOlli World,2022-02-08 00:00:00.000,6,5,86.7000,13,79.6263,12
7618,Never Alone: Kisima Ingitchuna,2014-11-18 00:00:00.000,44,NULL,70.6000,11,70.2330,145
26194,Knack II,2017-09-05 00:00:00.000,23,3,71.6923,15,66.3975,18
11544,Paladins,2017-05-02 00:00:00.000,46,NULL,78.8333,7,71.9808,170
2933,Kingdom Hearts III,2019-01-25 00:00:00.000,220,110,89.8000,15,75.8548,190
5328,Metal Gear Solid V: Ground Zeroes,2014-03-18 00:00:00.000,137,NULL,79.2105,20,75.8890,399
22499,Moons of Madness,2020-03-21 00:00:00.000,18,11,69.0000,2,75.0328,17
12571,Nioh,2017-02-07 00:00:00.000,118,22,87.6364,27,80.4491,140
2990,Machinarium,2009-10-16 00:00:00.000,117,NULL,87.5000,3,83.2307,325
96252,Mega Man X: Legacy Collection,2018-07-24 00:00:00.000,1,NULL,87.3333,3,87.2448,14
25083,LEGO Harry Potter Collection,2016-10-21 00:00:00.000,9,NULL,75.1667,6,64.1291,13
8992,MouseCraft,2014-07-08 00:00:00.000,1,NULL,65.0000,3,70.2053,15
1532,Jak X: Combat Racing,2005-10-18 00:00:00.000,15,NULL,70.0000,2,76.5615,36
109,L.A. Noire,2011-05-17 00:00:00.000,284,NULL,89.3750,11,82.5940,840
94876,LEGO The Incredibles,2018-06-15 00:00:00.000,12,3,72.2857,7,72.2828,18
103369,Kill la Kill: If,2019-07-25 00:00:00.000,5,4,57.0000,3,69.8429,22
2177,LEGO City Undercover,2013-03-17 00:00:00.000,20,NULL,77.0000,24,73.1247,50
134483,Gunfire Reborn,2020-05-22 00:00:00.000,4,NULL,NULL,NULL,73.5051,24
11206,Just Dance 2016,2015-10-20 00:00:00.000,7,NULL,69.0000,5,77.1786,17
28733,Iron Snout,2016-01-01 00:00:00.000,1,NULL,NULL,NULL,48.6494,15
75234,Guacamelee! 2,2018-08-21 00:00:00.000,18,4,84.0000,15,81.1055,71
9638,Hero of the Kingdom,2012-12-20 00:00:00.000,6,NULL,NULL,NULL,70.1332,21
19572,Here They Lie,2016-10-13 00:00:00.000,8,3,59.7500,8,52.7224,13
138858,Ender Lilies: Quietus of the Knights,2021-01-21 00:00:00.000,7,NULL,79.0000,6,85.8853,30
4843,Kingdom Come: Deliverance,2018-02-13 00:00:00.000,353,187,73.7273,17,79.2431,255
36543,Last Day of June,2017-08-31 00:00:00.000,34,1,76.3333,11,74.8277,55
14523,Helldivers,2015-03-03 00:00:00.000,25,NULL,84.1667,8,73.8465,62
12596,Job Simulator: The 2050 Archives,2016-04-05 00:00:00.000,17,3,77.3333,10,77.4239,20
18927,Hue,2016-08-30 00:00:00.000,31,2,77.8750,17,69.3239,65
12528,Gravity Rush 2,2017-01-18 00:00:00.000,70,18,81.2632,21,71.2878,61
27043,FlatOut 4: Total Insanity,2017-03-17 00:00:00.000,8,1,66.0000,6,61.6199,14
32969,Ghost 1.0,2016-06-06 00:00:00.000,1,NULL,78.0000,1,88.1832,11
1353,flOw,2006-04-14 00:00:00.000,15,NULL,75.0000,6,71.9704,75
19409,Farming Simulator 17,2016-10-25 00:00:00.000,38,4,63.8571,7,87.3041,15
2117,DayZ,2018-12-13 00:00:00.000,87,41,69.0000,4,47.2790,85
116650,Cyber Shadow,2021-01-26 00:00:00.000,2,3,77.2727,12,72.7180,19
496,Dead Rising 2,2010-09-24 00:00:00.000,62,NULL,80.6667,14,73.5480,180
21634,Death Road to Canada,2016-07-21 00:00:00.000,11,NULL,76.5714,8,62.9314,24
27134,Deep Rock Galactic,2018-02-28 00:00:00.000,27,5,81.8333,7,81.7367,119
5639,Ether One,2014-03-25 00:00:00.000,19,NULL,82.0000,1,64.7501,37
86389,Far Cry 3: Classic Edition,2018-06-26 00:00:00.000,9,1,80.0000,1,84.3418,24
120625,Disintegration,2020-06-15 00:00:00.000,5,8,64.2500,11,66.9318,9
103269,Dead or Alive 6,2019-03-01 00:00:00.000,12,5,73.3636,16,66.1287,26
55080,Donut County,2018-08-28 00:00:00.000,15,5,80.3077,15,69.3220,143
8211,Dead or Alive 5: Last Round,2015-02-17 00:00:00.000,18,NULL,71.8000,11,85.2489,42
127348,Dungeons & Dragons: Dark Alliance,2021-06-21 00:00:00.000,3,5,68.1429,8,49.9249,14
121894,Black Book,2021-08-10 00:00:00.000,1,5,NULL,NULL,82.6195,16
148499,Behind the Frame: The Finest Scenery,2021-08-25 00:00:00.000,NULL,1,NULL,NULL,77.7507,12
23975,Bleach: Brave Souls,2015-07-23 00:00:00.000,6,NULL,80.0000,1,80.0469,11
65503,Sky: Children of the Light,2019-07-11 00:00:00.000,35,10,81.6000,5,71.1702,29
7268,Akiba's Trip: Undead & Undressed,2013-11-07 00:00:00.000,7,NULL,64.1429,9,59.7115,20
26678,99Vidas,2016-12-25 00:00:00.000,7,1,59.0000,3,51.7366,18
104967,Valheim,2021-02-02 00:00:00.000,20,NULL,90.0000,2,86.8482,131
8222,Dark Souls II: Scholar of the First Sin,2015-04-02 00:00:00.000,119,5,86.7778,10,82.9879,290
152250,Stranger of Paradise: Final Fantasy Origin,2022-03-18 00:00:00.000,3,4,72.2500,9,70.3478,17
168670,Uncharted: Legacy of Thieves Collection,2022-01-28 00:00:00.000,12,3,91.2727,17,89.6763,30
134606,Demon's Souls,2020-11-12 00:00:00.000,58,8,92.3333,10,87.4390,114
215060,Assassin's Creed Mirage,2023-10-05 00:00:00.000,8,13,74.1429,10,71.7737,24
19564,Death Stranding,2019-11-08 00:00:00.000,266,172,84.4118,19,87.0337,505
17269,Roblox,2006-09-01 00:00:00.000,75,NULL,NULL,NULL,72.1036,86
141538,The Callisto Protocol,2022-12-02 00:00:00.000,12,27,64.7143,11,68.6755,41
3084,Cry of Fear,2013-04-25 00:00:00.000,18,NULL,NULL,NULL,85.4621,44
1184,World of Tanks,2011-04-12 00:00:00.000,54,NULL,72.9091,16,77.0463,134
335,Battlefield Vietnam,2004-03-14 00:00:00.000,22,NULL,80.0000,2,73.7365,83
116200,Back 4 Blood,2021-10-12 00:00:00.000,19,19,78.8000,15,67.2589,53
240,Battlefield 1942,2002-09-10 00:00:00.000,62,NULL,90.0000,1,79.9791,227
5751,Blinx: The Time Sweeper,2002-10-07 00:00:00.000,2,NULL,60.0000,1,31.7165,12
18320,Battlefield 1,2016-10-21 00:00:00.000,305,54,89.0952,27,77.6045,648
965,Stronghold,2001-10-19 00:00:00.000,64,NULL,NULL,NULL,82.0140,162
828,Painkiller,2004-04-12 00:00:00.000,39,NULL,82.5000,2,75.8949,107
857,Serious Sam: The First Encounter,2001-03-01 00:00:00.000,82,1,83.3333,3,80.0542,208
504,Fable III,2010-10-26 00:00:00.000,45,NULL,78.0000,14,67.9634,213
68447,Superliminal,2019-11-12 00:00:00.000,16,3,78.5714,8,80.5348,129
11137,Sea of Thieves,2018-03-20 00:00:00.000,221,102,66.4167,17,69.6316,151
234702,Persona 4 Golden,2020-06-13 00:00:00.000,NULL,NULL,90.0000,1,99.2053,15
141704,Venba,2023-07-31 00:00:00.000,NULL,1,85.0000,4,73.6934,11
36550,Yakuza: Like a Dragon,2020-01-16 00:00:00.000,6,3,86.0625,18,87.7389,75
9727,Soma,2015-09-21 00:00:00.000,149,5,81.2500,18,82.7834,494
7621,RiME,2017-05-26 00:00:00.000,107,16,72.6000,17,76.7354,196
70828,Raji: An Ancient Epic,2020-08-18 00:00:00.000,4,4,77.5000,2,60.0589,25
7543,Gods Will Be Watching,2013-04-30 00:00:00.000,10,NULL,64.0000,5,82.2491,30
26974,Heartbound,2018-12-24 00:00:00.000,8,1,NULL,NULL,87.7978,16
126725,Pumpkin Jack,2020-10-23 00:00:00.000,1,NULL,77.1667,6,70.1696,14
296,Crysis,2007-11-13 00:00:00.000,194,NULL,84.6667,7,80.5831,611
131868,Blue Fire,2021-02-04 00:00:00.000,5,3,73.6250,9,67.9189,15
5327,Mighty No. 9,2016-06-21 00:00:00.000,24,17,52.3500,25,57.3243,37
18327,ZanZarah: The Hidden Portal,2002-12-18 00:00:00.000,3,NULL,NULL,NULL,78.1602,12
5060,Deponia,2012-08-07 00:00:00.000,37,NULL,77.5000,2,75.2574,150
5522,Blackguards,2014-01-24 00:00:00.000,7,NULL,67.4000,5,64.1096,15
10560,Moto Racer,1997-08-31 00:00:00.000,4,NULL,NULL,NULL,80.2170,24
19300,Deponia Doomsday,2016-03-01 00:00:00.000,16,NULL,NULL,NULL,79.0963,47
7256,X-Blades,2007-11-01 00:00:00.000,6,NULL,47.0000,4,50.5045,24
7144,The Inner World,2013-07-18 00:00:00.000,8,NULL,73.5000,5,72.7865,24
498,Borderlands,2009-10-20 00:00:00.000,248,NULL,80.0000,11,79.9797,808
7194,Steins;Gate,2009-10-15 00:00:00.000,40,NULL,80.0000,4,96.6251,168
2165,War Thunder,2013-01-28 00:00:00.000,51,NULL,64.6667,5,74.4270,145
127346,Sons of the Forest,2023-02-23 00:00:00.000,11,19,NULL,NULL,69.9892,12
136993,Gotham Knights,2022-10-21 00:00:00.000,7,34,68.1667,10,67.5591,20
159119,Dead Space,2023-01-27 00:00:00.000,13,26,90.5714,11,85.6748,49
204618,High on Life,2022-12-13 00:00:00.000,15,14,69.0000,6,70.6055,87
4851,Stacking,2011-02-08 00:00:00.000,16,NULL,84.0000,10,64.8383,38
2603,Battle Chess,1988-10-01 00:00:00.000,9,NULL,NULL,NULL,71.7884,48
912,Tomb Raider,1996-10-25 00:00:00.000,111,NULL,84.6000,2,80.8086,347
102060,Imperator: Rome,2019-04-25 00:00:00.000,5,5,84.0000,3,60.5755,20
104,Need for Speed: World,2010-07-27 00:00:00.000,11,NULL,63.0000,4,66.6902,62
112104,Command & Conquer Remastered Collection,2020-06-05 00:00:00.000,7,2,80.0000,3,85.0132,13
3915,Fight Night Round 2,2005-09-01 00:00:00.000,2,NULL,92.2500,5,86.2390,11
19565,Marvel's Spider-Man,2018-09-07 00:00:00.000,351,68,89.6875,19,87.1830,1279
39,Mafia,2002-08-29 00:00:00.000,346,NULL,62.6667,4,87.4393,1059
9166,Spy vs Spy,1984-12-31 00:00:00.000,1,NULL,60.0000,2,60.7125,24
90558,Satisfactory,2019-03-19 00:00:00.000,36,11,NULL,NULL,76.0220,86
218793,Wild Hearts,2023-02-16 00:00:00.000,1,5,81.5000,12,68.9587,6
6787,Double Dragon,1987-08-01 00:00:00.000,29,NULL,39.0000,3,75.3956,144
119342,Chivalry 2,2021-06-08 00:00:00.000,2,2,86.3333,4,82.0509,17
23733,Tunic,2022-03-16 00:00:00.000,46,68,89.0000,4,85.2408,96
4839,Halo: Spartan Assault,2013-07-18 00:00:00.000,12,NULL,66.0000,10,61.6163,44
38780,Pillars of Eternity: Complete Edition,2017-08-29 00:00:00.000,9,1,84.2857,8,79.8378,14
13171,2064: Read Only Memories,2014-07-13 00:00:00.000,21,NULL,82.5714,8,79.9982,35
28175,Naruto to Boruto: Shinobi Striker,2018-08-30 00:00:00.000,12,3,NULL,NULL,53.0505,29
17780,Car Mechanic Simulator 2015,2015-03-04 00:00:00.000,4,NULL,NULL,NULL,63.5769,12
26764,Mario Kart 8 Deluxe,2017-04-28 00:00:00.000,94,7,92.8235,20,84.1351,417
75848,Valkyria Chronicles 4,2018-03-21 00:00:00.000,19,1,84.0909,13,80.1107,21
121618,Plants vs. Zombies: Battle for Neighborville,2019-10-18 00:00:00.000,14,1,70.7500,10,69.8977,18
26401,Star Wars Battlefront II,2017-11-17 00:00:00.000,195,51,71.8235,23,69.7685,412
12527,Yakuza 6: The Song of Life,2016-12-08 00:00:00.000,40,9,82.4444,20,85.1582,42
2108,Sanctum 2,2013-05-15 00:00:00.000,23,NULL,80.0000,3,74.8860,38
3951,I-Ninja,2003-09-09 00:00:00.000,2,NULL,78.3333,4,68.1753,13
6105,Flicky,1984-12-31 00:00:00.000,2,NULL,NULL,NULL,51.7672,15
9509,Call of Duty: Black Ops III,2015-11-06 00:00:00.000,161,7,76.7778,20,66.4411,454
3070,Euro Truck Simulator 2,2012-10-18 00:00:00.000,132,1,87.5000,2,79.8727,262
27771,Moonlighter,2018-05-29 00:00:00.000,44,6,81.9286,14,69.9174,101
11790,The Last of Us: Left Behind,2014-02-14 00:00:00.000,85,NULL,87.3333,10,83.4998,275
26761,Splatoon 2,2017-07-21 00:00:00.000,77,14,82.4706,20,82.4640,152
126098,Half-Life: Alyx,2020-03-23 00:00:00.000,24,5,92.7778,11,93.4457,84
103020,Fallout 76,2018-11-14 00:00:00.000,191,60,51.3571,18,57.5428,171
5574,7 Days to Die,2013-12-13 00:00:00.000,35,NULL,36.1250,9,72.9018,115
18088,Insurgency: Sandstorm,2018-12-12 00:00:00.000,52,12,77.3333,7,74.5845,25
37030,Dishonored: Death of the Outsider,2017-09-14 00:00:00.000,68,5,81.9091,14,81.1381,150
228258,Amnesia: The Bunker,2023-06-06 00:00:00.000,NULL,2,84.5000,7,79.9738,19
7385,Ninja Gaiden Sigma 2,2009-09-29 00:00:00.000,14,NULL,80.0000,6,80.9971,27
3112,Soldier of Fortune II: Double Helix,2002-05-20 00:00:00.000,13,NULL,68.0000,4,70.5194,54
6112,H.E.R.O.,1984-03-30 00:00:00.000,2,NULL,65.0000,1,79.7811,18
17112,Creativerse,2017-05-08 00:00:00.000,6,NULL,80.0000,1,72.6446,15
3202,Dungeon Defenders II,2014-12-05 00:00:00.000,4,2,NULL,NULL,65.8071,22
198499,Chants of Sennaar,2023-09-05 00:00:00.000,NULL,1,80.0000,3,94.9803,11
113111,Far Cry New Dawn,2019-02-15 00:00:00.000,25,12,72.3636,14,67.0563,163
14902,Assassin's Creed Chronicles: India,2016-01-12 00:00:00.000,46,1,60.2222,9,68.6403,56
37145,Valfaris,2019-10-09 00:00:00.000,2,5,85.0000,4,79.8396,20
125021,The Jackbox Party Pack 6,2019-10-17 00:00:00.000,NULL,NULL,80.0000,3,83.1802,12
5503,Batman: Arkham Knight,2015-06-23 00:00:00.000,444,84,91.8125,21,85.1711,1138
96476,Horizon Chase Turbo,2018-05-15 00:00:00.000,17,NULL,85.0000,5,80.5250,54
107203,Windjammers 2,2022-01-20 00:00:00.000,3,3,77.5714,8,54.9422,16
2114,Tom Clancy's The Division,2016-03-07 00:00:00.000,393,163,79.8182,29,73.6427,325
114415,SteamWorld Quest: Hand of Gilgamech,2019-04-25 00:00:00.000,7,3,79.8333,7,80.8516,30
3195,Assassin's Creed III: Liberation,2012-10-30 00:00:00.000,52,NULL,69.1667,8,60.1525,142
103054,Assassin's Creed Odyssey,2018-10-05 00:00:00.000,162,43,88.3571,17,81.4285,654
89354,Supraland,2019-04-05 00:00:00.000,4,NULL,80.0000,3,88.1375,42
6635,Tactics Ogre: The Knight of Lodis,2001-06-21 00:00:00.000,4,NULL,NULL,NULL,80.0935,15
117717,Planet Zoo,2019-11-05 00:00:00.000,34,12,77.4444,11,78.2292,37
1108,Metroid Prime 2: Echoes,2004-11-15 00:00:00.000,50,NULL,80.0000,2,86.6521,159
1111,Metroid Prime 3: Corruption,2007-08-27 00:00:00.000,37,NULL,86.2500,5,89.7136,113
1112,Metroid Prime: Trilogy,2009-08-24 00:00:00.000,22,NULL,88.5000,5,94.3031,36
2468,Prince of Persia: The Forgotten Sands,2010-05-18 00:00:00.000,55,NULL,80.8000,6,68.0806,203
1851,Tom Clancy's Rainbow Six: Lockdown,2005-09-08 00:00:00.000,10,NULL,67.3333,4,71.4825,26
109234,Marvel's Spider-Man: The City That Never Sleeps,2018-10-23 00:00:00.000,2,NULL,80.0000,1,79.8921,11
122766,Pilgrims,2019-10-05 00:00:00.000,NULL,NULL,NULL,NULL,75.0182,32
7587,Crimsonland,2014-06-11 00:00:00.000,15,NULL,60.7500,9,72.7037,33
4786,The Evil Within,2014-10-14 00:00:00.000,114,8,75.1176,21,74.8947,317
2667,FlatOut,2004-11-05 00:00:00.000,35,NULL,80.0000,2,74.7169,140
19839,BioShock: The Collection,2016-09-13 00:00:00.000,71,8,84.2143,14,86.9921,62
2668,FlatOut 2,2006-06-30 00:00:00.000,44,NULL,82.5000,5,81.9764,207
5045,King's Bounty: Crossworlds,2010-09-17 00:00:00.000,3,NULL,74.0000,2,64.3869,21
88461,"Warhammer 40,000: Mechanicus",2018-11-15 00:00:00.000,6,1,76.5000,5,80.0608,11
194210,Ghostwire: Tokyo - Prelude: The Corrupted Casefile,2022-03-08 00:00:00.000,NULL,NULL,NULL,NULL,34.0816,36
17224,Deponia: The Complete Journey,2014-06-02 00:00:00.000,10,NULL,NULL,NULL,82.3301,33
3191,Trials Fusion,2014-04-16 00:00:00.000,31,3,79.3636,11,76.6150,92
20909,The First Tree,2017-09-14 00:00:00.000,9,2,NULL,NULL,67.9609,48
91477,Before Your Eyes,2021-04-08 00:00:00.000,1,NULL,86.3333,6,85.7350,37
8925,Sunless Sea,2015-02-15 00:00:00.000,35,1,85.0000,4,69.0649,65
7709,Salt and Sanctuary,2016-03-15 00:00:00.000,52,2,85.2000,11,81.4472,85
14159,Kingdom Hearts HD 2.8 Final Chapter Prologue,2017-01-12 00:00:00.000,39,11,77.7778,19,72.1277,33
54574,Orwell: Ignorance is Strength,2018-02-22 00:00:00.000,8,1,80.0000,3,75.9035,27
26765,Octopath Traveler,2018-07-13 00:00:00.000,44,14,85.4444,11,79.9600,113
138871,The Life and Suffering of Sir Brante,2021-03-04 00:00:00.000,2,NULL,85.0000,1,79.8361,16
86477,The Surge 2,2019-09-24 00:00:00.000,55,15,74.0000,14,72.7177,34
84,Baldur's Gate: Dark Alliance II,2004-01-20 00:00:00.000,14,NULL,76.0000,3,77.3196,38
5,Baldur's Gate,1998-12-21 00:00:00.000,119,NULL,NULL,NULL,86.0028,289
6,Baldur's Gate II: Shadows of Amn,2000-09-21 00:00:00.000,156,NULL,90.0000,1,88.1680,413
552,God of War: Chains of Olympus,2008-03-04 00:00:00.000,62,NULL,87.5000,5,77.8668,263
499,God of War III,2010-03-16 00:00:00.000,186,NULL,96.0000,11,85.8514,625
551,God of War II,2007-03-13 00:00:00.000,234,NULL,92.7500,6,85.5763,859
117883,God of War,2009-11-17 00:00:00.000,4,NULL,NULL,NULL,71.3700,26
117882,God of War II,2009-11-17 00:00:00.000,4,NULL,NULL,NULL,80.0312,26
1291,God of War: Ascension,2013-03-12 00:00:00.000,53,NULL,75.5455,14,73.8284,189
7261,Desperados 2: Cooper's Revenge,2006-04-25 00:00:00.000,5,NULL,70.0000,1,65.4985,16
19959,God of War III: Remastered,2015-07-14 00:00:00.000,33,NULL,79.4444,10,87.5028,109
20579,God of War: Origins Collection,2011-09-13 00:00:00.000,3,NULL,87.8000,6,75.3342,13
20068,God of War Collection,2009-11-17 00:00:00.000,5,NULL,80.3333,10,88.7771,31
902,Sid Meier's Civilization,1991-01-01 00:00:00.000,45,NULL,NULL,NULL,92.3383,156
293,Sid Meier's Civilization IV,2005-10-25 00:00:00.000,89,NULL,95.0000,3,86.1482,246
6038,Sid Meier's Civilization: Beyond Earth,2014-10-24 00:00:00.000,36,8,82.4545,13,70.6697,92
2152,Sid Meier's Civilization Revolution,2008-06-13 00:00:00.000,4,NULL,80.6250,10,70.0624,29
289,Age of Empires,1997-10-15 00:00:00.000,247,NULL,NULL,NULL,83.5325,576
129797,Age of Empires II: Gold Edition,2002-05-12 00:00:00.000,NULL,NULL,NULL,NULL,88.7507,14
37059,Age of Empires: Definitive Edition,2018-02-20 00:00:00.000,41,8,70.0000,5,83.8876,46
5571,Age of Empires Online,2011-08-16 00:00:00.000,7,NULL,68.7500,6,77.6563,19
21221,Age of Empires: Mythologies,2008-11-24 00:00:00.000,4,NULL,60.0000,1,82.2411,19
45131,Grand Theft Auto V: Special Edition,2013-09-17 00:00:00.000,4,NULL,NULL,NULL,99.5328,39
819,Grand Theft Auto 2,1999-10-22 00:00:00.000,151,NULL,70.0000,1,79.2665,464
3265,Grand Theft Auto IV: The Lost and Damned,2009-02-17 00:00:00.000,78,NULL,85.6667,4,79.8106,194
26116,Batman: Arkham City - Catwoman Bundle,2011-10-18 00:00:00.000,2,NULL,NULL,NULL,84.0981,12
134710,Grand Theft Auto Online,2022-03-15 00:00:00.000,13,6,94.0000,1,63.4777,22
7003,Grand Theft Auto: Episodes from Liberty City,2009-10-29 00:00:00.000,47,NULL,83.7500,9,80.1991,113
27912,Grand Theft Auto IV: Complete Edition,2010-10-26 00:00:00.000,5,NULL,NULL,NULL,87.9992,54
969,Resident Evil Gaiden,2001-05-21 00:00:00.000,3,NULL,NULL,NULL,49.5519,16
975,Resident Evil: The Umbrella Chronicles,2007-11-13 00:00:00.000,10,NULL,70.0000,4,68.0707,50
23377,Resident Evil: Director's Cut,1997-09-25 00:00:00.000,3,NULL,80.0000,1,81.6833,40
122108,Resident Evil Resistance,2020-04-03 00:00:00.000,4,1,50.0000,1,49.9035,14
976,Resident Evil: The Mercenaries 3D,2011-06-02 00:00:00.000,2,NULL,63.6000,9,50.7025,13
977,Resident Evil: Operation Raccoon City,2012-03-20 00:00:00.000,14,NULL,44.3333,10,52.7357,69
497,Resident Evil: The Darkside Chronicles,2009-01-14 00:00:00.000,7,NULL,66.5000,5,67.0943,37
971,Resident Evil: Dead Aim,2003-02-13 00:00:00.000,7,NULL,71.3333,3,57.7511,26
970,Resident Evil Zero,2002-11-12 00:00:00.000,18,NULL,70.0000,5,78.7182,92
424,Resident Evil,1996-03-22 00:00:00.000,101,NULL,79.0000,3,77.4826,347
41858,Resident Evil 6 Remastered,2016-03-29 00:00:00.000,3,NULL,70.0000,1,71.2225,16
23251,Resident Evil Archives: Resident Evil Zero,2008-07-10 00:00:00.000,1,NULL,60.0000,1,71.9199,13
968,Resident Evil Code: Veronica,2000-02-03 00:00:00.000,27,NULL,NULL,NULL,64.4584,60
3479,Earthworm Jim 3D,1999-10-31 00:00:00.000,4,NULL,NULL,NULL,53.2532,11
24369,Resident Evil Code: Veronica X,2001-03-22 00:00:00.000,31,NULL,NULL,NULL,73.3738,102
15167,SteamWorld Heist,2015-12-09 00:00:00.000,32,NULL,87.5833,15,83.9004,82
8768,Drakensang: The Dark Eye,2008-08-01 00:00:00.000,11,NULL,70.0000,4,73.0070,28
4123,KKnD2: Krossfire,1998-10-31 00:00:00.000,3,NULL,NULL,NULL,73.5652,13
2012,Darkest Hour: A Hearts of Iron Game,2011-04-08 00:00:00.000,2,NULL,NULL,NULL,85.4666,11
1982,Omikron: The Nomad Soul,1999-10-31 00:00:00.000,12,NULL,70.0000,1,77.5698,24
3149,LEGO Harry Potter: Years 1-4,2010-06-25 00:00:00.000,45,NULL,80.6667,10,75.6310,159
9043,The Blackwell Legacy,2006-12-23 00:00:00.000,12,NULL,70.0000,3,80.9543,56
8074,Pathologic,2005-06-09 00:00:00.000,4,NULL,60.0000,1,84.4833,28
9227,Thief Gold,1999-10-26 00:00:00.000,11,NULL,90.0000,1,80.7473,47
2129,Mark of the Ninja,2012-09-07 00:00:00.000,95,NULL,91.4286,7,84.2887,272
847,Resident Evil 5,2009-03-05 00:00:00.000,144,NULL,78.4000,18,74.2290,603
23212,Aven Colony,2017-07-25 00:00:00.000,21,3,72.7143,8,61.9591,26
7719,Eador: Masters of the Broken World,2013-04-19 00:00:00.000,2,NULL,NULL,NULL,47.4891,11
24347,Resident Evil 5: Gold Edition,2010-02-17 00:00:00.000,4,NULL,NULL,NULL,74.5517,24
51821,Heroes of Might and Magic II: Gold,1998-12-31 00:00:00.000,NULL,NULL,NULL,NULL,84.8454,14
895,The Longest Journey,1999-11-19 00:00:00.000,62,NULL,90.0000,1,84.0556,167
14685,Thea: The Awakening,2015-11-20 00:00:00.000,5,NULL,76.7500,4,84.5681,12
8902,Hyperdimension Neptunia Re;Birth1,2013-10-31 00:00:00.000,12,NULL,75.0000,4,69.3047,26
13,Fallout,1997-09-30 00:00:00.000,207,NULL,NULL,NULL,85.8974,511
17,Fallout Tactics: Brotherhood of Steel,2001-03-15 00:00:00.000,23,NULL,NULL,NULL,70.2303,79
18398,Tyranny,2016-11-10 00:00:00.000,57,7,81.2000,14,82.1032,95
26651,Kingdoms and Castles,2017-07-20 00:00:00.000,18,3,67.0000,2,70.0032,18
1,Thief II: The Metal Age,2000-03-21 00:00:00.000,51,NULL,90.0000,1,86.5457,122
8880,Wacky Wheels,1994-10-17 00:00:00.000,7,NULL,NULL,NULL,65.5515,19
5552,Oddworld: New 'n' Tasty,2014-07-22 00:00:00.000,39,3,75.8333,13,80.0076,58
24427,Sunless Skies,2019-01-31 00:00:00.000,9,2,83.5000,7,85.7536,12
21599,Virginia,2016-09-22 00:00:00.000,42,5,68.1765,20,67.6762,81
3732,Pajama Sam 3: You are What You Eat from Your Head to Your Feet,2000-04-01 00:00:00.000,1,NULL,NULL,NULL,74.1123,12
2381,Rise of the Triad,2013-07-31 00:00:00.000,7,NULL,66.5000,5,77.4445,24
14801,RollerCoaster Tycoon 3: Platinum,2006-10-26 00:00:00.000,4,NULL,NULL,NULL,78.7189,14
8879,Super Time Force Ultra,2014-05-14 00:00:00.000,10,1,NULL,NULL,84.2362,28
12510,Renowned Explorers: International Society,2015-09-02 00:00:00.000,3,NULL,80.0000,3,79.5652,17
571,Singularity,2010-06-25 00:00:00.000,66,NULL,79.8000,8,76.2191,201
7169,1954 Alcatraz,2014-03-12 00:00:00.000,4,NULL,60.0000,2,78.8911,16
8874,Hatoful Boyfriend,2011-07-31 00:00:00.000,12,NULL,75.0000,8,65.6335,40
27820,Sid Meier's Civilization III: Complete,2004-09-14 00:00:00.000,6,NULL,NULL,NULL,91.2541,18
11719,Rebel Galaxy,2015-10-20 00:00:00.000,17,NULL,72.1429,8,79.1311,25
9002,Redneck Rampage,1997-04-30 00:00:00.000,3,NULL,NULL,NULL,66.5022,19
51800,Trine Enchanted Edition,2014-07-24 00:00:00.000,7,NULL,92.0000,1,81.2545,43
3,Thief: Deadly Shadows,2004-05-25 00:00:00.000,45,NULL,83.0000,3,82.0039,113
238,Riven: The Sequel to Myst,1997-10-31 00:00:00.000,17,NULL,NULL,NULL,83.2714,63
21533,Resident Evil 4: Wii Edition,2007-05-31 00:00:00.000,4,NULL,83.3333,3,85.6127,23
1250,Gabriel Knight: Sins of the Fathers,1993-12-17 00:00:00.000,26,NULL,NULL,NULL,87.1751,47
34705,Iconoclasts,2018-01-23 00:00:00.000,24,4,85.1250,13,75.6876,78
24223,Resident Evil 4: Ultimate HD Edition,2014-02-28 00:00:00.000,4,NULL,80.0000,0,93.7482,23
6217,Tron 2.0,2003-08-26 00:00:00.000,14,NULL,74.4000,5,77.6832,32
2900,Harvester,1996-09-05 00:00:00.000,7,1,NULL,NULL,80.7323,17
1605,Prisoner of Ice,1995-12-31 00:00:00.000,2,NULL,NULL,NULL,72.5189,13
11577,Satellite Reign,2015-08-27 00:00:00.000,14,NULL,81.6667,4,81.9168,14
8787,Sid Meier's Colonization,1994-05-14 00:00:00.000,18,NULL,NULL,NULL,84.6659,45
3823,Blood Omen 2: Legacy of Kain,2002-03-21 00:00:00.000,20,NULL,NULL,NULL,73.8854,33
27519,Rogue Trooper: Redux,2017-10-17 00:00:00.000,5,NULL,59.7500,11,70.0276,5
3171,The Saboteur,2009-12-04 00:00:00.000,44,NULL,78.4000,7,71.7884,137
6327,Resonance,2012-06-19 00:00:00.000,13,NULL,80.0000,1,74.2723,23
14177,Divinity: Original Sin - Enhanced Edition,2015-10-27 00:00:00.000,37,NULL,90.1429,8,85.8390,105
11404,Disciples II: Rise of the Elves,2003-11-20 00:00:00.000,4,NULL,NULL,NULL,76.9492,13
8391,Port Royale 2,2004-04-30 00:00:00.000,5,NULL,NULL,NULL,71.1938,11
1251,The Beast Within: A Gabriel Knight Mystery,1995-06-30 00:00:00.000,15,NULL,83.0000,1,86.3401,41
13227,Runaway 2: The Dream of the Turtle,2006-11-17 00:00:00.000,9,NULL,60.7500,4,74.2260,22
6185,Syberia II,2004-03-30 00:00:00.000,57,NULL,NULL,NULL,76.7627,151
1252,"Gabriel Knight 3: Blood of the Sacred, Blood of the Damned",1999-10-05 00:00:00.000,4,NULL,70.0000,1,81.4061,20
14394,Battle Brothers,2017-03-24 00:00:00.000,8,NULL,80.2500,5,78.5014,41
3029,Spelunky,2012-07-04 00:00:00.000,49,1,90.6000,11,87.1217,142
798,Myst IV: Revelation,2004-10-01 00:00:00.000,12,NULL,88.6667,4,77.2604,35
918,Total Annihilation,1997-09-30 00:00:00.000,27,NULL,NULL,NULL,82.3717,51
1997,AquaNox,2001-11-30 00:00:00.000,4,NULL,60.0000,1,66.0437,16
11709,60 Seconds!,2015-05-25 00:00:00.000,6,NULL,80.0000,1,59.8739,37
2964,Call of Cthulhu: Dark Corners of the Earth,2005-10-24 00:00:00.000,40,NULL,79.5000,3,79.0812,90
16617,Super Mario World: Super Mario Advance 2,2001-12-14 00:00:00.000,21,NULL,92.0000,2,89.6122,57
999,Oddworld: Abe's Oddysee,1997-09-18 00:00:00.000,65,NULL,100.0000,0,82.2646,195
69,Master of Orion III,2003-02-25 00:00:00.000,1,NULL,55.0000,2,33.6814,12
7832,Shelter,2013-08-28 00:00:00.000,9,NULL,75.0000,3,72.0613,23
287,Patrician III: Rise of the Hanse,2000-01-01 00:00:00.000,4,NULL,90.0000,1,70.0381,12
25513,Pilot Brothers,1997-09-22 00:00:00.000,1,NULL,NULL,NULL,89.2270,11
590,Age of Wonders II: The Wizard's Throne,2002-06-12 00:00:00.000,2,NULL,NULL,NULL,84.5261,25
626,Carmageddon,1997-06-30 00:00:00.000,41,NULL,NULL,NULL,80.3786,138
35283,The Darkside Detective,2017-07-27 00:00:00.000,18,2,55.0000,3,78.3124,26
166,Star Wars: TIE Fighter,1994-01-01 00:00:00.000,12,NULL,NULL,NULL,89.3895,42
589,Age of Wonders,1999-11-11 00:00:00.000,6,NULL,90.0000,1,79.4359,32
145191,Resident Evil 4,2005-10-25 00:00:00.000,6,NULL,NULL,NULL,88.9855,87
18727,Transport Fever,2016-11-08 00:00:00.000,14,1,87.5000,2,89.4973,20
9534,Sam & Max: The Devil's Playhouse,2010-04-02 00:00:00.000,9,NULL,71.8000,1,77.3743,28
1407,Metal Slug 2,1998-01-02 00:00:00.000,32,NULL,NULL,NULL,81.6546,130
18509,Slain: Back From Hell,2016-03-24 00:00:00.000,5,NULL,49.9167,14,60.0282,7
6006,Kingdom Rush Frontiers,2013-06-06 00:00:00.000,4,NULL,80.0000,2,71.2639,25
5563,IL-2 Sturmovik: 1946,2006-12-07 00:00:00.000,13,1,90.0000,1,94.3269,21
17032,Darkwood,2017-08-17 00:00:00.000,9,NULL,79.7500,9,79.7690,39
7706,This War of Mine,2014-11-14 00:00:00.000,118,NULL,82.0000,5,80.7514,319
25680,The Little Acre,2016-12-13 00:00:00.000,6,NULL,72.8571,8,70.0194,18
6968,Doom 3: BFG Edition,2012-10-15 00:00:00.000,30,NULL,71.3333,4,78.0825,65
1593,Pillars of Eternity,2015-03-26 00:00:00.000,119,11,81.0000,8,81.4943,252
8765,The Witcher: Adventure Game,2014-11-27 00:00:00.000,10,NULL,73.6667,3,56.1018,22
18149,Jotun: Valhalla Edition,2016-09-08 00:00:00.000,17,3,75.4000,11,69.1230,28
961,Commandos: Beyond the Call of Duty,1999-07-31 00:00:00.000,38,NULL,66.0000,1,81.4157,88
20908,Jalopy,2018-03-28 00:00:00.000,12,NULL,45.0000,2,61.1961,22
5941,ObsCure,2004-10-01 00:00:00.000,17,NULL,72.2500,4,76.0044,60
7260,Desperados: Wanted Dead or Alive,2001-04-18 00:00:00.000,27,NULL,NULL,NULL,81.7753,77
3098,Giana Sisters: Twisted Dreams,2012-10-22 00:00:00.000,13,NULL,78.5000,4,77.6360,28
24,X-COM: UFO Defense,1994-03-31 00:00:00.000,39,NULL,85.0000,3,87.4122,101
23330,Nine Parchments,2017-12-05 00:00:00.000,7,NULL,65.5714,8,73.7285,11
7740,Might and Magic VIII: Day of the Destroyer,2000-02-29 00:00:00.000,8,NULL,NULL,NULL,80.6581,19
844,Realms of the Haunting,1996-12-31 00:00:00.000,4,NULL,NULL,NULL,71.2238,11
7418,Shivah,2006-06-01 00:00:00.000,3,NULL,NULL,NULL,72.1250,21
131843,State of Decay 2: Juggernaut Edition,2020-03-13 00:00:00.000,5,NULL,NULL,NULL,79.8216,15
11631,Hiveswap: Act 1,2017-09-14 00:00:00.000,11,8,75.0000,1,98.3785,15
18930,Tokyo 42,2017-05-31 00:00:00.000,17,7,68.5000,12,59.9249,6
1269,Darksiders II,2012-08-14 00:00:00.000,84,NULL,85.7500,20,76.8275,242
3939,Gun,2005-11-05 00:00:00.000,34,NULL,72.5714,5,67.8984,112
5508,The Banner Saga,2014-01-14 00:00:00.000,76,NULL,81.9286,15,85.4538,225
11408,Etherlords II,2003-10-01 00:00:00.000,3,NULL,70.0000,1,64.2708,26
9053,80 Days,2014-07-31 00:00:00.000,15,NULL,70.0000,3,76.3576,43
7209,King Arthur's Gold,2013-11-05 00:00:00.000,5,1,NULL,NULL,68.6071,11
2520,Ultima VIII: Pagan,1994-12-31 00:00:00.000,3,NULL,NULL,NULL,69.8383,15
118,Star Wars: Knights of the Old Republic II - The Sith Lords,2004-12-06 00:00:00.000,229,1,85.8333,7,87.4859,656
978,Resident Evil: Revelations,2012-01-26 00:00:00.000,56,NULL,74.5556,30,74.1491,179
134799,Dorfromantik,2021-03-25 00:00:00.000,8,1,NULL,NULL,78.3863,33
150045,Resident Evil: Revelations,2013-05-20 00:00:00.000,1,NULL,NULL,NULL,66.5840,22
74545,Opus Magnum,2017-12-07 00:00:00.000,13,1,92.3333,5,86.4745,30
1904,Europa Universalis IV,2013-08-13 00:00:00.000,68,NULL,85.0000,3,89.4911,163
55935,Doki Doki Literature Club!,2017-09-22 00:00:00.000,82,4,94.5000,2,81.9121,382
28070,Planet Alpha,2018-09-04 00:00:00.000,22,6,57.6667,4,69.2616,20
81275,Unforeseen Incidents,2018-05-24 00:00:00.000,22,1,80.2500,4,71.4517,16
27792,PC Building Simulator,2019-01-29 00:00:00.000,37,2,65.0000,2,73.9187,48
28073,A Mortician's Tale,2017-10-18 00:00:00.000,1,1,81.0000,3,70.7694,15
70396,Trüberbrook,2019-03-12 00:00:00.000,11,11,76.6667,3,69.9210,18
132050,Mortal Shell,2020-08-18 00:00:00.000,22,5,75.2500,10,74.1351,55
36815,Lust for Darkness,2018-06-12 00:00:00.000,12,1,60.0000,1,60.3915,17
973,Resident Evil Outbreak File #2,2004-09-09 00:00:00.000,7,NULL,60.0000,1,70.5915,16
967,Resident Evil Survivor,2000-01-27 00:00:00.000,7,NULL,NULL,NULL,57.2533,57
1161,Tomb Raider: Legend,2006-04-07 00:00:00.000,75,NULL,60.0000,8,75.2546,233
13117,The Sims 3: High-End Loft Stuff,2010-02-02 00:00:00.000,4,NULL,72.0000,1,68.6587,12
27867,Unavowed,2018-08-08 00:00:00.000,10,5,79.0000,5,87.4935,39
719,Freedom Fighters,2003-09-26 00:00:00.000,22,NULL,70.0000,1,78.3486,93
6918,Blades of Time,2012-03-06 00:00:00.000,8,NULL,60.5000,4,62.2685,22
152255,Dodgeball Academia,2021-08-05 00:00:00.000,4,NULL,83.0000,3,74.8363,14
110846,Trine 4: The Nightmare Prince,2019-10-07 00:00:00.000,22,8,78.0000,10,74.6518,50
74378,Simulacra,2017-10-26 00:00:00.000,NULL,NULL,70.0000,2,71.4989,32
9835,Draugen,2019-05-29 00:00:00.000,7,6,71.0000,5,67.5346,33
108778,Little Misfortune,2019-09-18 00:00:00.000,1,3,61.0000,1,73.8713,68
18157,The Town of Light,2016-02-26 00:00:00.000,4,NULL,58.2500,10,70.2210,20
9789,RimWorld,2018-10-17 00:00:00.000,61,NULL,74.5000,3,84.1435,192
209,Thrillville: Off the Rails,2007-10-09 00:00:00.000,2,NULL,55.0000,3,65.0437,13
11000,Corpse Party: Blood Drive,2014-07-24 00:00:00.000,2,NULL,55.0000,3,80.1124,13
69483,Monster Prom,2018-04-27 00:00:00.000,3,NULL,59.0000,1,68.4360,24
18074,OpenTTD,2004-03-14 00:00:00.000,14,NULL,NULL,NULL,86.7604,23
164243,Madison,2022-07-08 00:00:00.000,6,3,80.0000,1,70.4836,15
128289,The Supper,2020-01-28 00:00:00.000,NULL,NULL,NULL,NULL,74.9086,15
133154,Rough Justice: '84,2023-03-13 00:00:00.000,3,5,NULL,NULL,90.0000,13
26364,The Binding of Isaac: Afterbirth+,2017-01-03 00:00:00.000,27,NULL,83.3333,4,85.1830,90
148241,Lies of P,2023-09-18 00:00:00.000,4,17,85.5000,14,88.4733,52
127842,Skul: The Hero Slayer,2021-01-20 00:00:00.000,8,1,81.0000,4,62.3698,17
8511,The Blackwell Epiphany,2014-04-24 00:00:00.000,13,NULL,82.0000,1,83.7381,36
13119,The Sims 3: Outdoor Living Stuff,2011-02-01 00:00:00.000,3,NULL,NULL,NULL,59.1906,11
9643,Return of the Obra Dinn,2018-10-18 00:00:00.000,24,6,94.5714,9,89.4690,262
122729,"Yes, Your Grace",2020-03-06 00:00:00.000,1,NULL,77.2000,5,73.8719,30
152071,Planet of Lana,2023-05-23 00:00:00.000,NULL,9,93.3333,5,76.6863,47
1160,Tomb Raider: Chronicles,2000-11-17 00:00:00.000,28,NULL,60.0000,1,69.0118,80
32617,Rec Room,2016-06-01 00:00:00.000,8,NULL,NULL,NULL,79.9580,23
27310,We Were Here,2017-02-03 00:00:00.000,7,NULL,NULL,NULL,68.1341,73
137989,Party Animals,2023-09-20 00:00:00.000,2,12,50.0000,3,80.1106,15
3753,Zuma,2003-12-12 00:00:00.000,17,NULL,68.0000,1,73.6697,43
491,Castlevania: Lords of Shadow,2010-10-05 00:00:00.000,71,NULL,83.2000,9,79.8492,196
378,Metal Gear Rising: Revengeance,2013-02-19 00:00:00.000,140,NULL,84.7647,22,79.4166,417
106790,Bee Simulator,2019-11-12 00:00:00.000,21,2,56.6667,3,50.3320,11
65,The Secret of Monkey Island: Special Edition,2009-07-15 00:00:00.000,48,NULL,80.0000,4,84.1513,131
19,Max Payne 2: The Fall of Max Payne,2003-10-14 00:00:00.000,261,NULL,84.2857,7,86.4800,776
119170,Ghostbusters: The Video Game Remastered,2019-10-03 00:00:00.000,12,2,60.0000,5,79.0691,20
20900,Pac-Man Championship Edition,2007-06-06 00:00:00.000,4,NULL,60.0000,2,70.1081,12
8191,Final DOOM,1996-05-31 00:00:00.000,16,NULL,70.0000,1,79.3085,38
622,Call of Duty 2,2005-10-25 00:00:00.000,295,NULL,84.4000,5,83.7214,838
2001,Far Cry 3: Blood Dragon,2013-05-01 00:00:00.000,122,NULL,82.9333,16,78.5394,309
11118,Dishonored 2,2016-11-11 00:00:00.000,265,73,85.8500,24,85.4056,554
129057,Rain on Your Parade,2021-04-15 00:00:00.000,1,NULL,72.5000,2,72.1820,12
478,The Witcher 2: Assassins of Kings,2011-05-17 00:00:00.000,441,NULL,85.7143,10,84.9154,1147
1043,Sacred 2: Fallen Angel,2008-11-07 00:00:00.000,12,NULL,65.3333,8,67.8978,39
152122,Doki Doki Literature Club Plus!,2021-06-30 00:00:00.000,11,1,82.5000,2,93.9030,57
18859,Valley,2016-08-23 00:00:00.000,18,2,68.4444,10,69.3248,18
2113,Star Wars Battlefront,2015-11-17 00:00:00.000,185,89,68.4444,21,67.1118,363
2025,Mount & Blade: Warband,2010-03-31 00:00:00.000,98,1,68.6000,6,85.9428,298
18735,Ninja Gaiden Black,2005-09-20 00:00:00.000,16,NULL,NULL,NULL,90.9431,39
190,LEGO Star Wars II: The Original Trilogy,2006-09-11 00:00:00.000,40,NULL,68.6000,7,77.6399,179
407,Final Fantasy Adventure,1991-06-28 00:00:00.000,9,NULL,NULL,NULL,79.9413,34
11120,The Elder Scrolls: Legends,2017-03-09 00:00:00.000,20,12,77.0000,5,70.1844,35
3120,Call of Duty: Roads to Victory,2007-03-13 00:00:00.000,4,NULL,59.0000,3,62.8977,18
6630,Sword of Mana,2003-08-29 00:00:00.000,4,NULL,84.0000,1,68.0632,19
11182,Enter the Gungeon,2016-04-05 00:00:00.000,92,3,82.4615,17,75.7935,252
2897,Crackdown 2,2010-07-06 00:00:00.000,9,NULL,72.0000,7,67.9310,31
106987,Torchlight III,2020-06-13 00:00:00.000,8,33,66.1111,11,49.4593,29
12308,Gyruss,1983-03-01 00:00:00.000,2,NULL,70.0000,2,68.5549,15
16992,Human: Fall Flat,2016-07-22 00:00:00.000,68,1,72.7692,14,70.0405,154
111815,Unsighted,2021-09-30 00:00:00.000,2,5,83.0000,4,70.5463,12
140617,The Dark Pictures Anthology: House of Ashes,2021-10-22 00:00:00.000,6,3,76.1111,12,74.8085,78
7728,Sonic the Fighters,1996-06-23 00:00:00.000,1,NULL,NULL,NULL,45.9812,26
113114,The Outer Worlds,2019-10-25 00:00:00.000,146,59,85.9333,19,79.1932,446
20437,Beyond Good & Evil HD,2011-03-02 00:00:00.000,12,NULL,82.5000,6,81.2505,17
25657,Destiny 2,2017-09-06 00:00:00.000,462,204,82.4400,33,73.9264,434
52200,Descenders,2019-05-07 00:00:00.000,3,1,76.6667,3,70.4019,25
321,Command & Conquer 3: Tiberium Wars,2007-03-28 00:00:00.000,54,NULL,84.5000,5,81.6865,152
124954,Crusader Kings III,2020-09-01 00:00:00.000,21,4,91.3333,3,86.2153,105
198200,F1 22,2022-07-01 00:00:00.000,8,NULL,83.4000,6,74.4264,14
3008,Banjo-Kazooie: Nuts & Bolts,2008-11-12 00:00:00.000,6,NULL,87.3333,4,63.8229,44
76882,Sekiro: Shadows Die Twice,2019-03-22 00:00:00.000,134,64,90.0909,18,91.0490,732
135789,Townscaper,2020-06-30 00:00:00.000,7,1,80.0000,1,61.6447,39
119390,Ni no Kuni: Wrath of the White Witch Remastered,2019-09-20 00:00:00.000,25,5,89.5714,9,86.5955,21
3123,Mission: Impossible,1998-07-16 00:00:00.000,4,NULL,NULL,NULL,65.6379,25
9567,TowerFall Ascension,2014-03-11 00:00:00.000,33,1,87.0000,7,75.4450,75
256092,EA Sports FC 24,2023-09-29 00:00:00.000,5,NULL,65.8571,10,69.7845,12
7334,Bloodborne,2015-03-24 00:00:00.000,415,9,91.1111,21,91.8872,1245
1942,The Witcher 3: Wild Hunt,2015-05-19 00:00:00.000,1542,179,91.7200,26,94.3865,3640
9195,Five Nights at Freddy's 2,2014-11-11 00:00:00.000,27,NULL,70.0000,2,78.1962,74
2155,Dark Souls,2011-09-22 00:00:00.000,385,1,90.6250,12,87.3781,1109
26700,Raging Loop,2015-12-03 00:00:00.000,1,NULL,NULL,NULL,80.3505,13
18100,Pokémon Sun,2016-11-18 00:00:00.000,75,19,86.0000,23,75.6875,174
102874,Pokémon Quest,2018-05-29 00:00:00.000,3,NULL,60.0000,2,68.2423,40
6898,Pokémon Alpha Sapphire,2014-11-21 00:00:00.000,42,1,88.3333,3,80.8501,166
144051,Pokémon Brilliant Diamond,2021-11-18 00:00:00.000,4,1,78.7500,4,57.3676,36
75379,World of Warcraft Classic,2019-08-27 00:00:00.000,33,NULL,80.0000,1,80.2475,80
103266,Twin Mirror,2020-12-01 00:00:00.000,13,36,57.0000,9,71.8268,29
19331,Youtubers Life,2016-05-18 00:00:00.000,34,1,NULL,NULL,65.6975,40
102087,Leisure Suit Larry: Wet Dreams Don't Dry,2018-11-07 00:00:00.000,16,3,65.0000,3,67.5448,17
128097,Turnip Boy Commits Tax Evasion,2021-04-22 00:00:00.000,5,NULL,76.6667,4,70.1972,27
55771,Fell Seal: Arbiter's Mark,2019-04-30 00:00:00.000,3,1,81.5000,5,88.5900,22
34366,The Uncertain: Last Quiet Day,2016-09-22 00:00:00.000,4,NULL,NULL,NULL,59.3514,17
52014,Do Not Feed the Monkeys,2018-10-23 00:00:00.000,6,1,75.0000,1,73.8148,30
35577,Spooky's Jump Scare Mansion,2014-10-24 00:00:00.000,8,NULL,NULL,NULL,69.2897,25
114909,Fractured Minds,2019-11-14 00:00:00.000,3,NULL,NULL,NULL,51.3234,14
20331,For the King,2018-04-19 00:00:00.000,32,2,76.0000,4,62.5277,53
103168,Warhammer: Chaosbane,2019-06-04 00:00:00.000,6,3,65.3750,11,73.2860,20
1137,Castlevania: Curse of Darkness,2005-11-01 00:00:00.000,8,NULL,66.0000,2,74.1141,32
7232,Velvet Assassin,2009-04-28 00:00:00.000,6,NULL,54.0000,7,45.8159,17
2595,Tropico 4,2011-08-26 00:00:00.000,38,NULL,74.2500,7,79.6720,104
11714,Chicken Invaders 2: The Next Wave,2002-12-31 00:00:00.000,2,NULL,NULL,NULL,74.8720,12
477,Commandos 3: Destination Berlin,2003-10-14 00:00:00.000,32,NULL,70.0000,2,74.7309,74
8335,Blackguards 2,2015-01-20 00:00:00.000,5,1,73.8000,6,72.8223,11
7844,Septerra Core: Legacy of the Creator,1999-10-31 00:00:00.000,6,NULL,40.0000,1,66.9302,18
653,Commandos 2: Men of Courage,2001-09-20 00:00:00.000,60,NULL,90.0000,1,86.3578,144
1802,Chrono Trigger,1995-03-11 00:00:00.000,401,NULL,91.3333,1,93.2616,1004
3349,Paper Mario: The Thousand-Year Door,2004-07-22 00:00:00.000,91,NULL,89.5000,2,92.7073,370
11859,Air-Sea Battle,1977-09-11 00:00:00.000,1,NULL,NULL,NULL,53.6729,13
4609,BurgerTime,1982-08-25 00:00:00.000,3,NULL,NULL,NULL,76.8366,31
2235,Centipede,1981-06-06 00:00:00.000,5,NULL,75.0000,2,71.6588,43
16759,Combat,1977-09-11 00:00:00.000,1,NULL,NULL,NULL,69.9382,21
4604,Millipede,1982-11-12 00:00:00.000,2,NULL,50.0000,1,70.4229,20
31712,Scum,2018-08-29 00:00:00.000,18,6,NULL,NULL,81.3113,13
60,The Secret of Monkey Island,1990-10-01 00:00:00.000,201,NULL,80.0000,1,86.4664,417
9667,American Truck Simulator,2016-02-02 00:00:00.000,25,NULL,81.0000,7,81.3491,59
125624,Grounded,2020-07-28 00:00:00.000,18,20,78.7500,9,68.1771,46
8351,Tabletop Simulator,2015-06-05 00:00:00.000,15,2,NULL,NULL,81.1860,63
134826,Shapez,2020-06-07 00:00:00.000,1,NULL,NULL,NULL,74.3682,12
2741,Duck Hunt,1984-04-21 00:00:00.000,28,NULL,NULL,NULL,70.9602,183
3735,Red Dead Redemption: Undead Nightmare,2010-10-26 00:00:00.000,49,NULL,90.0000,6,85.3574,142
3146,Plants vs. Zombies: Garden Warfare,2014-02-18 00:00:00.000,36,6,79.6842,22,68.1421,98
385,Final Fantasy,1987-12-18 00:00:00.000,39,NULL,70.0000,1,78.1291,214
5165,Sonic & Sega All-Stars Racing,2010-02-23 00:00:00.000,8,NULL,76.3333,6,74.7806,56
9591,AdVenture Capitalist,2014-05-30 00:00:00.000,20,NULL,70.0000,1,63.1218,93
25632,SuperHot VR,2016-12-06 00:00:00.000,11,NULL,81.6667,7,84.6649,54
4674,Angry Birds Star Wars,2012-10-08 00:00:00.000,15,NULL,63.7500,5,75.6433,72
19276,Angry Birds Epic,2014-03-17 00:00:00.000,5,NULL,NULL,NULL,71.1770,15
19273,Angry Birds 2,2015-07-30 00:00:00.000,10,NULL,65.0000,3,73.0923,33
